"Year","Quarter","Month","DayofMonth","DayOfWeek","FlightDate","UniqueCarrier","AirlineID","Carrier","TailNum","FlightNum","OriginAirportID","OriginAirportSeqID","OriginCityMarketID","Origin","OriginCityName","OriginState","OriginStateFips","OriginStateName","OriginWac","DestAirportID","DestAirportSeqID","DestCityMarketID","Dest","DestCityName","DestState","DestStateFips","DestStateName","DestWac","CRSDepTime","DepTime","DepDelay","DepDelayMinutes","DepDel15","DepartureDelayGroups","DepTimeBlk","TaxiOut","WheelsOff","WheelsOn","TaxiIn","CRSArrTime","ArrTime","ArrDelay","ArrDelayMinutes","ArrDel15","ArrivalDelayGroups","ArrTimeBlk","Cancelled","CancellationCode","Diverted","CRSElapsedTime","ActualElapsedTime","AirTime","Flights","Distance","DistanceGroup","CarrierDelay","WeatherDelay","NASDelay","SecurityDelay","LateAircraftDelay","FirstDepTime","TotalAddGTime","LongestAddGTime"
2011,1,2,24,4,2011-02-24,"WN",19393,"WN","N792SW",348,10821,1082103,30852,"BWI","Baltimore, MD","MD",24,"Maryland",35,10721,1072101,30721,"BOS","Boston, MA","MA",25,"Massachusetts",13,625,622,-3,0,0,-1,"0600-0659",10,632,735,11,755,746,-9,0,0,-1,"0700-0759",0,"",0,90,84,63,1,370,2,NA,NA,NA,NA,NA,NA,NA,NA
2011,1,2,2,3,2011-02-02,"WN",19393,"WN","N430WN",925,10821,1082103,30852,"BWI","Baltimore, MD","MD",24,"Maryland",35,14107,1410701,30466,"PHX","Phoenix, AZ","AZ",4,"Arizona",81,710,712,2,2,0,0,"0700-0759",6,718,1006,9,1035,1015,-20,0,0,-2,"1000-1059",0,"",0,325,303,288,1,1999,8,NA,NA,NA,NA,NA,NA,NA,NA
2011,1,2,3,4,2011-02-03,"WN",19393,"WN","N405WN",1165,10821,1082103,30852,"BWI","Baltimore, MD","MD",24,"Maryland",35,12391,1239101,31703,"ISP","Islip, NY","NY",36,"New York",22,1740,1757,17,17,1,1,"1700-1759",8,1805,1847,4,1840,1851,11,11,0,0,"1800-1859",0,"",0,60,54,42,1,220,1,NA,NA,NA,NA,NA,NA,NA,NA
2011,1,2,23,3,2011-02-23,"WN",19393,"WN","N652SW",3225,10821,1082103,30852,"BWI","Baltimore, MD","MD",24,"Maryland",35,14635,1463501,31714,"RSW","Fort Myers, FL","FL",12,"Florida",33,1930,1929,-1,0,0,-1,"1900-1959",8,1937,2149,4,2210,2153,-17,0,0,-2,"2200-2259",0,"",0,160,144,132,1,919,4,NA,NA,NA,NA,NA,NA,NA,NA
2011,1,2,4,5,2011-02-04,"FL",20437,"FL","N989AT",416,10821,1082103,30852,"BWI","Baltimore, MD","MD",24,"Maryland",35,14321,1432101,34321,"PWM","Portland, ME","ME",23,"Maine",12,1513,1506,-7,0,0,-1,"1500-1559",13,1519,1620,5,1637,1625,-12,0,0,-1,"1600-1659",0,"",0,84,79,61,1,452,2,NA,NA,NA,NA,NA,NA,NA,NA
2011,1,2,14,1,2011-02-14,"US",20355,"US","N409US",1203,10821,1082103,30852,"BWI","Baltimore, MD","MD",24,"Maryland",35,11057,1105702,31057,"CLT","Charlotte, NC","NC",37,"North Carolina",36,1535,1528,-7,0,0,-1,"1500-1559",12,1540,1648,4,1703,1652,-11,0,0,-1,"1700-1759",0,"",0,88,84,68,1,361,2,NA,NA,NA,NA,NA,NA,NA,NA
2011,1,2,28,1,2011-02-28,"WN",19393,"WN","N348SW",178,10821,1082103,30852,"BWI","Baltimore, MD","MD",24,"Maryland",35,14027,1402701,34027,"PBI","West Palm Beach/Palm Beach, FL","FL",12,"Florida",33,1100,1147,47,47,1,3,"1100-1159",9,1156,1405,4,1335,1409,34,34,1,2,"1300-1359",0,"",0,155,142,129,1,883,4,34,0,0,0,0,NA,NA,NA
2011,1,2,2,3,2011-02-02,"FL",20437,"FL","N995AT",485,10821,1082103,30852,"BWI","Baltimore, MD","MD",24,"Maryland",35,13204,1320401,31454,"MCO","Orlando, FL","FL",12,"Florida",33,1538,1532,-6,0,0,-1,"1500-1559",7,1539,1744,7,1800,1751,-9,0,0,-1,"1800-1859",0,"",0,142,139,125,1,787,4,NA,NA,NA,NA,NA,NA,NA,NA
2011,1,2,14,1,2011-02-14,"B6",20409,"B6","N274JB",1320,10821,1082103,30852,"BWI","Baltimore, MD","MD",24,"Maryland",35,10721,1072101,30721,"BOS","Boston, MA","MA",25,"Massachusetts",13,600,559,-1,0,0,-1,"0600-0659",10,609,706,4,722,710,-12,0,0,-1,"0700-0759",0,"",0,82,71,57,1,370,2,NA,NA,NA,NA,NA,NA,NA,NA
2011,1,2,18,5,2011-02-18,"WN",19393,"WN","N406WN",178,10821,1082103,30852,"BWI","Baltimore, MD","MD",24,"Maryland",35,14027,1402701,34027,"PBI","West Palm Beach/Palm Beach, FL","FL",12,"Florida",33,1100,1058,-2,0,0,-1,"1100-1159",11,1109,1309,5,1335,1314,-21,0,0,-2,"1300-1359",0,"",0,155,136,120,1,883,4,NA,NA,NA,NA,NA,NA,NA,NA
2011,1,2,15,2,2011-02-15,"WN",19393,"WN","N676SW",3878,10821,1082103,30852,"BWI","Baltimore, MD","MD",24,"Maryland",35,11066,1106601,31066,"CMH","Columbus, OH","OH",39,"Ohio",44,715,731,16,16,1,1,"0700-0759",29,800,909,4,835,913,38,38,1,2,"0800-0859",0,"",0,80,102,69,1,336,2,0,0,22,16,0,NA,NA,NA
2011,1,2,14,1,2011-02-14,"DL",19790,"DL","N986DL",2325,10821,1082103,30852,"BWI","Baltimore, MD","MD",24,"Maryland",35,10397,1039703,30397,"ATL","Atlanta, GA","GA",13,"Georgia",34,1500,1459,-1,0,0,-1,"1500-1559",12,1511,1638,5,1706,1643,-23,0,0,-2,"1700-1759",0,"",0,126,104,87,1,576,3,NA,NA,NA,NA,NA,NA,NA,NA
2011,1,2,5,6,2011-02-05,"WN",19393,"WN","N308SA",343,10821,1082103,30852,"BWI","Baltimore, MD","MD",24,"Maryland",35,14492,1449201,34492,"RDU","Raleigh/Durham, NC","NC",37,"North Carolina",36,1945,2026,41,41,1,2,"1900-1959",12,2038,2128,5,2050,2133,43,43,1,2,"2000-2059",0,"",0,65,67,50,1,255,2,19,0,2,0,22,NA,NA,NA
2011,1,2,7,1,2011-02-07,"WN",19393,"WN","N437WN",868,10821,1082103,30852,"BWI","Baltimore, MD","MD",24,"Maryland",35,13931,1393101,33667,"ORF","Norfolk, VA","VA",51,"Virginia",38,1100,1106,6,6,0,0,"1100-1159",10,1116,1150,4,1150,1154,4,4,0,0,"1100-1159",0,"",0,50,48,34,1,159,1,NA,NA,NA,NA,NA,NA,NA,NA
2011,1,2,14,1,2011-02-14,"WN",19393,"WN","N795SW",862,10821,1082103,30852,"BWI","Baltimore, MD","MD",24,"Maryland",35,13204,1320401,31454,"MCO","Orlando, FL","FL",12,"Florida",33,1940,1950,10,10,0,0,"1900-1959",10,2000,2152,4,2200,2156,-4,0,0,-1,"2200-2259",0,"",0,140,126,112,1,787,4,NA,NA,NA,NA,NA,NA,NA,NA
2011,1,2,5,6,2011-02-05,"FL",20437,"FL","N952AT",481,10821,1082103,30852,"BWI","Baltimore, MD","MD",24,"Maryland",35,13204,1320401,31454,"MCO","Orlando, FL","FL",12,"Florida",33,700,656,-4,0,0,-1,"0700-0759",9,705,905,9,924,914,-10,0,0,-1,"0900-0959",0,"",0,144,138,120,1,787,4,NA,NA,NA,NA,NA,NA,NA,NA
2011,1,2,13,7,2011-02-13,"WN",19393,"WN","N303SW",3328,10821,1082103,30852,"BWI","Baltimore, MD","MD",24,"Maryland",35,11433,1143301,31295,"DTW","Detroit, MI","MI",26,"Michigan",43,1630,1640,10,10,0,0,"1600-1659",8,1648,1803,5,1800,1808,8,8,0,0,"1800-1859",0,"",0,90,88,75,1,408,2,NA,NA,NA,NA,NA,NA,NA,NA
2011,1,2,13,7,2011-02-13,"WN",19393,"WN","N284WN",1810,10821,1082103,30852,"BWI","Baltimore, MD","MD",24,"Maryland",35,15016,1501602,31123,"STL","St. Louis, MO","MO",29,"Missouri",64,1805,1804,-1,0,0,-1,"1800-1859",8,1812,1910,22,1920,1932,12,12,0,0,"1900-1959",0,"",0,135,148,118,1,737,3,NA,NA,NA,NA,NA,NA,NA,NA
2011,1,2,16,3,2011-02-16,"DL",19790,"DL","N998DL",1525,10821,1082103,30852,"BWI","Baltimore, MD","MD",24,"Maryland",35,10397,1039703,30397,"ATL","Atlanta, GA","GA",13,"Georgia",34,1845,1840,-5,0,0,-1,"1800-1859",15,1855,2018,8,2055,2026,-29,0,0,-2,"2000-2059",0,"",0,130,106,83,1,576,3,NA,NA,NA,NA,NA,NA,NA,NA
2011,1,2,21,1,2011-02-21,"DL",19790,"DL","N348NB",2901,10821,1082103,30852,"BWI","Baltimore, MD","MD",24,"Maryland",35,13487,1348701,31650,"MSP","Minneapolis, MN","MN",27,"Minnesota",63,1915,2219,184,184,1,12,"1900-1959",NA,NA,NA,NA,2100,NA,NA,NA,NA,NA,"2100-2159",1,"B",0,165,NA,NA,1,936,4,NA,NA,NA,NA,NA,2219,158,158
2011,1,2,2,3,2011-02-02,"WN",19393,"WN","",2700,10821,1082103,30852,"BWI","Baltimore, MD","MD",24,"Maryland",35,10529,1052902,30529,"BDL","Hartford, CT","CT",9,"Connecticut",11,710,NA,NA,NA,NA,NA,"0700-0759",NA,NA,NA,NA,815,NA,NA,NA,NA,NA,"0800-0859",1,"B",0,65,NA,NA,1,283,2,NA,NA,NA,NA,NA,NA,NA,NA
2011,1,2,6,7,2011-02-06,"DL",19790,"DL","N671MC",2337,10821,1082103,30852,"BWI","Baltimore, MD","MD",24,"Maryland",35,11433,1143301,31295,"DTW","Detroit, MI","MI",26,"Michigan",43,725,726,1,1,0,0,"0700-0759",14,740,849,6,905,855,-10,0,0,-1,"0900-0959",0,"",0,100,89,69,1,408,2,NA,NA,NA,NA,NA,NA,NA,NA
2011,1,2,14,1,2011-02-14,"AA",19805,"AA","N4YLAA",1719,10821,1082103,30852,"BWI","Baltimore, MD","MD",24,"Maryland",35,11298,1129802,30194,"DFW","Dallas/Fort Worth, TX","TX",48,"Texas",74,1825,1813,-12,0,0,-1,"1800-1859",14,1827,2024,4,2055,2028,-27,0,0,-2,"2000-2059",0,"",0,210,195,177,1,1217,5,NA,NA,NA,NA,NA,NA,NA,NA
2011,1,2,24,4,2011-02-24,"MQ",20398,"MQ","N657MQ",4260,10821,1082103,30852,"BWI","Baltimore, MD","MD",24,"Maryland",35,13930,1393001,30977,"ORD","Chicago, IL","IL",17,"Illinois",41,600,558,-2,0,0,-1,"0600-0659",22,620,723,3,715,726,11,11,0,0,"0700-0759",0,"",0,135,148,123,1,622,3,NA,NA,NA,NA,NA,NA,NA,NA
2011,1,2,9,3,2011-02-09,"WN",19393,"WN","N684WN",3492,10821,1082103,30852,"BWI","Baltimore, MD","MD",24,"Maryland",35,12451,1245101,31136,"JAX","Jacksonville, FL","FL",12,"Florida",33,835,848,13,13,0,0,"0800-0859",14,902,1052,4,1045,1056,11,11,0,0,"1000-1059",0,"",0,130,128,110,1,663,3,NA,NA,NA,NA,NA,NA,NA,NA
2011,1,2,13,7,2011-02-13,"FL",20437,"FL","N996AT",418,10821,1082103,30852,"BWI","Baltimore, MD","MD",24,"Maryland",35,14321,1432101,34321,"PWM","Portland, ME","ME",23,"Maine",12,2125,2117,-8,0,0,-1,"2100-2159",7,2124,2231,4,2248,2235,-13,0,0,-1,"2200-2259",0,"",0,83,78,67,1,452,2,NA,NA,NA,NA,NA,NA,NA,NA
2011,1,2,13,7,2011-02-13,"WN",19393,"WN","N776WN",29,10821,1082103,30852,"BWI","Baltimore, MD","MD",24,"Maryland",35,10721,1072101,30721,"BOS","Boston, MA","MA",25,"Massachusetts",13,2045,2100,15,15,1,1,"2000-2059",8,2108,2212,6,2210,2218,8,8,0,0,"2200-2259",0,"",0,85,78,64,1,370,2,NA,NA,NA,NA,NA,NA,NA,NA
2011,1,2,17,4,2011-02-17,"FL",20437,"FL","N910AT",801,10821,1082103,30852,"BWI","Baltimore, MD","MD",24,"Maryland",35,10721,1072101,30721,"BOS","Boston, MA","MA",25,"Massachusetts",13,1443,1438,-5,0,0,-1,"1400-1459",11,1449,1553,7,1605,1600,-5,0,0,-1,"1600-1659",0,"",0,82,82,64,1,370,2,NA,NA,NA,NA,NA,NA,NA,NA
2011,1,2,22,2,2011-02-22,"WN",19393,"WN","N350SW",1590,10821,1082103,30852,"BWI","Baltimore, MD","MD",24,"Maryland",35,14730,1473002,33044,"SDF","Louisville, KY","KY",21,"Kentucky",52,1210,1211,1,1,0,0,"1200-1259",17,1228,1356,4,1355,1400,5,5,0,0,"1300-1359",0,"",0,105,109,88,1,495,2,NA,NA,NA,NA,NA,NA,NA,NA
2011,1,2,27,7,2011-02-27,"FL",20437,"FL","N942AT",495,10821,1082103,30852,"BWI","Baltimore, MD","MD",24,"Maryland",35,11057,1105702,31057,"CLT","Charlotte, NC","NC",37,"North Carolina",36,820,813,-7,0,0,-1,"0800-0859",9,822,921,17,946,938,-8,0,0,-1,"0900-0959",0,"",0,86,85,59,1,361,2,NA,NA,NA,NA,NA,NA,NA,NA
2011,1,2,8,2,2011-02-08,"WN",19393,"WN","N648SW",471,10821,1082103,30852,"BWI","Baltimore, MD","MD",24,"Maryland",35,10257,1025701,30257,"ALB","Albany, NY","NY",36,"New York",22,2035,2125,50,50,1,3,"2000-2059",11,2136,2227,5,2145,2232,47,47,1,3,"2100-2159",0,"",0,70,67,51,1,288,2,29,0,0,0,18,NA,NA,NA
2011,1,2,19,6,2011-02-19,"FL",20437,"FL","N985AT",491,10821,1082103,30852,"BWI","Baltimore, MD","MD",24,"Maryland",35,13204,1320401,31454,"MCO","Orlando, FL","FL",12,"Florida",33,1045,1110,25,25,1,1,"1000-1059",11,1121,1305,7,1309,1312,3,3,0,0,"1300-1359",0,"",0,144,122,104,1,787,4,NA,NA,NA,NA,NA,NA,NA,NA
2011,1,2,28,1,2011-02-28,"WN",19393,"WN","N937WN",2907,10821,1082103,30852,"BWI","Baltimore, MD","MD",24,"Maryland",35,12889,1288902,32211,"LAS","Las Vegas, NV","NV",32,"Nevada",85,650,646,-4,0,0,-1,"0600-0659",11,657,918,4,920,922,2,2,0,0,"0900-0959",0,"",0,330,336,321,1,2106,9,NA,NA,NA,NA,NA,NA,NA,NA
2011,1,2,13,7,2011-02-13,"AA",19805,"AA","N487AA",623,10821,1082103,30852,"BWI","Baltimore, MD","MD",24,"Maryland",35,11298,1129802,30194,"DFW","Dallas/Fort Worth, TX","TX",48,"Texas",74,1640,1709,29,29,1,1,"1600-1659",11,1720,1910,5,1910,1915,5,5,0,0,"1900-1959",0,"",0,210,186,170,1,1217,5,NA,NA,NA,NA,NA,NA,NA,NA
2011,1,2,11,5,2011-02-11,"WN",19393,"WN","N798SW",3179,10821,1082103,30852,"BWI","Baltimore, MD","MD",24,"Maryland",35,13296,1329603,30721,"MHT","Manchester, NH","NH",33,"New Hampshire",14,1535,1535,0,0,0,0,"1500-1559",8,1543,1642,3,1650,1645,-5,0,0,-1,"1600-1659",0,"",0,75,70,59,1,377,2,NA,NA,NA,NA,NA,NA,NA,NA
2011,1,2,1,2,2011-02-01,"FL",20437,"FL","N353AT",915,10821,1082103,30852,"BWI","Baltimore, MD","MD",24,"Maryland",35,13342,1334202,33342,"MKE","Milwaukee, WI","WI",55,"Wisconsin",45,701,659,-2,0,0,-1,"0700-0759",25,724,819,6,800,825,25,25,1,1,"0800-0859",0,"",0,119,146,115,1,641,3,0,0,25,0,0,NA,NA,NA
2011,1,2,21,1,2011-02-21,"DL",19790,"DL","N348NB",2901,10821,1082103,30852,"BWI","Baltimore, MD","MD",24,"Maryland",35,13487,1348701,31650,"MSP","Minneapolis, MN","MN",27,"Minnesota",63,1915,2219,184,184,1,12,"1900-1959",NA,NA,NA,NA,2100,NA,NA,NA,NA,NA,"2100-2159",1,"B",0,165,NA,NA,1,936,4,NA,NA,NA,NA,NA,2219,158,158
2011,1,2,2,3,2011-02-02,"WN",19393,"WN","N441WN",503,10821,1082103,30852,"BWI","Baltimore, MD","MD",24,"Maryland",35,10257,1025701,30257,"ALB","Albany, NY","NY",36,"New York",22,1135,NA,NA,NA,NA,NA,"1100-1159",NA,NA,NA,NA,1245,NA,NA,NA,NA,NA,"1200-1259",1,"B",0,70,NA,NA,1,288,2,NA,NA,NA,NA,NA,NA,NA,NA
2011,1,2,6,7,2011-02-06,"WN",19393,"WN","N551WN",3493,10821,1082103,30852,"BWI","Baltimore, MD","MD",24,"Maryland",35,10599,1059903,30599,"BHM","Birmingham, AL","AL",1,"Alabama",51,1720,1715,-5,0,0,-1,"1700-1759",8,1723,1828,3,1835,1831,-4,0,0,-1,"1800-1859",0,"",0,135,136,125,1,682,3,NA,NA,NA,NA,NA,NA,NA,NA
2011,1,2,9,3,2011-02-09,"AA",19805,"AA","N594AA",1145,10821,1082103,30852,"BWI","Baltimore, MD","MD",24,"Maryland",35,11298,1129802,30194,"DFW","Dallas/Fort Worth, TX","TX",48,"Texas",74,915,914,-1,0,0,-1,"0900-0959",12,926,1207,10,1155,1217,22,22,1,1,"1100-1159",0,"",0,220,243,221,1,1217,5,0,0,22,0,0,NA,NA,NA
2011,1,2,22,2,2011-02-22,"WN",19393,"WN","N280WN",3276,10821,1082103,30852,"BWI","Baltimore, MD","MD",24,"Maryland",35,10257,1025701,30257,"ALB","Albany, NY","NY",36,"New York",22,1210,1210,0,0,0,0,"1200-1259",11,1221,1316,4,1320,1320,0,0,0,0,"1300-1359",0,"",0,70,70,55,1,288,2,NA,NA,NA,NA,NA,NA,NA,NA
2011,1,2,6,7,2011-02-06,"FL",20437,"FL","N987AT",495,10821,1082103,30852,"BWI","Baltimore, MD","MD",24,"Maryland",35,11057,1105702,31057,"CLT","Charlotte, NC","NC",37,"North Carolina",36,820,817,-3,0,0,-1,"0800-0859",11,828,926,4,946,930,-16,0,0,-2,"0900-0959",0,"",0,86,73,58,1,361,2,NA,NA,NA,NA,NA,NA,NA,NA
2011,1,2,11,5,2011-02-11,"AA",19805,"AA","N538AA",1127,10821,1082103,30852,"BWI","Baltimore, MD","MD",24,"Maryland",35,11298,1129802,30194,"DFW","Dallas/Fort Worth, TX","TX",48,"Texas",74,1025,1020,-5,0,0,-1,"1000-1059",17,1037,1245,5,1255,1250,-5,0,0,-1,"1200-1259",0,"",0,210,210,188,1,1217,5,NA,NA,NA,NA,NA,NA,NA,NA
2011,1,2,28,1,2011-02-28,"XE",20374,"XE","N17560",6098,10821,1082103,30852,"BWI","Baltimore, MD","MD",24,"Maryland",35,13930,1393001,30977,"ORD","Chicago, IL","IL",17,"Illinois",41,1204,1158,-6,0,0,-1,"1200-1259",13,1211,1257,20,1312,1317,5,5,0,0,"1300-1359",0,"",0,128,139,106,1,622,3,NA,NA,NA,NA,NA,NA,NA,NA
2011,1,2,7,1,2011-02-07,"WN",19393,"WN","N425LV",461,10821,1082103,30852,"BWI","Baltimore, MD","MD",24,"Maryland",35,10140,1014001,30140,"ABQ","Albuquerque, NM","NM",35,"New Mexico",86,1240,1251,11,11,0,0,"1200-1259",11,1302,1511,5,1510,1516,6,6,0,0,"1500-1559",0,"",0,270,265,249,1,1670,7,NA,NA,NA,NA,NA,NA,NA,NA
2011,1,2,2,3,2011-02-02,"FL",20437,"FL","N960AT",467,10821,1082103,30852,"BWI","Baltimore, MD","MD",24,"Maryland",35,10397,1039703,30397,"ATL","Atlanta, GA","GA",13,"Georgia",34,1450,1442,-8,0,0,-1,"1400-1459",12,1454,1634,8,1644,1642,-2,0,0,-1,"1600-1659",0,"",0,114,120,100,1,576,3,NA,NA,NA,NA,NA,NA,NA,NA
2011,1,2,22,2,2011-02-22,"WN",19393,"WN","N303SW",639,10821,1082103,30852,"BWI","Baltimore, MD","MD",24,"Maryland",35,13204,1320401,31454,"MCO","Orlando, FL","FL",12,"Florida",33,1110,1211,61,61,1,4,"1100-1159",16,1227,1426,7,1335,1433,58,58,1,3,"1300-1359",0,"",0,145,142,119,1,787,4,5,0,0,0,53,NA,NA,NA
2011,1,2,24,4,2011-02-24,"WN",19393,"WN","N787SA",2962,10821,1082103,30852,"BWI","Baltimore, MD","MD",24,"Maryland",35,13204,1320401,31454,"MCO","Orlando, FL","FL",12,"Florida",33,650,649,-1,0,0,-1,"0600-0659",9,658,848,9,915,857,-18,0,0,-2,"0900-0959",0,"",0,145,128,110,1,787,4,NA,NA,NA,NA,NA,NA,NA,NA
2011,1,2,18,5,2011-02-18,"FL",20437,"FL","N988AT",487,10821,1082103,30852,"BWI","Baltimore, MD","MD",24,"Maryland",35,13204,1320401,31454,"MCO","Orlando, FL","FL",12,"Florida",33,1256,1253,-3,0,0,-1,"1200-1259",8,1301,1450,13,1520,1503,-17,0,0,-2,"1500-1559",0,"",0,144,130,109,1,787,4,NA,NA,NA,NA,NA,NA,NA,NA
2011,1,2,16,3,2011-02-16,"DL",19790,"DL","N388DA",2745,10821,1082103,30852,"BWI","Baltimore, MD","MD",24,"Maryland",35,11433,1143301,31295,"DTW","Detroit, MI","MI",26,"Michigan",43,600,556,-4,0,0,-1,"0600-0659",11,607,725,11,745,736,-9,0,0,-1,"0700-0759",0,"",0,105,100,78,1,408,2,NA,NA,NA,NA,NA,NA,NA,NA
2011,1,2,17,4,2011-02-17,"WN",19393,"WN","N606SW",2013,10821,1082103,30852,"BWI","Baltimore, MD","MD",24,"Maryland",35,14730,1473002,33044,"SDF","Louisville, KY","KY",21,"Kentucky",52,935,931,-4,0,0,-1,"0900-0959",9,940,1105,4,1120,1109,-11,0,0,-1,"1100-1159",0,"",0,105,98,85,1,495,2,NA,NA,NA,NA,NA,NA,NA,NA
2011,1,2,10,4,2011-02-10,"DL",19790,"DL","N771NC",1637,10821,1082103,30852,"BWI","Baltimore, MD","MD",24,"Maryland",35,11433,1143301,31295,"DTW","Detroit, MI","MI",26,"Michigan",43,1830,1823,-7,0,0,-1,"1800-1859",14,1837,1949,8,2014,1957,-17,0,0,-2,"2000-2059",0,"",0,104,94,72,1,408,2,NA,NA,NA,NA,NA,NA,NA,NA
2011,1,2,12,6,2011-02-12,"UA",19977,"UA","N581UA",445,10821,1082103,30852,"BWI","Baltimore, MD","MD",24,"Maryland",35,11292,1129202,30325,"DEN","Denver, CO","CO",8,"Colorado",82,808,811,3,3,0,0,"0800-0859",12,823,953,17,1028,1010,-18,0,0,-2,"1000-1059",0,"",0,260,239,210,1,1491,6,NA,NA,NA,NA,NA,NA,NA,NA
2011,1,2,18,5,2011-02-18,"AA",19805,"AA","N3AUAA",971,10821,1082103,30852,"BWI","Baltimore, MD","MD",24,"Maryland",35,13303,1330302,32467,"MIA","Miami, FL","FL",12,"Florida",33,610,605,-5,0,0,-1,"0600-0659",15,620,825,6,850,831,-19,0,0,-2,"0800-0859",0,"",0,160,146,125,1,946,4,NA,NA,NA,NA,NA,NA,NA,NA
2011,1,2,14,1,2011-02-14,"US",20355,"US","N948UW",1472,10821,1082103,30852,"BWI","Baltimore, MD","MD",24,"Maryland",35,14100,1410001,34100,"PHL","Philadelphia, PA","PA",42,"Pennsylvania",23,730,722,-8,0,0,-1,"0700-0759",30,752,825,4,825,829,4,4,0,0,"0800-0859",0,"",0,55,67,33,1,90,1,NA,NA,NA,NA,NA,NA,NA,NA
2011,1,2,2,3,2011-02-02,"WN",19393,"WN","N441WN",562,10821,1082103,30852,"BWI","Baltimore, MD","MD",24,"Maryland",35,10693,1069301,30693,"BNA","Nashville, TN","TN",47,"Tennessee",54,1345,1345,0,0,0,0,"1300-1359",12,1357,1447,5,1450,1452,2,2,0,0,"1400-1459",0,"",0,125,127,110,1,588,3,NA,NA,NA,NA,NA,NA,NA,NA
2011,1,2,10,4,2011-02-10,"WN",19393,"WN","N469WN",2390,10821,1082103,30852,"BWI","Baltimore, MD","MD",24,"Maryland",35,14307,1430701,30721,"PVD","Providence, RI","RI",44,"Rhode Island",15,1220,1218,-2,0,0,-1,"1200-1259",7,1225,1315,3,1330,1318,-12,0,0,-1,"1300-1359",0,"",0,70,60,50,1,328,2,NA,NA,NA,NA,NA,NA,NA,NA
2011,1,2,23,3,2011-02-23,"WN",19393,"WN","N904WN",3965,10821,1082103,30852,"BWI","Baltimore, MD","MD",24,"Maryland",35,13296,1329603,30721,"MHT","Manchester, NH","NH",33,"New Hampshire",14,1730,1726,-4,0,0,-1,"1700-1759",10,1736,1841,5,1850,1846,-4,0,0,-1,"1800-1859",0,"",0,80,80,65,1,377,2,NA,NA,NA,NA,NA,NA,NA,NA
2011,1,2,1,2,2011-02-01,"FL",20437,"FL","N942AT",805,10821,1082103,30852,"BWI","Baltimore, MD","MD",24,"Maryland",35,10721,1072101,30721,"BOS","Boston, MA","MA",25,"Massachusetts",13,610,NA,NA,NA,NA,NA,"0600-0659",NA,NA,NA,NA,731,NA,NA,NA,NA,NA,"0700-0759",1,"B",0,81,NA,NA,1,370,2,NA,NA,NA,NA,NA,NA,NA,NA
2011,1,2,4,5,2011-02-04,"WN",19393,"WN","N791SW",3493,10821,1082103,30852,"BWI","Baltimore, MD","MD",24,"Maryland",35,10599,1059903,30599,"BHM","Birmingham, AL","AL",1,"Alabama",51,1720,1738,18,18,1,1,"1700-1759",9,1747,1851,3,1835,1854,19,19,1,1,"1800-1859",0,"",0,135,136,124,1,682,3,18,0,1,0,0,NA,NA,NA
2011,1,2,10,4,2011-02-10,"WN",19393,"WN","N651SW",176,10821,1082103,30852,"BWI","Baltimore, MD","MD",24,"Maryland",35,13232,1323201,30977,"MDW","Chicago, IL","IL",17,"Illinois",41,1045,1119,34,34,1,2,"1000-1059",16,1135,1225,6,1150,1231,41,41,1,2,"1100-1159",0,"",0,125,132,110,1,611,3,3,0,7,0,31,NA,NA,NA
2011,1,2,24,4,2011-02-24,"US",20355,"US","N659AW",627,10821,1082103,30852,"BWI","Baltimore, MD","MD",24,"Maryland",35,14107,1410701,30466,"PHX","Phoenix, AZ","AZ",4,"Arizona",81,1700,1702,2,2,0,0,"1700-1759",18,1720,2026,5,2012,2031,19,19,1,1,"2000-2059",0,"",0,312,329,306,1,1999,8,2,0,17,0,0,NA,NA,NA
2011,1,2,12,6,2011-02-12,"WN",19393,"WN","N404WN",2674,10821,1082103,30852,"BWI","Baltimore, MD","MD",24,"Maryland",35,11042,1104201,30647,"CLE","Cleveland, OH","OH",39,"Ohio",44,1110,1106,-4,0,0,-1,"1100-1159",11,1117,1218,8,1220,1226,6,6,0,0,"1200-1259",0,"",0,70,80,61,1,314,2,NA,NA,NA,NA,NA,NA,NA,NA
2011,1,2,12,6,2011-02-12,"WN",19393,"WN","N420WN",219,10821,1082103,30852,"BWI","Baltimore, MD","MD",24,"Maryland",35,13931,1393101,33667,"ORF","Norfolk, VA","VA",51,"Virginia",38,1010,1010,0,0,0,0,"1000-1059",10,1020,1052,3,1100,1055,-5,0,0,-1,"1100-1159",0,"",0,50,45,32,1,159,1,NA,NA,NA,NA,NA,NA,NA,NA
2011,1,2,13,7,2011-02-13,"WN",19393,"WN","N203WN",1049,10821,1082103,30852,"BWI","Baltimore, MD","MD",24,"Maryland",35,14307,1430701,30721,"PVD","Providence, RI","RI",44,"Rhode Island",15,1715,1710,-5,0,0,-1,"1700-1759",11,1721,1813,5,1830,1818,-12,0,0,-1,"1800-1859",0,"",0,75,68,52,1,328,2,NA,NA,NA,NA,NA,NA,NA,NA
2011,1,2,14,1,2011-02-14,"WN",19393,"WN","N371SW",1336,10821,1082103,30852,"BWI","Baltimore, MD","MD",24,"Maryland",35,14307,1430701,30721,"PVD","Providence, RI","RI",44,"Rhode Island",15,1510,1506,-4,0,0,-1,"1500-1559",8,1514,1604,5,1620,1609,-11,0,0,-1,"1600-1659",0,"",0,70,63,50,1,328,2,NA,NA,NA,NA,NA,NA,NA,NA
2011,1,2,17,4,2011-02-17,"WN",19393,"WN","N625SW",838,10821,1082103,30852,"BWI","Baltimore, MD","MD",24,"Maryland",35,10257,1025701,30257,"ALB","Albany, NY","NY",36,"New York",22,1745,1752,7,7,0,0,"1700-1759",7,1759,1853,2,1855,1855,0,0,0,0,"1800-1859",0,"",0,70,63,54,1,288,2,NA,NA,NA,NA,NA,NA,NA,NA
2011,1,2,9,3,2011-02-09,"DL",19790,"DL","N912DL",2701,10821,1082103,30852,"BWI","Baltimore, MD","MD",24,"Maryland",35,13487,1348701,31650,"MSP","Minneapolis, MN","MN",27,"Minnesota",63,835,851,16,16,1,1,"0800-0859",16,907,1035,8,1024,1043,19,19,1,1,"1000-1059",0,"",0,169,172,148,1,936,4,16,0,3,0,0,NA,NA,NA
2011,1,2,21,1,2011-02-21,"DL",19790,"DL","N3739P",1582,10821,1082103,30852,"BWI","Baltimore, MD","MD",24,"Maryland",35,14869,1486902,34614,"SLC","Salt Lake City, UT","UT",49,"Utah",87,1750,1744,-6,0,0,-1,"1700-1759",20,1804,2035,4,2039,2039,0,0,0,0,"2000-2059",0,"",0,289,295,271,1,1864,8,NA,NA,NA,NA,NA,NA,NA,NA
2011,1,2,9,3,2011-02-09,"WN",19393,"WN","N288WN",1179,10821,1082103,30852,"BWI","Baltimore, MD","MD",24,"Maryland",35,12191,1219101,31453,"HOU","Houston, TX","TX",48,"Texas",74,1030,1051,21,21,1,1,"1000-1059",9,1100,1342,3,1315,1345,30,30,1,2,"1300-1359",0,"",0,225,234,222,1,1246,5,16,0,9,0,5,NA,NA,NA
2011,1,2,16,3,2011-02-16,"WN",19393,"WN","N644SW",1427,10821,1082103,30852,"BWI","Baltimore, MD","MD",24,"Maryland",35,11697,1169702,32467,"FLL","Fort Lauderdale, FL","FL",12,"Florida",33,1000,957,-3,0,0,-1,"1000-1059",10,1007,1226,2,1240,1228,-12,0,0,-1,"1200-1259",0,"",0,160,151,139,1,925,4,NA,NA,NA,NA,NA,NA,NA,NA
2011,1,2,9,3,2011-02-09,"WN",19393,"WN","N290WN",342,10821,1082103,30852,"BWI","Baltimore, MD","MD",24,"Maryland",35,12339,1233903,32337,"IND","Indianapolis, IN","IN",18,"Indiana",42,1915,1921,6,6,0,0,"1900-1959",10,1931,2104,5,2105,2109,4,4,0,0,"2100-2159",0,"",0,110,108,93,1,515,3,NA,NA,NA,NA,NA,NA,NA,NA
2011,1,2,9,3,2011-02-09,"WN",19393,"WN","N735SA",120,10821,1082103,30852,"BWI","Baltimore, MD","MD",24,"Maryland",35,13931,1393101,33667,"ORF","Norfolk, VA","VA",51,"Virginia",38,1415,1411,-4,0,0,-1,"1400-1459",8,1419,1455,3,1505,1458,-7,0,0,-1,"1500-1559",0,"",0,50,47,36,1,159,1,NA,NA,NA,NA,NA,NA,NA,NA
2011,1,2,4,5,2011-02-04,"WN",19393,"WN","N928WN",887,10821,1082103,30852,"BWI","Baltimore, MD","MD",24,"Maryland",35,10529,1052902,30529,"BDL","Hartford, CT","CT",9,"Connecticut",11,1040,1039,-1,0,0,-1,"1000-1059",8,1047,1138,3,1145,1141,-4,0,0,-1,"1100-1159",0,"",0,65,62,51,1,283,2,NA,NA,NA,NA,NA,NA,NA,NA
2011,1,2,6,7,2011-02-06,"XE",20374,"XE","N12922",2718,10821,1082103,30852,"BWI","Baltimore, MD","MD",24,"Maryland",35,11618,1161801,31703,"EWR","Newark, NJ","NJ",34,"New Jersey",21,600,550,-10,0,0,-1,"0600-0659",10,600,633,7,657,640,-17,0,0,-2,"0600-0659",0,"",0,57,50,33,1,169,1,NA,NA,NA,NA,NA,NA,NA,NA
2011,1,2,11,5,2011-02-11,"MQ",20398,"MQ","N650MQ",4260,10821,1082103,30852,"BWI","Baltimore, MD","MD",24,"Maryland",35,13930,1393001,30977,"ORD","Chicago, IL","IL",17,"Illinois",41,600,601,1,1,0,0,"0600-0659",23,624,715,10,715,725,10,10,0,0,"0700-0759",0,"",0,135,144,111,1,622,3,NA,NA,NA,NA,NA,NA,NA,NA
2011,1,2,18,5,2011-02-18,"XE",20374,"XE","N13997",6106,10821,1082103,30852,"BWI","Baltimore, MD","MD",24,"Maryland",35,13930,1393001,30977,"ORD","Chicago, IL","IL",17,"Illinois",41,1204,1153,-11,0,0,-1,"1200-1259",9,1202,1309,7,1312,1316,4,4,0,0,"1300-1359",0,"",0,128,143,127,1,622,3,NA,NA,NA,NA,NA,NA,NA,NA
2011,1,2,26,6,2011-02-26,"WN",19393,"WN","N376SW",3746,10821,1082103,30852,"BWI","Baltimore, MD","MD",24,"Maryland",35,10257,1025701,30257,"ALB","Albany, NY","NY",36,"New York",22,1940,1951,11,11,0,0,"1900-1959",6,1957,2046,4,2050,2050,0,0,0,0,"2000-2059",0,"",0,70,59,49,1,288,2,NA,NA,NA,NA,NA,NA,NA,NA
2011,1,2,10,4,2011-02-10,"DL",19790,"DL","N999DN",1825,10821,1082103,30852,"BWI","Baltimore, MD","MD",24,"Maryland",35,10397,1039703,30397,"ATL","Atlanta, GA","GA",13,"Georgia",34,845,845,0,0,0,0,"0800-0859",17,902,1041,6,1050,1047,-3,0,0,-1,"1000-1059",0,"",0,125,122,99,1,576,3,NA,NA,NA,NA,NA,NA,NA,NA
2011,1,2,21,1,2011-02-21,"WN",19393,"WN","N711HK",2235,10821,1082103,30852,"BWI","Baltimore, MD","MD",24,"Maryland",35,10529,1052902,30529,"BDL","Hartford, CT","CT",9,"Connecticut",11,1005,1036,31,31,1,2,"1000-1059",9,1045,1136,7,1115,1143,28,28,1,1,"1100-1159",0,"",0,70,67,51,1,283,2,28,0,0,0,0,NA,NA,NA
2011,1,2,3,4,2011-02-03,"DL",19790,"DL","N671MC",1637,10821,1082103,30852,"BWI","Baltimore, MD","MD",24,"Maryland",35,11433,1143301,31295,"DTW","Detroit, MI","MI",26,"Michigan",43,1830,1820,-10,0,0,-1,"1800-1859",15,1835,1952,8,2014,2000,-14,0,0,-1,"2000-2059",0,"",0,104,100,77,1,408,2,NA,NA,NA,NA,NA,NA,NA,NA
2011,1,2,25,5,2011-02-25,"WN",19393,"WN","N370SW",3569,10821,1082103,30852,"BWI","Baltimore, MD","MD",24,"Maryland",35,12451,1245101,31136,"JAX","Jacksonville, FL","FL",12,"Florida",33,830,903,33,33,1,2,"0800-0859",14,917,1108,4,1035,1112,37,37,1,2,"1000-1059",0,"",0,125,129,111,1,663,3,9,0,4,0,24,NA,NA,NA
2011,1,2,6,7,2011-02-06,"FL",20437,"FL","N987AT",495,10821,1082103,30852,"BWI","Baltimore, MD","MD",24,"Maryland",35,11057,1105702,31057,"CLT","Charlotte, NC","NC",37,"North Carolina",36,820,817,-3,0,0,-1,"0800-0859",11,828,926,4,946,930,-16,0,0,-2,"0900-0959",0,"",0,86,73,58,1,361,2,NA,NA,NA,NA,NA,NA,NA,NA
2011,1,2,24,4,2011-02-24,"WN",19393,"WN","N639SW",2013,10821,1082103,30852,"BWI","Baltimore, MD","MD",24,"Maryland",35,14730,1473002,33044,"SDF","Louisville, KY","KY",21,"Kentucky",52,935,931,-4,0,0,-1,"0900-0959",7,938,1109,3,1120,1112,-8,0,0,-1,"1100-1159",0,"",0,105,101,91,1,495,2,NA,NA,NA,NA,NA,NA,NA,NA
2011,1,2,10,4,2011-02-10,"WN",19393,"WN","N299WN",352,10821,1082103,30852,"BWI","Baltimore, MD","MD",24,"Maryland",35,12889,1288902,32211,"LAS","Las Vegas, NV","NV",32,"Nevada",85,715,714,-1,0,0,-1,"0700-0759",11,725,940,7,945,947,2,2,0,0,"0900-0959",0,"",0,330,333,315,1,2106,9,NA,NA,NA,NA,NA,NA,NA,NA
2011,1,2,12,6,2011-02-12,"FL",20437,"FL","N928AT",943,10821,1082103,30852,"BWI","Baltimore, MD","MD",24,"Maryland",35,14576,1457602,34576,"ROC","Rochester, NY","NY",36,"New York",22,1020,1010,-10,0,0,-1,"1000-1059",8,1018,1114,8,1133,1122,-11,0,0,-1,"1100-1159",0,"",0,73,72,56,1,277,2,NA,NA,NA,NA,NA,NA,NA,NA
2011,1,2,13,7,2011-02-13,"WN",19393,"WN","N730SW",335,10821,1082103,30852,"BWI","Baltimore, MD","MD",24,"Maryland",35,10257,1025701,30257,"ALB","Albany, NY","NY",36,"New York",22,2045,2102,17,17,1,1,"2000-2059",9,2111,2207,2,2155,2209,14,14,0,0,"2100-2159",0,"",0,70,67,56,1,288,2,NA,NA,NA,NA,NA,NA,NA,NA
2011,1,2,26,6,2011-02-26,"WN",19393,"WN","N643SW",476,10821,1082103,30852,"BWI","Baltimore, MD","MD",24,"Maryland",35,13296,1329603,30721,"MHT","Manchester, NH","NH",33,"New Hampshire",14,900,933,33,33,1,2,"0900-0959",11,944,1042,3,1020,1045,25,25,1,1,"1000-1059",0,"",0,80,72,58,1,377,2,0,0,0,25,0,NA,NA,NA
2011,1,2,1,2,2011-02-01,"WN",19393,"WN","N442WN",1165,10821,1082103,30852,"BWI","Baltimore, MD","MD",24,"Maryland",35,12391,1239101,31703,"ISP","Islip, NY","NY",36,"New York",22,1740,NA,NA,NA,NA,NA,"1700-1759",NA,NA,NA,NA,1840,NA,NA,NA,NA,NA,"1800-1859",1,"B",0,60,NA,NA,1,220,1,NA,NA,NA,NA,NA,NA,NA,NA
2011,1,2,19,6,2011-02-19,"DL",19790,"DL","N765NC",1437,10821,1082103,30852,"BWI","Baltimore, MD","MD",24,"Maryland",35,11433,1143301,31295,"DTW","Detroit, MI","MI",26,"Michigan",43,1630,1619,-11,0,0,-1,"1600-1659",7,1626,1737,5,1812,1742,-30,0,0,-2,"1800-1859",0,"",0,102,83,71,1,408,2,NA,NA,NA,NA,NA,NA,NA,NA
2011,1,2,16,3,2011-02-16,"DL",19790,"DL","N998DL",1525,10821,1082103,30852,"BWI","Baltimore, MD","MD",24,"Maryland",35,10397,1039703,30397,"ATL","Atlanta, GA","GA",13,"Georgia",34,1845,1840,-5,0,0,-1,"1800-1859",15,1855,2018,8,2055,2026,-29,0,0,-2,"2000-2059",0,"",0,130,106,83,1,576,3,NA,NA,NA,NA,NA,NA,NA,NA
2011,1,2,28,1,2011-02-28,"DL",19790,"DL","N906DE",1625,10821,1082103,30852,"BWI","Baltimore, MD","MD",24,"Maryland",35,10397,1039703,30397,"ATL","Atlanta, GA","GA",13,"Georgia",34,615,610,-5,0,0,-1,"0600-0659",16,626,758,8,823,806,-17,0,0,-2,"0800-0859",0,"",0,128,116,92,1,576,3,NA,NA,NA,NA,NA,NA,NA,NA
2011,1,2,22,2,2011-02-22,"FL",20437,"FL","N952AT",949,10821,1082103,30852,"BWI","Baltimore, MD","MD",24,"Maryland",35,14576,1457602,34576,"ROC","Rochester, NY","NY",36,"New York",22,2159,2149,-10,0,0,-1,"2100-2159",8,2157,2243,5,2315,2248,-27,0,0,-2,"2300-2359",0,"",0,76,59,46,1,277,2,NA,NA,NA,NA,NA,NA,NA,NA
2011,1,2,25,5,2011-02-25,"DL",19790,"DL","N778NC",1511,10821,1082103,30852,"BWI","Baltimore, MD","MD",24,"Maryland",35,13244,1324401,33244,"MEM","Memphis, TN","TN",47,"Tennessee",54,600,600,0,0,0,0,"0600-0659",24,624,733,8,730,741,11,11,0,0,"0700-0759",0,"",0,150,161,129,1,787,4,NA,NA,NA,NA,NA,NA,NA,NA
2011,1,2,4,5,2011-02-04,"WN",19393,"WN","N416WN",592,10821,1082103,30852,"BWI","Baltimore, MD","MD",24,"Maryland",35,11066,1106601,31066,"CMH","Columbus, OH","OH",39,"Ohio",44,2115,2132,17,17,1,1,"2100-2159",8,2140,2238,6,2235,2244,9,9,0,0,"2200-2259",0,"",0,80,72,58,1,336,2,NA,NA,NA,NA,NA,NA,NA,NA
2011,1,2,23,3,2011-02-23,"US",20355,"US","N740UW",1521,10821,1082103,30852,"BWI","Baltimore, MD","MD",24,"Maryland",35,11057,1105702,31057,"CLT","Charlotte, NC","NC",37,"North Carolina",36,525,601,36,36,1,2,"0001-0559",10,611,714,4,645,718,33,33,1,2,"0600-0659",0,"",0,80,77,63,1,361,2,33,0,0,0,0,NA,NA,NA
2011,1,2,26,6,2011-02-26,"US",20355,"US","N763US",1521,10821,1082103,30852,"BWI","Baltimore, MD","MD",24,"Maryland",35,11057,1105702,31057,"CLT","Charlotte, NC","NC",37,"North Carolina",36,525,604,39,39,1,2,"0001-0559",18,622,730,5,645,735,50,50,1,3,"0600-0659",0,"",0,80,91,68,1,361,2,39,0,11,0,0,NA,NA,NA
2011,1,2,15,2,2011-02-15,"EV",20366,"EV","N718EV",5603,10821,1082103,30852,"BWI","Baltimore, MD","MD",24,"Maryland",35,13244,1324401,33244,"MEM","Memphis, TN","TN",47,"Tennessee",54,1712,NA,NA,NA,NA,NA,"1700-1759",NA,NA,NA,NA,1855,NA,NA,NA,NA,NA,"1800-1859",1,"A",0,163,NA,NA,1,787,4,NA,NA,NA,NA,NA,NA,NA,NA
2011,1,2,7,1,2011-02-07,"FL",20437,"FL","N982AT",603,10821,1082103,30852,"BWI","Baltimore, MD","MD",24,"Maryland",35,14635,1463501,31714,"RSW","Fort Myers, FL","FL",12,"Florida",33,1633,1621,-12,0,0,-1,"1600-1659",10,1631,1918,5,1910,1923,13,13,0,0,"1900-1959",0,"",0,157,182,167,1,919,4,NA,NA,NA,NA,NA,NA,NA,NA
2011,1,2,14,1,2011-02-14,"WN",19393,"WN","N290WN",3874,10821,1082103,30852,"BWI","Baltimore, MD","MD",24,"Maryland",35,14307,1430701,30721,"PVD","Providence, RI","RI",44,"Rhode Island",15,1405,1359,-6,0,0,-1,"1400-1459",9,1408,1457,4,1515,1501,-14,0,0,-1,"1500-1559",0,"",0,70,62,49,1,328,2,NA,NA,NA,NA,NA,NA,NA,NA
