"Year","Quarter","Month","DayofMonth","DayOfWeek","FlightDate","UniqueCarrier","AirlineID","Carrier","TailNum","FlightNum","OriginAirportID","OriginAirportSeqID","OriginCityMarketID","Origin","OriginCityName","OriginState","OriginStateFips","OriginStateName","OriginWac","DestAirportID","DestAirportSeqID","DestCityMarketID","Dest","DestCityName","DestState","DestStateFips","DestStateName","DestWac","CRSDepTime","DepTime","DepDelay","DepDelayMinutes","DepDel15","DepartureDelayGroups","DepTimeBlk","TaxiOut","WheelsOff","WheelsOn","TaxiIn","CRSArrTime","ArrTime","ArrDelay","ArrDelayMinutes","ArrDel15","ArrivalDelayGroups","ArrTimeBlk","Cancelled","CancellationCode","Diverted","CRSElapsedTime","ActualElapsedTime","AirTime","Flights","Distance","DistanceGroup","CarrierDelay","WeatherDelay","NASDelay","SecurityDelay","LateAircraftDelay","FirstDepTime","TotalAddGTime","LongestAddGTime"
2011,1,2,1,2,2011-02-01,"AA",19805,"AA","N481AA",808,11298,1129802,30194,"DFW","Dallas/Fort Worth, TX","TX",48,"Texas",74,12266,1226602,31453,"IAH","Houston, TX","TX",48,"Texas",74,1205,NA,NA,NA,NA,NA,"1200-1259",NA,NA,NA,NA,1310,NA,NA,NA,NA,NA,"1300-1359",1,"B",0,65,NA,NA,1,224,1,NA,NA,NA,NA,NA,NA,NA,NA
2011,1,2,6,7,2011-02-06,"AA",19805,"AA","N3EYAA",1413,11298,1129802,30194,"DFW","Dallas/Fort Worth, TX","TX",48,"Texas",74,12889,1288902,32211,"LAS","Las Vegas, NV","NV",32,"Nevada",85,745,747,2,2,0,0,"0700-0759",13,800,829,7,840,836,-4,0,0,-1,"0800-0859",0,"",0,175,169,149,1,1055,5,NA,NA,NA,NA,NA,NA,NA,NA
2011,1,2,22,2,2011-02-22,"F9",20436,"F9","N922FR",135,11298,1129802,30194,"DFW","Dallas/Fort Worth, TX","TX",48,"Texas",74,11292,1129202,30325,"DEN","Denver, CO","CO",8,"Colorado",82,1408,1357,-11,0,0,-1,"1400-1459",13,1410,1451,7,1509,1458,-11,0,0,-1,"1500-1559",0,"",0,121,121,101,1,641,3,NA,NA,NA,NA,NA,NA,NA,NA
2011,1,2,3,4,2011-02-03,"AA",19805,"AA","N4XWAA",617,11298,1129802,30194,"DFW","Dallas/Fort Worth, TX","TX",48,"Texas",74,14679,1467902,33570,"SAN","San Diego, CA","CA",6,"California",91,1235,1302,27,27,1,1,"1200-1259",21,1323,1408,3,1350,1411,21,21,1,1,"1300-1359",0,"",0,195,189,165,1,1171,5,12,0,0,0,9,NA,NA,NA
2011,1,2,2,3,2011-02-02,"AA",19805,"AA","N3EFAA",738,11298,1129802,30194,"DFW","Dallas/Fort Worth, TX","TX",48,"Texas",74,12953,1295301,31703,"LGA","New York, NY","NY",36,"New York",22,1515,1549,34,34,1,2,"1500-1559",26,1615,1959,6,1940,2005,25,25,1,1,"1900-1959",0,"",0,205,196,164,1,1389,6,0,17,0,0,8,NA,NA,NA
2011,1,2,23,3,2011-02-23,"MQ",20398,"MQ","N847MQ",2724,11298,1129802,30194,"DFW","Dallas/Fort Worth, TX","TX",48,"Texas",74,13290,1329001,33290,"MHK","Manhattan/Ft. Riley, KS","KS",20,"Kansas",62,1010,959,-11,0,0,-1,"1000-1059",20,1019,1122,2,1135,1124,-11,0,0,-1,"1100-1159",0,"",0,85,85,63,1,431,2,NA,NA,NA,NA,NA,NA,NA,NA
2011,1,2,27,7,2011-02-27,"AA",19805,"AA","N5CEAA",2058,11298,1129802,30194,"DFW","Dallas/Fort Worth, TX","TX",48,"Texas",74,14843,1484302,34819,"SJU","San Juan, PR","PR",72,"Puerto Rico",3,1345,1501,76,76,1,5,"1300-1359",25,1526,2112,7,2010,2119,69,69,1,4,"2000-2059",0,"",0,265,258,226,1,2165,9,69,0,0,0,0,NA,NA,NA
2011,1,2,9,3,2011-02-09,"DL",19790,"DL","N314NB",2508,11298,1129802,30194,"DFW","Dallas/Fort Worth, TX","TX",48,"Texas",74,11433,1143301,31295,"DTW","Detroit, MI","MI",26,"Michigan",43,1730,1750,20,20,1,1,"1700-1759",11,1801,2100,8,2102,2108,6,6,0,0,"2100-2159",0,"",0,152,138,119,1,987,4,NA,NA,NA,NA,NA,NA,NA,NA
2011,1,2,24,4,2011-02-24,"AA",19805,"AA","N588AA",1331,11298,1129802,30194,"DFW","Dallas/Fort Worth, TX","TX",48,"Texas",74,14683,1468301,33214,"SAT","San Antonio, TX","TX",48,"Texas",74,840,839,-1,0,0,-1,"0800-0859",17,856,945,5,945,950,5,5,0,0,"0900-0959",0,"",0,65,71,49,1,247,1,NA,NA,NA,NA,NA,NA,NA,NA
2011,1,2,3,4,2011-02-03,"AA",19805,"AA","N5CXAA",1464,11298,1129802,30194,"DFW","Dallas/Fort Worth, TX","TX",48,"Texas",74,15370,1537001,34653,"TUL","Tulsa, OK","OK",40,"Oklahoma",73,2045,2056,11,11,0,0,"2000-2059",15,2111,2143,10,2140,2153,13,13,0,0,"2100-2159",0,"",0,55,57,32,1,237,1,NA,NA,NA,NA,NA,NA,NA,NA
2011,1,2,14,1,2011-02-14,"AA",19805,"AA","N496AA",1849,11298,1129802,30194,"DFW","Dallas/Fort Worth, TX","TX",48,"Texas",74,13256,1325601,33256,"MFE","Mission/McAllen/Edinburg, TX","TX",48,"Texas",74,2055,2055,0,0,0,0,"2000-2059",9,2104,2213,4,2225,2217,-8,0,0,-1,"2200-2259",0,"",0,90,82,69,1,468,2,NA,NA,NA,NA,NA,NA,NA,NA
2011,1,2,23,3,2011-02-23,"MQ",20398,"MQ","N649MQ",2875,11298,1129802,30194,"DFW","Dallas/Fort Worth, TX","TX",48,"Texas",74,15919,1591901,31834,"XNA","Fayetteville, AR","AR",5,"Arkansas",71,2215,2212,-3,0,0,-1,"2200-2259",10,2222,2305,4,2315,2309,-6,0,0,-1,"2300-2359",0,"",0,60,57,43,1,281,2,NA,NA,NA,NA,NA,NA,NA,NA
2011,1,2,1,2,2011-02-01,"AA",19805,"AA","N493AA",1588,11298,1129802,30194,"DFW","Dallas/Fort Worth, TX","TX",48,"Texas",74,13495,1349501,33495,"MSY","New Orleans, LA","LA",22,"Louisiana",72,1655,NA,NA,NA,NA,NA,"1600-1659",NA,NA,NA,NA,1815,NA,NA,NA,NA,NA,"1800-1859",1,"B",0,80,NA,NA,1,448,2,NA,NA,NA,NA,NA,NA,NA,NA
2011,1,2,25,5,2011-02-25,"AA",19805,"AA","N567AA",1827,11298,1129802,30194,"DFW","Dallas/Fort Worth, TX","TX",48,"Texas",74,14893,1489301,33192,"SMF","Sacramento, CA","CA",6,"California",91,1740,1808,28,28,1,1,"1700-1759",13,1821,1959,4,1930,2003,33,33,1,2,"1900-1959",0,"",0,230,235,218,1,1431,6,8,0,5,0,20,NA,NA,NA
2011,1,2,2,3,2011-02-02,"AA",19805,"AA","N3DXAA",2483,11298,1129802,30194,"DFW","Dallas/Fort Worth, TX","TX",48,"Texas",74,12892,1289201,32575,"LAX","Los Angeles, CA","CA",6,"California",91,2045,2058,13,13,0,0,"2000-2059",16,2114,2156,8,2205,2204,-1,0,0,-1,"2200-2259",0,"",0,200,186,162,1,1235,5,NA,NA,NA,NA,NA,NA,NA,NA
2011,1,2,12,6,2011-02-12,"AA",19805,"AA","N3BAAA",1017,11298,1129802,30194,"DFW","Dallas/Fort Worth, TX","TX",48,"Texas",74,14747,1474702,30559,"SEA","Seattle, WA","WA",53,"Washington",93,2145,2152,7,7,0,0,"2100-2159",10,2202,2356,4,2355,2400,5,5,0,0,"2300-2359",0,"",0,250,248,234,1,1660,7,NA,NA,NA,NA,NA,NA,NA,NA
2011,1,2,14,1,2011-02-14,"MQ",20398,"MQ","N720MQ",3297,11298,1129802,30194,"DFW","Dallas/Fort Worth, TX","TX",48,"Texas",74,15412,1541201,35412,"TYS","Knoxville, TN","TN",47,"Tennessee",54,1005,954,-11,0,0,-1,"1000-1059",13,1007,1241,3,1305,1244,-21,0,0,-2,"1300-1359",0,"",0,120,110,94,1,772,4,NA,NA,NA,NA,NA,NA,NA,NA
2011,1,2,7,1,2011-02-07,"MQ",20398,"MQ","N941MQ",3369,11298,1129802,30194,"DFW","Dallas/Fort Worth, TX","TX",48,"Texas",74,11423,1142302,31423,"DSM","Des Moines, IA","IA",19,"Iowa",61,1240,1241,1,1,0,0,"1200-1259",16,1257,1429,4,1435,1433,-2,0,0,-1,"1400-1459",0,"",0,115,112,92,1,624,3,NA,NA,NA,NA,NA,NA,NA,NA
2011,1,2,13,7,2011-02-13,"AA",19805,"AA","N485AA",1717,11298,1129802,30194,"DFW","Dallas/Fort Worth, TX","TX",48,"Texas",74,10423,1042302,30423,"AUS","Austin, TX","TX",48,"Texas",74,1115,1116,1,1,0,0,"1100-1159",12,1128,1200,4,1215,1204,-11,0,0,-1,"1200-1259",0,"",0,60,48,32,1,190,1,NA,NA,NA,NA,NA,NA,NA,NA
2011,1,2,24,4,2011-02-24,"AA",19805,"AA","N436AA",351,11298,1129802,30194,"DFW","Dallas/Fort Worth, TX","TX",48,"Texas",74,12889,1288902,32211,"LAS","Las Vegas, NV","NV",32,"Nevada",85,2050,2050,0,0,0,0,"2000-2059",15,2105,2141,6,2145,2147,2,2,0,0,"2100-2159",0,"",0,175,177,156,1,1055,5,NA,NA,NA,NA,NA,NA,NA,NA
2011,1,2,21,1,2011-02-21,"AA",19805,"AA","N558AA",815,11298,1129802,30194,"DFW","Dallas/Fort Worth, TX","TX",48,"Texas",74,11540,1154001,30615,"ELP","El Paso, TX","TX",48,"Texas",74,1515,1511,-4,0,0,-1,"1500-1559",16,1527,1558,3,1600,1601,1,1,0,0,"1600-1659",0,"",0,105,110,91,1,551,3,NA,NA,NA,NA,NA,NA,NA,NA
2011,1,2,15,2,2011-02-15,"AA",19805,"AA","N3ATAA",463,11298,1129802,30194,"DFW","Dallas/Fort Worth, TX","TX",48,"Texas",74,14771,1477101,32457,"SFO","San Francisco, CA","CA",6,"California",91,1655,1705,10,10,0,0,"1600-1659",25,1730,1917,6,1845,1923,38,38,1,2,"1800-1859",0,"",0,230,258,227,1,1464,6,0,0,38,0,0,NA,NA,NA
2011,1,2,21,1,2011-02-21,"MQ",20398,"MQ","N608MQ",2973,11298,1129802,30194,"DFW","Dallas/Fort Worth, TX","TX",48,"Texas",74,13422,1342201,30562,"MOB","Mobile, AL","AL",1,"Alabama",51,1825,1823,-2,0,0,-1,"1800-1859",12,1835,1943,4,1955,1947,-8,0,0,-1,"1900-1959",0,"",0,90,84,68,1,540,3,NA,NA,NA,NA,NA,NA,NA,NA
2011,1,2,24,4,2011-02-24,"AA",19805,"AA","N480AA",1142,11298,1129802,30194,"DFW","Dallas/Fort Worth, TX","TX",48,"Texas",74,13931,1393101,33667,"ORF","Norfolk, VA","VA",51,"Virginia",38,1835,1954,79,79,1,5,"1800-1859",12,2006,2344,4,2220,2348,88,88,1,5,"2200-2259",0,"",0,165,174,158,1,1213,5,0,16,9,0,63,NA,NA,NA
2011,1,2,17,4,2011-02-17,"MQ",20398,"MQ","N939MQ",2857,11298,1129802,30194,"DFW","Dallas/Fort Worth, TX","TX",48,"Texas",74,12448,1244802,32448,"JAN","Jackson/Vicksburg, MS","MS",28,"Mississippi",53,1420,1419,-1,0,0,-1,"1400-1459",14,1433,1528,6,1540,1534,-6,0,0,-1,"1500-1559",0,"",0,80,75,55,1,408,2,NA,NA,NA,NA,NA,NA,NA,NA
2011,1,2,9,3,2011-02-09,"MQ",20398,"MQ","N624MQ",2929,11298,1129802,30194,"DFW","Dallas/Fort Worth, TX","TX",48,"Texas",74,10781,1078101,30781,"BTR","Baton Rouge, LA","LA",22,"Louisiana",72,1545,1628,43,43,1,2,"1500-1559",23,1651,1747,5,1705,1752,47,47,1,3,"1700-1759",0,"",0,80,84,56,1,383,2,0,43,4,0,0,NA,NA,NA
2011,1,2,28,1,2011-02-28,"AA",19805,"AA","N3ADAA",621,11298,1129802,30194,"DFW","Dallas/Fort Worth, TX","TX",48,"Texas",74,14747,1474702,30559,"SEA","Seattle, WA","WA",53,"Washington",93,1035,1043,8,8,0,0,"1000-1059",15,1058,1311,7,1250,1318,28,28,1,1,"1200-1259",0,"",0,255,275,253,1,1660,7,7,0,20,0,1,NA,NA,NA
2011,1,2,17,4,2011-02-17,"AA",19805,"AA","N515AA",403,11298,1129802,30194,"DFW","Dallas/Fort Worth, TX","TX",48,"Texas",74,15376,1537601,30436,"TUS","Tucson, AZ","AZ",4,"Arizona",81,2205,2235,30,30,1,2,"2200-2259",8,2243,2347,5,2325,2352,27,27,1,1,"2300-2359",0,"",0,140,137,124,1,813,4,27,0,0,0,0,NA,NA,NA
2011,1,2,2,3,2011-02-02,"AA",19805,"AA","N3DYAA",359,11298,1129802,30194,"DFW","Dallas/Fort Worth, TX","TX",48,"Texas",74,14908,1490802,32575,"SNA","Santa Ana, CA","CA",6,"California",91,735,NA,NA,NA,NA,NA,"0700-0759",NA,NA,NA,NA,850,NA,NA,NA,NA,NA,"0800-0859",1,"B",0,195,NA,NA,1,1205,5,NA,NA,NA,NA,NA,NA,NA,NA
2011,1,2,21,1,2011-02-21,"AA",19805,"AA","N558AA",815,11298,1129802,30194,"DFW","Dallas/Fort Worth, TX","TX",48,"Texas",74,11540,1154001,30615,"ELP","El Paso, TX","TX",48,"Texas",74,1515,1511,-4,0,0,-1,"1500-1559",16,1527,1558,3,1600,1601,1,1,0,0,"1600-1659",0,"",0,105,110,91,1,551,3,NA,NA,NA,NA,NA,NA,NA,NA
2011,1,2,1,2,2011-02-01,"AA",19805,"AA","N3DPAA",1980,11298,1129802,30194,"DFW","Dallas/Fort Worth, TX","TX",48,"Texas",74,13204,1320401,31454,"MCO","Orlando, FL","FL",12,"Florida",33,955,1314,199,199,1,12,"0900-0959",31,1345,1703,20,1315,1723,248,248,1,12,"1300-1359",0,"",0,140,189,138,1,984,4,0,112,49,0,87,NA,NA,NA
2011,1,2,7,1,2011-02-07,"MQ",20398,"MQ","N603MQ",2808,11298,1129802,30194,"DFW","Dallas/Fort Worth, TX","TX",48,"Texas",74,13367,1336701,33367,"MLI","Moline, IL","IL",17,"Illinois",41,1415,1424,9,9,0,0,"1400-1459",19,1443,1624,4,1610,1628,18,18,1,1,"1600-1659",0,"",0,115,124,101,1,691,3,9,0,9,0,0,NA,NA,NA
2011,1,2,18,5,2011-02-18,"MQ",20398,"MQ","N648MQ",2905,11298,1129802,30194,"DFW","Dallas/Fort Worth, TX","TX",48,"Texas",74,12992,1299202,32600,"LIT","Little Rock, AR","AR",5,"Arkansas",71,1430,1426,-4,0,0,-1,"1400-1459",19,1445,1534,4,1540,1538,-2,0,0,-1,"1500-1559",0,"",0,70,72,49,1,304,2,NA,NA,NA,NA,NA,NA,NA,NA
2011,1,2,8,2,2011-02-08,"MQ",20398,"MQ","N649MQ",2822,11298,1129802,30194,"DFW","Dallas/Fort Worth, TX","TX",48,"Texas",74,15249,1524901,35249,"TLH","Tallahassee, FL","FL",12,"Florida",33,1330,1328,-2,0,0,-1,"1300-1359",12,1340,1613,2,1630,1615,-15,0,0,-1,"1600-1659",0,"",0,120,107,93,1,767,4,NA,NA,NA,NA,NA,NA,NA,NA
2011,1,2,11,5,2011-02-11,"MQ",20398,"MQ","N530MQ",3513,11298,1129802,30194,"DFW","Dallas/Fort Worth, TX","TX",48,"Texas",74,12992,1299202,32600,"LIT","Little Rock, AR","AR",5,"Arkansas",71,1630,NA,NA,NA,NA,NA,"1600-1659",NA,NA,NA,NA,1740,NA,NA,NA,NA,NA,"1700-1759",1,"A",0,70,NA,NA,1,304,2,NA,NA,NA,NA,NA,NA,NA,NA
2011,1,2,14,1,2011-02-14,"AA",19805,"AA","N497AA",402,11298,1129802,30194,"DFW","Dallas/Fort Worth, TX","TX",48,"Texas",74,11057,1105702,31057,"CLT","Charlotte, NC","NC",37,"North Carolina",36,1315,1310,-5,0,0,-1,"1300-1359",16,1326,1624,10,1635,1634,-1,0,0,-1,"1600-1659",0,"",0,140,144,118,1,936,4,NA,NA,NA,NA,NA,NA,NA,NA
2011,1,2,21,1,2011-02-21,"AA",19805,"AA","N274AA",1801,11298,1129802,30194,"DFW","Dallas/Fort Worth, TX","TX",48,"Texas",74,14107,1410701,30466,"PHX","Phoenix, AZ","AZ",4,"Arizona",81,2035,2033,-2,0,0,-1,"2000-2059",11,2044,2208,4,2210,2212,2,2,0,0,"2200-2259",0,"",0,155,159,144,1,868,4,NA,NA,NA,NA,NA,NA,NA,NA
2011,1,2,8,2,2011-02-08,"MQ",20398,"MQ","N616MQ",2709,11298,1129802,30194,"DFW","Dallas/Fort Worth, TX","TX",48,"Texas",74,14108,1410802,34108,"PIA","Peoria, IL","IL",17,"Illinois",41,1455,1457,2,2,0,0,"1400-1459",16,1513,1642,4,1645,1646,1,1,0,0,"1600-1659",0,"",0,110,109,89,1,673,3,NA,NA,NA,NA,NA,NA,NA,NA
2011,1,2,7,1,2011-02-07,"MQ",20398,"MQ","N808MQ",3227,11298,1129802,30194,"DFW","Dallas/Fort Worth, TX","TX",48,"Texas",74,15411,1541101,35411,"TYR","Tyler, TX","TX",48,"Texas",74,1705,1706,1,1,0,0,"1700-1759",13,1719,1740,3,1750,1743,-7,0,0,-1,"1700-1759",0,"",0,45,37,21,1,103,1,NA,NA,NA,NA,NA,NA,NA,NA
2011,1,2,28,1,2011-02-28,"AA",19805,"AA","N592AA",1038,11298,1129802,30194,"DFW","Dallas/Fort Worth, TX","TX",48,"Texas",74,13487,1348701,31650,"MSP","Minneapolis, MN","MN",27,"Minnesota",63,725,719,-6,0,0,-1,"0700-0759",13,732,921,9,945,930,-15,0,0,-1,"0900-0959",0,"",0,140,131,109,1,852,4,NA,NA,NA,NA,NA,NA,NA,NA
2011,1,2,24,4,2011-02-24,"AA",19805,"AA","N251AA",659,11298,1129802,30194,"DFW","Dallas/Fort Worth, TX","TX",48,"Texas",74,13891,1389101,32575,"ONT","Ontario, CA","CA",6,"California",91,2105,2154,49,49,1,3,"2100-2159",16,2210,2300,7,2210,2307,57,57,1,3,"2200-2259",0,"",0,185,193,170,1,1188,5,0,4,8,0,45,NA,NA,NA
2011,1,2,7,1,2011-02-07,"DL",19790,"DL","N609DL",2110,11298,1129802,30194,"DFW","Dallas/Fort Worth, TX","TX",48,"Texas",74,10397,1039703,30397,"ATL","Atlanta, GA","GA",13,"Georgia",34,1315,1312,-3,0,0,-1,"1300-1359",17,1329,1555,13,1613,1608,-5,0,0,-1,"1600-1659",0,"",0,118,116,86,1,732,3,NA,NA,NA,NA,NA,NA,NA,NA
2011,1,2,11,5,2011-02-11,"AA",19805,"AA","N637AA",2465,11298,1129802,30194,"DFW","Dallas/Fort Worth, TX","TX",48,"Texas",74,12892,1289201,32575,"LAX","Los Angeles, CA","CA",6,"California",91,1745,1752,7,7,0,0,"1700-1759",11,1803,1846,4,1905,1850,-15,0,0,-1,"1900-1959",0,"",0,200,178,163,1,1235,5,NA,NA,NA,NA,NA,NA,NA,NA
2011,1,2,28,1,2011-02-28,"AA",19805,"AA","N629AA",2287,11298,1129802,30194,"DFW","Dallas/Fort Worth, TX","TX",48,"Texas",74,11503,1150301,31503,"EGE","Eagle, CO","CO",8,"Colorado",82,1205,1222,17,17,1,1,"1200-1259",16,1238,1331,4,1325,1335,10,10,0,0,"1300-1359",0,"",0,140,133,113,1,720,3,NA,NA,NA,NA,NA,NA,NA,NA
2011,1,2,15,2,2011-02-15,"MQ",20398,"MQ","N711MQ",3209,11298,1129802,30194,"DFW","Dallas/Fort Worth, TX","TX",48,"Texas",74,15412,1541201,35412,"TYS","Knoxville, TN","TN",47,"Tennessee",54,1410,1446,36,36,1,2,"1400-1459",15,1501,1734,3,1715,1737,22,22,1,1,"1700-1759",0,"",0,125,111,93,1,772,4,22,0,0,0,0,NA,NA,NA
2011,1,2,7,1,2011-02-07,"AA",19805,"AA","N3EMAA",1394,11298,1129802,30194,"DFW","Dallas/Fort Worth, TX","TX",48,"Texas",74,11697,1169702,32467,"FLL","Fort Lauderdale, FL","FL",12,"Florida",33,900,859,-1,0,0,-1,"0900-0959",21,920,1241,5,1235,1246,11,11,0,0,"1200-1259",0,"",0,155,167,141,1,1119,5,NA,NA,NA,NA,NA,NA,NA,NA
2011,1,2,2,3,2011-02-02,"AA",19805,"AA","N466AA",763,11298,1129802,30194,"DFW","Dallas/Fort Worth, TX","TX",48,"Texas",74,13256,1325601,33256,"MFE","Mission/McAllen/Edinburg, TX","TX",48,"Texas",74,2030,2054,24,24,1,1,"2000-2059",14,2108,2231,4,2200,2235,35,35,1,2,"2200-2259",0,"",0,90,101,83,1,468,2,0,7,11,0,17,NA,NA,NA
2011,1,2,19,6,2011-02-19,"AA",19805,"AA","N3GHAA",545,11298,1129802,30194,"DFW","Dallas/Fort Worth, TX","TX",48,"Texas",74,14747,1474702,30559,"SEA","Seattle, WA","WA",53,"Washington",93,1220,1242,22,22,1,1,"1200-1259",12,1254,1432,7,1435,1439,4,4,0,0,"1400-1459",0,"",0,255,237,218,1,1660,7,NA,NA,NA,NA,NA,NA,NA,NA
2011,1,2,6,7,2011-02-06,"AA",19805,"AA","N557AA",1396,11298,1129802,30194,"DFW","Dallas/Fort Worth, TX","TX",48,"Texas",74,13931,1393101,33667,"ORF","Norfolk, VA","VA",51,"Virginia",38,1750,1759,9,9,0,0,"1700-1759",9,1808,2115,4,2130,2119,-11,0,0,-1,"2100-2159",0,"",0,160,140,127,1,1213,5,NA,NA,NA,NA,NA,NA,NA,NA
2011,1,2,14,1,2011-02-14,"MQ",20398,"MQ","N833MQ",3284,11298,1129802,30194,"DFW","Dallas/Fort Worth, TX","TX",48,"Texas",74,10781,1078101,30781,"BTR","Baton Rouge, LA","LA",22,"Louisiana",72,2215,2206,-9,0,0,-1,"2200-2259",9,2215,2308,2,2325,2310,-15,0,0,-1,"2300-2359",0,"",0,70,64,53,1,383,2,NA,NA,NA,NA,NA,NA,NA,NA
2011,1,2,21,1,2011-02-21,"AA",19805,"AA","N554AA",2024,11298,1129802,30194,"DFW","Dallas/Fort Worth, TX","TX",48,"Texas",74,10693,1069301,30693,"BNA","Nashville, TN","TN",47,"Tennessee",54,1215,1210,-5,0,0,-1,"1200-1259",13,1223,1338,10,1355,1348,-7,0,0,-1,"1300-1359",0,"",0,100,98,75,1,631,3,NA,NA,NA,NA,NA,NA,NA,NA
2011,1,2,16,3,2011-02-16,"AA",19805,"AA","N478AA",312,11298,1129802,30194,"DFW","Dallas/Fort Worth, TX","TX",48,"Texas",74,14635,1463501,31714,"RSW","Fort Myers, FL","FL",12,"Florida",33,1510,1509,-1,0,0,-1,"1500-1559",11,1520,1828,2,1835,1830,-5,0,0,-1,"1800-1859",0,"",0,145,141,128,1,1017,5,NA,NA,NA,NA,NA,NA,NA,NA
2011,1,2,11,5,2011-02-11,"AA",19805,"AA","N519AA",784,11298,1129802,30194,"DFW","Dallas/Fort Worth, TX","TX",48,"Texas",74,12953,1295301,31703,"LGA","New York, NY","NY",36,"New York",22,2055,2056,1,1,0,0,"2000-2059",16,2112,46,4,105,50,-15,0,0,-1,"0001-0559",0,"",0,190,174,154,1,1389,6,NA,NA,NA,NA,NA,NA,NA,NA
2011,1,2,5,6,2011-02-05,"MQ",20398,"MQ","N687MQ",2942,11298,1129802,30194,"DFW","Dallas/Fort Worth, TX","TX",48,"Texas",74,11067,1106701,31067,"CMI","Champaign/Urbana, IL","IL",17,"Illinois",41,1930,2002,32,32,1,2,"1900-1959",21,2023,2154,6,2125,2200,35,35,1,2,"2100-2159",0,"",0,115,118,91,1,693,3,0,0,3,0,32,NA,NA,NA
2011,1,2,15,2,2011-02-15,"AA",19805,"AA","N536AA",1347,11298,1129802,30194,"DFW","Dallas/Fort Worth, TX","TX",48,"Texas",74,14831,1483102,32457,"SJC","San Jose, CA","CA",6,"California",91,935,925,-10,0,0,-1,"0900-0959",24,949,1134,7,1125,1141,16,16,1,1,"1100-1159",0,"",0,230,256,225,1,1439,6,0,0,16,0,0,NA,NA,NA
2011,1,2,20,7,2011-02-20,"AA",19805,"AA","N4XLAA",446,11298,1129802,30194,"DFW","Dallas/Fort Worth, TX","TX",48,"Texas",74,14100,1410001,34100,"PHL","Philadelphia, PA","PA",42,"Pennsylvania",23,1115,1109,-6,0,0,-1,"1100-1159",8,1117,1457,4,1525,1501,-24,0,0,-2,"1500-1559",0,"",0,190,172,160,1,1302,6,NA,NA,NA,NA,NA,NA,NA,NA
2011,1,2,6,7,2011-02-06,"AA",19805,"AA","N549AA",1925,11298,1129802,30194,"DFW","Dallas/Fort Worth, TX","TX",48,"Texas",74,14869,1486902,34614,"SLC","Salt Lake City, UT","UT",49,"Utah",87,1745,1750,5,5,0,0,"1700-1759",11,1801,1934,8,1935,1942,7,7,0,0,"1900-1959",0,"",0,170,172,153,1,988,4,NA,NA,NA,NA,NA,NA,NA,NA
2011,1,2,25,5,2011-02-25,"AA",19805,"AA","N274AA",533,11298,1129802,30194,"DFW","Dallas/Fort Worth, TX","TX",48,"Texas",74,14679,1467902,33570,"SAN","San Diego, CA","CA",6,"California",91,2200,2158,-2,0,0,-1,"2200-2259",12,2210,2307,3,2310,2310,0,0,0,0,"2300-2359",0,"",0,190,192,177,1,1171,5,NA,NA,NA,NA,NA,NA,NA,NA
2011,1,2,2,3,2011-02-02,"MQ",20398,"MQ","N608MQ",3208,11298,1129802,30194,"DFW","Dallas/Fort Worth, TX","TX",48,"Texas",74,11982,1198201,31982,"GRK","Killeen, TX","TX",48,"Texas",74,830,NA,NA,NA,NA,NA,"0800-0859",NA,NA,NA,NA,920,NA,NA,NA,NA,NA,"0900-0959",1,"B",0,50,NA,NA,1,134,1,NA,NA,NA,NA,NA,NA,NA,NA
2011,1,2,14,1,2011-02-14,"AA",19805,"AA","N5DAAA",1688,11298,1129802,30194,"DFW","Dallas/Fort Worth, TX","TX",48,"Texas",74,10721,1072101,30721,"BOS","Boston, MA","MA",25,"Massachusetts",13,1955,1946,-9,0,0,-1,"1900-1959",16,2002,22,6,20,28,8,8,0,0,"0001-0559",0,"",0,205,222,200,1,1562,7,NA,NA,NA,NA,NA,NA,NA,NA
2011,1,2,6,7,2011-02-06,"AA",19805,"AA","N489AA",1606,11298,1129802,30194,"DFW","Dallas/Fort Worth, TX","TX",48,"Texas",74,11066,1106601,31066,"CMH","Columbus, OH","OH",39,"Ohio",44,1420,1419,-1,0,0,-1,"1400-1459",12,1431,1717,5,1740,1722,-18,0,0,-2,"1700-1759",0,"",0,140,123,106,1,927,4,NA,NA,NA,NA,NA,NA,NA,NA
2011,1,2,2,3,2011-02-02,"AA",19805,"AA","N4XPAA",1543,11298,1129802,30194,"DFW","Dallas/Fort Worth, TX","TX",48,"Texas",74,14683,1468301,33214,"SAT","San Antonio, TX","TX",48,"Texas",74,1145,NA,NA,NA,NA,NA,"1100-1159",NA,NA,NA,NA,1250,NA,NA,NA,NA,NA,"1200-1259",1,"B",0,65,NA,NA,1,247,1,NA,NA,NA,NA,NA,NA,NA,NA
2011,1,2,28,1,2011-02-28,"AA",19805,"AA","N567AA",491,11298,1129802,30194,"DFW","Dallas/Fort Worth, TX","TX",48,"Texas",74,14893,1489301,33192,"SMF","Sacramento, CA","CA",6,"California",91,1155,1200,5,5,0,0,"1100-1159",17,1217,1338,3,1350,1341,-9,0,0,-1,"1300-1359",0,"",0,235,221,201,1,1431,6,NA,NA,NA,NA,NA,NA,NA,NA
2011,1,2,2,3,2011-02-02,"AA",19805,"AA","N4YRAA",453,11298,1129802,30194,"DFW","Dallas/Fort Worth, TX","TX",48,"Texas",74,14057,1405701,34057,"PDX","Portland, OR","OR",41,"Oregon",92,1245,1550,185,185,1,12,"1200-1259",19,1609,1743,2,1500,1745,165,165,1,11,"1500-1559",0,"",0,255,235,214,1,1616,7,23,0,0,0,142,NA,NA,NA
2011,1,2,7,1,2011-02-07,"AA",19805,"AA","N596AA",578,11298,1129802,30194,"DFW","Dallas/Fort Worth, TX","TX",48,"Texas",74,14683,1468301,33214,"SAT","San Antonio, TX","TX",48,"Texas",74,1455,1454,-1,0,0,-1,"1400-1459",13,1507,1553,7,1600,1600,0,0,0,0,"1600-1659",0,"",0,65,66,46,1,247,1,NA,NA,NA,NA,NA,NA,NA,NA
2011,1,2,28,1,2011-02-28,"AA",19805,"AA","N529AA",1501,11298,1129802,30194,"DFW","Dallas/Fort Worth, TX","TX",48,"Texas",74,10140,1014001,30140,"ABQ","Albuquerque, NM","NM",35,"New Mexico",86,1915,1912,-3,0,0,-1,"1900-1959",15,1927,2005,4,2005,2009,4,4,0,0,"2000-2059",0,"",0,110,117,98,1,569,3,NA,NA,NA,NA,NA,NA,NA,NA
2011,1,2,17,4,2011-02-17,"MQ",20398,"MQ","N840MQ",2835,11298,1129802,30194,"DFW","Dallas/Fort Worth, TX","TX",48,"Texas",74,12448,1244802,32448,"JAN","Jackson/Vicksburg, MS","MS",28,"Mississippi",53,1635,1627,-8,0,0,-1,"1600-1659",20,1647,1742,5,1750,1747,-3,0,0,-1,"1700-1759",0,"",0,75,80,55,1,408,2,NA,NA,NA,NA,NA,NA,NA,NA
2011,1,2,2,3,2011-02-02,"AA",19805,"AA","N3BNAA",2453,11298,1129802,30194,"DFW","Dallas/Fort Worth, TX","TX",48,"Texas",74,12892,1289201,32575,"LAX","Los Angeles, CA","CA",6,"California",91,1515,1749,154,154,1,10,"1500-1559",45,1834,1930,5,1635,1935,180,180,1,12,"1600-1659",0,"",0,200,226,176,1,1235,5,0,154,26,0,0,NA,NA,NA
2011,1,2,16,3,2011-02-16,"MQ",20398,"MQ","N838MQ",3251,11298,1129802,30194,"DFW","Dallas/Fort Worth, TX","TX",48,"Texas",74,14814,1481401,30476,"SHV","Shreveport, LA","LA",22,"Louisiana",72,2225,2236,11,11,0,0,"2200-2259",13,2249,2319,5,2315,2324,9,9,0,0,"2300-2359",0,"",0,50,48,30,1,190,1,NA,NA,NA,NA,NA,NA,NA,NA
2011,1,2,16,3,2011-02-16,"AA",19805,"AA","N3CFAA",668,11298,1129802,30194,"DFW","Dallas/Fort Worth, TX","TX",48,"Texas",74,13487,1348701,31650,"MSP","Minneapolis, MN","MN",27,"Minnesota",63,1240,1241,1,1,0,0,"1200-1259",15,1256,1455,4,1500,1459,-1,0,0,-1,"1500-1559",0,"",0,140,138,119,1,852,4,NA,NA,NA,NA,NA,NA,NA,NA
2011,1,2,23,3,2011-02-23,"AA",19805,"AA","N544AA",1033,11298,1129802,30194,"DFW","Dallas/Fort Worth, TX","TX",48,"Texas",74,11540,1154001,30615,"ELP","El Paso, TX","TX",48,"Texas",74,1810,1807,-3,0,0,-1,"1800-1859",14,1821,1850,4,1855,1854,-1,0,0,-1,"1800-1859",0,"",0,105,107,89,1,551,3,NA,NA,NA,NA,NA,NA,NA,NA
2011,1,2,17,4,2011-02-17,"AA",19805,"AA","N515AA",403,11298,1129802,30194,"DFW","Dallas/Fort Worth, TX","TX",48,"Texas",74,15376,1537601,30436,"TUS","Tucson, AZ","AZ",4,"Arizona",81,2205,2235,30,30,1,2,"2200-2259",8,2243,2347,5,2325,2352,27,27,1,1,"2300-2359",0,"",0,140,137,124,1,813,4,27,0,0,0,0,NA,NA,NA
2011,1,2,11,5,2011-02-11,"AA",19805,"AA","N530AA",1656,11298,1129802,30194,"DFW","Dallas/Fort Worth, TX","TX",48,"Texas",74,14730,1473002,33044,"SDF","Louisville, KY","KY",21,"Kentucky",52,1535,1531,-4,0,0,-1,"1500-1559",9,1540,1814,7,1835,1821,-14,0,0,-1,"1800-1859",0,"",0,120,110,94,1,733,3,NA,NA,NA,NA,NA,NA,NA,NA
2011,1,2,11,5,2011-02-11,"AA",19805,"AA","N463AA",312,11298,1129802,30194,"DFW","Dallas/Fort Worth, TX","TX",48,"Texas",74,14635,1463501,31714,"RSW","Fort Myers, FL","FL",12,"Florida",33,1510,1514,4,4,0,0,"1500-1559",10,1524,1822,4,1835,1826,-9,0,0,-1,"1800-1859",0,"",0,145,132,118,1,1017,5,NA,NA,NA,NA,NA,NA,NA,NA
2011,1,2,17,4,2011-02-17,"AA",19805,"AA","N4WYAA",806,11298,1129802,30194,"DFW","Dallas/Fort Worth, TX","TX",48,"Texas",74,11278,1127801,30852,"DCA","Washington, DC","VA",51,"Virginia",38,1025,1021,-4,0,0,-1,"1000-1059",11,1032,1358,4,1410,1402,-8,0,0,-1,"1400-1459",0,"",0,165,161,146,1,1192,5,NA,NA,NA,NA,NA,NA,NA,NA
2011,1,2,4,5,2011-02-04,"F9",20436,"F9","N927FR",127,11298,1129802,30194,"DFW","Dallas/Fort Worth, TX","TX",48,"Texas",74,11292,1129202,30325,"DEN","Denver, CO","CO",8,"Colorado",82,630,1009,219,219,1,12,"0600-0659",49,1058,1129,9,732,1138,246,246,1,12,"0700-0759",0,"",0,122,149,91,1,641,3,0,219,27,0,0,629,162,162
2011,1,2,3,4,2011-02-03,"AA",19805,"AA","N489AA",721,11298,1129802,30194,"DFW","Dallas/Fort Worth, TX","TX",48,"Texas",74,11540,1154001,30615,"ELP","El Paso, TX","TX",48,"Texas",74,1335,1346,11,11,0,0,"1300-1359",18,1404,1433,6,1420,1439,19,19,1,1,"1400-1459",0,"",0,105,113,89,1,551,3,9,0,8,0,2,NA,NA,NA
2011,1,2,22,2,2011-02-22,"AA",19805,"AA","N498AA",1760,11298,1129802,30194,"DFW","Dallas/Fort Worth, TX","TX",48,"Texas",74,12339,1233903,32337,"IND","Indianapolis, IN","IN",18,"Indiana",42,1950,1955,5,5,0,0,"1900-1959",10,2005,2232,3,2250,2235,-15,0,0,-1,"2200-2259",0,"",0,120,100,87,1,762,4,NA,NA,NA,NA,NA,NA,NA,NA
2011,1,2,20,7,2011-02-20,"FL",20437,"FL","N926AT",102,11298,1129802,30194,"DFW","Dallas/Fort Worth, TX","TX",48,"Texas",74,10397,1039703,30397,"ATL","Atlanta, GA","GA",13,"Georgia",34,1834,1832,-2,0,0,-1,"1800-1859",14,1846,2116,11,2131,2127,-4,0,0,-1,"2100-2159",0,"",0,117,115,90,1,732,3,NA,NA,NA,NA,NA,NA,NA,NA
2011,1,2,8,2,2011-02-08,"AA",19805,"AA","N502AA",456,11298,1129802,30194,"DFW","Dallas/Fort Worth, TX","TX",48,"Texas",74,15304,1530401,33195,"TPA","Tampa, FL","FL",12,"Florida",33,1655,1715,20,20,1,1,"1600-1659",15,1730,2018,3,2010,2021,11,11,0,0,"2000-2059",0,"",0,135,126,108,1,929,4,NA,NA,NA,NA,NA,NA,NA,NA
2011,1,2,26,6,2011-02-26,"AA",19805,"AA","N554AA",815,11298,1129802,30194,"DFW","Dallas/Fort Worth, TX","TX",48,"Texas",74,11540,1154001,30615,"ELP","El Paso, TX","TX",48,"Texas",74,1515,1512,-3,0,0,-1,"1500-1559",14,1526,1553,4,1600,1557,-3,0,0,-1,"1600-1659",0,"",0,105,105,87,1,551,3,NA,NA,NA,NA,NA,NA,NA,NA
2011,1,2,11,5,2011-02-11,"AA",19805,"AA","N547AA",1071,11298,1129802,30194,"DFW","Dallas/Fort Worth, TX","TX",48,"Texas",74,14683,1468301,33214,"SAT","San Antonio, TX","TX",48,"Texas",74,1605,1559,-6,0,0,-1,"1600-1659",9,1608,1653,3,1710,1656,-14,0,0,-1,"1700-1759",0,"",0,65,57,45,1,247,1,NA,NA,NA,NA,NA,NA,NA,NA
2011,1,2,27,7,2011-02-27,"AA",19805,"AA","N3GJAA",668,11298,1129802,30194,"DFW","Dallas/Fort Worth, TX","TX",48,"Texas",74,13487,1348701,31650,"MSP","Minneapolis, MN","MN",27,"Minnesota",63,1240,1320,40,40,1,2,"1200-1259",14,1334,1515,3,1500,1518,18,18,1,1,"1500-1559",0,"",0,140,118,101,1,852,4,18,0,0,0,0,NA,NA,NA
2011,1,2,21,1,2011-02-21,"AA",19805,"AA","N3FVAA",1461,11298,1129802,30194,"DFW","Dallas/Fort Worth, TX","TX",48,"Texas",74,14771,1477101,32457,"SFO","San Francisco, CA","CA",6,"California",91,1005,1002,-3,0,0,-1,"1000-1059",14,1016,1149,8,1155,1157,2,2,0,0,"1100-1159",0,"",0,230,235,213,1,1464,6,NA,NA,NA,NA,NA,NA,NA,NA
2011,1,2,20,7,2011-02-20,"MQ",20398,"MQ","N615MQ",2807,11298,1129802,30194,"DFW","Dallas/Fort Worth, TX","TX",48,"Texas",74,11823,1182303,31823,"FWA","Fort Wayne, IN","IN",18,"Indiana",42,1815,1814,-1,0,0,-1,"1800-1859",19,1833,2119,4,2130,2123,-7,0,0,-1,"2100-2159",0,"",0,135,129,106,1,859,4,NA,NA,NA,NA,NA,NA,NA,NA
2011,1,2,19,6,2011-02-19,"YV",20378,"YV","N521LR",7204,11298,1129802,30194,"DFW","Dallas/Fort Worth, TX","TX",48,"Texas",74,13930,1393001,30977,"ORD","Chicago, IL","IL",17,"Illinois",41,1252,1247,-5,0,0,-1,"1200-1259",12,1259,1436,9,1510,1445,-25,0,0,-2,"1500-1559",0,"",0,138,118,97,1,802,4,NA,NA,NA,NA,NA,NA,NA,NA
2011,1,2,16,3,2011-02-16,"MQ",20398,"MQ","N607MQ",2835,11298,1129802,30194,"DFW","Dallas/Fort Worth, TX","TX",48,"Texas",74,12448,1244802,32448,"JAN","Jackson/Vicksburg, MS","MS",28,"Mississippi",53,1635,1635,0,0,0,0,"1600-1659",21,1656,1753,4,1750,1757,7,7,0,0,"1700-1759",0,"",0,75,82,57,1,408,2,NA,NA,NA,NA,NA,NA,NA,NA
2011,1,2,15,2,2011-02-15,"OO",20304,"OO","N763SK",6811,11298,1129802,30194,"DFW","Dallas/Fort Worth, TX","TX",48,"Texas",74,12892,1289201,32575,"LAX","Los Angeles, CA","CA",6,"California",91,1953,1950,-3,0,0,-1,"1900-1959",19,2009,2118,9,2126,2127,1,1,0,0,"2100-2159",0,"",0,213,217,189,1,1235,5,NA,NA,NA,NA,NA,NA,NA,NA
2011,1,2,27,7,2011-02-27,"AA",19805,"AA","N4XSAA",1841,11298,1129802,30194,"DFW","Dallas/Fort Worth, TX","TX",48,"Texas",74,15376,1537601,30436,"TUS","Tucson, AZ","AZ",4,"Arizona",81,945,1322,217,217,1,12,"0900-0959",13,1335,1455,9,1110,1504,234,234,1,12,"1100-1159",0,"",0,145,162,140,1,813,4,217,0,17,0,0,NA,NA,NA
2011,1,2,3,4,2011-02-03,"AA",19805,"AA","N590AA",1026,11298,1129802,30194,"DFW","Dallas/Fort Worth, TX","TX",48,"Texas",74,13198,1319801,33198,"MCI","Kansas City, MO","MO",29,"Missouri",64,705,721,16,16,1,1,"0700-0759",14,735,836,8,840,844,4,4,0,0,"0800-0859",0,"",0,95,83,61,1,460,2,NA,NA,NA,NA,NA,NA,NA,NA
2011,1,2,16,3,2011-02-16,"AA",19805,"AA","N3ESAA",519,11298,1129802,30194,"DFW","Dallas/Fort Worth, TX","TX",48,"Texas",74,14908,1490802,32575,"SNA","Santa Ana, CA","CA",6,"California",91,1830,1826,-4,0,0,-1,"1800-1859",13,1839,1929,5,1945,1934,-11,0,0,-1,"1900-1959",0,"",0,195,188,170,1,1205,5,NA,NA,NA,NA,NA,NA,NA,NA
2011,1,2,20,7,2011-02-20,"MQ",20398,"MQ","N615MQ",2807,11298,1129802,30194,"DFW","Dallas/Fort Worth, TX","TX",48,"Texas",74,11823,1182303,31823,"FWA","Fort Wayne, IN","IN",18,"Indiana",42,1815,1814,-1,0,0,-1,"1800-1859",19,1833,2119,4,2130,2123,-7,0,0,-1,"2100-2159",0,"",0,135,129,106,1,859,4,NA,NA,NA,NA,NA,NA,NA,NA
2011,1,2,21,1,2011-02-21,"AA",19805,"AA","N4XPAA",736,11298,1129802,30194,"DFW","Dallas/Fort Worth, TX","TX",48,"Texas",74,12953,1295301,31703,"LGA","New York, NY","NY",36,"New York",22,1410,1416,6,6,0,0,"1400-1459",12,1428,1804,8,1840,1812,-28,0,0,-2,"1800-1859",0,"",0,210,176,156,1,1389,6,NA,NA,NA,NA,NA,NA,NA,NA
2011,1,2,23,3,2011-02-23,"MQ",20398,"MQ","N806MQ",3255,11298,1129802,30194,"DFW","Dallas/Fort Worth, TX","TX",48,"Texas",74,14193,1419302,33728,"PNS","Pensacola, FL","FL",12,"Florida",33,2005,2054,49,49,1,3,"2000-2059",13,2107,2227,4,2145,2231,46,46,1,3,"2100-2159",0,"",0,100,97,80,1,604,3,0,10,0,0,36,NA,NA,NA
2011,1,2,28,1,2011-02-28,"MQ",20398,"MQ","N804MQ",3201,11298,1129802,30194,"DFW","Dallas/Fort Worth, TX","TX",48,"Texas",74,10980,1098001,30980,"CHA","Chattanooga, TN","TN",47,"Tennessee",54,1305,1258,-7,0,0,-1,"1300-1359",18,1316,1542,3,1600,1545,-15,0,0,-1,"1600-1659",0,"",0,115,107,86,1,695,3,NA,NA,NA,NA,NA,NA,NA,NA
2011,1,2,10,4,2011-02-10,"AA",19805,"AA","N526AA",1717,11298,1129802,30194,"DFW","Dallas/Fort Worth, TX","TX",48,"Texas",74,10423,1042302,30423,"AUS","Austin, TX","TX",48,"Texas",74,1115,1113,-2,0,0,-1,"1100-1159",12,1125,1203,4,1215,1207,-8,0,0,-1,"1200-1259",0,"",0,60,54,38,1,190,1,NA,NA,NA,NA,NA,NA,NA,NA
2011,1,2,21,1,2011-02-21,"AA",19805,"AA","N4XMAA",491,11298,1129802,30194,"DFW","Dallas/Fort Worth, TX","TX",48,"Texas",74,14893,1489301,33192,"SMF","Sacramento, CA","CA",6,"California",91,1155,1155,0,0,0,0,"1100-1159",11,1206,1336,4,1350,1340,-10,0,0,-1,"1300-1359",0,"",0,235,225,210,1,1431,6,NA,NA,NA,NA,NA,NA,NA,NA
2011,1,2,28,1,2011-02-28,"MQ",20398,"MQ","N804MQ",3201,11298,1129802,30194,"DFW","Dallas/Fort Worth, TX","TX",48,"Texas",74,10980,1098001,30980,"CHA","Chattanooga, TN","TN",47,"Tennessee",54,1305,1258,-7,0,0,-1,"1300-1359",18,1316,1542,3,1600,1545,-15,0,0,-1,"1600-1659",0,"",0,115,107,86,1,695,3,NA,NA,NA,NA,NA,NA,NA,NA
2011,1,2,13,7,2011-02-13,"AA",19805,"AA","N4XHAA",2274,11298,1129802,30194,"DFW","Dallas/Fort Worth, TX","TX",48,"Texas",74,15370,1537001,34653,"TUL","Tulsa, OK","OK",40,"Oklahoma",73,1745,1741,-4,0,0,-1,"1700-1759",9,1750,1832,3,1845,1835,-10,0,0,-1,"1800-1859",0,"",0,60,54,42,1,237,1,NA,NA,NA,NA,NA,NA,NA,NA
2011,1,2,21,1,2011-02-21,"MQ",20398,"MQ","N649MQ",2883,11298,1129802,30194,"DFW","Dallas/Fort Worth, TX","TX",48,"Texas",74,12191,1219101,31453,"HOU","Houston, TX","TX",48,"Texas",74,1800,1812,12,12,0,0,"1800-1859",10,1822,1911,4,1910,1915,5,5,0,0,"1900-1959",0,"",0,70,63,49,1,247,1,NA,NA,NA,NA,NA,NA,NA,NA
