"Year","Quarter","Month","DayofMonth","DayOfWeek","FlightDate","UniqueCarrier","AirlineID","Carrier","TailNum","FlightNum","OriginAirportID","OriginAirportSeqID","OriginCityMarketID","Origin","OriginCityName","OriginState","OriginStateFips","OriginStateName","OriginWac","DestAirportID","DestAirportSeqID","DestCityMarketID","Dest","DestCityName","DestState","DestStateFips","DestStateName","DestWac","CRSDepTime","DepTime","DepDelay","DepDelayMinutes","DepDel15","DepartureDelayGroups","DepTimeBlk","TaxiOut","WheelsOff","WheelsOn","TaxiIn","CRSArrTime","ArrTime","ArrDelay","ArrDelayMinutes","ArrDel15","ArrivalDelayGroups","ArrTimeBlk","Cancelled","CancellationCode","Diverted","CRSElapsedTime","ActualElapsedTime","AirTime","Flights","Distance","DistanceGroup","CarrierDelay","WeatherDelay","NASDelay","SecurityDelay","LateAircraftDelay","FirstDepTime","TotalAddGTime","LongestAddGTime"
2011,4,12,7,3,2011-12-07,"AA",19805,"AA","N478AA",2431,11298,1129803,30194,"DFW","Dallas/Fort Worth, TX","TX",48,"Texas",74,12892,1289203,32575,"LAX","Los Angeles, CA","CA",6,"California",91,1230,1222,-8,0,0,-1,"1200-1259",14,1236,1317,7,1400,1324,-36,0,0,-2,"1400-1459",0,"",0,210,182,161,1,1235,5,NA,NA,NA,NA,NA,NA,NA,NA
2011,4,12,27,2,2011-12-27,"MQ",20398,"MQ","N683MQ",2872,11298,1129803,30194,"DFW","Dallas/Fort Worth, TX","TX",48,"Texas",74,12896,1289604,32896,"LBB","Lubbock, TX","TX",48,"Texas",74,1040,1032,-8,0,0,-1,"1000-1059",15,1047,1133,4,1150,1137,-13,0,0,-1,"1100-1159",0,"",0,70,65,46,1,282,2,NA,NA,NA,NA,NA,NA,NA,NA
2011,4,12,19,1,2011-12-19,"MQ",20398,"MQ","N683MQ",2748,11298,1129803,30194,"DFW","Dallas/Fort Worth, TX","TX",48,"Texas",74,11996,1199603,31871,"GSP","Greer, SC","SC",45,"South Carolina",37,1020,1020,0,0,0,0,"1000-1059",22,1042,1331,6,1330,1337,7,7,0,0,"1300-1359",0,"",0,130,137,109,1,862,4,NA,NA,NA,NA,NA,NA,NA,NA
2011,4,12,16,5,2011-12-16,"MQ",20398,"MQ","N613MQ",3418,11298,1129803,30194,"DFW","Dallas/Fort Worth, TX","TX",48,"Texas",74,11823,1182304,31823,"FWA","Fort Wayne, IN","IN",18,"Indiana",42,1415,1425,10,10,0,0,"1400-1459",13,1438,1719,3,1725,1722,-3,0,0,-1,"1700-1759",0,"",0,130,117,101,1,859,4,NA,NA,NA,NA,NA,NA,NA,NA
2011,4,12,27,2,2011-12-27,"MQ",20398,"MQ","N613MQ",3344,11298,1129803,30194,"DFW","Dallas/Fort Worth, TX","TX",48,"Texas",74,14193,1419303,33728,"PNS","Pensacola, FL","FL",12,"Florida",33,1400,1357,-3,0,0,-1,"1400-1459",16,1413,1530,2,1540,1532,-8,0,0,-1,"1500-1559",0,"",0,100,95,77,1,604,3,NA,NA,NA,NA,NA,NA,NA,NA
2011,4,12,31,6,2011-12-31,"AA",19805,"AA","N470AA",559,11298,1129803,30194,"DFW","Dallas/Fort Worth, TX","TX",48,"Texas",74,10423,1042302,30423,"AUS","Austin, TX","TX",48,"Texas",74,1530,1525,-5,0,0,-1,"1500-1559",17,1542,1614,6,1625,1620,-5,0,0,-1,"1600-1659",0,"",0,55,55,32,1,190,1,NA,NA,NA,NA,NA,NA,NA,NA
2011,4,12,2,5,2011-12-02,"AA",19805,"AA","N5DCAA",1246,11298,1129803,30194,"DFW","Dallas/Fort Worth, TX","TX",48,"Texas",74,13303,1330303,32467,"MIA","Miami, FL","FL",12,"Florida",33,1415,1519,64,64,1,4,"1400-1459",13,1532,1845,9,1755,1854,59,59,1,3,"1700-1759",0,"",0,160,155,133,1,1121,5,57,0,0,0,2,NA,NA,NA
2011,4,12,20,2,2011-12-20,"AA",19805,"AA","N584AA",1033,11298,1129803,30194,"DFW","Dallas/Fort Worth, TX","TX",48,"Texas",74,11540,1154002,30615,"ELP","El Paso, TX","TX",48,"Texas",74,1820,1819,-1,0,0,-1,"1800-1859",15,1834,1903,3,1900,1906,6,6,0,0,"1900-1959",0,"",0,100,107,89,1,551,3,NA,NA,NA,NA,NA,NA,NA,NA
2011,4,12,26,1,2011-12-26,"F9",20436,"F9","N803FR",135,11298,1129803,30194,"DFW","Dallas/Fort Worth, TX","TX",48,"Texas",74,11292,1129202,30325,"DEN","Denver, CO","CO",8,"Colorado",82,1354,1403,9,9,0,0,"1300-1359",10,1413,1453,7,1455,1500,5,5,0,0,"1400-1459",0,"",0,121,117,100,1,641,3,NA,NA,NA,NA,NA,NA,NA,NA
2011,4,12,25,7,2011-12-25,"MQ",20398,"MQ","N730MQ",3215,11298,1129803,30194,"DFW","Dallas/Fort Worth, TX","TX",48,"Texas",74,12191,1219102,31453,"HOU","Houston, TX","TX",48,"Texas",74,1030,1024,-6,0,0,-1,"1000-1059",16,1040,1133,2,1135,1135,0,0,0,0,"1100-1159",0,"",0,65,71,53,1,247,1,NA,NA,NA,NA,NA,NA,NA,NA
2011,4,12,16,5,2011-12-16,"AA",19805,"AA","N488AA",1720,11298,1129803,30194,"DFW","Dallas/Fort Worth, TX","TX",48,"Texas",74,12264,1226402,30852,"IAD","Washington, DC","VA",51,"Virginia",38,1440,1445,5,5,0,0,"1400-1459",10,1455,1803,4,1815,1807,-8,0,0,-1,"1800-1859",0,"",0,155,142,128,1,1172,5,NA,NA,NA,NA,NA,NA,NA,NA
2011,4,12,6,2,2011-12-06,"MQ",20398,"MQ","N632MQ",3295,11298,1129803,30194,"DFW","Dallas/Fort Worth, TX","TX",48,"Texas",74,10868,1086803,30868,"CAE","Columbia, SC","SC",45,"South Carolina",37,1410,1443,33,33,1,2,"1400-1459",22,1505,1747,4,1720,1751,31,31,1,2,"1700-1759",0,"",0,130,128,102,1,922,4,18,0,0,0,13,NA,NA,NA
2011,4,12,4,7,2011-12-04,"AA",19805,"AA","N560AA",533,11298,1129803,30194,"DFW","Dallas/Fort Worth, TX","TX",48,"Texas",74,14679,1467903,33570,"SAN","San Diego, CA","CA",6,"California",91,2240,2256,16,16,1,1,"2200-2259",21,2317,5,5,2345,10,25,25,1,1,"2300-2359",0,"",0,185,194,168,1,1171,5,16,0,9,0,0,NA,NA,NA
2011,4,12,26,1,2011-12-26,"AA",19805,"AA","N5CXAA",606,11298,1129803,30194,"DFW","Dallas/Fort Worth, TX","TX",48,"Texas",74,14843,1484303,34819,"SJU","San Juan, PR","PR",72,"Puerto Rico",3,1645,1645,0,0,0,0,"1600-1659",14,1659,2305,5,2310,2310,0,0,0,0,"2300-2359",0,"",0,265,265,246,1,2165,9,NA,NA,NA,NA,NA,NA,NA,NA
2011,4,12,17,6,2011-12-17,"AA",19805,"AA","N526AA",1072,11298,1129803,30194,"DFW","Dallas/Fort Worth, TX","TX",48,"Texas",74,13871,1387102,33316,"OMA","Omaha, NE","NE",31,"Nebraska",65,1830,1827,-3,0,0,-1,"1800-1859",18,1845,2011,4,2015,2015,0,0,0,0,"2000-2059",0,"",0,105,108,86,1,583,3,NA,NA,NA,NA,NA,NA,NA,NA
2011,4,12,30,5,2011-12-30,"MQ",20398,"MQ","N737MQ",3339,11298,1129803,30194,"DFW","Dallas/Fort Worth, TX","TX",48,"Texas",74,10185,1018502,30185,"AEX","Alexandria, LA","LA",22,"Louisiana",72,1550,1546,-4,0,0,-1,"1500-1559",15,1601,1643,3,1655,1646,-9,0,0,-1,"1600-1659",0,"",0,65,60,42,1,285,2,NA,NA,NA,NA,NA,NA,NA,NA
2011,4,12,2,5,2011-12-02,"MQ",20398,"MQ","N671MQ",2737,11298,1129803,30194,"DFW","Dallas/Fort Worth, TX","TX",48,"Texas",74,11775,1177502,31775,"FSD","Sioux Falls, SD","SD",46,"South Dakota",67,2025,2020,-5,0,0,-1,"2000-2059",10,2030,2205,21,2230,2226,-4,0,0,-1,"2200-2259",0,"",0,125,126,95,1,737,3,NA,NA,NA,NA,NA,NA,NA,NA
2011,4,12,14,3,2011-12-14,"MQ",20398,"MQ","N600MQ",2902,11298,1129803,30194,"DFW","Dallas/Fort Worth, TX","TX",48,"Texas",74,14674,1467402,34674,"SAF","Santa Fe, NM","NM",35,"New Mexico",86,950,1005,15,15,1,1,"0900-0959",16,1021,1100,4,1035,1104,29,29,1,1,"1000-1059",0,"",0,105,119,99,1,551,3,15,0,14,0,0,NA,NA,NA
2011,4,12,12,1,2011-12-12,"US",20355,"US","N114UW",1154,11298,1129803,30194,"DFW","Dallas/Fort Worth, TX","TX",48,"Texas",74,14100,1410002,34100,"PHL","Philadelphia, PA","PA",42,"Pennsylvania",23,1305,1256,-9,0,0,-1,"1300-1359",12,1308,1651,5,1715,1656,-19,0,0,-2,"1700-1759",0,"",0,190,180,163,1,1303,6,NA,NA,NA,NA,NA,NA,NA,NA
2011,4,12,15,4,2011-12-15,"AA",19805,"AA","N494AA",1482,11298,1129803,30194,"DFW","Dallas/Fort Worth, TX","TX",48,"Texas",74,14730,1473003,33044,"SDF","Louisville, KY","KY",21,"Kentucky",52,1550,1628,38,38,1,2,"1500-1559",18,1646,1918,7,1845,1925,40,40,1,2,"1800-1859",0,"",0,115,117,92,1,733,3,0,29,2,0,9,NA,NA,NA
2011,4,12,25,7,2011-12-25,"AA",19805,"AA","N3GXAA",1128,11298,1129803,30194,"DFW","Dallas/Fort Worth, TX","TX",48,"Texas",74,13204,1320402,31454,"MCO","Orlando, FL","FL",12,"Florida",33,945,943,-2,0,0,-1,"0900-0959",10,953,1252,11,1300,1303,3,3,0,0,"1300-1359",0,"",0,135,140,119,1,985,4,NA,NA,NA,NA,NA,NA,NA,NA
2011,4,12,6,2,2011-12-06,"UA",19977,"UA","N821UA",849,11298,1129803,30194,"DFW","Dallas/Fort Worth, TX","TX",48,"Texas",74,12264,1226402,30852,"IAD","Washington, DC","VA",51,"Virginia",38,1655,1645,-10,0,0,-1,"1600-1659",13,1658,2000,3,2045,2003,-42,0,0,-2,"2000-2059",0,"",0,170,138,122,1,1172,5,NA,NA,NA,NA,NA,NA,NA,NA
2011,4,12,7,3,2011-12-07,"MQ",20398,"MQ","N933MQ",3344,11298,1129803,30194,"DFW","Dallas/Fort Worth, TX","TX",48,"Texas",74,14193,1419303,33728,"PNS","Pensacola, FL","FL",12,"Florida",33,1400,1358,-2,0,0,-1,"1400-1459",19,1417,1536,5,1540,1541,1,1,0,0,"1500-1559",0,"",0,100,103,79,1,604,3,NA,NA,NA,NA,NA,NA,NA,NA
2011,4,12,24,6,2011-12-24,"AA",19805,"AA","N5DSAA",1688,11298,1129803,30194,"DFW","Dallas/Fort Worth, TX","TX",48,"Texas",74,13303,1330303,32467,"MIA","Miami, FL","FL",12,"Florida",33,2015,2016,1,1,0,0,"2000-2059",15,2031,2346,3,2350,2349,-1,0,0,-1,"2300-2359",0,"",0,155,153,135,1,1121,5,NA,NA,NA,NA,NA,NA,NA,NA
2011,4,12,12,1,2011-12-12,"AA",19805,"AA","N491AA",808,11298,1129803,30194,"DFW","Dallas/Fort Worth, TX","TX",48,"Texas",74,11278,1127802,30852,"DCA","Washington, DC","VA",51,"Virginia",38,1255,1251,-4,0,0,-1,"1200-1259",12,1303,1625,4,1635,1629,-6,0,0,-1,"1600-1659",0,"",0,160,158,142,1,1192,5,NA,NA,NA,NA,NA,NA,NA,NA
2011,4,12,3,6,2011-12-03,"AA",19805,"AA","N492AA",1426,11298,1129803,30194,"DFW","Dallas/Fort Worth, TX","TX",48,"Texas",74,14683,1468302,33214,"SAT","San Antonio, TX","TX",48,"Texas",74,1545,1540,-5,0,0,-1,"1500-1559",20,1600,1654,3,1650,1657,7,7,0,0,"1600-1659",0,"",0,65,77,54,1,247,1,NA,NA,NA,NA,NA,NA,NA,NA
2011,4,12,29,4,2011-12-29,"MQ",20398,"MQ","N631MQ",2975,11298,1129803,30194,"DFW","Dallas/Fort Worth, TX","TX",48,"Texas",74,10136,1013603,30136,"ABI","Abilene, TX","TX",48,"Texas",74,1625,1621,-4,0,0,-1,"1600-1659",14,1635,1706,4,1715,1710,-5,0,0,-1,"1700-1759",0,"",0,50,49,31,1,158,1,NA,NA,NA,NA,NA,NA,NA,NA
2011,4,12,15,4,2011-12-15,"MQ",20398,"MQ","N665MQ",2889,11298,1129803,30194,"DFW","Dallas/Fort Worth, TX","TX",48,"Texas",74,11140,1114002,31140,"CRP","Corpus Christi, TX","TX",48,"Texas",74,940,1015,35,35,1,2,"0900-0959",20,1035,1143,2,1100,1145,45,45,1,3,"1100-1159",0,"",0,80,90,68,1,354,2,0,0,10,0,35,NA,NA,NA
2011,4,12,5,1,2011-12-05,"OO",20304,"OO","N724SK",5417,11298,1129803,30194,"DFW","Dallas/Fort Worth, TX","TX",48,"Texas",74,13930,1393002,30977,"ORD","Chicago, IL","IL",17,"Illinois",41,643,643,0,0,0,0,"0600-0659",17,700,830,7,900,837,-23,0,0,-2,"0900-0959",0,"",0,137,114,90,1,802,4,NA,NA,NA,NA,NA,NA,NA,NA
2011,4,12,14,3,2011-12-14,"AA",19805,"AA","N509AA",1426,11298,1129803,30194,"DFW","Dallas/Fort Worth, TX","TX",48,"Texas",74,14683,1468302,33214,"SAT","San Antonio, TX","TX",48,"Texas",74,1545,1554,9,9,0,0,"1500-1559",19,1613,1658,4,1650,1702,12,12,0,0,"1600-1659",0,"",0,65,68,45,1,247,1,NA,NA,NA,NA,NA,NA,NA,NA
2011,4,12,1,4,2011-12-01,"MQ",20398,"MQ","N660MQ",2829,11298,1129803,30194,"DFW","Dallas/Fort Worth, TX","TX",48,"Texas",74,14193,1419303,33728,"PNS","Pensacola, FL","FL",12,"Florida",33,1115,1110,-5,0,0,-1,"1100-1159",13,1123,1242,4,1255,1246,-9,0,0,-1,"1200-1259",0,"",0,100,96,79,1,604,3,NA,NA,NA,NA,NA,NA,NA,NA
2011,4,12,10,6,2011-12-10,"AA",19805,"AA","N3FVAA",373,11298,1129803,30194,"DFW","Dallas/Fort Worth, TX","TX",48,"Texas",74,14908,1490803,32575,"SNA","Santa Ana, CA","CA",6,"California",91,1225,1223,-2,0,0,-1,"1200-1259",14,1237,1325,5,1340,1330,-10,0,0,-1,"1300-1359",0,"",0,195,187,168,1,1205,5,NA,NA,NA,NA,NA,NA,NA,NA
2011,4,12,23,5,2011-12-23,"AA",19805,"AA","N438AA",1744,11298,1129803,30194,"DFW","Dallas/Fort Worth, TX","TX",48,"Texas",74,11433,1143302,31295,"DTW","Detroit, MI","MI",26,"Michigan",43,1400,1358,-2,0,0,-1,"1400-1459",13,1411,1706,11,1730,1717,-13,0,0,-1,"1700-1759",0,"",0,150,139,115,1,986,4,NA,NA,NA,NA,NA,NA,NA,NA
2011,4,12,19,1,2011-12-19,"AA",19805,"AA","N503AA",1218,11298,1129803,30194,"DFW","Dallas/Fort Worth, TX","TX",48,"Texas",74,10397,1039704,30397,"ATL","Atlanta, GA","GA",13,"Georgia",34,700,703,3,3,0,0,"0700-0759",13,716,956,10,1005,1006,1,1,0,0,"1000-1059",0,"",0,125,123,100,1,731,3,NA,NA,NA,NA,NA,NA,NA,NA
2011,4,12,31,6,2011-12-31,"AA",19805,"AA","N527AA",1545,11298,1129803,30194,"DFW","Dallas/Fort Worth, TX","TX",48,"Texas",74,10800,1080003,32575,"BUR","Burbank, CA","CA",6,"California",91,2030,2035,5,5,0,0,"2000-2059",12,2047,2138,3,2150,2141,-9,0,0,-1,"2100-2159",0,"",0,200,186,171,1,1231,5,NA,NA,NA,NA,NA,NA,NA,NA
2011,4,12,21,3,2011-12-21,"DL",19790,"DL","N911DE",176,11298,1129803,30194,"DFW","Dallas/Fort Worth, TX","TX",48,"Texas",74,10397,1039704,30397,"ATL","Atlanta, GA","GA",13,"Georgia",34,1330,1356,26,26,1,1,"1300-1359",16,1412,1652,11,1634,1703,29,29,1,1,"1600-1659",0,"",0,124,127,100,1,731,3,20,0,3,0,6,NA,NA,NA
2011,4,12,23,5,2011-12-23,"AA",19805,"AA","N403AA",838,11298,1129803,30194,"DFW","Dallas/Fort Worth, TX","TX",48,"Texas",74,14122,1412202,30198,"PIT","Pittsburgh, PA","PA",42,"Pennsylvania",23,1335,1336,1,1,0,0,"1300-1359",12,1348,1646,4,1705,1650,-15,0,0,-1,"1700-1759",0,"",0,150,134,118,1,1067,5,NA,NA,NA,NA,NA,NA,NA,NA
2011,4,12,8,4,2011-12-08,"AA",19805,"AA","N5FDAA",2439,11298,1129803,30194,"DFW","Dallas/Fort Worth, TX","TX",48,"Texas",74,12892,1289203,32575,"LAX","Los Angeles, CA","CA",6,"California",91,1345,1344,-1,0,0,-1,"1300-1359",11,1355,1456,6,1515,1502,-13,0,0,-1,"1500-1559",0,"",0,210,198,181,1,1235,5,NA,NA,NA,NA,NA,NA,NA,NA
2011,4,12,19,1,2011-12-19,"MQ",20398,"MQ","N613MQ",3383,11298,1129803,30194,"DFW","Dallas/Fort Worth, TX","TX",48,"Texas",74,11973,1197302,31973,"GPT","Gulfport/Biloxi, MS","MS",28,"Mississippi",53,1550,1633,43,43,1,2,"1500-1559",85,1758,1921,4,1715,1925,130,130,1,8,"1700-1759",0,"",0,85,172,83,1,500,3,43,0,87,0,0,NA,NA,NA
2011,4,12,22,4,2011-12-22,"CO",19704,"CO","N14628",1650,11298,1129803,30194,"DFW","Dallas/Fort Worth, TX","TX",48,"Texas",74,11618,1161802,31703,"EWR","Newark, NJ","NJ",34,"New Jersey",21,1604,1554,-10,0,0,-1,"1600-1659",15,1609,1952,11,2030,2003,-27,0,0,-2,"2000-2059",0,"",0,206,189,163,1,1372,6,NA,NA,NA,NA,NA,NA,NA,NA
2011,4,12,21,3,2011-12-21,"MQ",20398,"MQ","N616MQ",2875,11298,1129803,30194,"DFW","Dallas/Fort Worth, TX","TX",48,"Texas",74,15919,1591902,31834,"XNA","Fayetteville, AR","AR",5,"Arkansas",71,2130,2126,-4,0,0,-1,"2100-2159",20,2146,2231,5,2235,2236,1,1,0,0,"2200-2259",0,"",0,65,70,45,1,280,2,NA,NA,NA,NA,NA,NA,NA,NA
2011,4,12,13,2,2011-12-13,"MQ",20398,"MQ","N600MQ",3301,11298,1129803,30194,"DFW","Dallas/Fort Worth, TX","TX",48,"Texas",74,14783,1478302,34783,"SGF","Springfield, MO","MO",29,"Missouri",64,2140,2134,-6,0,0,-1,"2100-2159",13,2147,2243,3,2255,2246,-9,0,0,-1,"2200-2259",0,"",0,75,72,56,1,364,2,NA,NA,NA,NA,NA,NA,NA,NA
2011,4,12,11,7,2011-12-11,"AA",19805,"AA","N513AA",477,11298,1129803,30194,"DFW","Dallas/Fort Worth, TX","TX",48,"Texas",74,10140,1014002,30140,"ABQ","Albuquerque, NM","NM",35,"New Mexico",86,1445,1441,-4,0,0,-1,"1400-1459",11,1452,1522,3,1530,1525,-5,0,0,-1,"1500-1559",0,"",0,105,104,90,1,569,3,NA,NA,NA,NA,NA,NA,NA,NA
2011,4,12,9,5,2011-12-09,"MQ",20398,"MQ","N810MQ",2865,11298,1129803,30194,"DFW","Dallas/Fort Worth, TX","TX",48,"Texas",74,13290,1329002,33290,"MHK","Manhattan/Ft. Riley, KS","KS",20,"Kansas",62,1550,1550,0,0,0,0,"1500-1559",11,1601,1707,3,1715,1710,-5,0,0,-1,"1700-1759",0,"",0,85,80,66,1,431,2,NA,NA,NA,NA,NA,NA,NA,NA
2011,4,12,19,1,2011-12-19,"MQ",20398,"MQ","N660MQ",2858,11298,1129803,30194,"DFW","Dallas/Fort Worth, TX","TX",48,"Texas",74,11423,1142303,31423,"DSM","Des Moines, IA","IA",19,"Iowa",61,1640,1650,10,10,0,0,"1600-1659",29,1719,1839,4,1830,1843,13,13,0,0,"1800-1859",0,"",0,110,113,80,1,624,3,NA,NA,NA,NA,NA,NA,NA,NA
2011,4,12,8,4,2011-12-08,"OO",20304,"OO","N367CA",4574,11298,1129803,30194,"DFW","Dallas/Fort Worth, TX","TX",48,"Texas",74,14869,1486903,34614,"SLC","Salt Lake City, UT","UT",49,"Utah",87,1243,1244,1,1,0,0,"1200-1259",16,1300,1421,5,1430,1426,-4,0,0,-1,"1400-1459",0,"",0,167,162,141,1,989,4,NA,NA,NA,NA,NA,NA,NA,NA
2011,4,12,28,3,2011-12-28,"AA",19805,"AA","N479AA",1720,11298,1129803,30194,"DFW","Dallas/Fort Worth, TX","TX",48,"Texas",74,12264,1226402,30852,"IAD","Washington, DC","VA",51,"Virginia",38,1440,1436,-4,0,0,-1,"1400-1459",14,1450,1811,4,1815,1815,0,0,0,0,"1800-1859",0,"",0,155,159,141,1,1172,5,NA,NA,NA,NA,NA,NA,NA,NA
2011,4,12,12,1,2011-12-12,"MQ",20398,"MQ","N646MQ",2763,11298,1129803,30194,"DFW","Dallas/Fort Worth, TX","TX",48,"Texas",74,13277,1327702,33277,"MGM","Montgomery, AL","AL",1,"Alabama",51,1605,1601,-4,0,0,-1,"1600-1659",23,1624,1743,2,1745,1745,0,0,0,0,"1700-1759",0,"",0,100,104,79,1,622,3,NA,NA,NA,NA,NA,NA,NA,NA
2011,4,12,17,6,2011-12-17,"AA",19805,"AA","N3EXAA",1374,11298,1129803,30194,"DFW","Dallas/Fort Worth, TX","TX",48,"Texas",74,11697,1169703,32467,"FLL","Fort Lauderdale, FL","FL",12,"Florida",33,1655,1659,4,4,0,0,"1600-1659",15,1714,2023,4,2030,2027,-3,0,0,-1,"2000-2059",0,"",0,155,148,129,1,1119,5,NA,NA,NA,NA,NA,NA,NA,NA
2011,4,12,3,6,2011-12-03,"AA",19805,"AA","N582AA",686,11298,1129803,30194,"DFW","Dallas/Fort Worth, TX","TX",48,"Texas",74,14524,1452401,34524,"RIC","Richmond, VA","VA",51,"Virginia",38,800,757,-3,0,0,-1,"0800-0859",16,813,1130,4,1135,1134,-1,0,0,-1,"1100-1159",0,"",0,155,157,137,1,1158,5,NA,NA,NA,NA,NA,NA,NA,NA
2011,4,12,31,6,2011-12-31,"AA",19805,"AA","N535AA",1180,11298,1129803,30194,"DFW","Dallas/Fort Worth, TX","TX",48,"Texas",74,14524,1452401,34524,"RIC","Richmond, VA","VA",51,"Virginia",38,1320,1317,-3,0,0,-1,"1300-1359",8,1325,1641,3,1650,1644,-6,0,0,-1,"1600-1659",0,"",0,150,147,136,1,1158,5,NA,NA,NA,NA,NA,NA,NA,NA
2011,4,12,8,4,2011-12-08,"MQ",20398,"MQ","N847MQ",3399,11298,1129803,30194,"DFW","Dallas/Fort Worth, TX","TX",48,"Texas",74,12945,1294503,32945,"LEX","Lexington, KY","KY",21,"Kentucky",52,1400,1351,-9,0,0,-1,"1400-1459",12,1403,1638,4,1705,1642,-23,0,0,-2,"1700-1759",0,"",0,125,111,95,1,785,4,NA,NA,NA,NA,NA,NA,NA,NA
2011,4,12,4,7,2011-12-04,"AA",19805,"AA","N4WVAA",1912,11298,1129803,30194,"DFW","Dallas/Fort Worth, TX","TX",48,"Texas",74,15370,1537002,34653,"TUL","Tulsa, OK","OK",40,"Oklahoma",73,1110,1111,1,1,0,0,"1100-1159",11,1122,1155,5,1210,1200,-10,0,0,-1,"1200-1259",0,"",0,60,49,33,1,237,1,NA,NA,NA,NA,NA,NA,NA,NA
2011,4,12,2,5,2011-12-02,"AA",19805,"AA","N553AA",1632,11298,1129803,30194,"DFW","Dallas/Fort Worth, TX","TX",48,"Texas",74,15304,1530402,33195,"TPA","Tampa, FL","FL",12,"Florida",33,1645,1650,5,5,0,0,"1600-1659",15,1705,2002,4,1955,2006,11,11,0,0,"1900-1959",0,"",0,130,136,117,1,929,4,NA,NA,NA,NA,NA,NA,NA,NA
2011,4,12,12,1,2011-12-12,"AA",19805,"AA","N3DPAA",393,11298,1129803,30194,"DFW","Dallas/Fort Worth, TX","TX",48,"Texas",74,11292,1129202,30325,"DEN","Denver, CO","CO",8,"Colorado",82,655,652,-3,0,0,-1,"0600-0659",13,705,740,12,755,752,-3,0,0,-1,"0700-0759",0,"",0,120,120,95,1,641,3,NA,NA,NA,NA,NA,NA,NA,NA
2011,4,12,24,6,2011-12-24,"MQ",20398,"MQ","N838MQ",2703,11298,1129803,30194,"DFW","Dallas/Fort Worth, TX","TX",48,"Texas",74,13422,1342202,30562,"MOB","Mobile, AL","AL",1,"Alabama",51,930,953,23,23,1,1,"0900-0959",16,1009,1119,3,1105,1122,17,17,1,1,"1100-1159",0,"",0,95,89,70,1,539,3,17,0,0,0,0,NA,NA,NA
2011,4,12,14,3,2011-12-14,"AA",19805,"AA","N584AA",829,11298,1129803,30194,"DFW","Dallas/Fort Worth, TX","TX",48,"Texas",74,11109,1110902,30189,"COS","Colorado Springs, CO","CO",8,"Colorado",82,2110,2123,13,13,0,0,"2100-2159",14,2137,2204,4,2200,2208,8,8,0,0,"2200-2259",0,"",0,110,105,87,1,592,3,NA,NA,NA,NA,NA,NA,NA,NA
2011,4,12,12,1,2011-12-12,"AA",19805,"AA","N3ELAA",600,11298,1129803,30194,"DFW","Dallas/Fort Worth, TX","TX",48,"Texas",74,11697,1169703,32467,"FLL","Fort Lauderdale, FL","FL",12,"Florida",33,1135,1132,-3,0,0,-1,"1100-1159",19,1151,1501,4,1505,1505,0,0,0,0,"1500-1559",0,"",0,150,153,130,1,1119,5,NA,NA,NA,NA,NA,NA,NA,NA
2011,4,12,5,1,2011-12-05,"MQ",20398,"MQ","N646MQ",3215,11298,1129803,30194,"DFW","Dallas/Fort Worth, TX","TX",48,"Texas",74,12191,1219102,31453,"HOU","Houston, TX","TX",48,"Texas",74,1030,1118,48,48,1,3,"1000-1059",16,1134,1235,4,1135,1239,64,64,1,4,"1100-1159",0,"",0,65,81,61,1,247,1,29,0,16,0,19,NA,NA,NA
2011,4,12,31,6,2011-12-31,"MQ",20398,"MQ","N606MQ",2885,11298,1129803,30194,"DFW","Dallas/Fort Worth, TX","TX",48,"Texas",74,11193,1119302,33105,"CVG","Cincinnati, OH","KY",21,"Kentucky",52,1800,1757,-3,0,0,-1,"1800-1859",12,1809,2049,5,2110,2054,-16,0,0,-2,"2100-2159",0,"",0,130,117,100,1,812,4,NA,NA,NA,NA,NA,NA,NA,NA
2011,4,12,21,3,2011-12-21,"AA",19805,"AA","N5DMAA",1976,11298,1129803,30194,"DFW","Dallas/Fort Worth, TX","TX",48,"Texas",74,13303,1330303,32467,"MIA","Miami, FL","FL",12,"Florida",33,900,902,2,2,0,0,"0900-0959",14,916,1227,11,1235,1238,3,3,0,0,"1200-1259",0,"",0,155,156,131,1,1121,5,NA,NA,NA,NA,NA,NA,NA,NA
2011,4,12,31,6,2011-12-31,"AA",19805,"AA","N535AA",1180,11298,1129803,30194,"DFW","Dallas/Fort Worth, TX","TX",48,"Texas",74,14524,1452401,34524,"RIC","Richmond, VA","VA",51,"Virginia",38,1320,1317,-3,0,0,-1,"1300-1359",8,1325,1641,3,1650,1644,-6,0,0,-1,"1600-1659",0,"",0,150,147,136,1,1158,5,NA,NA,NA,NA,NA,NA,NA,NA
2011,4,12,2,5,2011-12-02,"AA",19805,"AA","N4YFAA",1565,11298,1129803,30194,"DFW","Dallas/Fort Worth, TX","TX",48,"Texas",74,15376,1537602,30436,"TUS","Tucson, AZ","AZ",4,"Arizona",81,1150,1148,-2,0,0,-1,"1100-1159",16,1204,1310,4,1310,1314,4,4,0,0,"1300-1359",0,"",0,140,146,126,1,813,4,NA,NA,NA,NA,NA,NA,NA,NA
2011,4,12,19,1,2011-12-19,"MQ",20398,"MQ","N616MQ",2712,11298,1129803,30194,"DFW","Dallas/Fort Worth, TX","TX",48,"Texas",74,10136,1013603,30136,"ABI","Abilene, TX","TX",48,"Texas",74,1930,2016,46,46,1,3,"1900-1959",15,2031,2102,13,2020,2115,55,55,1,3,"2000-2059",0,"",0,50,59,31,1,158,1,0,46,9,0,0,NA,NA,NA
2011,4,12,5,1,2011-12-05,"DL",19790,"DL","N647DL",2210,11298,1129803,30194,"DFW","Dallas/Fort Worth, TX","TX",48,"Texas",74,10397,1039704,30397,"ATL","Atlanta, GA","GA",13,"Georgia",34,1715,1713,-2,0,0,-1,"1700-1759",23,1736,2005,20,2020,2025,5,5,0,0,"2000-2059",0,"",0,125,132,89,1,731,3,NA,NA,NA,NA,NA,NA,NA,NA
2011,4,12,9,5,2011-12-09,"AA",19805,"AA","N5CRAA",484,11298,1129803,30194,"DFW","Dallas/Fort Worth, TX","TX",48,"Texas",74,13303,1330303,32467,"MIA","Miami, FL","FL",12,"Florida",33,1615,1629,14,14,0,0,"1600-1659",17,1646,2003,5,1955,2008,13,13,0,0,"1900-1959",0,"",0,160,159,137,1,1121,5,NA,NA,NA,NA,NA,NA,NA,NA
2011,4,12,24,6,2011-12-24,"MQ",20398,"MQ","N609MQ",3400,11298,1129803,30194,"DFW","Dallas/Fort Worth, TX","TX",48,"Texas",74,13342,1334204,33342,"MKE","Milwaukee, WI","WI",55,"Wisconsin",45,740,732,-8,0,0,-1,"0700-0759",19,751,946,9,1005,955,-10,0,0,-1,"1000-1059",0,"",0,145,143,115,1,853,4,NA,NA,NA,NA,NA,NA,NA,NA
2011,4,12,21,3,2011-12-21,"AA",19805,"AA","N4XUAA",2328,11298,1129803,30194,"DFW","Dallas/Fort Worth, TX","TX",48,"Texas",74,13930,1393002,30977,"ORD","Chicago, IL","IL",17,"Illinois",41,735,735,0,0,0,0,"0700-0759",15,750,944,16,1000,1000,0,0,0,0,"1000-1059",0,"",0,145,145,114,1,802,4,NA,NA,NA,NA,NA,NA,NA,NA
2011,4,12,7,3,2011-12-07,"MQ",20398,"MQ","N837MQ",3305,11298,1129803,30194,"DFW","Dallas/Fort Worth, TX","TX",48,"Texas",74,12951,1295102,32951,"LFT","Lafayette, LA","LA",22,"Louisiana",72,1955,1949,-6,0,0,-1,"1900-1959",17,2006,2059,2,2110,2101,-9,0,0,-1,"2100-2159",0,"",0,75,72,53,1,351,2,NA,NA,NA,NA,NA,NA,NA,NA
2011,4,12,10,6,2011-12-10,"AA",19805,"AA","N3DMAA",2495,11298,1129803,30194,"DFW","Dallas/Fort Worth, TX","TX",48,"Texas",74,12892,1289203,32575,"LAX","Los Angeles, CA","CA",6,"California",91,2230,2230,0,0,0,0,"2200-2259",11,2241,2333,4,2350,2337,-13,0,0,-1,"2300-2359",0,"",0,200,187,172,1,1235,5,NA,NA,NA,NA,NA,NA,NA,NA
2011,4,12,2,5,2011-12-02,"AA",19805,"AA","N479AA",1892,11298,1129803,30194,"DFW","Dallas/Fort Worth, TX","TX",48,"Texas",74,14122,1412202,30198,"PIT","Pittsburgh, PA","PA",42,"Pennsylvania",23,1720,1718,-2,0,0,-1,"1700-1759",10,1728,2040,9,2050,2049,-1,0,0,-1,"2000-2059",0,"",0,150,151,132,1,1067,5,NA,NA,NA,NA,NA,NA,NA,NA
2011,4,12,2,5,2011-12-02,"AA",19805,"AA","N519AA",1156,11298,1129803,30194,"DFW","Dallas/Fort Worth, TX","TX",48,"Texas",74,13871,1387102,33316,"OMA","Omaha, NE","NE",31,"Nebraska",65,1345,1344,-1,0,0,-1,"1300-1359",24,1408,1524,3,1530,1527,-3,0,0,-1,"1500-1559",0,"",0,105,103,76,1,583,3,NA,NA,NA,NA,NA,NA,NA,NA
2011,4,12,12,1,2011-12-12,"DL",19790,"DL","N685DA",1482,11298,1129803,30194,"DFW","Dallas/Fort Worth, TX","TX",48,"Texas",74,10397,1039704,30397,"ATL","Atlanta, GA","GA",13,"Georgia",34,945,943,-2,0,0,-1,"0900-0959",17,1000,1233,12,1248,1245,-3,0,0,-1,"1200-1259",0,"",0,123,122,93,1,731,3,NA,NA,NA,NA,NA,NA,NA,NA
2011,4,12,22,4,2011-12-22,"AA",19805,"AA","N4YNAA",1264,11298,1129803,30194,"DFW","Dallas/Fort Worth, TX","TX",48,"Texas",74,14683,1468302,33214,"SAT","San Antonio, TX","TX",48,"Texas",74,1325,1333,8,8,0,0,"1300-1359",9,1342,1429,3,1430,1432,2,2,0,0,"1400-1459",0,"",0,65,59,47,1,247,1,NA,NA,NA,NA,NA,NA,NA,NA
2011,4,12,26,1,2011-12-26,"MQ",20398,"MQ","N834MQ",2806,11298,1129803,30194,"DFW","Dallas/Fort Worth, TX","TX",48,"Texas",74,11995,1199502,31995,"GSO","Greensboro/High Point, NC","NC",37,"North Carolina",36,1400,1355,-5,0,0,-1,"1400-1459",16,1411,1705,5,1725,1710,-15,0,0,-1,"1700-1759",0,"",0,145,135,114,1,999,4,NA,NA,NA,NA,NA,NA,NA,NA
2011,4,12,6,2,2011-12-06,"US",20355,"US","N947UW",1268,11298,1129803,30194,"DFW","Dallas/Fort Worth, TX","TX",48,"Texas",74,14100,1410002,34100,"PHL","Philadelphia, PA","PA",42,"Pennsylvania",23,1107,1116,9,9,0,0,"1100-1159",11,1127,1456,2,1512,1458,-14,0,0,-1,"1500-1559",0,"",0,185,162,149,1,1303,6,NA,NA,NA,NA,NA,NA,NA,NA
2011,4,12,5,1,2011-12-05,"MQ",20398,"MQ","N843MQ",3209,11298,1129803,30194,"DFW","Dallas/Fort Worth, TX","TX",48,"Texas",74,15412,1541202,35412,"TYS","Knoxville, TN","TN",47,"Tennessee",54,1530,1542,12,12,0,0,"1500-1559",22,1604,1834,2,1825,1836,11,11,0,0,"1800-1859",0,"",0,115,114,90,1,772,4,NA,NA,NA,NA,NA,NA,NA,NA
2011,4,12,4,7,2011-12-04,"MQ",20398,"MQ","N941MQ",2945,11298,1129803,30194,"DFW","Dallas/Fort Worth, TX","TX",48,"Texas",74,11986,1198603,31986,"GRR","Grand Rapids, MI","MI",26,"Michigan",43,930,950,20,20,1,1,"0900-0959",32,1022,1311,3,1250,1314,24,24,1,1,"1200-1259",0,"",0,140,144,109,1,931,4,0,20,4,0,0,NA,NA,NA
2011,4,12,12,1,2011-12-12,"MQ",20398,"MQ","N699MQ",3382,11298,1129803,30194,"DFW","Dallas/Fort Worth, TX","TX",48,"Texas",74,11003,1100303,31003,"CID","Cedar Rapids/Iowa City, IA","IA",19,"Iowa",61,1925,1930,5,5,0,0,"1900-1959",12,1942,2112,3,2120,2115,-5,0,0,-1,"2100-2159",0,"",0,115,105,90,1,685,3,NA,NA,NA,NA,NA,NA,NA,NA
2011,4,12,15,4,2011-12-15,"AA",19805,"AA","N577AA",2214,11298,1129803,30194,"DFW","Dallas/Fort Worth, TX","TX",48,"Texas",74,14492,1449202,34492,"RDU","Raleigh/Durham, NC","NC",37,"North Carolina",36,1955,2045,50,50,1,3,"1900-1959",20,2105,9,2,2320,11,51,51,1,3,"2300-2359",0,"",0,145,146,124,1,1061,5,25,25,1,0,0,NA,NA,NA
2011,4,12,20,2,2011-12-20,"MQ",20398,"MQ","N721MQ",3227,11298,1129803,30194,"DFW","Dallas/Fort Worth, TX","TX",48,"Texas",74,15411,1541102,35411,"TYR","Tyler, TX","TX",48,"Texas",74,1700,1711,11,11,0,0,"1700-1759",17,1728,1751,4,1745,1755,10,10,0,0,"1700-1759",0,"",0,45,44,23,1,102,1,NA,NA,NA,NA,NA,NA,NA,NA
2011,4,12,22,4,2011-12-22,"AA",19805,"AA","N4YBAA",430,11298,1129803,30194,"DFW","Dallas/Fort Worth, TX","TX",48,"Texas",74,15016,1501603,31123,"STL","St. Louis, MO","MO",29,"Missouri",64,640,634,-6,0,0,-1,"0600-0659",8,642,756,10,815,806,-9,0,0,-1,"0800-0859",0,"",0,95,92,74,1,550,3,NA,NA,NA,NA,NA,NA,NA,NA
2011,4,12,15,4,2011-12-15,"AA",19805,"AA","N540AA",2249,11298,1129803,30194,"DFW","Dallas/Fort Worth, TX","TX",48,"Texas",74,12889,1288903,32211,"LAS","Las Vegas, NV","NV",32,"Nevada",85,1520,1623,63,63,1,4,"1500-1559",18,1641,1708,7,1620,1715,55,55,1,3,"1600-1659",0,"",0,180,172,147,1,1055,5,0,15,0,0,40,NA,NA,NA
2011,4,12,24,6,2011-12-24,"MQ",20398,"MQ","N837MQ",3215,11298,1129803,30194,"DFW","Dallas/Fort Worth, TX","TX",48,"Texas",74,12191,1219102,31453,"HOU","Houston, TX","TX",48,"Texas",74,1030,1030,0,0,0,0,"1000-1059",14,1044,1137,3,1135,1140,5,5,0,0,"1100-1159",0,"",0,65,70,53,1,247,1,NA,NA,NA,NA,NA,NA,NA,NA
2011,4,12,21,3,2011-12-21,"MQ",20398,"MQ","N683MQ",2822,11298,1129803,30194,"DFW","Dallas/Fort Worth, TX","TX",48,"Texas",74,15249,1524902,35249,"TLH","Tallahassee, FL","FL",12,"Florida",33,1325,1338,13,13,0,0,"1300-1359",13,1351,1632,3,1620,1635,15,15,1,1,"1600-1659",0,"",0,115,117,101,1,767,4,10,0,2,0,3,NA,NA,NA
2011,4,12,17,6,2011-12-17,"MQ",20398,"MQ","N622MQ",2716,11298,1129803,30194,"DFW","Dallas/Fort Worth, TX","TX",48,"Texas",74,11612,1161203,31612,"EVV","Evansville, IN","IN",18,"Indiana",42,1420,1419,-1,0,0,-1,"1400-1459",21,1440,1606,3,1610,1609,-1,0,0,-1,"1600-1659",0,"",0,110,110,86,1,642,3,NA,NA,NA,NA,NA,NA,NA,NA
2011,4,12,12,1,2011-12-12,"AA",19805,"AA","N498AA",1694,11298,1129803,30194,"DFW","Dallas/Fort Worth, TX","TX",48,"Texas",74,10693,1069302,30693,"BNA","Nashville, TN","TN",47,"Tennessee",54,1410,1408,-2,0,0,-1,"1400-1459",13,1421,1538,5,1545,1543,-2,0,0,-1,"1500-1559",0,"",0,95,95,77,1,631,3,NA,NA,NA,NA,NA,NA,NA,NA
2011,4,12,1,4,2011-12-01,"MQ",20398,"MQ","N802MQ",2916,11298,1129803,30194,"DFW","Dallas/Fort Worth, TX","TX",48,"Texas",74,15624,1562401,31504,"VPS","Valparaiso, FL","FL",12,"Florida",33,845,838,-7,0,0,-1,"0800-0859",15,853,1023,4,1035,1027,-8,0,0,-1,"1000-1059",0,"",0,110,109,90,1,641,3,NA,NA,NA,NA,NA,NA,NA,NA
2011,4,12,14,3,2011-12-14,"AA",19805,"AA","N509AA",1426,11298,1129803,30194,"DFW","Dallas/Fort Worth, TX","TX",48,"Texas",74,14683,1468302,33214,"SAT","San Antonio, TX","TX",48,"Texas",74,1545,1554,9,9,0,0,"1500-1559",19,1613,1658,4,1650,1702,12,12,0,0,"1600-1659",0,"",0,65,68,45,1,247,1,NA,NA,NA,NA,NA,NA,NA,NA
2011,4,12,19,1,2011-12-19,"MQ",20398,"MQ","N685MQ",2841,11298,1129803,30194,"DFW","Dallas/Fort Worth, TX","TX",48,"Texas",74,11423,1142303,31423,"DSM","Des Moines, IA","IA",19,"Iowa",61,925,923,-2,0,0,-1,"0900-0959",14,937,1059,2,1115,1101,-14,0,0,-1,"1100-1159",0,"",0,110,98,82,1,624,3,NA,NA,NA,NA,NA,NA,NA,NA
2011,4,12,13,2,2011-12-13,"MQ",20398,"MQ","N600MQ",3301,11298,1129803,30194,"DFW","Dallas/Fort Worth, TX","TX",48,"Texas",74,14783,1478302,34783,"SGF","Springfield, MO","MO",29,"Missouri",64,2140,2134,-6,0,0,-1,"2100-2159",13,2147,2243,3,2255,2246,-9,0,0,-1,"2200-2259",0,"",0,75,72,56,1,364,2,NA,NA,NA,NA,NA,NA,NA,NA
2011,4,12,13,2,2011-12-13,"AA",19805,"AA","N498AA",1914,11298,1129803,30194,"DFW","Dallas/Fort Worth, TX","TX",48,"Texas",74,12451,1245102,31136,"JAX","Jacksonville, FL","FL",12,"Florida",33,1435,1515,40,40,1,2,"1400-1459",8,1523,1813,6,1745,1819,34,34,1,2,"1700-1759",0,"",0,130,124,110,1,918,4,34,0,0,0,0,NA,NA,NA
2011,4,12,2,5,2011-12-02,"MQ",20398,"MQ","N810MQ",2907,11298,1129803,30194,"DFW","Dallas/Fort Worth, TX","TX",48,"Texas",74,11193,1119302,33105,"CVG","Cincinnati, OH","KY",21,"Kentucky",52,1535,1531,-4,0,0,-1,"1500-1559",10,1541,1827,5,1840,1832,-8,0,0,-1,"1800-1859",0,"",0,125,121,106,1,812,4,NA,NA,NA,NA,NA,NA,NA,NA
2011,4,12,10,6,2011-12-10,"MQ",20398,"MQ","N622MQ",2795,11298,1129803,30194,"DFW","Dallas/Fort Worth, TX","TX",48,"Texas",74,10994,1099402,30994,"CHS","Charleston, SC","SC",45,"South Carolina",37,1845,1840,-5,0,0,-1,"1800-1859",15,1855,2156,4,2200,2200,0,0,0,0,"2200-2259",0,"",0,135,140,121,1,987,4,NA,NA,NA,NA,NA,NA,NA,NA
2011,4,12,20,2,2011-12-20,"MQ",20398,"MQ","N634MQ",3371,11298,1129803,30194,"DFW","Dallas/Fort Worth, TX","TX",48,"Texas",74,11193,1119302,33105,"CVG","Cincinnati, OH","KY",21,"Kentucky",52,2010,2010,0,0,0,0,"2000-2059",31,2041,2315,5,2320,2320,0,0,0,0,"2300-2359",0,"",0,130,130,94,1,812,4,NA,NA,NA,NA,NA,NA,NA,NA
2011,4,12,12,1,2011-12-12,"AA",19805,"AA","N3DPAA",393,11298,1129803,30194,"DFW","Dallas/Fort Worth, TX","TX",48,"Texas",74,11292,1129202,30325,"DEN","Denver, CO","CO",8,"Colorado",82,655,652,-3,0,0,-1,"0600-0659",13,705,740,12,755,752,-3,0,0,-1,"0700-0759",0,"",0,120,120,95,1,641,3,NA,NA,NA,NA,NA,NA,NA,NA
2011,4,12,4,7,2011-12-04,"MQ",20398,"MQ","N648MQ",2824,11298,1129803,30194,"DFW","Dallas/Fort Worth, TX","TX",48,"Texas",74,15624,1562401,31504,"VPS","Valparaiso, FL","FL",12,"Florida",33,2025,2100,35,35,1,2,"2000-2059",22,2122,2245,7,2210,2252,42,42,1,2,"2200-2259",0,"",0,105,112,83,1,641,3,35,0,7,0,0,NA,NA,NA
2011,4,12,9,5,2011-12-09,"AA",19805,"AA","N4XPAA",1839,11298,1129803,30194,"DFW","Dallas/Fort Worth, TX","TX",48,"Texas",74,14683,1468302,33214,"SAT","San Antonio, TX","TX",48,"Texas",74,740,734,-6,0,0,-1,"0700-0759",23,757,841,4,845,845,0,0,0,0,"0800-0859",0,"",0,65,71,44,1,247,1,NA,NA,NA,NA,NA,NA,NA,NA
2011,4,12,24,6,2011-12-24,"AA",19805,"AA","N495AA",1565,11298,1129803,30194,"DFW","Dallas/Fort Worth, TX","TX",48,"Texas",74,15376,1537602,30436,"TUS","Tucson, AZ","AZ",4,"Arizona",81,1150,1152,2,2,0,0,"1100-1159",12,1204,1303,3,1310,1306,-4,0,0,-1,"1300-1359",0,"",0,140,134,119,1,813,4,NA,NA,NA,NA,NA,NA,NA,NA
2011,4,12,20,2,2011-12-20,"AA",19805,"AA","N498AA",1106,11298,1129803,30194,"DFW","Dallas/Fort Worth, TX","TX",48,"Texas",74,13851,1385103,33851,"OKC","Oklahoma City, OK","OK",40,"Oklahoma",73,2125,2122,-3,0,0,-1,"2100-2159",12,2134,2204,4,2215,2208,-7,0,0,-1,"2200-2259",0,"",0,50,46,30,1,175,1,NA,NA,NA,NA,NA,NA,NA,NA
