"Year","Quarter","Month","DayofMonth","DayOfWeek","FlightDate","UniqueCarrier","AirlineID","Carrier","TailNum","FlightNum","OriginAirportID","OriginAirportSeqID","OriginCityMarketID","Origin","OriginCityName","OriginState","OriginStateFips","OriginStateName","OriginWac","DestAirportID","DestAirportSeqID","DestCityMarketID","Dest","DestCityName","DestState","DestStateFips","DestStateName","DestWac","CRSDepTime","DepTime","DepDelay","DepDelayMinutes","DepDel15","DepartureDelayGroups","DepTimeBlk","TaxiOut","WheelsOff","WheelsOn","TaxiIn","CRSArrTime","ArrTime","ArrDelay","ArrDelayMinutes","ArrDel15","ArrivalDelayGroups","ArrTimeBlk","Cancelled","CancellationCode","Diverted","CRSElapsedTime","ActualElapsedTime","AirTime","Flights","Distance","DistanceGroup","CarrierDelay","WeatherDelay","NASDelay","SecurityDelay","LateAircraftDelay","FirstDepTime","TotalAddGTime","LongestAddGTime"
2011,1,3,16,3,2011-03-16,"MQ",20398,"MQ","N630MQ",2815,11298,1129802,30194,"DFW","Dallas/Fort Worth, TX","TX",48,"Texas",74,14685,1468501,34685,"SAV","Savannah, GA","GA",13,"Georgia",34,1755,1754,-1,0,0,-1,"1700-1759",9,1803,2100,13,2110,2113,3,3,0,0,"2100-2159",0,"",0,135,139,117,1,925,4,NA,NA,NA,NA,NA,NA,NA,NA
2011,1,3,31,4,2011-03-31,"MQ",20398,"MQ","N637MQ",3254,11298,1129802,30194,"DFW","Dallas/Fort Worth, TX","TX",48,"Texas",74,12191,1219101,31453,"HOU","Houston, TX","TX",48,"Texas",74,1650,1647,-3,0,0,-1,"1600-1659",10,1657,1738,2,1800,1740,-20,0,0,-2,"1800-1859",0,"",0,70,53,41,1,247,1,NA,NA,NA,NA,NA,NA,NA,NA
2011,1,3,17,4,2011-03-17,"AA",19805,"AA","N3AVAA",1310,11298,1129802,30194,"DFW","Dallas/Fort Worth, TX","TX",48,"Texas",74,12264,1226401,30852,"IAD","Washington, DC","VA",51,"Virginia",38,700,653,-7,0,0,-1,"0700-0759",14,707,1039,9,1040,1048,8,8,0,0,"1000-1059",0,"",0,160,175,152,1,1172,5,NA,NA,NA,NA,NA,NA,NA,NA
2011,1,3,29,2,2011-03-29,"MQ",20398,"MQ","N603MQ",2831,11298,1129802,30194,"DFW","Dallas/Fort Worth, TX","TX",48,"Texas",74,12992,1299202,32600,"LIT","Little Rock, AR","AR",5,"Arkansas",71,1730,1739,9,9,0,0,"1700-1759",19,1758,1842,3,1840,1845,5,5,0,0,"1800-1859",0,"",0,70,66,44,1,304,2,NA,NA,NA,NA,NA,NA,NA,NA
2011,1,3,10,4,2011-03-10,"MQ",20398,"MQ","N613MQ",2945,11298,1129802,30194,"DFW","Dallas/Fort Worth, TX","TX",48,"Texas",74,11986,1198602,31986,"GRR","Grand Rapids, MI","MI",26,"Michigan",43,830,829,-1,0,0,-1,"0800-0859",16,845,1152,11,1155,1203,8,8,0,0,"1100-1159",0,"",0,145,154,127,1,931,4,NA,NA,NA,NA,NA,NA,NA,NA
2011,1,3,27,7,2011-03-27,"MQ",20398,"MQ","N831MQ",2849,11298,1129802,30194,"DFW","Dallas/Fort Worth, TX","TX",48,"Texas",74,14674,1467401,34674,"SAF","Santa Fe, NM","NM",35,"New Mexico",86,1450,1447,-3,0,0,-1,"1400-1459",18,1505,1530,10,1535,1540,5,5,0,0,"1500-1559",0,"",0,105,113,85,1,550,3,NA,NA,NA,NA,NA,NA,NA,NA
2011,1,3,28,1,2011-03-28,"OO",20304,"OO","N603SK",4466,11298,1129802,30194,"DFW","Dallas/Fort Worth, TX","TX",48,"Texas",74,14869,1486902,34614,"SLC","Salt Lake City, UT","UT",49,"Utah",87,1238,1232,-6,0,0,-1,"1200-1259",22,1254,1428,5,1428,1433,5,5,0,0,"1400-1459",0,"",0,170,181,154,1,988,4,NA,NA,NA,NA,NA,NA,NA,NA
2011,1,3,11,5,2011-03-11,"MQ",20398,"MQ","N659MQ",2765,11298,1129802,30194,"DFW","Dallas/Fort Worth, TX","TX",48,"Texas",74,11423,1142302,31423,"DSM","Des Moines, IA","IA",19,"Iowa",61,730,730,0,0,0,0,"0700-0759",12,742,914,3,920,917,-3,0,0,-1,"0900-0959",0,"",0,110,107,92,1,624,3,NA,NA,NA,NA,NA,NA,NA,NA
2011,1,3,24,4,2011-03-24,"AA",19805,"AA","N498AA",482,11298,1129802,30194,"DFW","Dallas/Fort Worth, TX","TX",48,"Texas",74,12339,1233903,32337,"IND","Indianapolis, IN","IN",18,"Indiana",42,1100,1054,-6,0,0,-1,"1100-1159",7,1101,1336,13,1400,1349,-11,0,0,-1,"1400-1459",0,"",0,120,115,95,1,762,4,NA,NA,NA,NA,NA,NA,NA,NA
2011,1,3,24,4,2011-03-24,"MQ",20398,"MQ","N828MQ",3329,11298,1129802,30194,"DFW","Dallas/Fort Worth, TX","TX",48,"Texas",74,10747,1074701,30747,"BRO","Brownsville, TX","TX",48,"Texas",74,855,852,-3,0,0,-1,"0800-0859",9,901,1011,4,1025,1015,-10,0,0,-1,"1000-1059",0,"",0,90,83,70,1,482,2,NA,NA,NA,NA,NA,NA,NA,NA
2011,1,3,30,3,2011-03-30,"MQ",20398,"MQ","N928MQ",2749,11298,1129802,30194,"DFW","Dallas/Fort Worth, TX","TX",48,"Texas",74,11267,1126701,31267,"DAY","Dayton, OH","OH",39,"Ohio",44,905,905,0,0,0,0,"0900-0959",34,939,1221,8,1220,1229,9,9,0,0,"1200-1259",0,"",0,135,144,102,1,861,4,NA,NA,NA,NA,NA,NA,NA,NA
2011,1,3,9,3,2011-03-09,"AA",19805,"AA","N3CGAA",704,11298,1129802,30194,"DFW","Dallas/Fort Worth, TX","TX",48,"Texas",74,12953,1295301,31703,"LGA","New York, NY","NY",36,"New York",22,700,726,26,26,1,1,"0700-0759",10,736,1115,5,1120,1120,0,0,0,0,"1100-1159",0,"",0,200,174,159,1,1389,6,NA,NA,NA,NA,NA,NA,NA,NA
2011,1,3,16,3,2011-03-16,"AA",19805,"AA","N591AA",1512,11298,1129802,30194,"DFW","Dallas/Fort Worth, TX","TX",48,"Texas",74,10599,1059903,30599,"BHM","Birmingham, AL","AL",1,"Alabama",51,845,841,-4,0,0,-1,"0800-0859",14,855,1014,3,1020,1017,-3,0,0,-1,"1000-1059",0,"",0,95,96,79,1,597,3,NA,NA,NA,NA,NA,NA,NA,NA
2011,1,3,15,2,2011-03-15,"MQ",20398,"MQ","N906MQ",2721,11298,1129802,30194,"DFW","Dallas/Fort Worth, TX","TX",48,"Texas",74,10136,1013602,30136,"ABI","Abilene, TX","TX",48,"Texas",74,1745,1744,-1,0,0,-1,"1700-1759",14,1758,1827,4,1835,1831,-4,0,0,-1,"1800-1859",0,"",0,50,47,29,1,158,1,NA,NA,NA,NA,NA,NA,NA,NA
2011,1,3,21,1,2011-03-21,"AA",19805,"AA","N459AA",2431,11298,1129802,30194,"DFW","Dallas/Fort Worth, TX","TX",48,"Texas",74,12892,1289201,32575,"LAX","Los Angeles, CA","CA",6,"California",91,1200,1157,-3,0,0,-1,"1200-1259",13,1210,1313,7,1325,1320,-5,0,0,-1,"1300-1359",0,"",0,205,203,183,1,1235,5,NA,NA,NA,NA,NA,NA,NA,NA
2011,1,3,15,2,2011-03-15,"AA",19805,"AA","N489AA",2362,11298,1129802,30194,"DFW","Dallas/Fort Worth, TX","TX",48,"Texas",74,13930,1393001,30977,"ORD","Chicago, IL","IL",17,"Illinois",41,1600,1602,2,2,0,0,"1600-1659",12,1614,1805,8,1820,1813,-7,0,0,-1,"1800-1859",0,"",0,140,131,111,1,802,4,NA,NA,NA,NA,NA,NA,NA,NA
2011,1,3,4,5,2011-03-04,"MQ",20398,"MQ","N821MQ",2986,11298,1129802,30194,"DFW","Dallas/Fort Worth, TX","TX",48,"Texas",74,10208,1020802,30208,"AGS","Augusta, GA","GA",13,"Georgia",34,1245,1247,2,2,0,0,"1200-1259",15,1302,1559,4,1555,1603,8,8,0,0,"1500-1559",0,"",0,130,136,117,1,874,4,NA,NA,NA,NA,NA,NA,NA,NA
2011,1,3,23,3,2011-03-23,"AA",19805,"AA","N4XNAA",574,11298,1129802,30194,"DFW","Dallas/Fort Worth, TX","TX",48,"Texas",74,12451,1245101,31136,"JAX","Jacksonville, FL","FL",12,"Florida",33,1835,1843,8,8,0,0,"1800-1859",11,1854,2141,4,2145,2145,0,0,0,0,"2100-2159",0,"",0,130,122,107,1,919,4,NA,NA,NA,NA,NA,NA,NA,NA
2011,1,3,31,4,2011-03-31,"AA",19805,"AA","N594AA",1370,11298,1129802,30194,"DFW","Dallas/Fort Worth, TX","TX",48,"Texas",74,14100,1410001,34100,"PHL","Philadelphia, PA","PA",42,"Pennsylvania",23,1625,1626,1,1,0,0,"1600-1659",8,1634,2009,9,2030,2018,-12,0,0,-1,"2000-2059",0,"",0,185,172,155,1,1302,6,NA,NA,NA,NA,NA,NA,NA,NA
2011,1,3,9,3,2011-03-09,"MQ",20398,"MQ","N730MQ",3383,11298,1129802,30194,"DFW","Dallas/Fort Worth, TX","TX",48,"Texas",74,11973,1197301,31973,"GPT","Gulfport/Biloxi, MS","MS",28,"Mississippi",53,1500,1516,16,16,1,1,"1500-1559",16,1532,1640,5,1630,1645,15,15,1,1,"1600-1659",0,"",0,90,89,68,1,500,3,15,0,0,0,0,NA,NA,NA
2011,1,3,22,2,2011-03-22,"MQ",20398,"MQ","N670MQ",3355,11298,1129802,30194,"DFW","Dallas/Fort Worth, TX","TX",48,"Texas",74,13061,1306102,33038,"LRD","Laredo, TX","TX",48,"Texas",74,950,948,-2,0,0,-1,"0900-0959",10,958,1103,2,1115,1105,-10,0,0,-1,"1100-1159",0,"",0,85,77,65,1,396,2,NA,NA,NA,NA,NA,NA,NA,NA
2011,1,3,11,5,2011-03-11,"MQ",20398,"MQ","N905MQ",2869,11298,1129802,30194,"DFW","Dallas/Fort Worth, TX","TX",48,"Texas",74,11140,1114001,31140,"CRP","Corpus Christi, TX","TX",48,"Texas",74,1830,1830,0,0,0,0,"1800-1859",12,1842,1936,4,1950,1940,-10,0,0,-1,"1900-1959",0,"",0,80,70,54,1,354,2,NA,NA,NA,NA,NA,NA,NA,NA
2011,1,3,27,7,2011-03-27,"AA",19805,"AA","N473AA",492,11298,1129802,30194,"DFW","Dallas/Fort Worth, TX","TX",48,"Texas",74,15016,1501602,31123,"STL","St. Louis, MO","MO",29,"Missouri",64,1715,1718,3,3,0,0,"1700-1759",12,1730,1841,4,1850,1845,-5,0,0,-1,"1800-1859",0,"",0,95,87,71,1,551,3,NA,NA,NA,NA,NA,NA,NA,NA
2011,1,3,7,1,2011-03-07,"CO",19704,"CO","N15710",1577,11298,1129802,30194,"DFW","Dallas/Fort Worth, TX","TX",48,"Texas",74,12266,1226602,31453,"IAH","Houston, TX","TX",48,"Texas",74,655,650,-5,0,0,-1,"0600-0659",9,659,739,8,803,747,-16,0,0,-2,"0800-0859",0,"",0,68,57,40,1,224,1,NA,NA,NA,NA,NA,NA,NA,NA
2011,1,3,15,2,2011-03-15,"OO",20304,"OO","N789SK",6811,11298,1129802,30194,"DFW","Dallas/Fort Worth, TX","TX",48,"Texas",74,12892,1289201,32575,"LAX","Los Angeles, CA","CA",6,"California",91,1958,1949,-9,0,0,-1,"1900-1959",14,2003,2058,5,2131,2103,-28,0,0,-2,"2100-2159",0,"",0,213,194,175,1,1235,5,NA,NA,NA,NA,NA,NA,NA,NA
2011,1,3,17,4,2011-03-17,"AA",19805,"AA","N590AA",491,11298,1129802,30194,"DFW","Dallas/Fort Worth, TX","TX",48,"Texas",74,14893,1489301,33192,"SMF","Sacramento, CA","CA",6,"California",91,1155,1158,3,3,0,0,"1100-1159",12,1210,1337,4,1350,1341,-9,0,0,-1,"1300-1359",0,"",0,235,223,207,1,1431,6,NA,NA,NA,NA,NA,NA,NA,NA
2011,1,3,15,2,2011-03-15,"AA",19805,"AA","N4WTAA",2513,11298,1129802,30194,"DFW","Dallas/Fort Worth, TX","TX",48,"Texas",74,11292,1129202,30325,"DEN","Denver, CO","CO",8,"Colorado",82,1855,1851,-4,0,0,-1,"1800-1859",15,1906,1948,6,2000,1954,-6,0,0,-1,"2000-2059",0,"",0,125,123,102,1,641,3,NA,NA,NA,NA,NA,NA,NA,NA
2011,1,3,26,6,2011-03-26,"AA",19805,"AA","N4XYAA",1720,11298,1129802,30194,"DFW","Dallas/Fort Worth, TX","TX",48,"Texas",74,12264,1226401,30852,"IAD","Washington, DC","VA",51,"Virginia",38,1455,1455,0,0,0,0,"1400-1459",16,1511,1831,5,1840,1836,-4,0,0,-1,"1800-1859",0,"",0,165,161,140,1,1172,5,NA,NA,NA,NA,NA,NA,NA,NA
2011,1,3,20,7,2011-03-20,"MQ",20398,"MQ","N659MQ",2841,11298,1129802,30194,"DFW","Dallas/Fort Worth, TX","TX",48,"Texas",74,11423,1142302,31423,"DSM","Des Moines, IA","IA",19,"Iowa",61,935,932,-3,0,0,-1,"0900-0959",12,944,1111,4,1125,1115,-10,0,0,-1,"1100-1159",0,"",0,110,103,87,1,624,3,NA,NA,NA,NA,NA,NA,NA,NA
2011,1,3,7,1,2011-03-07,"AA",19805,"AA","N4YJAA",569,11298,1129802,30194,"DFW","Dallas/Fort Worth, TX","TX",48,"Texas",74,14683,1468301,33214,"SAT","San Antonio, TX","TX",48,"Texas",74,1840,1843,3,3,0,0,"1800-1859",18,1901,1945,7,1945,1952,7,7,0,0,"1900-1959",0,"",0,65,69,44,1,247,1,NA,NA,NA,NA,NA,NA,NA,NA
2011,1,3,14,1,2011-03-14,"AA",19805,"AA","N491AA",1277,11298,1129802,30194,"DFW","Dallas/Fort Worth, TX","TX",48,"Texas",74,12278,1227801,30928,"ICT","Wichita, KS","KS",20,"Kansas",62,1550,1552,2,2,0,0,"1500-1559",11,1603,1700,3,1705,1703,-2,0,0,-1,"1700-1759",0,"",0,75,71,57,1,328,2,NA,NA,NA,NA,NA,NA,NA,NA
2011,1,3,23,3,2011-03-23,"MQ",20398,"MQ","N838MQ",3315,11298,1129802,30194,"DFW","Dallas/Fort Worth, TX","TX",48,"Texas",74,12448,1244802,32448,"JAN","Jackson/Vicksburg, MS","MS",28,"Mississippi",53,640,637,-3,0,0,-1,"0600-0659",14,651,754,5,800,759,-1,0,0,-1,"0800-0859",0,"",0,80,82,63,1,408,2,NA,NA,NA,NA,NA,NA,NA,NA
2011,1,3,9,3,2011-03-09,"MQ",20398,"MQ","N909MQ",2808,11298,1129802,30194,"DFW","Dallas/Fort Worth, TX","TX",48,"Texas",74,13367,1336701,33367,"MLI","Moline, IL","IL",17,"Illinois",41,1415,1414,-1,0,0,-1,"1400-1459",23,1437,1611,4,1610,1615,5,5,0,0,"1600-1659",0,"",0,115,121,94,1,691,3,NA,NA,NA,NA,NA,NA,NA,NA
2011,1,3,19,6,2011-03-19,"MQ",20398,"MQ","N719MQ",2985,11298,1129802,30194,"DFW","Dallas/Fort Worth, TX","TX",48,"Texas",74,14814,1481401,30476,"SHV","Shreveport, LA","LA",22,"Louisiana",72,1110,1057,-13,0,0,-1,"1100-1159",17,1114,1146,4,1205,1150,-15,0,0,-1,"1200-1259",0,"",0,55,53,32,1,190,1,NA,NA,NA,NA,NA,NA,NA,NA
2011,1,3,5,6,2011-03-05,"MQ",20398,"MQ","N654MQ",2704,11298,1129802,30194,"DFW","Dallas/Fort Worth, TX","TX",48,"Texas",74,13485,1348501,33485,"MSN","Madison, WI","WI",55,"Wisconsin",45,1405,1400,-5,0,0,-1,"1400-1459",12,1412,1557,5,1620,1602,-18,0,0,-2,"1600-1659",0,"",0,135,122,105,1,821,4,NA,NA,NA,NA,NA,NA,NA,NA
2011,1,3,30,3,2011-03-30,"AA",19805,"AA","N538AA",1792,11298,1129802,30194,"DFW","Dallas/Fort Worth, TX","TX",48,"Texas",74,10693,1069301,30693,"BNA","Nashville, TN","TN",47,"Tennessee",54,955,1026,31,31,1,2,"0900-0959",13,1039,1155,5,1140,1200,20,20,1,1,"1100-1159",0,"",0,105,94,76,1,631,3,0,0,0,0,20,NA,NA,NA
2011,1,3,6,7,2011-03-06,"AA",19805,"AA","N3GRAA",519,11298,1129802,30194,"DFW","Dallas/Fort Worth, TX","TX",48,"Texas",74,14908,1490802,32575,"SNA","Santa Ana, CA","CA",6,"California",91,1830,1826,-4,0,0,-1,"1800-1859",12,1838,1950,8,1945,1958,13,13,0,0,"1900-1959",0,"",0,195,212,192,1,1205,5,NA,NA,NA,NA,NA,NA,NA,NA
2011,1,3,22,2,2011-03-22,"AA",19805,"AA","N5DCAA",560,11298,1129802,30194,"DFW","Dallas/Fort Worth, TX","TX",48,"Texas",74,13303,1330302,32467,"MIA","Miami, FL","FL",12,"Florida",33,545,543,-2,0,0,-1,"0001-0559",13,556,911,14,920,925,5,5,0,0,"0900-0959",0,"",0,155,162,135,1,1121,5,NA,NA,NA,NA,NA,NA,NA,NA
2011,1,3,27,7,2011-03-27,"AA",19805,"AA","N486AA",2356,11298,1129802,30194,"DFW","Dallas/Fort Worth, TX","TX",48,"Texas",74,13930,1393001,30977,"ORD","Chicago, IL","IL",17,"Illinois",41,1505,1508,3,3,0,0,"1500-1559",11,1519,1656,11,1720,1707,-13,0,0,-1,"1700-1759",0,"",0,135,119,97,1,802,4,NA,NA,NA,NA,NA,NA,NA,NA
2011,1,3,13,7,2011-03-13,"MQ",20398,"MQ","N611MQ",3277,11298,1129802,30194,"DFW","Dallas/Fort Worth, TX","TX",48,"Texas",74,12896,1289603,32896,"LBB","Lubbock, TX","TX",48,"Texas",74,945,944,-1,0,0,-1,"0900-0959",10,954,1039,4,1055,1043,-12,0,0,-1,"1000-1059",0,"",0,70,59,45,1,282,2,NA,NA,NA,NA,NA,NA,NA,NA
2011,1,3,26,6,2011-03-26,"AA",19805,"AA","N496AA",1411,11298,1129802,30194,"DFW","Dallas/Fort Worth, TX","TX",48,"Texas",74,14683,1468301,33214,"SAT","San Antonio, TX","TX",48,"Texas",74,1510,1509,-1,0,0,-1,"1500-1559",13,1522,1614,3,1620,1617,-3,0,0,-1,"1600-1659",0,"",0,70,68,52,1,247,1,NA,NA,NA,NA,NA,NA,NA,NA
2011,1,3,7,1,2011-03-07,"AA",19805,"AA","N471AA",1888,11298,1129802,30194,"DFW","Dallas/Fort Worth, TX","TX",48,"Texas",74,12451,1245101,31136,"JAX","Jacksonville, FL","FL",12,"Florida",33,650,645,-5,0,0,-1,"0600-0659",9,654,939,6,1000,945,-15,0,0,-1,"1000-1059",0,"",0,130,120,105,1,919,4,NA,NA,NA,NA,NA,NA,NA,NA
2011,1,3,16,3,2011-03-16,"AA",19805,"AA","N555AA",1865,11298,1129802,30194,"DFW","Dallas/Fort Worth, TX","TX",48,"Texas",74,10800,1080002,32575,"BUR","Burbank, CA","CA",6,"California",91,1945,1943,-2,0,0,-1,"1900-1959",14,1957,2052,3,2110,2055,-15,0,0,-1,"2100-2159",0,"",0,205,192,175,1,1231,5,NA,NA,NA,NA,NA,NA,NA,NA
2011,1,3,16,3,2011-03-16,"MQ",20398,"MQ","N630MQ",2815,11298,1129802,30194,"DFW","Dallas/Fort Worth, TX","TX",48,"Texas",74,14685,1468501,34685,"SAV","Savannah, GA","GA",13,"Georgia",34,1755,1754,-1,0,0,-1,"1700-1759",9,1803,2100,13,2110,2113,3,3,0,0,"2100-2159",0,"",0,135,139,117,1,925,4,NA,NA,NA,NA,NA,NA,NA,NA
2011,1,3,26,6,2011-03-26,"MQ",20398,"MQ","N607MQ",3334,11298,1129802,30194,"DFW","Dallas/Fort Worth, TX","TX",48,"Texas",74,11921,1192101,31921,"GJT","Grand Junction, CO","CO",8,"Colorado",82,945,1010,25,25,1,1,"0900-0959",13,1023,1118,2,1100,1120,20,20,1,1,"1100-1159",0,"",0,135,130,115,1,772,4,0,0,7,0,13,NA,NA,NA
2011,1,3,27,7,2011-03-27,"AA",19805,"AA","N481AA",1300,11298,1129802,30194,"DFW","Dallas/Fort Worth, TX","TX",48,"Texas",74,13244,1324401,33244,"MEM","Memphis, TN","TN",47,"Tennessee",54,2005,2002,-3,0,0,-1,"2000-2059",11,2013,2110,3,2125,2113,-12,0,0,-1,"2100-2159",0,"",0,80,71,57,1,432,2,NA,NA,NA,NA,NA,NA,NA,NA
2011,1,3,30,3,2011-03-30,"AA",19805,"AA","N5CAAA",2485,11298,1129802,30194,"DFW","Dallas/Fort Worth, TX","TX",48,"Texas",74,12892,1289201,32575,"LAX","Los Angeles, CA","CA",6,"California",91,2045,2054,9,9,0,0,"2000-2059",12,2106,2146,6,2210,2152,-18,0,0,-2,"2200-2259",0,"",0,205,178,160,1,1235,5,NA,NA,NA,NA,NA,NA,NA,NA
2011,1,3,18,5,2011-03-18,"AA",19805,"AA","N527AA",1277,11298,1129802,30194,"DFW","Dallas/Fort Worth, TX","TX",48,"Texas",74,12278,1227801,30928,"ICT","Wichita, KS","KS",20,"Kansas",62,1550,1548,-2,0,0,-1,"1500-1559",15,1603,1657,10,1705,1707,2,2,0,0,"1700-1759",0,"",0,75,79,54,1,328,2,NA,NA,NA,NA,NA,NA,NA,NA
2011,1,3,26,6,2011-03-26,"MQ",20398,"MQ","N637MQ",3212,11298,1129802,30194,"DFW","Dallas/Fort Worth, TX","TX",48,"Texas",74,12992,1299202,32600,"LIT","Little Rock, AR","AR",5,"Arkansas",71,1130,1129,-1,0,0,-1,"1100-1159",18,1147,1231,3,1240,1234,-6,0,0,-1,"1200-1259",0,"",0,70,65,44,1,304,2,NA,NA,NA,NA,NA,NA,NA,NA
2011,1,3,7,1,2011-03-07,"OO",20304,"OO","N795SK",6654,11298,1129802,30194,"DFW","Dallas/Fort Worth, TX","TX",48,"Texas",74,12892,1289201,32575,"LAX","Los Angeles, CA","CA",6,"California",91,1259,1252,-7,0,0,-1,"1200-1259",34,1326,1452,6,1427,1458,31,31,1,2,"1400-1459",0,"",0,208,246,206,1,1235,5,0,0,31,0,0,NA,NA,NA
2011,1,3,30,3,2011-03-30,"AA",19805,"AA","N548AA",720,11298,1129802,30194,"DFW","Dallas/Fort Worth, TX","TX",48,"Texas",74,12953,1295301,31703,"LGA","New York, NY","NY",36,"New York",22,1055,1050,-5,0,0,-1,"1000-1059",13,1103,1444,5,1520,1449,-31,0,0,-2,"1500-1559",0,"",0,205,179,161,1,1389,6,NA,NA,NA,NA,NA,NA,NA,NA
2011,1,3,2,3,2011-03-02,"MQ",20398,"MQ","N824MQ",2707,11298,1129802,30194,"DFW","Dallas/Fort Worth, TX","TX",48,"Texas",74,13061,1306102,33038,"LRD","Laredo, TX","TX",48,"Texas",74,1345,1340,-5,0,0,-1,"1300-1359",10,1350,1449,2,1505,1451,-14,0,0,-1,"1500-1559",0,"",0,80,71,59,1,396,2,NA,NA,NA,NA,NA,NA,NA,NA
2011,1,3,18,5,2011-03-18,"AA",19805,"AA","N540AA",1767,11298,1129802,30194,"DFW","Dallas/Fort Worth, TX","TX",48,"Texas",74,14262,1426201,34262,"PSP","Palm Springs, CA","CA",6,"California",91,1250,1248,-2,0,0,-1,"1200-1259",11,1259,1341,4,1400,1345,-15,0,0,-1,"1400-1459",0,"",0,190,177,162,1,1126,5,NA,NA,NA,NA,NA,NA,NA,NA
2011,1,3,17,4,2011-03-17,"AA",19805,"AA","N3AVAA",1310,11298,1129802,30194,"DFW","Dallas/Fort Worth, TX","TX",48,"Texas",74,12264,1226401,30852,"IAD","Washington, DC","VA",51,"Virginia",38,700,653,-7,0,0,-1,"0700-0759",14,707,1039,9,1040,1048,8,8,0,0,"1000-1059",0,"",0,160,175,152,1,1172,5,NA,NA,NA,NA,NA,NA,NA,NA
2011,1,3,4,5,2011-03-04,"AA",19805,"AA","N488AA",1434,11298,1129802,30194,"DFW","Dallas/Fort Worth, TX","TX",48,"Texas",74,13204,1320401,31454,"MCO","Orlando, FL","FL",12,"Florida",33,620,617,-3,0,0,-1,"0600-0659",8,625,933,7,945,940,-5,0,0,-1,"0900-0959",0,"",0,145,143,128,1,984,4,NA,NA,NA,NA,NA,NA,NA,NA
2011,1,3,26,6,2011-03-26,"MQ",20398,"MQ","N607MQ",3334,11298,1129802,30194,"DFW","Dallas/Fort Worth, TX","TX",48,"Texas",74,11921,1192101,31921,"GJT","Grand Junction, CO","CO",8,"Colorado",82,945,1010,25,25,1,1,"0900-0959",13,1023,1118,2,1100,1120,20,20,1,1,"1100-1159",0,"",0,135,130,115,1,772,4,0,0,7,0,13,NA,NA,NA
2011,1,3,28,1,2011-03-28,"AA",19805,"AA","N3BMAA",2055,11298,1129802,30194,"DFW","Dallas/Fort Worth, TX","TX",48,"Texas",74,14908,1490802,32575,"SNA","Santa Ana, CA","CA",6,"California",91,1000,1015,15,15,1,1,"1000-1059",17,1032,1123,5,1120,1128,8,8,0,0,"1100-1159",0,"",0,200,193,171,1,1205,5,NA,NA,NA,NA,NA,NA,NA,NA
2011,1,3,30,3,2011-03-30,"AA",19805,"AA","N3FWAA",654,11298,1129802,30194,"DFW","Dallas/Fort Worth, TX","TX",48,"Texas",74,10721,1072101,30721,"BOS","Boston, MA","MA",25,"Massachusetts",13,1025,1027,2,2,0,0,"1000-1059",14,1041,1433,5,1455,1438,-17,0,0,-2,"1400-1459",0,"",0,210,191,172,1,1562,7,NA,NA,NA,NA,NA,NA,NA,NA
2011,1,3,12,6,2011-03-12,"MQ",20398,"MQ","N659MQ",2807,11298,1129802,30194,"DFW","Dallas/Fort Worth, TX","TX",48,"Texas",74,11823,1182303,31823,"FWA","Fort Wayne, IN","IN",18,"Indiana",42,1815,1809,-6,0,0,-1,"1800-1859",11,1820,2113,3,2130,2116,-14,0,0,-1,"2100-2159",0,"",0,135,127,113,1,859,4,NA,NA,NA,NA,NA,NA,NA,NA
2011,1,3,30,3,2011-03-30,"MQ",20398,"MQ","N847MQ",3375,11298,1129802,30194,"DFW","Dallas/Fort Worth, TX","TX",48,"Texas",74,11778,1177801,31778,"FSM","Fort Smith, AR","AR",5,"Arkansas",71,1700,1700,0,0,0,0,"1700-1759",10,1710,1744,2,1800,1746,-14,0,0,-1,"1800-1859",0,"",0,60,46,34,1,228,1,NA,NA,NA,NA,NA,NA,NA,NA
2011,1,3,4,5,2011-03-04,"AA",19805,"AA","N569AA",1542,11298,1129802,30194,"DFW","Dallas/Fort Worth, TX","TX",48,"Texas",74,14122,1412201,30198,"PIT","Pittsburgh, PA","PA",42,"Pennsylvania",23,1400,1410,10,10,0,0,"1400-1459",15,1425,1728,6,1735,1734,-1,0,0,-1,"1700-1759",0,"",0,155,144,123,1,1068,5,NA,NA,NA,NA,NA,NA,NA,NA
2011,1,3,17,4,2011-03-17,"AA",19805,"AA","N546AA",1702,11298,1129802,30194,"DFW","Dallas/Fort Worth, TX","TX",48,"Texas",74,10693,1069301,30693,"BNA","Nashville, TN","TN",47,"Tennessee",54,1650,2007,197,197,1,12,"1600-1659",18,2025,2154,8,1830,2202,212,212,1,12,"1800-1859",0,"",0,100,115,89,1,631,3,3,0,15,0,194,NA,NA,NA
2011,1,3,31,4,2011-03-31,"AA",19805,"AA","N3GLAA",406,11298,1129802,30194,"DFW","Dallas/Fort Worth, TX","TX",48,"Texas",74,10721,1072101,30721,"BOS","Boston, MA","MA",25,"Massachusetts",13,1200,1343,103,103,1,6,"1200-1259",13,1356,1804,8,1625,1812,107,107,1,7,"1600-1659",0,"",0,205,209,188,1,1562,7,31,0,4,0,72,NA,NA,NA
2011,1,3,16,3,2011-03-16,"AA",19805,"AA","N4XGAA",1801,11298,1129802,30194,"DFW","Dallas/Fort Worth, TX","TX",48,"Texas",74,14107,1410701,30466,"PHX","Phoenix, AZ","AZ",4,"Arizona",81,2035,2034,-1,0,0,-1,"2000-2059",14,2048,2048,5,2110,2053,-17,0,0,-2,"2100-2159",0,"",0,155,139,120,1,868,4,NA,NA,NA,NA,NA,NA,NA,NA
2011,1,3,4,5,2011-03-04,"MQ",20398,"MQ","N660MQ",2811,11298,1129802,30194,"DFW","Dallas/Fort Worth, TX","TX",48,"Texas",74,10279,1027902,30279,"AMA","Amarillo, TX","TX",48,"Texas",74,1335,1409,34,34,1,2,"1300-1359",12,1421,1514,5,1445,1519,34,34,1,2,"1400-1459",0,"",0,70,70,53,1,313,2,6,0,0,0,28,NA,NA,NA
2011,1,3,24,4,2011-03-24,"MQ",20398,"MQ","N690MQ",2789,11298,1129802,30194,"DFW","Dallas/Fort Worth, TX","TX",48,"Texas",74,14783,1478301,34783,"SGF","Springfield, MO","MO",29,"Missouri",64,1745,1737,-8,0,0,-1,"1700-1759",18,1755,1846,5,1900,1851,-9,0,0,-1,"1900-1959",0,"",0,75,74,51,1,364,2,NA,NA,NA,NA,NA,NA,NA,NA
2011,1,3,5,6,2011-03-05,"MQ",20398,"MQ","N843MQ",3289,11298,1129802,30194,"DFW","Dallas/Fort Worth, TX","TX",48,"Texas",74,14193,1419302,33728,"PNS","Pensacola, FL","FL",12,"Florida",33,810,808,-2,0,0,-1,"0800-0859",16,824,948,3,950,951,1,1,0,0,"0900-0959",0,"",0,100,103,84,1,604,3,NA,NA,NA,NA,NA,NA,NA,NA
2011,1,3,22,2,2011-03-22,"AA",19805,"AA","N4YGAA",1824,11298,1129802,30194,"DFW","Dallas/Fort Worth, TX","TX",48,"Texas",74,14100,1410001,34100,"PHL","Philadelphia, PA","PA",42,"Pennsylvania",23,1305,1305,0,0,0,0,"1300-1359",9,1314,1657,14,1720,1711,-9,0,0,-1,"1700-1759",0,"",0,195,186,163,1,1302,6,NA,NA,NA,NA,NA,NA,NA,NA
2011,1,3,6,7,2011-03-06,"AA",19805,"AA","N532AA",1110,11298,1129802,30194,"DFW","Dallas/Fort Worth, TX","TX",48,"Texas",74,11292,1129202,30325,"DEN","Denver, CO","CO",8,"Colorado",82,1710,1709,-1,0,0,-1,"1700-1759",8,1717,1757,7,1810,1804,-6,0,0,-1,"1800-1859",0,"",0,120,115,100,1,641,3,NA,NA,NA,NA,NA,NA,NA,NA
2011,1,3,9,3,2011-03-09,"MQ",20398,"MQ","N686MQ",2769,11298,1129802,30194,"DFW","Dallas/Fort Worth, TX","TX",48,"Texas",74,14783,1478301,34783,"SGF","Springfield, MO","MO",29,"Missouri",64,1555,1604,9,9,0,0,"1500-1559",15,1619,1715,3,1715,1718,3,3,0,0,"1700-1759",0,"",0,80,74,56,1,364,2,NA,NA,NA,NA,NA,NA,NA,NA
2011,1,3,20,7,2011-03-20,"MQ",20398,"MQ","N613MQ",2737,11298,1129802,30194,"DFW","Dallas/Fort Worth, TX","TX",48,"Texas",74,11775,1177501,31775,"FSD","Sioux Falls, SD","SD",46,"South Dakota",67,1900,1857,-3,0,0,-1,"1900-1959",16,1913,2101,5,2105,2106,1,1,0,0,"2100-2159",0,"",0,125,129,108,1,737,3,NA,NA,NA,NA,NA,NA,NA,NA
2011,1,3,6,7,2011-03-06,"AA",19805,"AA","N3BWAA",762,11298,1129802,30194,"DFW","Dallas/Fort Worth, TX","TX",48,"Texas",74,12953,1295301,31703,"LGA","New York, NY","NY",36,"New York",22,1900,1932,32,32,1,2,"1900-1959",96,2108,142,10,2315,152,157,157,1,10,"2300-2359",0,"",0,195,320,214,1,1389,6,0,0,157,0,0,NA,NA,NA
2011,1,3,20,7,2011-03-20,"DL",19790,"DL","N935DL",2110,11298,1129802,30194,"DFW","Dallas/Fort Worth, TX","TX",48,"Texas",74,10397,1039703,30397,"ATL","Atlanta, GA","GA",13,"Georgia",34,1315,1328,13,13,0,0,"1300-1359",14,1342,1615,11,1621,1626,5,5,0,0,"1600-1659",0,"",0,126,118,93,1,732,3,NA,NA,NA,NA,NA,NA,NA,NA
2011,1,3,10,4,2011-03-10,"AA",19805,"AA","N439AA",2324,11298,1129802,30194,"DFW","Dallas/Fort Worth, TX","TX",48,"Texas",74,13930,1393001,30977,"ORD","Chicago, IL","IL",17,"Illinois",41,700,657,-3,0,0,-1,"0700-0759",16,713,917,5,915,922,7,7,0,0,"0900-0959",0,"",0,135,145,124,1,802,4,NA,NA,NA,NA,NA,NA,NA,NA
2011,1,3,4,5,2011-03-04,"AA",19805,"AA","N3ADAA",2407,11298,1129802,30194,"DFW","Dallas/Fort Worth, TX","TX",48,"Texas",74,12892,1289201,32575,"LAX","Los Angeles, CA","CA",6,"California",91,725,955,150,150,1,10,"0700-0759",9,1004,1055,4,840,1059,139,139,1,9,"0800-0859",0,"",0,195,184,171,1,1235,5,139,0,0,0,0,935,8,8
2011,1,3,30,3,2011-03-30,"AA",19805,"AA","N403AA",2431,11298,1129802,30194,"DFW","Dallas/Fort Worth, TX","TX",48,"Texas",74,12892,1289201,32575,"LAX","Los Angeles, CA","CA",6,"California",91,1200,1205,5,5,0,0,"1200-1259",11,1216,1302,5,1325,1307,-18,0,0,-2,"1300-1359",0,"",0,205,182,166,1,1235,5,NA,NA,NA,NA,NA,NA,NA,NA
2011,1,3,1,2,2011-03-01,"AA",19805,"AA","N540AA",1501,11298,1129802,30194,"DFW","Dallas/Fort Worth, TX","TX",48,"Texas",74,10140,1014001,30140,"ABQ","Albuquerque, NM","NM",35,"New Mexico",86,1915,1912,-3,0,0,-1,"1900-1959",19,1931,2008,4,2005,2012,7,7,0,0,"2000-2059",0,"",0,110,120,97,1,569,3,NA,NA,NA,NA,NA,NA,NA,NA
2011,1,3,12,6,2011-03-12,"AA",19805,"AA","N486AA",1452,11298,1129802,30194,"DFW","Dallas/Fort Worth, TX","TX",48,"Texas",74,10423,1042302,30423,"AUS","Austin, TX","TX",48,"Texas",74,2115,2113,-2,0,0,-1,"2100-2159",8,2121,2154,3,2210,2157,-13,0,0,-1,"2200-2259",0,"",0,55,44,33,1,190,1,NA,NA,NA,NA,NA,NA,NA,NA
2011,1,3,9,3,2011-03-09,"AA",19805,"AA","N4WTAA",492,11298,1129802,30194,"DFW","Dallas/Fort Worth, TX","TX",48,"Texas",74,15016,1501602,31123,"STL","St. Louis, MO","MO",29,"Missouri",64,1715,1708,-7,0,0,-1,"1700-1759",10,1718,1838,4,1850,1842,-8,0,0,-1,"1800-1859",0,"",0,95,94,80,1,551,3,NA,NA,NA,NA,NA,NA,NA,NA
2011,1,3,14,1,2011-03-14,"AA",19805,"AA","N522AA",1292,11298,1129802,30194,"DFW","Dallas/Fort Worth, TX","TX",48,"Texas",74,13495,1349501,33495,"MSY","New Orleans, LA","LA",22,"Louisiana",72,1430,1431,1,1,0,0,"1400-1459",16,1447,1551,3,1550,1554,4,4,0,0,"1500-1559",0,"",0,80,83,64,1,448,2,NA,NA,NA,NA,NA,NA,NA,NA
2011,1,3,19,6,2011-03-19,"AA",19805,"AA","N480AA",1548,11298,1129802,30194,"DFW","Dallas/Fort Worth, TX","TX",48,"Texas",74,11278,1127801,30852,"DCA","Washington, DC","VA",51,"Virginia",38,1445,1445,0,0,0,0,"1400-1459",11,1456,1815,4,1830,1819,-11,0,0,-1,"1800-1859",0,"",0,165,154,139,1,1192,5,NA,NA,NA,NA,NA,NA,NA,NA
2011,1,3,16,3,2011-03-16,"AA",19805,"AA","N5CWAA",560,11298,1129802,30194,"DFW","Dallas/Fort Worth, TX","TX",48,"Texas",74,13303,1330302,32467,"MIA","Miami, FL","FL",12,"Florida",33,545,542,-3,0,0,-1,"0001-0559",15,557,908,4,920,912,-8,0,0,-1,"0900-0959",0,"",0,155,150,131,1,1121,5,NA,NA,NA,NA,NA,NA,NA,NA
2011,1,3,25,5,2011-03-25,"MQ",20398,"MQ","N607MQ",2949,11298,1129802,30194,"DFW","Dallas/Fort Worth, TX","TX",48,"Texas",74,15412,1541201,35412,"TYS","Knoxville, TN","TN",47,"Tennessee",54,1240,1417,97,97,1,6,"1200-1259",13,1430,1706,4,1540,1710,90,90,1,6,"1500-1559",0,"",0,120,113,96,1,772,4,90,0,0,0,0,NA,NA,NA
2011,1,3,28,1,2011-03-28,"MQ",20398,"MQ","N660MQ",2857,11298,1129802,30194,"DFW","Dallas/Fort Worth, TX","TX",48,"Texas",74,12448,1244802,32448,"JAN","Jackson/Vicksburg, MS","MS",28,"Mississippi",53,1420,1413,-7,0,0,-1,"1400-1459",22,1435,1536,4,1540,1540,0,0,0,0,"1500-1559",0,"",0,80,87,61,1,408,2,NA,NA,NA,NA,NA,NA,NA,NA
2011,1,3,8,2,2011-03-08,"MQ",20398,"MQ","N652MQ",3297,11298,1129802,30194,"DFW","Dallas/Fort Worth, TX","TX",48,"Texas",74,15412,1541201,35412,"TYS","Knoxville, TN","TN",47,"Tennessee",54,1005,1000,-5,0,0,-1,"1000-1059",16,1016,1246,5,1305,1251,-14,0,0,-1,"1300-1359",0,"",0,120,111,90,1,772,4,NA,NA,NA,NA,NA,NA,NA,NA
2011,1,3,13,7,2011-03-13,"AA",19805,"AA","N598AA",682,11298,1129802,30194,"DFW","Dallas/Fort Worth, TX","TX",48,"Texas",74,13931,1393101,33667,"ORF","Norfolk, VA","VA",51,"Virginia",38,1305,1314,9,9,0,0,"1300-1359",10,1324,1647,4,1650,1651,1,1,0,0,"1600-1659",0,"",0,165,157,143,1,1213,5,NA,NA,NA,NA,NA,NA,NA,NA
2011,1,3,28,1,2011-03-28,"OO",20304,"OO","N603SK",4466,11298,1129802,30194,"DFW","Dallas/Fort Worth, TX","TX",48,"Texas",74,14869,1486902,34614,"SLC","Salt Lake City, UT","UT",49,"Utah",87,1238,1232,-6,0,0,-1,"1200-1259",22,1254,1428,5,1428,1433,5,5,0,0,"1400-1459",0,"",0,170,181,154,1,988,4,NA,NA,NA,NA,NA,NA,NA,NA
2011,1,3,11,5,2011-03-11,"AA",19805,"AA","N395AA",1976,11298,1129802,30194,"DFW","Dallas/Fort Worth, TX","TX",48,"Texas",74,13303,1330302,32467,"MIA","Miami, FL","FL",12,"Florida",33,850,852,2,2,0,0,"0800-0859",17,909,1222,8,1230,1230,0,0,0,0,"1200-1259",0,"",0,160,158,133,1,1121,5,NA,NA,NA,NA,NA,NA,NA,NA
2011,1,3,25,5,2011-03-25,"AA",19805,"AA","N589AA",1874,11298,1129802,30194,"DFW","Dallas/Fort Worth, TX","TX",48,"Texas",74,11618,1161801,31703,"EWR","Newark, NJ","NJ",34,"New Jersey",21,920,917,-3,0,0,-1,"0900-0959",14,931,1317,6,1350,1323,-27,0,0,-2,"1300-1359",0,"",0,210,186,166,1,1372,6,NA,NA,NA,NA,NA,NA,NA,NA
2011,1,3,3,4,2011-03-03,"MQ",20398,"MQ","N637MQ",2825,11298,1129802,30194,"DFW","Dallas/Fort Worth, TX","TX",48,"Texas",74,15370,1537001,34653,"TUL","Tulsa, OK","OK",40,"Oklahoma",73,735,741,6,6,0,0,"0700-0759",12,753,835,4,835,839,4,4,0,0,"0800-0859",0,"",0,60,58,42,1,237,1,NA,NA,NA,NA,NA,NA,NA,NA
2011,1,3,24,4,2011-03-24,"AA",19805,"AA","N590AA",1675,11298,1129802,30194,"DFW","Dallas/Fort Worth, TX","TX",48,"Texas",74,10140,1014001,30140,"ABQ","Albuquerque, NM","NM",35,"New Mexico",86,900,855,-5,0,0,-1,"0900-0959",14,909,942,7,955,949,-6,0,0,-1,"0900-0959",0,"",0,115,114,93,1,569,3,NA,NA,NA,NA,NA,NA,NA,NA
2011,1,3,29,2,2011-03-29,"MQ",20398,"MQ","N631MQ",2875,11298,1129802,30194,"DFW","Dallas/Fort Worth, TX","TX",48,"Texas",74,15919,1591901,31834,"XNA","Fayetteville, AR","AR",5,"Arkansas",71,2215,2216,1,1,0,0,"2200-2259",10,2226,2308,6,2315,2314,-1,0,0,-1,"2300-2359",0,"",0,60,58,42,1,281,2,NA,NA,NA,NA,NA,NA,NA,NA
2011,1,3,18,5,2011-03-18,"AA",19805,"AA","N4XAAA",829,11298,1129802,30194,"DFW","Dallas/Fort Worth, TX","TX",48,"Texas",74,11109,1110901,30189,"COS","Colorado Springs, CO","CO",8,"Colorado",82,2115,2114,-1,0,0,-1,"2100-2159",14,2128,2158,5,2210,2203,-7,0,0,-1,"2200-2259",0,"",0,115,109,90,1,592,3,NA,NA,NA,NA,NA,NA,NA,NA
2011,1,3,22,2,2011-03-22,"MQ",20398,"MQ","N630MQ",2887,11298,1129802,30194,"DFW","Dallas/Fort Worth, TX","TX",48,"Texas",74,11003,1100302,31003,"CID","Cedar Rapids/Iowa City, IA","IA",19,"Iowa",61,1010,1035,25,25,1,1,"1000-1059",12,1047,1213,4,1210,1217,7,7,0,0,"1200-1259",0,"",0,120,102,86,1,685,3,NA,NA,NA,NA,NA,NA,NA,NA
2011,1,3,20,7,2011-03-20,"AA",19805,"AA","N3DTAA",1652,11298,1129802,30194,"DFW","Dallas/Fort Worth, TX","TX",48,"Texas",74,13204,1320401,31454,"MCO","Orlando, FL","FL",12,"Florida",33,925,918,-7,0,0,-1,"0900-0959",10,928,1227,5,1250,1232,-18,0,0,-2,"1200-1259",0,"",0,145,134,119,1,984,4,NA,NA,NA,NA,NA,NA,NA,NA
2011,1,3,18,5,2011-03-18,"AA",19805,"AA","N4XAAA",829,11298,1129802,30194,"DFW","Dallas/Fort Worth, TX","TX",48,"Texas",74,11109,1110901,30189,"COS","Colorado Springs, CO","CO",8,"Colorado",82,2115,2114,-1,0,0,-1,"2100-2159",14,2128,2158,5,2210,2203,-7,0,0,-1,"2200-2259",0,"",0,115,109,90,1,592,3,NA,NA,NA,NA,NA,NA,NA,NA
2011,1,3,10,4,2011-03-10,"MQ",20398,"MQ","N838MQ",2729,11298,1129802,30194,"DFW","Dallas/Fort Worth, TX","TX",48,"Texas",74,10136,1013602,30136,"ABI","Abilene, TX","TX",48,"Texas",74,1225,1224,-1,0,0,-1,"1200-1259",12,1236,1309,4,1315,1313,-2,0,0,-1,"1300-1359",0,"",0,50,49,33,1,158,1,NA,NA,NA,NA,NA,NA,NA,NA
2011,1,3,12,6,2011-03-12,"FL",20437,"FL","N267AT",102,11298,1129802,30194,"DFW","Dallas/Fort Worth, TX","TX",48,"Texas",74,10397,1039703,30397,"ATL","Atlanta, GA","GA",13,"Georgia",34,1913,1907,-6,0,0,-1,"1900-1959",11,1918,2152,7,2217,2159,-18,0,0,-2,"2200-2259",0,"",0,124,112,94,1,732,3,NA,NA,NA,NA,NA,NA,NA,NA
2011,1,3,16,3,2011-03-16,"AA",19805,"AA","N3AEAA",463,11298,1129802,30194,"DFW","Dallas/Fort Worth, TX","TX",48,"Texas",74,14771,1477101,32457,"SFO","San Francisco, CA","CA",6,"California",91,1655,1756,61,61,1,4,"1600-1659",12,1808,1923,4,1845,1927,42,42,1,2,"1800-1859",0,"",0,230,211,195,1,1464,6,42,0,0,0,0,NA,NA,NA
2011,1,3,22,2,2011-03-22,"MQ",20398,"MQ","N630MQ",2887,11298,1129802,30194,"DFW","Dallas/Fort Worth, TX","TX",48,"Texas",74,11003,1100302,31003,"CID","Cedar Rapids/Iowa City, IA","IA",19,"Iowa",61,1010,1035,25,25,1,1,"1000-1059",12,1047,1213,4,1210,1217,7,7,0,0,"1200-1259",0,"",0,120,102,86,1,685,3,NA,NA,NA,NA,NA,NA,NA,NA
