"Year","Quarter","Month","DayofMonth","DayOfWeek","FlightDate","UniqueCarrier","AirlineID","Carrier","TailNum","FlightNum","OriginAirportID","OriginAirportSeqID","OriginCityMarketID","Origin","OriginCityName","OriginState","OriginStateFips","OriginStateName","OriginWac","DestAirportID","DestAirportSeqID","DestCityMarketID","Dest","DestCityName","DestState","DestStateFips","DestStateName","DestWac","CRSDepTime","DepTime","DepDelay","DepDelayMinutes","DepDel15","DepartureDelayGroups","DepTimeBlk","TaxiOut","WheelsOff","WheelsOn","TaxiIn","CRSArrTime","ArrTime","ArrDelay","ArrDelayMinutes","ArrDel15","ArrivalDelayGroups","ArrTimeBlk","Cancelled","CancellationCode","Diverted","CRSElapsedTime","ActualElapsedTime","AirTime","Flights","Distance","DistanceGroup","CarrierDelay","WeatherDelay","NASDelay","SecurityDelay","LateAircraftDelay","FirstDepTime","TotalAddGTime","LongestAddGTime"
2011,3,7,18,1,2011-07-18,"WN",19393,"WN","N607SW",186,13487,1348702,31650,"MSP","Minneapolis, MN","MN",27,"Minnesota",63,13232,1323202,30977,"MDW","Chicago, IL","IL",17,"Illinois",41,1845,1844,-1,0,0,-1,"1800-1859",9,1853,2001,8,2010,2009,-1,0,0,-1,"2000-2059",0,"",0,85,85,68,1,349,2,NA,NA,NA,NA,NA,NA,NA,NA
2011,3,7,20,3,2011-07-20,"DL",19790,"DL","N914DL",789,13487,1348702,31650,"MSP","Minneapolis, MN","MN",27,"Minnesota",63,15016,1501603,31123,"STL","St. Louis, MO","MO",29,"Missouri",64,1535,1528,-7,0,0,-1,"1500-1559",13,1541,1646,7,1709,1653,-16,0,0,-2,"1700-1759",0,"",0,94,85,65,1,448,2,NA,NA,NA,NA,NA,NA,NA,NA
2011,3,7,10,7,2011-07-10,"DL",19790,"DL","N907DA",1466,13487,1348702,31650,"MSP","Minneapolis, MN","MN",27,"Minnesota",63,11066,1106602,31066,"CMH","Columbus, OH","OH",39,"Ohio",44,1535,1607,32,32,1,2,"1500-1559",15,1622,1839,7,1826,1846,20,20,1,1,"1800-1859",0,"",0,111,99,77,1,626,3,0,0,0,0,20,NA,NA,NA
2011,3,7,12,2,2011-07-12,"DL",19790,"DL","N357NW",2115,13487,1348702,31650,"MSP","Minneapolis, MN","MN",27,"Minnesota",63,10140,1014002,30140,"ABQ","Albuquerque, NM","NM",35,"New Mexico",86,1115,1115,0,0,0,0,"1100-1159",10,1125,1231,3,1254,1234,-20,0,0,-2,"1200-1259",0,"",0,159,139,126,1,981,4,NA,NA,NA,NA,NA,NA,NA,NA
2011,3,7,24,7,2011-07-24,"WN",19393,"WN","N617SW",807,13487,1348702,31650,"MSP","Minneapolis, MN","MN",27,"Minnesota",63,11292,1129202,30325,"DEN","Denver, CO","CO",8,"Colorado",82,1625,1618,-7,0,0,-1,"1600-1659",9,1627,1704,5,1735,1709,-26,0,0,-2,"1700-1759",0,"",0,130,111,97,1,680,3,NA,NA,NA,NA,NA,NA,NA,NA
2011,3,7,31,7,2011-07-31,"OO",20304,"OO","N802SK",4711,13487,1348702,31650,"MSP","Minneapolis, MN","MN",27,"Minnesota",63,10627,1062702,30627,"BIS","Bismarck/Mandan, ND","ND",38,"North Dakota",66,1505,1500,-5,0,0,-1,"1500-1559",13,1513,1614,5,1630,1619,-11,0,0,-1,"1600-1659",0,"",0,85,79,61,1,386,2,NA,NA,NA,NA,NA,NA,NA,NA
2011,3,7,6,3,2011-07-06,"DL",19790,"DL","N921DN",2341,13487,1348702,31650,"MSP","Minneapolis, MN","MN",27,"Minnesota",63,13871,1387102,33316,"OMA","Omaha, NE","NE",31,"Nebraska",65,1920,2049,89,89,1,5,"1900-1959",13,2102,2143,4,2028,2147,79,79,1,5,"2000-2059",0,"",0,68,58,41,1,282,2,79,0,0,0,0,NA,NA,NA
2011,3,7,24,7,2011-07-24,"DL",19790,"DL","N3748Y",1126,13487,1348702,31650,"MSP","Minneapolis, MN","MN",27,"Minnesota",63,10721,1072102,30721,"BOS","Boston, MA","MA",25,"Massachusetts",13,1000,955,-5,0,0,-1,"1000-1059",17,1012,1325,9,1345,1334,-11,0,0,-1,"1300-1359",0,"",0,165,159,133,1,1124,5,NA,NA,NA,NA,NA,NA,NA,NA
2011,3,7,27,3,2011-07-27,"DL",19790,"DL","N587NW",2299,13487,1348702,31650,"MSP","Minneapolis, MN","MN",27,"Minnesota",63,10299,1029903,30299,"ANC","Anchorage, AK","AK",2,"Alaska",1,1504,1505,1,1,0,0,"1500-1559",28,1533,1739,8,1754,1747,-7,0,0,-1,"1700-1759",0,"",0,350,342,306,1,2519,11,NA,NA,NA,NA,NA,NA,NA,NA
2011,3,7,21,4,2011-07-21,"WN",19393,"WN","N326SW",189,13487,1348702,31650,"MSP","Minneapolis, MN","MN",27,"Minnesota",63,13232,1323202,30977,"MDW","Chicago, IL","IL",17,"Illinois",41,540,542,2,2,0,0,"0001-0559",11,553,702,5,705,707,2,2,0,0,"0700-0759",0,"",0,85,85,69,1,349,2,NA,NA,NA,NA,NA,NA,NA,NA
2011,3,7,19,2,2011-07-19,"DL",19790,"DL","N663DN",1085,13487,1348702,31650,"MSP","Minneapolis, MN","MN",27,"Minnesota",63,10299,1029903,30299,"ANC","Anchorage, AK","AK",2,"Alaska",1,906,904,-2,0,0,-1,"0900-0959",18,922,1136,6,1152,1142,-10,0,0,-1,"1100-1159",0,"",0,346,338,314,1,2519,11,NA,NA,NA,NA,NA,NA,NA,NA
2011,3,7,18,1,2011-07-18,"DL",19790,"DL","N371NW",1958,13487,1348702,31650,"MSP","Minneapolis, MN","MN",27,"Minnesota",63,11433,1143302,31295,"DTW","Detroit, MI","MI",26,"Michigan",43,2156,2308,72,72,1,4,"2100-2159",14,2322,131,6,40,137,57,57,1,3,"0001-0559",0,"",0,104,89,69,1,528,3,0,0,0,0,57,NA,NA,NA
2011,3,7,6,3,2011-07-06,"AA",19805,"AA","N278AA",2341,13487,1348702,31650,"MSP","Minneapolis, MN","MN",27,"Minnesota",63,13930,1393002,30977,"ORD","Chicago, IL","IL",17,"Illinois",41,1405,1358,-7,0,0,-1,"1400-1459",9,1407,1459,5,1535,1504,-31,0,0,-2,"1500-1559",0,"",0,90,66,52,1,334,2,NA,NA,NA,NA,NA,NA,NA,NA
2011,3,7,28,4,2011-07-28,"FL",20437,"FL","N923AT",872,13487,1348702,31650,"MSP","Minneapolis, MN","MN",27,"Minnesota",63,10397,1039704,30397,"ATL","Atlanta, GA","GA",13,"Georgia",34,1127,1122,-5,0,0,-1,"1100-1159",9,1131,1441,7,1450,1448,-2,0,0,-1,"1400-1459",0,"",0,143,146,130,1,907,4,NA,NA,NA,NA,NA,NA,NA,NA
2011,3,7,17,7,2011-07-17,"WN",19393,"WN","N423WN",2190,13487,1348702,31650,"MSP","Minneapolis, MN","MN",27,"Minnesota",63,13232,1323202,30977,"MDW","Chicago, IL","IL",17,"Illinois",41,1405,1417,12,12,0,0,"1400-1459",9,1426,1530,3,1525,1533,8,8,0,0,"1500-1559",0,"",0,80,76,64,1,349,2,NA,NA,NA,NA,NA,NA,NA,NA
2011,3,7,22,5,2011-07-22,"DL",19790,"DL","N961DL",1420,13487,1348702,31650,"MSP","Minneapolis, MN","MN",27,"Minnesota",63,10397,1039704,30397,"ATL","Atlanta, GA","GA",13,"Georgia",34,1231,1340,69,69,1,4,"1200-1259",10,1350,1650,6,1604,1656,52,52,1,3,"1600-1659",0,"",0,153,136,120,1,907,4,52,0,0,0,0,NA,NA,NA
2011,3,7,7,4,2011-07-07,"DL",19790,"DL","N336NW",1887,13487,1348702,31650,"MSP","Minneapolis, MN","MN",27,"Minnesota",63,14679,1467903,33570,"SAN","San Diego, CA","CA",6,"California",91,2155,2247,52,52,1,3,"2100-2159",12,2259,9,2,2343,11,28,28,1,1,"2300-2359",0,"",0,228,204,190,1,1532,7,15,0,0,0,13,NA,NA,NA
2011,3,7,31,7,2011-07-31,"DL",19790,"DL","N3753",1596,13487,1348702,31650,"MSP","Minneapolis, MN","MN",27,"Minnesota",63,12953,1295302,31703,"LGA","New York, NY","NY",36,"New York",22,1904,1905,1,1,0,0,"1900-1959",11,1916,2225,15,2248,2240,-8,0,0,-1,"2200-2259",0,"",0,164,155,129,1,1020,5,NA,NA,NA,NA,NA,NA,NA,NA
2011,3,7,15,5,2011-07-15,"DL",19790,"DL","N501US",1909,13487,1348702,31650,"MSP","Minneapolis, MN","MN",27,"Minnesota",63,11292,1129202,30325,"DEN","Denver, CO","CO",8,"Colorado",82,1940,2151,131,131,1,8,"1900-1959",14,2205,2255,7,2052,2302,130,130,1,8,"2000-2059",0,"",0,132,131,110,1,680,3,80,0,0,0,50,NA,NA,NA
2011,3,7,11,1,2011-07-11,"DL",19790,"DL","N345NB",1682,13487,1348702,31650,"MSP","Minneapolis, MN","MN",27,"Minnesota",63,10849,1084902,30849,"BZN","Bozeman, MT","MT",30,"Montana",84,900,949,49,49,1,3,"0900-0959",15,1004,1103,3,1030,1106,36,36,1,2,"1000-1059",0,"",0,150,137,119,1,874,4,5,0,0,0,31,NA,NA,NA
2011,3,7,5,2,2011-07-05,"DL",19790,"DL","N6711M",1946,13487,1348702,31650,"MSP","Minneapolis, MN","MN",27,"Minnesota",63,14057,1405702,34057,"PDX","Portland, OR","OR",41,"Oregon",92,1525,1523,-2,0,0,-1,"1500-1559",22,1545,1640,6,1704,1646,-18,0,0,-2,"1700-1759",0,"",0,219,203,175,1,1426,6,NA,NA,NA,NA,NA,NA,NA,NA
2011,3,7,21,4,2011-07-21,"OO",20304,"OO","N433SW",4471,13487,1348702,31650,"MSP","Minneapolis, MN","MN",27,"Minnesota",63,10408,1040802,30408,"ATW","Appleton, WI","WI",55,"Wisconsin",45,1945,1939,-6,0,0,-1,"1900-1959",33,2012,2052,4,2050,2056,6,6,0,0,"2000-2059",0,"",0,65,77,40,1,236,1,NA,NA,NA,NA,NA,NA,NA,NA
2011,3,7,31,7,2011-07-31,"DL",19790,"DL","N907DA",2209,13487,1348702,31650,"MSP","Minneapolis, MN","MN",27,"Minnesota",63,14771,1477101,32457,"SFO","San Francisco, CA","CA",6,"California",91,2156,2155,-1,0,0,-1,"2100-2159",20,2215,2337,9,9,2346,-23,0,0,-2,"0001-0559",0,"",0,253,231,202,1,1589,7,NA,NA,NA,NA,NA,NA,NA,NA
2011,3,7,29,5,2011-07-29,"DL",19790,"DL","N354NB",2088,13487,1348702,31650,"MSP","Minneapolis, MN","MN",27,"Minnesota",63,11648,1164802,31648,"FCA","Kalispell, MT","MT",30,"Montana",84,1140,1136,-4,0,0,-1,"1100-1159",15,1151,1310,5,1334,1315,-19,0,0,-2,"1300-1359",0,"",0,174,159,139,1,1026,5,NA,NA,NA,NA,NA,NA,NA,NA
2011,3,7,1,5,2011-07-01,"WN",19393,"WN","N767SW",47,13487,1348702,31650,"MSP","Minneapolis, MN","MN",27,"Minnesota",63,15016,1501603,31123,"STL","St. Louis, MO","MO",29,"Missouri",64,1345,1342,-3,0,0,-1,"1300-1359",11,1353,1500,3,1510,1503,-7,0,0,-1,"1500-1559",0,"",0,85,81,67,1,448,2,NA,NA,NA,NA,NA,NA,NA,NA
2011,3,7,28,4,2011-07-28,"DL",19790,"DL","N377NW",685,13487,1348702,31650,"MSP","Minneapolis, MN","MN",27,"Minnesota",63,12266,1226603,31453,"IAH","Houston, TX","TX",48,"Texas",74,1920,1950,30,30,1,2,"1900-1959",15,2005,2225,7,2211,2232,21,21,1,1,"2200-2259",0,"",0,171,162,140,1,1034,5,21,0,0,0,0,NA,NA,NA
2011,3,7,22,5,2011-07-22,"DL",19790,"DL","N913DL",929,13487,1348702,31650,"MSP","Minneapolis, MN","MN",27,"Minnesota",63,13871,1387102,33316,"OMA","Omaha, NE","NE",31,"Nebraska",65,1501,1521,20,20,1,1,"1500-1559",22,1543,1630,6,1613,1636,23,23,1,1,"1600-1659",0,"",0,72,75,47,1,282,2,17,3,3,0,0,NA,NA,NA
2011,3,7,12,2,2011-07-12,"CO",19704,"CO","N16647",1517,13487,1348702,31650,"MSP","Minneapolis, MN","MN",27,"Minnesota",63,12266,1226603,31453,"IAH","Houston, TX","TX",48,"Texas",74,635,629,-6,0,0,-1,"0600-0659",28,657,930,18,925,948,23,23,1,1,"0900-0959",0,"",0,170,199,153,1,1034,5,0,0,23,0,0,NA,NA,NA
2011,3,7,25,1,2011-07-25,"OO",20304,"OO","N433SW",4613,13487,1348702,31650,"MSP","Minneapolis, MN","MN",27,"Minnesota",63,15919,1591901,31834,"XNA","Fayetteville, AR","AR",5,"Arkansas",71,1512,1538,26,26,1,1,"1500-1559",21,1559,1724,4,1704,1728,24,24,1,1,"1700-1759",0,"",0,112,110,85,1,596,3,21,0,0,0,3,NA,NA,NA
2011,3,7,18,1,2011-07-18,"WN",19393,"WN","N333SW",448,13487,1348702,31650,"MSP","Minneapolis, MN","MN",27,"Minnesota",63,11292,1129202,30325,"DEN","Denver, CO","CO",8,"Colorado",82,1200,1212,12,12,0,0,"1200-1259",9,1221,1257,6,1305,1303,-2,0,0,-1,"1300-1359",0,"",0,125,111,96,1,680,3,NA,NA,NA,NA,NA,NA,NA,NA
2011,3,7,6,3,2011-07-06,"DL",19790,"DL","N902DA",957,13487,1348702,31650,"MSP","Minneapolis, MN","MN",27,"Minnesota",63,13198,1319801,33198,"MCI","Kansas City, MO","MO",29,"Missouri",64,1300,1300,0,0,0,0,"1300-1359",16,1316,1416,21,1427,1437,10,10,0,0,"1400-1459",0,"",0,87,97,60,1,393,2,NA,NA,NA,NA,NA,NA,NA,NA
2011,3,7,20,3,2011-07-20,"MQ",20398,"MQ","N502MQ",4586,13487,1348702,31650,"MSP","Minneapolis, MN","MN",27,"Minnesota",63,12953,1295302,31703,"LGA","New York, NY","NY",36,"New York",22,840,838,-2,0,0,-1,"0800-0859",11,849,1158,4,1220,1202,-18,0,0,-2,"1200-1259",0,"",0,160,144,129,1,1020,5,NA,NA,NA,NA,NA,NA,NA,NA
2011,3,7,1,5,2011-07-01,"WN",19393,"WN","N207WN",291,13487,1348702,31650,"MSP","Minneapolis, MN","MN",27,"Minnesota",63,11292,1129202,30325,"DEN","Denver, CO","CO",8,"Colorado",82,640,637,-3,0,0,-1,"0600-0659",11,648,726,5,745,731,-14,0,0,-1,"0700-0759",0,"",0,125,114,98,1,680,3,NA,NA,NA,NA,NA,NA,NA,NA
2011,3,7,15,5,2011-07-15,"UA",19977,"UA","",640,13487,1348702,31650,"MSP","Minneapolis, MN","MN",27,"Minnesota",63,13930,1393002,30977,"ORD","Chicago, IL","IL",17,"Illinois",41,1831,NA,NA,NA,NA,NA,"1800-1859",NA,NA,NA,NA,2000,NA,NA,NA,NA,NA,"2000-2059",1,"C",0,89,NA,NA,1,334,2,NA,NA,NA,NA,NA,NA,NA,NA
2011,3,7,8,5,2011-07-08,"DL",19790,"DL","N355NB",2089,13487,1348702,31650,"MSP","Minneapolis, MN","MN",27,"Minnesota",63,14908,1490803,32575,"SNA","Santa Ana, CA","CA",6,"California",91,948,945,-3,0,0,-1,"0900-0959",8,953,1108,5,1141,1113,-28,0,0,-2,"1100-1159",0,"",0,233,208,195,1,1522,7,NA,NA,NA,NA,NA,NA,NA,NA
2011,3,7,6,3,2011-07-06,"DL",19790,"DL","N3761R",1126,13487,1348702,31650,"MSP","Minneapolis, MN","MN",27,"Minnesota",63,10721,1072102,30721,"BOS","Boston, MA","MA",25,"Massachusetts",13,1000,1010,10,10,0,0,"1000-1059",25,1035,1347,7,1345,1354,9,9,0,0,"1300-1359",0,"",0,165,164,132,1,1124,5,NA,NA,NA,NA,NA,NA,NA,NA
2011,3,7,5,2,2011-07-05,"DL",19790,"DL","N556NW",1411,13487,1348702,31650,"MSP","Minneapolis, MN","MN",27,"Minnesota",63,14057,1405702,34057,"PDX","Portland, OR","OR",41,"Oregon",92,1708,1704,-4,0,0,-1,"1700-1759",12,1716,1816,4,1853,1820,-33,0,0,-2,"1800-1859",0,"",0,225,196,180,1,1426,6,NA,NA,NA,NA,NA,NA,NA,NA
2011,3,7,15,5,2011-07-15,"US",20355,"US","N714US",1848,13487,1348702,31650,"MSP","Minneapolis, MN","MN",27,"Minnesota",63,14100,1410002,34100,"PHL","Philadelphia, PA","PA",42,"Pennsylvania",23,650,650,0,0,0,0,"0600-0659",16,706,1009,3,1023,1012,-11,0,0,-1,"1000-1059",0,"",0,153,142,123,1,980,4,NA,NA,NA,NA,NA,NA,NA,NA
2011,3,7,7,4,2011-07-07,"DL",19790,"DL","N775NC",1732,13487,1348702,31650,"MSP","Minneapolis, MN","MN",27,"Minnesota",63,13930,1393002,30977,"ORD","Chicago, IL","IL",17,"Illinois",41,1530,1540,10,10,0,0,"1500-1559",36,1616,1712,3,1654,1715,21,21,1,1,"1600-1659",0,"",0,84,95,56,1,334,2,10,0,11,0,0,NA,NA,NA
2011,3,7,8,5,2011-07-08,"OO",20304,"OO","N435SW",4699,13487,1348702,31650,"MSP","Minneapolis, MN","MN",27,"Minnesota",63,14457,1445702,34457,"RAP","Rapid City, SD","SD",46,"South Dakota",67,1130,1126,-4,0,0,-1,"1100-1159",7,1133,1145,4,1213,1149,-24,0,0,-2,"1200-1259",0,"",0,103,83,72,1,489,2,NA,NA,NA,NA,NA,NA,NA,NA
2011,3,7,18,1,2011-07-18,"UA",19977,"UA","N415UA",894,13487,1348702,31650,"MSP","Minneapolis, MN","MN",27,"Minnesota",63,13930,1393002,30977,"ORD","Chicago, IL","IL",17,"Illinois",41,1539,1540,1,1,0,0,"1500-1559",30,1610,1701,13,1702,1714,12,12,0,0,"1700-1759",0,"",0,83,94,51,1,334,2,NA,NA,NA,NA,NA,NA,NA,NA
2011,3,7,24,7,2011-07-24,"DL",19790,"DL","N971DL",1734,13487,1348702,31650,"MSP","Minneapolis, MN","MN",27,"Minnesota",63,11433,1143302,31295,"DTW","Detroit, MI","MI",26,"Michigan",43,1130,1124,-6,0,0,-1,"1100-1159",22,1146,1407,9,1420,1416,-4,0,0,-1,"1400-1459",0,"",0,110,112,81,1,528,3,NA,NA,NA,NA,NA,NA,NA,NA
2011,3,7,29,5,2011-07-29,"FL",20437,"FL","N997AT",876,13487,1348702,31650,"MSP","Minneapolis, MN","MN",27,"Minnesota",63,10397,1039704,30397,"ATL","Atlanta, GA","GA",13,"Georgia",34,1352,1355,3,3,0,0,"1300-1359",9,1404,1705,6,1714,1711,-3,0,0,-1,"1700-1759",0,"",0,142,136,121,1,907,4,NA,NA,NA,NA,NA,NA,NA,NA
2011,3,7,13,3,2011-07-13,"EV",20366,"EV","N707EV",4926,13487,1348702,31650,"MSP","Minneapolis, MN","MN",27,"Minnesota",63,11298,1129803,30194,"DFW","Dallas/Fort Worth, TX","TX",48,"Texas",74,925,924,-1,0,0,-1,"0900-0959",19,943,1137,10,1155,1147,-8,0,0,-1,"1100-1159",0,"",0,150,143,114,1,852,4,NA,NA,NA,NA,NA,NA,NA,NA
2011,3,7,28,4,2011-07-28,"XE",20374,"XE","N13997",2114,13487,1348702,31650,"MSP","Minneapolis, MN","MN",27,"Minnesota",63,11042,1104202,30647,"CLE","Cleveland, OH","OH",39,"Ohio",44,1810,1802,-8,0,0,-1,"1800-1859",13,1815,2040,4,2050,2044,-6,0,0,-1,"2000-2059",0,"",0,100,102,85,1,622,3,NA,NA,NA,NA,NA,NA,NA,NA
2011,3,7,29,5,2011-07-29,"DL",19790,"DL","N775NC",865,13487,1348702,31650,"MSP","Minneapolis, MN","MN",27,"Minnesota",63,11637,1163703,31637,"FAR","Fargo, ND","ND",38,"North Dakota",66,1940,1941,1,1,0,0,"1900-1959",18,1959,2035,5,2047,2040,-7,0,0,-1,"2000-2059",0,"",0,67,59,36,1,223,1,NA,NA,NA,NA,NA,NA,NA,NA
2011,3,7,9,6,2011-07-09,"EV",20366,"EV","N717EV",5573,13487,1348702,31650,"MSP","Minneapolis, MN","MN",27,"Minnesota",63,13871,1387102,33316,"OMA","Omaha, NE","NE",31,"Nebraska",65,2215,2227,12,12,0,0,"2200-2259",10,2237,2322,4,2325,2326,1,1,0,0,"2300-2359",0,"",0,70,59,45,1,282,2,NA,NA,NA,NA,NA,NA,NA,NA
2011,3,7,26,2,2011-07-26,"DL",19790,"DL","N335NW",685,13487,1348702,31650,"MSP","Minneapolis, MN","MN",27,"Minnesota",63,12266,1226603,31453,"IAH","Houston, TX","TX",48,"Texas",74,1920,1916,-4,0,0,-1,"1900-1959",11,1927,2141,7,2211,2148,-23,0,0,-2,"2200-2259",0,"",0,171,152,134,1,1034,5,NA,NA,NA,NA,NA,NA,NA,NA
2011,3,7,18,1,2011-07-18,"DL",19790,"DL","N592NW",2299,13487,1348702,31650,"MSP","Minneapolis, MN","MN",27,"Minnesota",63,10299,1029903,30299,"ANC","Anchorage, AK","AK",2,"Alaska",1,1504,1504,0,0,0,0,"1500-1559",15,1519,1740,4,1754,1744,-10,0,0,-1,"1700-1759",0,"",0,350,340,321,1,2519,11,NA,NA,NA,NA,NA,NA,NA,NA
2011,3,7,7,4,2011-07-07,"DL",19790,"DL","N6716C",1243,13487,1348702,31650,"MSP","Minneapolis, MN","MN",27,"Minnesota",63,11630,1163002,31517,"FAI","Fairbanks, AK","AK",2,"Alaska",1,1724,1723,-1,0,0,-1,"1700-1759",39,1802,2017,6,2012,2023,11,11,0,0,"2000-2059",0,"",0,348,360,315,1,2466,10,NA,NA,NA,NA,NA,NA,NA,NA
2011,3,7,26,2,2011-07-26,"DL",19790,"DL","N366NW",739,13487,1348702,31650,"MSP","Minneapolis, MN","MN",27,"Minnesota",63,11618,1161802,31703,"EWR","Newark, NJ","NJ",34,"New Jersey",21,1919,1913,-6,0,0,-1,"1900-1959",14,1927,2232,18,2258,2250,-8,0,0,-1,"2200-2259",0,"",0,159,157,125,1,1008,5,NA,NA,NA,NA,NA,NA,NA,NA
2011,3,7,11,1,2011-07-11,"DL",19790,"DL","N786NC",959,13487,1348702,31650,"MSP","Minneapolis, MN","MN",27,"Minnesota",63,13198,1319801,33198,"MCI","Kansas City, MO","MO",29,"Missouri",64,1500,1519,19,19,1,1,"1500-1559",17,1536,1635,5,1628,1640,12,12,0,0,"1600-1659",0,"",0,88,81,59,1,393,2,NA,NA,NA,NA,NA,NA,NA,NA
2011,3,7,24,7,2011-07-24,"CO",19704,"CO","N46625",1517,13487,1348702,31650,"MSP","Minneapolis, MN","MN",27,"Minnesota",63,12266,1226603,31453,"IAH","Houston, TX","TX",48,"Texas",74,635,644,9,9,0,0,"0600-0659",15,659,942,6,925,948,23,23,1,1,"0900-0959",0,"",0,170,184,163,1,1034,5,0,0,14,9,0,NA,NA,NA
2011,3,7,25,1,2011-07-25,"OO",20304,"OO","N803SK",4562,13487,1348702,31650,"MSP","Minneapolis, MN","MN",27,"Minnesota",63,10713,1071302,30713,"BOI","Boise, ID","ID",16,"Idaho",83,1710,1710,0,0,0,0,"1700-1759",17,1727,1916,4,1919,1920,1,1,0,0,"1900-1959",0,"",0,189,190,169,1,1142,5,NA,NA,NA,NA,NA,NA,NA,NA
2011,3,7,24,7,2011-07-24,"WN",19393,"WN","N617SW",807,13487,1348702,31650,"MSP","Minneapolis, MN","MN",27,"Minnesota",63,11292,1129202,30325,"DEN","Denver, CO","CO",8,"Colorado",82,1625,1618,-7,0,0,-1,"1600-1659",9,1627,1704,5,1735,1709,-26,0,0,-2,"1700-1759",0,"",0,130,111,97,1,680,3,NA,NA,NA,NA,NA,NA,NA,NA
2011,3,7,23,6,2011-07-23,"DL",19790,"DL","N366NW",1687,13487,1348702,31650,"MSP","Minneapolis, MN","MN",27,"Minnesota",63,14679,1467903,33570,"SAN","San Diego, CA","CA",6,"California",91,925,921,-4,0,0,-1,"0900-0959",49,1010,1133,3,1109,1136,27,27,1,1,"1100-1159",0,"",0,224,255,203,1,1532,7,0,0,27,0,0,NA,NA,NA
2011,3,7,1,5,2011-07-01,"MQ",20398,"MQ","N539MQ",4589,13487,1348702,31650,"MSP","Minneapolis, MN","MN",27,"Minnesota",63,12953,1295302,31703,"LGA","New York, NY","NY",36,"New York",22,1705,1723,18,18,1,1,"1700-1759",15,1738,2054,5,2100,2059,-1,0,0,-1,"2100-2159",0,"",0,175,156,136,1,1020,5,NA,NA,NA,NA,NA,NA,NA,NA
2011,3,7,28,4,2011-07-28,"FL",20437,"FL","N925AT",1439,13487,1348702,31650,"MSP","Minneapolis, MN","MN",27,"Minnesota",63,13204,1320402,31454,"MCO","Orlando, FL","FL",12,"Florida",33,1508,1501,-7,0,0,-1,"1500-1559",12,1513,1905,5,1908,1910,2,2,0,0,"1900-1959",0,"",0,180,189,172,1,1310,6,NA,NA,NA,NA,NA,NA,NA,NA
2011,3,7,31,7,2011-07-31,"DL",19790,"DL","N3753",1596,13487,1348702,31650,"MSP","Minneapolis, MN","MN",27,"Minnesota",63,12953,1295302,31703,"LGA","New York, NY","NY",36,"New York",22,1904,1905,1,1,0,0,"1900-1959",11,1916,2225,15,2248,2240,-8,0,0,-1,"2200-2259",0,"",0,164,155,129,1,1020,5,NA,NA,NA,NA,NA,NA,NA,NA
2011,3,7,6,3,2011-07-06,"DL",19790,"DL","N931DL",924,13487,1348702,31650,"MSP","Minneapolis, MN","MN",27,"Minnesota",63,13342,1334203,33342,"MKE","Milwaukee, WI","WI",55,"Wisconsin",45,1115,NA,NA,NA,NA,NA,"1100-1159",NA,NA,NA,NA,1227,NA,NA,NA,NA,NA,"1200-1259",1,"A",0,72,NA,NA,1,297,2,NA,NA,NA,NA,NA,NA,NA,NA
2011,3,7,7,4,2011-07-07,"DL",19790,"DL","N3766",1403,13487,1348702,31650,"MSP","Minneapolis, MN","MN",27,"Minnesota",63,11697,1169703,32467,"FLL","Fort Lauderdale, FL","FL",12,"Florida",33,1015,1021,6,6,0,0,"1000-1059",14,1035,1441,4,1450,1445,-5,0,0,-1,"1400-1459",0,"",0,215,204,186,1,1487,6,NA,NA,NA,NA,NA,NA,NA,NA
2011,3,7,1,5,2011-07-01,"US",20355,"US","N725UW",1752,13487,1348702,31650,"MSP","Minneapolis, MN","MN",27,"Minnesota",63,14100,1410002,34100,"PHL","Philadelphia, PA","PA",42,"Pennsylvania",23,1344,1341,-3,0,0,-1,"1300-1359",13,1354,1714,10,1715,1724,9,9,0,0,"1700-1759",0,"",0,151,163,140,1,980,4,NA,NA,NA,NA,NA,NA,NA,NA
2011,3,7,24,7,2011-07-24,"DL",19790,"DL","N317NB",1682,13487,1348702,31650,"MSP","Minneapolis, MN","MN",27,"Minnesota",63,10849,1084902,30849,"BZN","Bozeman, MT","MT",30,"Montana",84,900,906,6,6,0,0,"0900-0959",8,914,1015,3,1030,1018,-12,0,0,-1,"1000-1059",0,"",0,150,132,121,1,874,4,NA,NA,NA,NA,NA,NA,NA,NA
2011,3,7,26,2,2011-07-26,"XE",20374,"XE","N21130",2470,13487,1348702,31650,"MSP","Minneapolis, MN","MN",27,"Minnesota",63,11618,1161802,31703,"EWR","Newark, NJ","NJ",34,"New Jersey",21,1110,1119,9,9,0,0,"1100-1159",15,1134,1441,12,1452,1453,1,1,0,0,"1400-1459",0,"",0,162,154,127,1,1008,5,NA,NA,NA,NA,NA,NA,NA,NA
2011,3,7,8,5,2011-07-08,"DL",19790,"DL","N906DA",1963,13487,1348702,31650,"MSP","Minneapolis, MN","MN",27,"Minnesota",63,14107,1410702,30466,"PHX","Phoenix, AZ","AZ",4,"Arizona",81,1430,1428,-2,0,0,-1,"1400-1459",12,1440,1523,5,1548,1528,-20,0,0,-2,"1500-1559",0,"",0,198,180,163,1,1276,6,NA,NA,NA,NA,NA,NA,NA,NA
2011,3,7,15,5,2011-07-15,"DL",19790,"DL","N6713Y",787,13487,1348702,31650,"MSP","Minneapolis, MN","MN",27,"Minnesota",63,10397,1039704,30397,"ATL","Atlanta, GA","GA",13,"Georgia",34,1530,1600,30,30,1,2,"1500-1559",35,1635,1947,14,1903,2001,58,58,1,3,"1900-1959",0,"",0,153,181,132,1,907,4,30,0,28,0,0,NA,NA,NA
2011,3,7,29,5,2011-07-29,"UA",19977,"UA","N479UA",228,13487,1348702,31650,"MSP","Minneapolis, MN","MN",27,"Minnesota",63,14771,1477101,32457,"SFO","San Francisco, CA","CA",6,"California",91,1706,1720,14,14,0,0,"1700-1759",15,1735,1924,6,1912,1930,18,18,1,1,"1900-1959",0,"",0,246,250,229,1,1589,7,7,0,4,0,7,NA,NA,NA
2011,3,7,17,7,2011-07-17,"DL",19790,"DL","N345NB",1226,13487,1348702,31650,"MSP","Minneapolis, MN","MN",27,"Minnesota",63,10529,1052903,30529,"BDL","Hartford, CT","CT",9,"Connecticut",11,1502,1458,-4,0,0,-1,"1500-1559",17,1515,1822,4,1841,1826,-15,0,0,-1,"1800-1859",0,"",0,159,148,127,1,1050,5,NA,NA,NA,NA,NA,NA,NA,NA
2011,3,7,29,5,2011-07-29,"DL",19790,"DL","N618DL",993,13487,1348702,31650,"MSP","Minneapolis, MN","MN",27,"Minnesota",63,14057,1405702,34057,"PDX","Portland, OR","OR",41,"Oregon",92,915,911,-4,0,0,-1,"0900-0959",22,933,1044,2,1054,1046,-8,0,0,-1,"1000-1059",0,"",0,219,215,191,1,1426,6,NA,NA,NA,NA,NA,NA,NA,NA
2011,3,7,22,5,2011-07-22,"DL",19790,"DL","N530US",2009,13487,1348702,31650,"MSP","Minneapolis, MN","MN",27,"Minnesota",63,11292,1129202,30325,"DEN","Denver, CO","CO",8,"Colorado",82,1730,1730,0,0,0,0,"1700-1759",22,1752,1827,8,1839,1835,-4,0,0,-1,"1800-1859",0,"",0,129,125,95,1,680,3,NA,NA,NA,NA,NA,NA,NA,NA
2011,3,7,17,7,2011-07-17,"WN",19393,"WN","N766SW",3210,13487,1348702,31650,"MSP","Minneapolis, MN","MN",27,"Minnesota",63,15016,1501603,31123,"STL","St. Louis, MO","MO",29,"Missouri",64,930,925,-5,0,0,-1,"0900-0959",23,948,1049,2,1055,1051,-4,0,0,-1,"1000-1059",0,"",0,85,86,61,1,448,2,NA,NA,NA,NA,NA,NA,NA,NA
2011,3,7,31,7,2011-07-31,"DL",19790,"DL","N335NB",2077,13487,1348702,31650,"MSP","Minneapolis, MN","MN",27,"Minnesota",63,13930,1393002,30977,"ORD","Chicago, IL","IL",17,"Illinois",41,700,654,-6,0,0,-1,"0700-0759",26,720,814,5,824,819,-5,0,0,-1,"0800-0859",0,"",0,84,85,54,1,334,2,NA,NA,NA,NA,NA,NA,NA,NA
2011,3,7,14,4,2011-07-14,"DL",19790,"DL","N361NW",931,13487,1348702,31650,"MSP","Minneapolis, MN","MN",27,"Minnesota",63,13342,1334203,33342,"MKE","Milwaukee, WI","WI",55,"Wisconsin",45,1304,1301,-3,0,0,-1,"1300-1359",14,1315,1400,5,1415,1405,-10,0,0,-1,"1400-1459",0,"",0,71,64,45,1,297,2,NA,NA,NA,NA,NA,NA,NA,NA
2011,3,7,13,3,2011-07-13,"XE",20374,"XE","N11137",2470,13487,1348702,31650,"MSP","Minneapolis, MN","MN",27,"Minnesota",63,11618,1161802,31703,"EWR","Newark, NJ","NJ",34,"New Jersey",21,1110,1109,-1,0,0,-1,"1100-1159",10,1119,1422,9,1452,1431,-21,0,0,-2,"1400-1459",0,"",0,162,142,123,1,1008,5,NA,NA,NA,NA,NA,NA,NA,NA
2011,3,7,20,3,2011-07-20,"DL",19790,"DL","N317US",921,13487,1348702,31650,"MSP","Minneapolis, MN","MN",27,"Minnesota",63,13342,1334203,33342,"MKE","Milwaukee, WI","WI",55,"Wisconsin",45,710,709,-1,0,0,-1,"0700-0759",21,730,815,4,821,819,-2,0,0,-1,"0800-0859",0,"",0,71,70,45,1,297,2,NA,NA,NA,NA,NA,NA,NA,NA
2011,3,7,15,5,2011-07-15,"DL",19790,"DL","N377DA",1403,13487,1348702,31650,"MSP","Minneapolis, MN","MN",27,"Minnesota",63,11697,1169703,32467,"FLL","Fort Lauderdale, FL","FL",12,"Florida",33,1015,1059,44,44,1,2,"1000-1059",31,1130,1530,4,1450,1534,44,44,1,2,"1400-1459",0,"",0,215,215,180,1,1487,6,0,16,0,0,28,NA,NA,NA
2011,3,7,10,7,2011-07-10,"OO",20304,"OO","N432SW",4708,13487,1348702,31650,"MSP","Minneapolis, MN","MN",27,"Minnesota",63,10693,1069302,30693,"BNA","Nashville, TN","TN",47,"Tennessee",54,1930,1926,-4,0,0,-1,"1900-1959",19,1945,2122,6,2139,2128,-11,0,0,-1,"2100-2159",0,"",0,129,122,97,1,695,3,NA,NA,NA,NA,NA,NA,NA,NA
2011,3,7,4,1,2011-07-04,"DL",19790,"DL","N320US",1467,13487,1348702,31650,"MSP","Minneapolis, MN","MN",27,"Minnesota",63,13486,1348602,33486,"MSO","Missoula, MT","MT",30,"Montana",84,2205,2215,10,10,0,0,"2200-2259",16,2231,2356,5,2352,1,9,9,0,0,"2300-2359",0,"",0,167,166,145,1,1013,5,NA,NA,NA,NA,NA,NA,NA,NA
2011,3,7,31,7,2011-07-31,"OO",20304,"OO","N423SW",4656,13487,1348702,31650,"MSP","Minneapolis, MN","MN",27,"Minnesota",63,12278,1227802,30928,"ICT","Wichita, KS","KS",20,"Kansas",62,1420,1413,-7,0,0,-1,"1400-1459",17,1430,1546,15,1608,1601,-7,0,0,-1,"1600-1659",0,"",0,108,108,76,1,545,3,NA,NA,NA,NA,NA,NA,NA,NA
2011,3,7,1,5,2011-07-01,"US",20355,"US","N703UW",1897,13487,1348702,31650,"MSP","Minneapolis, MN","MN",27,"Minnesota",63,11057,1105703,31057,"CLT","Charlotte, NC","NC",37,"North Carolina",36,1720,1704,-16,0,0,-2,"1700-1759",27,1731,2031,21,2049,2052,3,3,0,0,"2000-2059",0,"",0,149,168,120,1,930,4,NA,NA,NA,NA,NA,NA,NA,NA
2011,3,7,28,4,2011-07-28,"DL",19790,"DL","N370NW",1451,13487,1348702,31650,"MSP","Minneapolis, MN","MN",27,"Minnesota",63,12889,1288903,32211,"LAS","Las Vegas, NV","NV",32,"Nevada",85,2210,2203,-7,0,0,-1,"2200-2259",18,2221,2310,6,2330,2316,-14,0,0,-1,"2300-2359",0,"",0,200,193,169,1,1299,6,NA,NA,NA,NA,NA,NA,NA,NA
2011,3,7,22,5,2011-07-22,"DL",19790,"DL","N324NB",1246,13487,1348702,31650,"MSP","Minneapolis, MN","MN",27,"Minnesota",63,11648,1164802,31648,"FCA","Kalispell, MT","MT",30,"Montana",84,2155,2151,-4,0,0,-1,"2100-2159",13,2204,2334,5,2347,2339,-8,0,0,-1,"2300-2359",0,"",0,172,168,150,1,1026,5,NA,NA,NA,NA,NA,NA,NA,NA
2011,3,7,26,2,2011-07-26,"MQ",20398,"MQ","N527MQ",4586,13487,1348702,31650,"MSP","Minneapolis, MN","MN",27,"Minnesota",63,12953,1295302,31703,"LGA","New York, NY","NY",36,"New York",22,840,840,0,0,0,0,"0800-0859",22,902,1202,5,1220,1207,-13,0,0,-1,"1200-1259",0,"",0,160,147,120,1,1020,5,NA,NA,NA,NA,NA,NA,NA,NA
2011,3,7,18,1,2011-07-18,"DL",19790,"DL","N907DA",1588,13487,1348702,31650,"MSP","Minneapolis, MN","MN",27,"Minnesota",63,14100,1410002,34100,"PHL","Philadelphia, PA","PA",42,"Pennsylvania",23,1535,1535,0,0,0,0,"1500-1559",29,1604,1920,4,1912,1924,12,12,0,0,"1900-1959",0,"",0,157,169,136,1,980,4,NA,NA,NA,NA,NA,NA,NA,NA
2011,3,7,12,2,2011-07-12,"DL",19790,"DL","N903DA",2341,13487,1348702,31650,"MSP","Minneapolis, MN","MN",27,"Minnesota",63,13871,1387102,33316,"OMA","Omaha, NE","NE",31,"Nebraska",65,1920,1957,37,37,1,2,"1900-1959",12,2009,2051,4,2028,2055,27,27,1,1,"2000-2059",0,"",0,68,58,42,1,282,2,0,0,0,0,27,NA,NA,NA
2011,3,7,19,2,2011-07-19,"DL",19790,"DL","N911DA",1464,13487,1348702,31650,"MSP","Minneapolis, MN","MN",27,"Minnesota",63,11278,1127802,30852,"DCA","Washington, DC","VA",51,"Virginia",38,735,730,-5,0,0,-1,"0700-0759",15,745,1041,7,1104,1048,-16,0,0,-2,"1100-1159",0,"",0,149,138,116,1,931,4,NA,NA,NA,NA,NA,NA,NA,NA
2011,3,7,29,5,2011-07-29,"OO",20304,"OO","N455SW",4547,13487,1348702,31650,"MSP","Minneapolis, MN","MN",27,"Minnesota",63,11775,1177502,31775,"FSD","Sioux Falls, SD","SD",46,"South Dakota",67,1530,1533,3,3,0,0,"1500-1559",20,1553,1626,4,1633,1630,-3,0,0,-1,"1600-1659",0,"",0,63,57,33,1,196,1,NA,NA,NA,NA,NA,NA,NA,NA
2011,3,7,2,6,2011-07-02,"DL",19790,"DL","N910DN",1464,13487,1348702,31650,"MSP","Minneapolis, MN","MN",27,"Minnesota",63,11278,1127802,30852,"DCA","Washington, DC","VA",51,"Virginia",38,735,728,-7,0,0,-1,"0700-0759",23,751,1050,15,1104,1105,1,1,0,0,"1100-1159",0,"",0,149,157,119,1,931,4,NA,NA,NA,NA,NA,NA,NA,NA
2011,3,7,16,6,2011-07-16,"EV",20366,"EV","N317CA",4894,13487,1348702,31650,"MSP","Minneapolis, MN","MN",27,"Minnesota",63,10257,1025702,30257,"ALB","Albany, NY","NY",36,"New York",22,1905,1906,1,1,0,0,"1900-1959",17,1923,2224,4,2234,2228,-6,0,0,-1,"2200-2259",0,"",0,149,142,121,1,980,4,NA,NA,NA,NA,NA,NA,NA,NA
2011,3,7,22,5,2011-07-22,"DL",19790,"DL","N125DL",1653,13487,1348702,31650,"MSP","Minneapolis, MN","MN",27,"Minnesota",63,14747,1474703,30559,"SEA","Seattle, WA","WA",53,"Washington",93,735,729,-6,0,0,-1,"0700-0759",14,743,854,7,918,901,-17,0,0,-2,"0900-0959",0,"",0,223,212,191,1,1399,6,NA,NA,NA,NA,NA,NA,NA,NA
2011,3,7,11,1,2011-07-11,"DL",19790,"DL","N531US",1089,13487,1348702,31650,"MSP","Minneapolis, MN","MN",27,"Minnesota",63,10299,1029903,30299,"ANC","Anchorage, AK","AK",2,"Alaska",1,2145,2157,12,12,0,0,"2100-2159",20,2217,35,7,30,42,12,12,0,0,"0001-0559",0,"",0,345,345,318,1,2519,11,NA,NA,NA,NA,NA,NA,NA,NA
2011,3,7,12,2,2011-07-12,"DL",19790,"DL","N3767",1589,13487,1348702,31650,"MSP","Minneapolis, MN","MN",27,"Minnesota",63,12264,1226402,30852,"IAD","Washington, DC","VA",51,"Virginia",38,1905,1900,-5,0,0,-1,"1900-1959",10,1910,2158,6,2224,2204,-20,0,0,-2,"2200-2259",0,"",0,139,124,108,1,908,4,NA,NA,NA,NA,NA,NA,NA,NA
2011,3,7,26,2,2011-07-26,"DL",19790,"DL","N902DA",2185,13487,1348702,31650,"MSP","Minneapolis, MN","MN",27,"Minnesota",63,14831,1483103,32457,"SJC","San Jose, CA","CA",6,"California",91,915,909,-6,0,0,-1,"0900-0959",27,936,1108,5,1125,1113,-12,0,0,-1,"1100-1159",0,"",0,250,244,212,1,1576,7,NA,NA,NA,NA,NA,NA,NA,NA
2011,3,7,17,7,2011-07-17,"AA",19805,"AA","N426AA",1235,13487,1348702,31650,"MSP","Minneapolis, MN","MN",27,"Minnesota",63,13930,1393002,30977,"ORD","Chicago, IL","IL",17,"Illinois",41,1750,1743,-7,0,0,-1,"1700-1759",18,1801,1859,19,1920,1918,-2,0,0,-1,"1900-1959",0,"",0,90,95,58,1,334,2,NA,NA,NA,NA,NA,NA,NA,NA
2011,3,7,4,1,2011-07-04,"MQ",20398,"MQ","N525MQ",3732,13487,1348702,31650,"MSP","Minneapolis, MN","MN",27,"Minnesota",63,13930,1393002,30977,"ORD","Chicago, IL","IL",17,"Illinois",41,1535,1536,1,1,0,0,"1500-1559",21,1557,1650,9,1705,1659,-6,0,0,-1,"1700-1759",0,"",0,90,83,53,1,334,2,NA,NA,NA,NA,NA,NA,NA,NA
2011,3,7,20,3,2011-07-20,"DL",19790,"DL","N778NC",820,13487,1348702,31650,"MSP","Minneapolis, MN","MN",27,"Minnesota",63,11637,1163703,31637,"FAR","Fargo, ND","ND",38,"North Dakota",66,1135,1134,-1,0,0,-1,"1100-1159",24,1158,1234,4,1240,1238,-2,0,0,-1,"1200-1259",0,"",0,65,64,36,1,223,1,NA,NA,NA,NA,NA,NA,NA,NA
2011,3,7,31,7,2011-07-31,"DL",19790,"DL","N339NW",759,13487,1348702,31650,"MSP","Minneapolis, MN","MN",27,"Minnesota",63,11884,1188402,31884,"GEG","Spokane, WA","WA",53,"Washington",93,1730,1720,-10,0,0,-1,"1700-1759",21,1741,1821,4,1835,1825,-10,0,0,-1,"1800-1859",0,"",0,185,185,160,1,1175,5,NA,NA,NA,NA,NA,NA,NA,NA
2011,3,7,27,3,2011-07-27,"DL",19790,"DL","N907DA",1851,13487,1348702,31650,"MSP","Minneapolis, MN","MN",27,"Minnesota",63,12889,1288903,32211,"LAS","Las Vegas, NV","NV",32,"Nevada",85,702,NA,NA,NA,NA,NA,"0700-0759",NA,NA,NA,NA,831,NA,NA,NA,NA,NA,"0800-0859",1,"A",0,209,NA,NA,1,1299,6,NA,NA,NA,NA,NA,NA,NA,NA
2011,3,7,17,7,2011-07-17,"DL",19790,"DL","N361NW",2259,13487,1348702,31650,"MSP","Minneapolis, MN","MN",27,"Minnesota",63,14869,1486903,34614,"SLC","Salt Lake City, UT","UT",49,"Utah",87,1115,1116,1,1,0,0,"1100-1159",10,1126,1249,5,1307,1254,-13,0,0,-1,"1300-1359",0,"",0,172,158,143,1,991,4,NA,NA,NA,NA,NA,NA,NA,NA
2011,3,7,12,2,2011-07-12,"DL",19790,"DL","N924DN",1466,13487,1348702,31650,"MSP","Minneapolis, MN","MN",27,"Minnesota",63,11066,1106602,31066,"CMH","Columbus, OH","OH",39,"Ohio",44,1535,1526,-9,0,0,-1,"1500-1559",18,1544,1807,5,1826,1812,-14,0,0,-1,"1800-1859",0,"",0,111,106,83,1,626,3,NA,NA,NA,NA,NA,NA,NA,NA
