"Year","Quarter","Month","DayofMonth","DayOfWeek","FlightDate","UniqueCarrier","AirlineID","Carrier","TailNum","FlightNum","OriginAirportID","OriginAirportSeqID","OriginCityMarketID","Origin","OriginCityName","OriginState","OriginStateFips","OriginStateName","OriginWac","DestAirportID","DestAirportSeqID","DestCityMarketID","Dest","DestCityName","DestState","DestStateFips","DestStateName","DestWac","CRSDepTime","DepTime","DepDelay","DepDelayMinutes","DepDel15","DepartureDelayGroups","DepTimeBlk","TaxiOut","WheelsOff","WheelsOn","TaxiIn","CRSArrTime","ArrTime","ArrDelay","ArrDelayMinutes","ArrDel15","ArrivalDelayGroups","ArrTimeBlk","Cancelled","CancellationCode","Diverted","CRSElapsedTime","ActualElapsedTime","AirTime","Flights","Distance","DistanceGroup","CarrierDelay","WeatherDelay","NASDelay","SecurityDelay","LateAircraftDelay","FirstDepTime","TotalAddGTime","LongestAddGTime"
2012,1,3,25,7,2012-03-25,"EV",20366,"EV","N971EV",5604,10397,1039704,30397,"ATL","Atlanta, GA","GA",13,"Georgia",34,10868,1086803,30868,"CAE","Columbia, SC","SC",45,"South Carolina",37,2210,2206,-4,0,0,-1,"2200-2259",22,2228,2304,4,2308,2308,0,0,0,0,"2300-2359",0,"",0,58,62,36,1,192,1,NA,NA,NA,NA,NA,NA,NA,NA
2012,1,3,17,6,2012-03-17,"FL",20437,"FL","N936AT",190,10397,1039704,30397,"ATL","Atlanta, GA","GA",13,"Georgia",34,11278,1127802,30852,"DCA","Washington, DC","VA",51,"Virginia",38,2100,2100,0,0,0,0,"2100-2159",11,2111,2235,7,2244,2242,-2,0,0,-1,"2200-2259",0,"",0,104,102,84,1,547,3,NA,NA,NA,NA,NA,NA,NA,NA
2012,1,3,22,4,2012-03-22,"FL",20437,"FL","N977AT",984,10397,1039704,30397,"ATL","Atlanta, GA","GA",13,"Georgia",34,14122,1412202,30198,"PIT","Pittsburgh, PA","PA",42,"Pennsylvania",23,1138,1134,-4,0,0,-1,"1100-1159",9,1143,1254,10,1317,1304,-13,0,0,-1,"1300-1359",0,"",0,99,90,71,1,526,3,NA,NA,NA,NA,NA,NA,NA,NA
2012,1,3,12,1,2012-03-12,"DL",19790,"DL","N782NC",1665,10397,1039704,30397,"ATL","Atlanta, GA","GA",13,"Georgia",34,12217,1221702,30255,"HSV","Huntsville, AL","AL",1,"Alabama",51,1528,1535,7,7,0,0,"1500-1559",20,1555,1530,4,1530,1534,4,4,0,0,"1500-1559",0,"",0,62,59,35,1,151,1,NA,NA,NA,NA,NA,NA,NA,NA
2012,1,3,14,3,2012-03-14,"DL",19790,"DL","N552NW",2046,10397,1039704,30397,"ATL","Atlanta, GA","GA",13,"Georgia",34,14107,1410702,30466,"PHX","Phoenix, AZ","AZ",4,"Arizona",81,1340,1341,1,1,0,0,"1300-1359",37,1418,1453,5,1454,1458,4,4,0,0,"1400-1459",0,"",0,254,257,215,1,1587,7,NA,NA,NA,NA,NA,NA,NA,NA
2012,1,3,24,6,2012-03-24,"DL",19790,"DL","N908DA",1824,10397,1039704,30397,"ATL","Atlanta, GA","GA",13,"Georgia",34,10821,1082103,30852,"BWI","Baltimore, MD","MD",24,"Maryland",35,1510,1539,29,29,1,1,"1500-1559",20,1559,1717,7,1705,1724,19,19,1,1,"1700-1759",0,"",0,115,105,78,1,577,3,19,0,0,0,0,NA,NA,NA
2012,1,3,5,1,2012-03-05,"DL",19790,"DL","N317US",1200,10397,1039704,30397,"ATL","Atlanta, GA","GA",13,"Georgia",34,10721,1072102,30721,"BOS","Boston, MA","MA",25,"Massachusetts",13,955,953,-2,0,0,-1,"0900-0959",21,1014,1214,7,1237,1221,-16,0,0,-2,"1200-1259",0,"",0,162,148,120,1,946,4,NA,NA,NA,NA,NA,NA,NA,NA
2012,1,3,18,7,2012-03-18,"EV",20366,"EV","N876AS",5294,10397,1039704,30397,"ATL","Atlanta, GA","GA",13,"Georgia",34,12992,1299203,32600,"LIT","Little Rock, AR","AR",5,"Arkansas",71,1735,1734,-1,0,0,-1,"1700-1759",11,1745,1752,4,1816,1756,-20,0,0,-2,"1800-1859",0,"",0,101,82,67,1,453,2,NA,NA,NA,NA,NA,NA,NA,NA
2012,1,3,28,3,2012-03-28,"FL",20437,"FL","N923AT",532,10397,1039704,30397,"ATL","Atlanta, GA","GA",13,"Georgia",34,13244,1324402,33244,"MEM","Memphis, TN","TN",47,"Tennessee",54,1338,1333,-5,0,0,-1,"1300-1359",12,1345,1335,3,1353,1338,-15,0,0,-1,"1300-1359",0,"",0,75,65,50,1,332,2,NA,NA,NA,NA,NA,NA,NA,NA
2012,1,3,4,7,2012-03-04,"DL",19790,"DL","N302NB",1163,10397,1039704,30397,"ATL","Atlanta, GA","GA",13,"Georgia",34,13198,1319801,33198,"MCI","Kansas City, MO","MO",29,"Missouri",64,1053,1051,-2,0,0,-1,"1000-1059",16,1107,1204,4,1212,1208,-4,0,0,-1,"1200-1259",0,"",0,139,137,117,1,692,3,NA,NA,NA,NA,NA,NA,NA,NA
2012,1,3,22,4,2012-03-22,"DL",19790,"DL","N996DL",1420,10397,1039704,30397,"ATL","Atlanta, GA","GA",13,"Georgia",34,11481,1148102,31481,"ECP","Panama City, FL","FL",12,"Florida",33,1930,1935,5,5,0,0,"1900-1959",23,1958,1942,5,1947,1947,0,0,0,0,"1900-1959",0,"",0,77,72,44,1,240,1,NA,NA,NA,NA,NA,NA,NA,NA
2012,1,3,22,4,2012-03-22,"EV",20366,"EV","N853AS",5173,10397,1039704,30397,"ATL","Atlanta, GA","GA",13,"Georgia",34,11996,1199603,31871,"GSP","Greer, SC","SC",45,"South Carolina",37,1120,1116,-4,0,0,-1,"1100-1159",23,1139,1206,3,1221,1209,-12,0,0,-1,"1200-1259",0,"",0,61,53,27,1,153,1,NA,NA,NA,NA,NA,NA,NA,NA
2012,1,3,4,7,2012-03-04,"DL",19790,"DL","N532US",2227,10397,1039704,30397,"ATL","Atlanta, GA","GA",13,"Georgia",34,11697,1169703,32467,"FLL","Fort Lauderdale, FL","FL",12,"Florida",33,1730,1732,2,2,0,0,"1700-1759",32,1804,1933,6,1925,1939,14,14,0,0,"1900-1959",0,"",0,115,127,89,1,581,3,NA,NA,NA,NA,NA,NA,NA,NA
2012,1,3,12,1,2012-03-12,"US",20355,"US","N768US",1480,10397,1039704,30397,"ATL","Atlanta, GA","GA",13,"Georgia",34,11057,1105703,31057,"CLT","Charlotte, NC","NC",37,"North Carolina",36,1400,1356,-4,0,0,-1,"1400-1459",37,1433,1517,5,1514,1522,8,8,0,0,"1500-1559",0,"",0,74,86,44,1,226,1,NA,NA,NA,NA,NA,NA,NA,NA
2012,1,3,28,3,2012-03-28,"EV",20366,"EV","N880AS",5298,10397,1039704,30397,"ATL","Atlanta, GA","GA",13,"Georgia",34,10980,1098002,30980,"CHA","Chattanooga, TN","TN",47,"Tennessee",54,1905,1900,-5,0,0,-1,"1900-1959",13,1913,1934,3,1955,1937,-18,0,0,-2,"1900-1959",0,"",0,50,37,21,1,106,1,NA,NA,NA,NA,NA,NA,NA,NA
2012,1,3,19,1,2012-03-19,"DL",19790,"DL","N927DN",904,10397,1039704,30397,"ATL","Atlanta, GA","GA",13,"Georgia",34,14492,1449202,34492,"RDU","Raleigh/Durham, NC","NC",37,"North Carolina",36,1845,1843,-2,0,0,-1,"1800-1859",14,1857,1954,4,2011,1958,-13,0,0,-1,"2000-2059",0,"",0,86,75,57,1,356,2,NA,NA,NA,NA,NA,NA,NA,NA
2012,1,3,10,6,2012-03-10,"DL",19790,"DL","N364NB",1778,10397,1039704,30397,"ATL","Atlanta, GA","GA",13,"Georgia",34,13244,1324402,33244,"MEM","Memphis, TN","TN",47,"Tennessee",54,2045,2045,0,0,0,0,"2000-2059",20,2105,2111,7,2119,2118,-1,0,0,-1,"2100-2159",0,"",0,94,93,66,1,332,2,NA,NA,NA,NA,NA,NA,NA,NA
2012,1,3,17,6,2012-03-17,"DL",19790,"DL","N651DL",1286,10397,1039704,30397,"ATL","Atlanta, GA","GA",13,"Georgia",34,12953,1295302,31703,"LGA","New York, NY","NY",36,"New York",22,2140,2136,-4,0,0,-1,"2100-2159",16,2152,2340,12,2359,2352,-7,0,0,-1,"2300-2359",0,"",0,139,136,108,1,762,4,NA,NA,NA,NA,NA,NA,NA,NA
2012,1,3,26,1,2012-03-26,"FL",20437,"FL","N915AT",135,10397,1039704,30397,"ATL","Atlanta, GA","GA",13,"Georgia",34,15304,1530402,33195,"TPA","Tampa, FL","FL",12,"Florida",33,1407,1358,-9,0,0,-1,"1400-1459",23,1421,1522,4,1530,1526,-4,0,0,-1,"1500-1559",0,"",0,83,88,61,1,406,2,NA,NA,NA,NA,NA,NA,NA,NA
2012,1,3,23,5,2012-03-23,"DL",19790,"DL","N995DL",2212,10397,1039704,30397,"ATL","Atlanta, GA","GA",13,"Georgia",34,14193,1419303,33728,"PNS","Pensacola, FL","FL",12,"Florida",33,811,807,-4,0,0,-1,"0800-0859",11,818,805,5,831,810,-21,0,0,-2,"0800-0859",0,"",0,80,63,47,1,271,2,NA,NA,NA,NA,NA,NA,NA,NA
2012,1,3,12,1,2012-03-12,"EV",20366,"EV","N971EV",5541,10397,1039704,30397,"ATL","Atlanta, GA","GA",13,"Georgia",34,10208,1020803,30208,"AGS","Augusta, GA","GA",13,"Georgia",34,1035,1035,0,0,0,0,"1000-1059",16,1051,1117,3,1135,1120,-15,0,0,-1,"1100-1159",0,"",0,60,45,26,1,143,1,NA,NA,NA,NA,NA,NA,NA,NA
2012,1,3,29,4,2012-03-29,"DL",19790,"DL","N661DN",75,10397,1039704,30397,"ATL","Atlanta, GA","GA",13,"Georgia",34,11433,1143302,31295,"DTW","Detroit, MI","MI",26,"Michigan",43,1905,1905,0,0,0,0,"1900-1959",21,1926,2052,12,2110,2104,-6,0,0,-1,"2100-2159",0,"",0,125,119,86,1,594,3,NA,NA,NA,NA,NA,NA,NA,NA
2012,1,3,3,6,2012-03-03,"DL",19790,"DL","N6706Q",1873,10397,1039704,30397,"ATL","Atlanta, GA","GA",13,"Georgia",34,13303,1330303,32467,"MIA","Miami, FL","FL",12,"Florida",33,1740,1807,27,27,1,1,"1700-1759",20,1827,1956,8,1936,2004,28,28,1,1,"1900-1959",0,"",0,116,117,89,1,594,3,0,0,1,0,27,NA,NA,NA
2012,1,3,25,7,2012-03-25,"DL",19790,"DL","N3753",2178,10397,1039704,30397,"ATL","Atlanta, GA","GA",13,"Georgia",34,15249,1524902,35249,"TLH","Tallahassee, FL","FL",12,"Florida",33,1935,1929,-6,0,0,-1,"1900-1959",19,1948,2024,4,2048,2028,-20,0,0,-2,"2000-2059",0,"",0,73,59,36,1,223,1,NA,NA,NA,NA,NA,NA,NA,NA
2012,1,3,25,7,2012-03-25,"DL",19790,"DL","N920DE",2394,10397,1039704,30397,"ATL","Atlanta, GA","GA",13,"Georgia",34,14100,1410002,34100,"PHL","Philadelphia, PA","PA",42,"Pennsylvania",23,1756,1804,8,8,0,0,"1700-1759",20,1824,2007,7,2012,2014,2,2,0,0,"2000-2059",0,"",0,136,130,103,1,666,3,NA,NA,NA,NA,NA,NA,NA,NA
2012,1,3,30,5,2012-03-30,"DL",19790,"DL","N960DL",335,10397,1039704,30397,"ATL","Atlanta, GA","GA",13,"Georgia",34,11057,1105703,31057,"CLT","Charlotte, NC","NC",37,"North Carolina",36,1455,1452,-3,0,0,-1,"1400-1459",18,1510,1550,6,1616,1556,-20,0,0,-2,"1600-1659",0,"",0,81,64,40,1,226,1,NA,NA,NA,NA,NA,NA,NA,NA
2012,1,3,4,7,2012-03-04,"DL",19790,"DL","N935DL",1072,10397,1039704,30397,"ATL","Atlanta, GA","GA",13,"Georgia",34,14986,1498603,34986,"SRQ","Sarasota/Bradenton, FL","FL",12,"Florida",33,1615,1611,-4,0,0,-1,"1600-1659",23,1634,1737,6,1752,1743,-9,0,0,-1,"1700-1759",0,"",0,97,92,63,1,444,2,NA,NA,NA,NA,NA,NA,NA,NA
2012,1,3,23,5,2012-03-23,"DL",19790,"DL","N995DL",2212,10397,1039704,30397,"ATL","Atlanta, GA","GA",13,"Georgia",34,14193,1419303,33728,"PNS","Pensacola, FL","FL",12,"Florida",33,811,807,-4,0,0,-1,"0800-0859",11,818,805,5,831,810,-21,0,0,-2,"0800-0859",0,"",0,80,63,47,1,271,2,NA,NA,NA,NA,NA,NA,NA,NA
2012,1,3,27,2,2012-03-27,"DL",19790,"DL","N538US",427,10397,1039704,30397,"ATL","Atlanta, GA","GA",13,"Georgia",34,14843,1484303,34819,"SJU","San Juan, PR","PR",72,"Puerto Rico",3,825,825,0,0,0,0,"0800-0859",17,842,1141,6,1154,1147,-7,0,0,-1,"1100-1159",0,"",0,209,202,179,1,1547,7,NA,NA,NA,NA,NA,NA,NA,NA
2012,1,3,16,5,2012-03-16,"EV",20366,"EV","N682BR",5474,10397,1039704,30397,"ATL","Atlanta, GA","GA",13,"Georgia",34,11150,1115002,31150,"CSG","Columbus, GA","GA",13,"Georgia",34,1614,1723,69,69,1,4,"1600-1659",31,1754,1814,4,1703,1818,75,75,1,5,"1700-1759",0,"",0,49,55,20,1,83,1,69,0,6,0,0,NA,NA,NA
2012,1,3,1,4,2012-03-01,"DL",19790,"DL","N925DN",1838,10397,1039704,30397,"ATL","Atlanta, GA","GA",13,"Georgia",34,11278,1127802,30852,"DCA","Washington, DC","VA",51,"Virginia",38,1715,1817,62,62,1,4,"1700-1759",28,1845,1959,13,1901,2012,71,71,1,4,"1900-1959",0,"",0,106,115,74,1,547,3,0,0,9,0,62,NA,NA,NA
2012,1,3,15,4,2012-03-15,"EV",20366,"EV","N846AS",5225,10397,1039704,30397,"ATL","Atlanta, GA","GA",13,"Georgia",34,11003,1100303,31003,"CID","Cedar Rapids/Iowa City, IA","IA",19,"Iowa",61,1918,1927,9,9,0,0,"1900-1959",18,1945,2021,5,2034,2026,-8,0,0,-1,"2000-2059",0,"",0,136,119,96,1,694,3,NA,NA,NA,NA,NA,NA,NA,NA
2012,1,3,13,2,2012-03-13,"EV",20366,"EV","N859AS",5076,10397,1039704,30397,"ATL","Atlanta, GA","GA",13,"Georgia",34,15919,1591902,31834,"XNA","Fayetteville, AR","AR",5,"Arkansas",71,2205,2202,-3,0,0,-1,"2200-2259",21,2223,2248,3,2302,2251,-11,0,0,-1,"2300-2359",0,"",0,117,109,85,1,589,3,NA,NA,NA,NA,NA,NA,NA,NA
2012,1,3,8,4,2012-03-08,"EV",20366,"EV","N686BR",5293,10397,1039704,30397,"ATL","Atlanta, GA","GA",13,"Georgia",34,10431,1043102,30431,"AVL","Asheville, NC","NC",37,"North Carolina",36,830,823,-7,0,0,-1,"0800-0859",18,841,915,2,930,917,-13,0,0,-1,"0900-0959",0,"",0,60,54,34,1,164,1,NA,NA,NA,NA,NA,NA,NA,NA
2012,1,3,30,5,2012-03-30,"DL",19790,"DL","N319NB",1914,10397,1039704,30397,"ATL","Atlanta, GA","GA",13,"Georgia",34,15624,1562401,31504,"VPS","Valparaiso, FL","FL",12,"Florida",33,1630,NA,NA,NA,NA,NA,"1600-1659",NA,NA,NA,NA,1647,NA,NA,NA,NA,NA,"1600-1659",1,"A",0,77,NA,NA,1,250,2,NA,NA,NA,NA,NA,NA,NA,NA
2012,1,3,7,3,2012-03-07,"FL",20437,"FL","N330AT",173,10397,1039704,30397,"ATL","Atlanta, GA","GA",13,"Georgia",34,14635,1463502,31714,"RSW","Fort Myers, FL","FL",12,"Florida",33,905,854,-11,0,0,-1,"0900-0959",11,905,1023,18,1050,1041,-9,0,0,-1,"1000-1059",0,"",0,105,107,78,1,515,3,NA,NA,NA,NA,NA,NA,NA,NA
2012,1,3,7,3,2012-03-07,"US",20355,"US","N722US",1952,10397,1039704,30397,"ATL","Atlanta, GA","GA",13,"Georgia",34,11057,1105703,31057,"CLT","Charlotte, NC","NC",37,"North Carolina",36,1953,1952,-1,0,0,-1,"1900-1959",28,2020,2101,4,2115,2105,-10,0,0,-1,"2100-2159",0,"",0,82,73,41,1,226,1,NA,NA,NA,NA,NA,NA,NA,NA
2012,1,3,5,1,2012-03-05,"EV",20366,"EV","N919EV",5400,10397,1039704,30397,"ATL","Atlanta, GA","GA",13,"Georgia",34,15323,1532302,35323,"TRI","Bristol/Johnson City/Kingsport, TN","TN",47,"Tennessee",54,1705,1659,-6,0,0,-1,"1700-1759",12,1711,1754,4,1810,1758,-12,0,0,-1,"1800-1859",0,"",0,65,59,43,1,227,1,NA,NA,NA,NA,NA,NA,NA,NA
2012,1,3,16,5,2012-03-16,"DL",19790,"DL","N904DA",1087,10397,1039704,30397,"ATL","Atlanta, GA","GA",13,"Georgia",34,11252,1125203,31252,"DAB","Daytona Beach, FL","FL",12,"Florida",33,1200,1154,-6,0,0,-1,"1200-1259",17,1211,1312,4,1322,1316,-6,0,0,-1,"1300-1359",0,"",0,82,82,61,1,366,2,NA,NA,NA,NA,NA,NA,NA,NA
2012,1,3,5,1,2012-03-05,"EV",20366,"EV","N902EV",4958,10397,1039704,30397,"ATL","Atlanta, GA","GA",13,"Georgia",34,11481,1148102,31481,"ECP","Panama City, FL","FL",12,"Florida",33,1720,1807,47,47,1,3,"1700-1759",22,1829,1808,2,1728,1810,42,42,1,2,"1700-1759",0,"",0,68,63,39,1,240,1,42,0,0,0,0,NA,NA,NA
2012,1,3,5,1,2012-03-05,"DL",19790,"DL","N640DL",1756,10397,1039704,30397,"ATL","Atlanta, GA","GA",13,"Georgia",34,13360,1336003,33360,"MLB","Melbourne, FL","FL",12,"Florida",33,2055,2049,-6,0,0,-1,"2000-2059",18,2107,2208,4,2231,2212,-19,0,0,-2,"2200-2259",0,"",0,96,83,61,1,442,2,NA,NA,NA,NA,NA,NA,NA,NA
2012,1,3,1,4,2012-03-01,"DL",19790,"DL","N953DL",1430,10397,1039704,30397,"ATL","Atlanta, GA","GA",13,"Georgia",34,11481,1148102,31481,"ECP","Panama City, FL","FL",12,"Florida",33,1509,1505,-4,0,0,-1,"1500-1559",37,1542,1525,6,1520,1531,11,11,0,0,"1500-1559",0,"",0,71,86,43,1,240,1,NA,NA,NA,NA,NA,NA,NA,NA
2012,1,3,24,6,2012-03-24,"WN",19393,"WN","N203WN",933,10397,1039704,30397,"ATL","Atlanta, GA","GA",13,"Georgia",34,12889,1288903,32211,"LAS","Las Vegas, NV","NV",32,"Nevada",85,700,659,-1,0,0,-1,"0700-0759",14,713,810,5,835,815,-20,0,0,-2,"0800-0859",0,"",0,275,256,237,1,1747,7,NA,NA,NA,NA,NA,NA,NA,NA
2012,1,3,11,7,2012-03-11,"AA",19805,"AA","N482AA",1371,10397,1039704,30397,"ATL","Atlanta, GA","GA",13,"Georgia",34,11298,1129803,30194,"DFW","Dallas/Fort Worth, TX","TX",48,"Texas",74,700,651,-9,0,0,-1,"0700-0759",11,702,804,10,830,814,-16,0,0,-2,"0800-0859",0,"",0,150,143,122,1,731,3,NA,NA,NA,NA,NA,NA,NA,NA
2012,1,3,14,3,2012-03-14,"DL",19790,"DL","N654DL",1151,10397,1039704,30397,"ATL","Atlanta, GA","GA",13,"Georgia",34,14771,1477101,32457,"SFO","San Francisco, CA","CA",6,"California",91,1345,1444,59,59,1,3,"1300-1359",27,1511,1654,5,1604,1659,55,55,1,3,"1600-1659",0,"",0,319,315,283,1,2139,9,0,0,55,0,0,NA,NA,NA
2012,1,3,31,6,2012-03-31,"EV",20366,"EV","N930EV",5013,10397,1039704,30397,"ATL","Atlanta, GA","GA",13,"Georgia",34,13577,1357702,31135,"MYR","Myrtle Beach, SC","SC",45,"South Carolina",37,1035,1037,2,2,0,0,"1000-1059",25,1102,1151,3,1155,1154,-1,0,0,-1,"1100-1159",0,"",0,80,77,49,1,317,2,NA,NA,NA,NA,NA,NA,NA,NA
2012,1,3,31,6,2012-03-31,"DL",19790,"DL","N916DL",1502,10397,1039704,30397,"ATL","Atlanta, GA","GA",13,"Georgia",34,12451,1245102,31136,"JAX","Jacksonville, FL","FL",12,"Florida",33,1207,1205,-2,0,0,-1,"1200-1259",13,1218,1304,15,1318,1319,1,1,0,0,"1300-1359",0,"",0,71,74,46,1,270,2,NA,NA,NA,NA,NA,NA,NA,NA
2012,1,3,27,2,2012-03-27,"EV",20366,"EV","N916EV",5408,10397,1039704,30397,"ATL","Atlanta, GA","GA",13,"Georgia",34,12992,1299203,32600,"LIT","Little Rock, AR","AR",5,"Arkansas",71,938,1002,24,24,1,1,"0900-0959",20,1022,1029,4,1025,1033,8,8,0,0,"1000-1059",0,"",0,107,91,67,1,453,2,NA,NA,NA,NA,NA,NA,NA,NA
2012,1,3,3,6,2012-03-03,"DL",19790,"DL","N779NC",2180,10397,1039704,30397,"ATL","Atlanta, GA","GA",13,"Georgia",34,13244,1324402,33244,"MEM","Memphis, TN","TN",47,"Tennessee",54,1035,1034,-1,0,0,-1,"1000-1059",20,1054,1053,6,1107,1059,-8,0,0,-1,"1100-1159",0,"",0,92,85,59,1,332,2,NA,NA,NA,NA,NA,NA,NA,NA
2012,1,3,8,4,2012-03-08,"EV",20366,"EV","N823AS",5183,10397,1039704,30397,"ATL","Atlanta, GA","GA",13,"Georgia",34,13277,1327702,33277,"MGM","Montgomery, AL","AL",1,"Alabama",51,1432,1442,10,10,0,0,"1400-1459",13,1455,1427,3,1424,1430,6,6,0,0,"1400-1459",0,"",0,52,48,32,1,147,1,NA,NA,NA,NA,NA,NA,NA,NA
2012,1,3,26,1,2012-03-26,"DL",19790,"DL","N968DL",2032,10397,1039704,30397,"ATL","Atlanta, GA","GA",13,"Georgia",34,14576,1457604,34576,"ROC","Rochester, NY","NY",36,"New York",22,1205,1200,-5,0,0,-1,"1200-1259",14,1214,1401,5,1408,1406,-2,0,0,-1,"1400-1459",0,"",0,123,126,107,1,749,3,NA,NA,NA,NA,NA,NA,NA,NA
2012,1,3,1,4,2012-03-01,"EV",20366,"EV","N852AS",5409,10397,1039704,30397,"ATL","Atlanta, GA","GA",13,"Georgia",34,15323,1532302,35323,"TRI","Bristol/Johnson City/Kingsport, TN","TN",47,"Tennessee",54,1800,1825,25,25,1,1,"1800-1859",15,1840,1919,4,1908,1923,15,15,1,1,"1900-1959",0,"",0,68,58,39,1,227,1,0,0,0,0,15,NA,NA,NA
2012,1,3,4,7,2012-03-04,"EV",20366,"EV","N11199",4115,10397,1039704,30397,"ATL","Atlanta, GA","GA",13,"Georgia",34,12266,1226603,31453,"IAH","Houston, TX","TX",48,"Texas",74,1656,1650,-6,0,0,-1,"1600-1659",17,1707,1757,3,1820,1800,-20,0,0,-2,"1800-1859",0,"",0,144,130,110,1,689,3,NA,NA,NA,NA,NA,NA,NA,NA
2012,1,3,5,1,2012-03-05,"EV",20366,"EV","N838AS",5374,10397,1039704,30397,"ATL","Atlanta, GA","GA",13,"Georgia",34,14814,1481402,30476,"SHV","Shreveport, LA","LA",22,"Louisiana",72,935,930,-5,0,0,-1,"0900-0959",17,947,1013,5,1030,1018,-12,0,0,-1,"1000-1059",0,"",0,115,108,86,1,551,3,NA,NA,NA,NA,NA,NA,NA,NA
2012,1,3,26,1,2012-03-26,"EV",20366,"EV","N730EV",5393,10397,1039704,30397,"ATL","Atlanta, GA","GA",13,"Georgia",34,15624,1562401,31504,"VPS","Valparaiso, FL","FL",12,"Florida",33,2045,2044,-1,0,0,-1,"2000-2059",18,2102,2041,5,2102,2046,-16,0,0,-2,"2100-2159",0,"",0,77,62,39,1,250,2,NA,NA,NA,NA,NA,NA,NA,NA
2012,1,3,23,5,2012-03-23,"EV",20366,"EV","N872AS",5595,10397,1039704,30397,"ATL","Atlanta, GA","GA",13,"Georgia",34,11617,1161703,31617,"EWN","New Bern/Morehead/Beaufort, NC","NC",37,"North Carolina",36,2035,2052,17,17,1,1,"2000-2059",14,2106,2210,4,2202,2214,12,12,0,0,"2200-2259",0,"",0,87,82,64,1,434,2,NA,NA,NA,NA,NA,NA,NA,NA
2012,1,3,11,7,2012-03-11,"EV",20366,"EV","N932EV",5272,10397,1039704,30397,"ATL","Atlanta, GA","GA",13,"Georgia",34,11481,1148102,31481,"ECP","Panama City, FL","FL",12,"Florida",33,1208,1203,-5,0,0,-1,"1200-1259",10,1213,1153,3,1208,1156,-12,0,0,-1,"1200-1259",0,"",0,60,53,40,1,240,1,NA,NA,NA,NA,NA,NA,NA,NA
2012,1,3,15,4,2012-03-15,"DL",19790,"DL","N971DL",2082,10397,1039704,30397,"ATL","Atlanta, GA","GA",13,"Georgia",34,14492,1449202,34492,"RDU","Raleigh/Durham, NC","NC",37,"North Carolina",36,2030,2128,58,58,1,3,"2000-2059",20,2148,2247,6,2203,2253,50,50,1,3,"2200-2259",0,"",0,93,85,59,1,356,2,50,0,0,0,0,NA,NA,NA
2012,1,3,8,4,2012-03-08,"DL",19790,"DL","N770NC",1665,10397,1039704,30397,"ATL","Atlanta, GA","GA",13,"Georgia",34,12217,1221702,30255,"HSV","Huntsville, AL","AL",1,"Alabama",51,1528,1527,-1,0,0,-1,"1500-1559",16,1543,1513,5,1530,1518,-12,0,0,-1,"1500-1559",0,"",0,62,51,30,1,151,1,NA,NA,NA,NA,NA,NA,NA,NA
2012,1,3,11,7,2012-03-11,"DL",19790,"DL","N692DL",942,10397,1039704,30397,"ATL","Atlanta, GA","GA",13,"Georgia",34,14986,1498603,34986,"SRQ","Sarasota/Bradenton, FL","FL",12,"Florida",33,1819,1838,19,19,1,1,"1800-1859",16,1854,1958,3,1953,2001,8,8,0,0,"1900-1959",0,"",0,94,83,64,1,444,2,NA,NA,NA,NA,NA,NA,NA,NA
2012,1,3,31,6,2012-03-31,"DL",19790,"DL","N332NB",1018,10397,1039704,30397,"ATL","Atlanta, GA","GA",13,"Georgia",34,13495,1349502,33495,"MSY","New Orleans, LA","LA",22,"Louisiana",72,944,956,12,12,0,0,"0900-0959",26,1022,1029,4,1028,1033,5,5,0,0,"1000-1059",0,"",0,104,97,67,1,425,2,NA,NA,NA,NA,NA,NA,NA,NA
2012,1,3,9,5,2012-03-09,"DL",19790,"DL","N993DL",1766,10397,1039704,30397,"ATL","Atlanta, GA","GA",13,"Georgia",34,11721,1172102,31721,"FNT","Flint, MI","MI",26,"Michigan",43,2040,2057,17,17,1,1,"2000-2059",31,2128,2304,7,2244,2311,27,27,1,1,"2200-2259",0,"",0,124,134,96,1,645,3,17,0,10,0,0,NA,NA,NA
2012,1,3,20,2,2012-03-20,"EV",20366,"EV","N884AS",4889,10397,1039704,30397,"ATL","Atlanta, GA","GA",13,"Georgia",34,11995,1199502,31995,"GSO","Greensboro/High Point, NC","NC",37,"North Carolina",36,943,950,7,7,0,0,"0900-0959",15,1005,1054,2,1103,1056,-7,0,0,-1,"1100-1159",0,"",0,80,66,49,1,306,2,NA,NA,NA,NA,NA,NA,NA,NA
2012,1,3,12,1,2012-03-12,"EV",20366,"EV","N971EV",5541,10397,1039704,30397,"ATL","Atlanta, GA","GA",13,"Georgia",34,10208,1020803,30208,"AGS","Augusta, GA","GA",13,"Georgia",34,1035,1035,0,0,0,0,"1000-1059",16,1051,1117,3,1135,1120,-15,0,0,-1,"1100-1159",0,"",0,60,45,26,1,143,1,NA,NA,NA,NA,NA,NA,NA,NA
2012,1,3,3,6,2012-03-03,"EV",20366,"EV","N851AS",5094,10397,1039704,30397,"ATL","Atlanta, GA","GA",13,"Georgia",34,10868,1086803,30868,"CAE","Columbia, SC","SC",45,"South Carolina",37,940,1151,131,131,1,8,"0900-0959",13,1204,1234,3,1045,1237,112,112,1,7,"1000-1059",0,"",0,65,46,30,1,192,1,112,0,0,0,0,NA,NA,NA
2012,1,3,30,5,2012-03-30,"FL",20437,"FL","N929AT",454,10397,1039704,30397,"ATL","Atlanta, GA","GA",13,"Georgia",34,13495,1349502,33495,"MSY","New Orleans, LA","LA",22,"Louisiana",72,1758,1752,-6,0,0,-1,"1700-1759",16,1808,1821,3,1831,1824,-7,0,0,-1,"1800-1859",0,"",0,93,92,73,1,425,2,NA,NA,NA,NA,NA,NA,NA,NA
2012,1,3,10,6,2012-03-10,"DL",19790,"DL","N770NC",1475,10397,1039704,30397,"ATL","Atlanta, GA","GA",13,"Georgia",34,14685,1468502,34685,"SAV","Savannah, GA","GA",13,"Georgia",34,1650,1649,-1,0,0,-1,"1600-1659",9,1658,1731,4,1759,1735,-24,0,0,-2,"1700-1759",0,"",0,69,46,33,1,214,1,NA,NA,NA,NA,NA,NA,NA,NA
2012,1,3,5,1,2012-03-05,"EV",20366,"EV","N900EV",5597,10397,1039704,30397,"ATL","Atlanta, GA","GA",13,"Georgia",34,12951,1295102,32951,"LFT","Lafayette, LA","LA",22,"Louisiana",72,830,905,35,35,1,2,"0800-0859",16,921,932,5,922,937,15,15,1,1,"0900-0959",0,"",0,112,92,71,1,503,3,0,0,0,0,15,NA,NA,NA
2012,1,3,4,7,2012-03-04,"DL",19790,"DL","N937DL",1277,10397,1039704,30397,"ATL","Atlanta, GA","GA",13,"Georgia",34,13495,1349502,33495,"MSY","New Orleans, LA","LA",22,"Louisiana",72,1622,1622,0,0,0,0,"1600-1659",17,1639,1648,15,1705,1703,-2,0,0,-1,"1700-1759",0,"",0,103,101,69,1,425,2,NA,NA,NA,NA,NA,NA,NA,NA
2012,1,3,19,1,2012-03-19,"EV",20366,"EV","N972EV",5576,10397,1039704,30397,"ATL","Atlanta, GA","GA",13,"Georgia",34,11995,1199502,31995,"GSO","Greensboro/High Point, NC","NC",37,"North Carolina",36,1335,1340,5,5,0,0,"1300-1359",16,1356,1445,4,1452,1449,-3,0,0,-1,"1400-1459",0,"",0,77,69,49,1,306,2,NA,NA,NA,NA,NA,NA,NA,NA
2012,1,3,12,1,2012-03-12,"FL",20437,"FL","N953AT",201,10397,1039704,30397,"ATL","Atlanta, GA","GA",13,"Georgia",34,10874,1087402,30647,"CAK","Akron, OH","OH",39,"Ohio",44,1310,1304,-6,0,0,-1,"1300-1359",8,1312,1422,4,1443,1426,-17,0,0,-2,"1400-1459",0,"",0,93,82,70,1,528,3,NA,NA,NA,NA,NA,NA,NA,NA
2012,1,3,4,7,2012-03-04,"EV",20366,"EV","N11199",4115,10397,1039704,30397,"ATL","Atlanta, GA","GA",13,"Georgia",34,12266,1226603,31453,"IAH","Houston, TX","TX",48,"Texas",74,1656,1650,-6,0,0,-1,"1600-1659",17,1707,1757,3,1820,1800,-20,0,0,-2,"1800-1859",0,"",0,144,130,110,1,689,3,NA,NA,NA,NA,NA,NA,NA,NA
2012,1,3,14,3,2012-03-14,"DL",19790,"DL","N654DL",1151,10397,1039704,30397,"ATL","Atlanta, GA","GA",13,"Georgia",34,14771,1477101,32457,"SFO","San Francisco, CA","CA",6,"California",91,1345,1444,59,59,1,3,"1300-1359",27,1511,1654,5,1604,1659,55,55,1,3,"1600-1659",0,"",0,319,315,283,1,2139,9,0,0,55,0,0,NA,NA,NA
2012,1,3,6,2,2012-03-06,"DL",19790,"DL","N521US",1122,10397,1039704,30397,"ATL","Atlanta, GA","GA",13,"Georgia",34,14635,1463502,31714,"RSW","Fort Myers, FL","FL",12,"Florida",33,827,825,-2,0,0,-1,"0800-0859",12,837,950,5,1014,955,-19,0,0,-2,"1000-1059",0,"",0,107,90,73,1,515,3,NA,NA,NA,NA,NA,NA,NA,NA
2012,1,3,5,1,2012-03-05,"DL",19790,"DL","N909DL",1270,10397,1039704,30397,"ATL","Atlanta, GA","GA",13,"Georgia",34,14193,1419303,33728,"PNS","Pensacola, FL","FL",12,"Florida",33,1335,1332,-3,0,0,-1,"1300-1359",17,1349,1333,4,1351,1337,-14,0,0,-1,"1300-1359",0,"",0,76,65,44,1,271,2,NA,NA,NA,NA,NA,NA,NA,NA
2012,1,3,7,3,2012-03-07,"US",20355,"US","N624AW",308,10397,1039704,30397,"ATL","Atlanta, GA","GA",13,"Georgia",34,11057,1105703,31057,"CLT","Charlotte, NC","NC",37,"North Carolina",36,700,653,-7,0,0,-1,"0700-0759",26,719,803,9,818,812,-6,0,0,-1,"0800-0859",0,"",0,78,79,44,1,226,1,NA,NA,NA,NA,NA,NA,NA,NA
2012,1,3,12,1,2012-03-12,"FL",20437,"FL","N930AT",703,10397,1039704,30397,"ATL","Atlanta, GA","GA",13,"Georgia",34,11267,1126702,31267,"DAY","Dayton, OH","OH",39,"Ohio",44,1556,1617,21,21,1,1,"1500-1559",20,1637,1742,3,1720,1745,25,25,1,1,"1700-1759",0,"",0,84,88,65,1,432,2,0,0,4,0,21,NA,NA,NA
2012,1,3,12,1,2012-03-12,"DL",19790,"DL","N929DL",1750,10397,1039704,30397,"ATL","Atlanta, GA","GA",13,"Georgia",34,12478,1247802,31703,"JFK","New York, NY","NY",36,"New York",22,2155,2154,-1,0,0,-1,"2100-2159",23,2217,2,8,25,10,-15,0,0,-1,"0001-0559",0,"",0,150,136,105,1,760,4,NA,NA,NA,NA,NA,NA,NA,NA
2012,1,3,21,3,2012-03-21,"FL",20437,"FL","N965AT",661,10397,1039704,30397,"ATL","Atlanta, GA","GA",13,"Georgia",34,12197,1219702,31703,"HPN","White Plains, NY","NY",36,"New York",22,1740,1736,-4,0,0,-1,"1700-1759",14,1750,1947,5,2002,1952,-10,0,0,-1,"2000-2059",0,"",0,142,136,117,1,781,4,NA,NA,NA,NA,NA,NA,NA,NA
2012,1,3,13,2,2012-03-13,"DL",19790,"DL","N974DL",2361,10397,1039704,30397,"ATL","Atlanta, GA","GA",13,"Georgia",34,11066,1106602,31066,"CMH","Columbus, OH","OH",39,"Ohio",44,1830,1824,-6,0,0,-1,"1800-1859",12,1836,1943,3,2011,1946,-25,0,0,-2,"2000-2059",0,"",0,101,82,67,1,447,2,NA,NA,NA,NA,NA,NA,NA,NA
2012,1,3,26,1,2012-03-26,"EV",20366,"EV","N937EV",4918,10397,1039704,30397,"ATL","Atlanta, GA","GA",13,"Georgia",34,13577,1357702,31135,"MYR","Myrtle Beach, SC","SC",45,"South Carolina",37,1500,1500,0,0,0,0,"1500-1559",20,1520,1612,2,1618,1614,-4,0,0,-1,"1600-1659",0,"",0,78,74,52,1,317,2,NA,NA,NA,NA,NA,NA,NA,NA
2012,1,3,4,7,2012-03-04,"FL",20437,"FL","N299AT",400,10397,1039704,30397,"ATL","Atlanta, GA","GA",13,"Georgia",34,12339,1233904,32337,"IND","Indianapolis, IN","IN",18,"Indiana",42,2215,2242,27,27,1,1,"2200-2259",11,2253,6,7,2354,13,19,19,1,1,"2300-2359",0,"",0,99,91,73,1,432,2,19,0,0,0,0,NA,NA,NA
2012,1,3,13,2,2012-03-13,"DL",19790,"DL","N764NC",1203,10397,1039704,30397,"ATL","Atlanta, GA","GA",13,"Georgia",34,10599,1059904,30599,"BHM","Birmingham, AL","AL",1,"Alabama",51,830,826,-4,0,0,-1,"0800-0859",52,918,844,3,832,847,15,15,1,1,"0800-0859",0,"",0,62,81,26,1,134,1,0,0,15,0,0,NA,NA,NA
2012,1,3,17,6,2012-03-17,"DL",19790,"DL","N346NB",2250,10397,1039704,30397,"ATL","Atlanta, GA","GA",13,"Georgia",34,12478,1247802,31703,"JFK","New York, NY","NY",36,"New York",22,925,923,-2,0,0,-1,"0900-0959",18,941,1134,6,1151,1140,-11,0,0,-1,"1100-1159",0,"",0,146,137,113,1,760,4,NA,NA,NA,NA,NA,NA,NA,NA
2012,1,3,14,3,2012-03-14,"DL",19790,"DL","N654DL",1151,10397,1039704,30397,"ATL","Atlanta, GA","GA",13,"Georgia",34,14771,1477101,32457,"SFO","San Francisco, CA","CA",6,"California",91,1345,1444,59,59,1,3,"1300-1359",27,1511,1654,5,1604,1659,55,55,1,3,"1600-1659",0,"",0,319,315,283,1,2139,9,0,0,55,0,0,NA,NA,NA
2012,1,3,14,3,2012-03-14,"DL",19790,"DL","N641DL",104,10397,1039704,30397,"ATL","Atlanta, GA","GA",13,"Georgia",34,13204,1320402,31454,"MCO","Orlando, FL","FL",12,"Florida",33,655,709,14,14,0,0,"0600-0659",16,725,824,12,820,836,16,16,1,1,"0800-0859",0,"",0,85,87,59,1,404,2,14,0,2,0,0,NA,NA,NA
2012,1,3,20,2,2012-03-20,"EV",20366,"EV","N682BR",5412,10397,1039704,30397,"ATL","Atlanta, GA","GA",13,"Georgia",34,15919,1591902,31834,"XNA","Fayetteville, AR","AR",5,"Arkansas",71,810,848,38,38,1,2,"0800-0859",26,914,934,5,911,939,28,28,1,1,"0900-0959",0,"",0,121,111,80,1,589,3,28,0,0,0,0,NA,NA,NA
2012,1,3,26,1,2012-03-26,"EV",20366,"EV","N924EV",4978,10397,1039704,30397,"ATL","Atlanta, GA","GA",13,"Georgia",34,15249,1524902,35249,"TLH","Tallahassee, FL","FL",12,"Florida",33,1406,1406,0,0,0,0,"1400-1459",25,1431,1506,2,1510,1508,-2,0,0,-1,"1500-1559",0,"",0,64,62,35,1,223,1,NA,NA,NA,NA,NA,NA,NA,NA
2012,1,3,25,7,2012-03-25,"DL",19790,"DL","N6707A",1022,10397,1039704,30397,"ATL","Atlanta, GA","GA",13,"Georgia",34,10140,1014002,30140,"ABQ","Albuquerque, NM","NM",35,"New Mexico",86,1050,1047,-3,0,0,-1,"1000-1059",12,1059,1140,10,1225,1150,-35,0,0,-2,"1200-1259",0,"",0,215,183,161,1,1269,6,NA,NA,NA,NA,NA,NA,NA,NA
2012,1,3,30,5,2012-03-30,"FL",20437,"FL","N929AT",454,10397,1039704,30397,"ATL","Atlanta, GA","GA",13,"Georgia",34,13495,1349502,33495,"MSY","New Orleans, LA","LA",22,"Louisiana",72,1758,1752,-6,0,0,-1,"1700-1759",16,1808,1821,3,1831,1824,-7,0,0,-1,"1800-1859",0,"",0,93,92,73,1,425,2,NA,NA,NA,NA,NA,NA,NA,NA
2012,1,3,3,6,2012-03-03,"DL",19790,"DL","N779NC",2180,10397,1039704,30397,"ATL","Atlanta, GA","GA",13,"Georgia",34,13244,1324402,33244,"MEM","Memphis, TN","TN",47,"Tennessee",54,1035,1034,-1,0,0,-1,"1000-1059",20,1054,1053,6,1107,1059,-8,0,0,-1,"1100-1159",0,"",0,92,85,59,1,332,2,NA,NA,NA,NA,NA,NA,NA,NA
2012,1,3,15,4,2012-03-15,"EV",20366,"EV","N760EV",4959,10397,1039704,30397,"ATL","Atlanta, GA","GA",13,"Georgia",34,12992,1299203,32600,"LIT","Little Rock, AR","AR",5,"Arkansas",71,1625,1621,-4,0,0,-1,"1600-1659",18,1639,1643,7,1705,1650,-15,0,0,-1,"1700-1759",0,"",0,100,89,64,1,453,2,NA,NA,NA,NA,NA,NA,NA,NA
2012,1,3,17,6,2012-03-17,"FL",20437,"FL","N946AT",354,10397,1039704,30397,"ATL","Atlanta, GA","GA",13,"Georgia",34,12953,1295302,31703,"LGA","New York, NY","NY",36,"New York",22,1453,1454,1,1,0,0,"1400-1459",9,1503,1646,4,1703,1650,-13,0,0,-1,"1700-1759",0,"",0,130,116,103,1,762,4,NA,NA,NA,NA,NA,NA,NA,NA
2012,1,3,26,1,2012-03-26,"DL",19790,"DL","N916DL",704,10397,1039704,30397,"ATL","Atlanta, GA","GA",13,"Georgia",34,14321,1432102,34321,"PWM","Portland, ME","ME",23,"Maine",12,2035,2101,26,26,1,1,"2000-2059",18,2119,2331,6,2315,2337,22,22,1,1,"2300-2359",0,"",0,160,156,132,1,1027,5,0,0,0,0,22,NA,NA,NA
2012,1,3,28,3,2012-03-28,"EV",20366,"EV","N860AS",5506,10397,1039704,30397,"ATL","Atlanta, GA","GA",13,"Georgia",34,13277,1327702,33277,"MGM","Montgomery, AL","AL",1,"Alabama",51,1609,1603,-6,0,0,-1,"1600-1659",11,1614,1545,3,1604,1548,-16,0,0,-2,"1600-1659",0,"",0,55,45,31,1,147,1,NA,NA,NA,NA,NA,NA,NA,NA
2012,1,3,11,7,2012-03-11,"EV",20366,"EV","N707EV",5044,10397,1039704,30397,"ATL","Atlanta, GA","GA",13,"Georgia",34,14100,1410002,34100,"PHL","Philadelphia, PA","PA",42,"Pennsylvania",23,735,730,-5,0,0,-1,"0700-0759",14,744,915,6,952,921,-31,0,0,-2,"0900-0959",0,"",0,137,111,91,1,666,3,NA,NA,NA,NA,NA,NA,NA,NA
2012,1,3,26,1,2012-03-26,"DL",19790,"DL","N333NW",1696,10397,1039704,30397,"ATL","Atlanta, GA","GA",13,"Georgia",34,10529,1052904,30529,"BDL","Hartford, CT","CT",9,"Connecticut",11,1035,1031,-4,0,0,-1,"1000-1059",17,1048,1247,4,1304,1251,-13,0,0,-1,"1300-1359",0,"",0,149,140,119,1,859,4,NA,NA,NA,NA,NA,NA,NA,NA
2012,1,3,10,6,2012-03-10,"FL",20437,"FL","N899AT",314,10397,1039704,30397,"ATL","Atlanta, GA","GA",13,"Georgia",34,11057,1105703,31057,"CLT","Charlotte, NC","NC",37,"North Carolina",36,1700,1656,-4,0,0,-1,"1700-1759",11,1707,1745,5,1809,1750,-19,0,0,-2,"1800-1859",0,"",0,69,54,38,1,226,1,NA,NA,NA,NA,NA,NA,NA,NA
2012,1,3,25,7,2012-03-25,"DL",19790,"DL","N696DL",1756,10397,1039704,30397,"ATL","Atlanta, GA","GA",13,"Georgia",34,13360,1336003,33360,"MLB","Melbourne, FL","FL",12,"Florida",33,2055,2050,-5,0,0,-1,"2000-2059",35,2125,2227,10,2231,2237,6,6,0,0,"2200-2259",0,"",0,96,107,62,1,442,2,NA,NA,NA,NA,NA,NA,NA,NA
2012,1,3,29,4,2012-03-29,"DL",19790,"DL","N959DL",2394,10397,1039704,30397,"ATL","Atlanta, GA","GA",13,"Georgia",34,14100,1410002,34100,"PHL","Philadelphia, PA","PA",42,"Pennsylvania",23,1756,1749,-7,0,0,-1,"1700-1759",26,1815,1952,6,2012,1958,-14,0,0,-1,"2000-2059",0,"",0,136,129,97,1,666,3,NA,NA,NA,NA,NA,NA,NA,NA
