"Year","Quarter","Month","DayofMonth","DayOfWeek","FlightDate","UniqueCarrier","AirlineID","Carrier","TailNum","FlightNum","OriginAirportID","OriginAirportSeqID","OriginCityMarketID","Origin","OriginCityName","OriginState","OriginStateFips","OriginStateName","OriginWac","DestAirportID","DestAirportSeqID","DestCityMarketID","Dest","DestCityName","DestState","DestStateFips","DestStateName","DestWac","CRSDepTime","DepTime","DepDelay","DepDelayMinutes","DepDel15","DepartureDelayGroups","DepTimeBlk","TaxiOut","WheelsOff","WheelsOn","TaxiIn","CRSArrTime","ArrTime","ArrDelay","ArrDelayMinutes","ArrDel15","ArrivalDelayGroups","ArrTimeBlk","Cancelled","CancellationCode","Diverted","CRSElapsedTime","ActualElapsedTime","AirTime","Flights","Distance","DistanceGroup","CarrierDelay","WeatherDelay","NASDelay","SecurityDelay","LateAircraftDelay","FirstDepTime","TotalAddGTime","LongestAddGTime"
2012,4,11,3,6,2012-11-03,"DL",19790,"DL","N982DL",1983,10397,1039705,30397,"ATL","Atlanta, GA","GA",13,"Georgia",34,14685,1468502,34685,"SAV","Savannah, GA","GA",13,"Georgia",34,1511,1506,-5,0,0,-1,"1500-1559",21,1527,1605,6,1620,1611,-9,0,0,-1,"1600-1659",0,"",0,69,65,38,1,214,1,NA,NA,NA,NA,NA,NA,NA,NA
2012,4,11,18,7,2012-11-18,"EV",20366,"EV","N695CA",5043,10397,1039705,30397,"ATL","Atlanta, GA","GA",13,"Georgia",34,12278,1227802,30928,"ICT","Wichita, KS","KS",20,"Kansas",62,1356,1514,78,78,1,5,"1300-1359",14,1528,1616,3,1517,1619,62,62,1,4,"1500-1559",0,"",0,141,125,108,1,782,4,0,0,0,0,62,NA,NA,NA
2012,4,11,7,3,2012-11-07,"DL",19790,"DL","N905DL",1611,10397,1039705,30397,"ATL","Atlanta, GA","GA",13,"Georgia",34,14122,1412202,30198,"PIT","Pittsburgh, PA","PA",42,"Pennsylvania",23,725,947,142,142,1,9,"0700-0759",18,1005,1118,4,905,1122,137,137,1,9,"0900-0959",0,"",0,100,95,73,1,526,3,137,0,0,0,0,808,22,22
2012,4,11,3,6,2012-11-03,"FL",20437,"FL","N338AT",652,10397,1039705,30397,"ATL","Atlanta, GA","GA",13,"Georgia",34,14683,1468303,33214,"SAT","San Antonio, TX","TX",48,"Texas",74,850,900,10,10,0,0,"0800-0859",18,918,1021,3,1015,1024,9,9,0,0,"1000-1059",0,"",0,145,144,123,1,874,4,NA,NA,NA,NA,NA,NA,NA,NA
2012,4,11,10,6,2012-11-10,"DL",19790,"DL","N764NC",912,10397,1039705,30397,"ATL","Atlanta, GA","GA",13,"Georgia",34,12992,1299204,32600,"LIT","Little Rock, AR","AR",5,"Arkansas",71,1642,1636,-6,0,0,-1,"1600-1659",17,1653,1702,5,1720,1707,-13,0,0,-1,"1700-1759",0,"",0,98,91,69,1,453,2,NA,NA,NA,NA,NA,NA,NA,NA
2012,4,11,12,1,2012-11-12,"EV",20366,"EV","N903EV",5071,10397,1039705,30397,"ATL","Atlanta, GA","GA",13,"Georgia",34,12951,1295102,32951,"LFT","Lafayette, LA","LA",22,"Louisiana",72,1205,1202,-3,0,0,-1,"1200-1259",9,1211,1239,4,1251,1243,-8,0,0,-1,"1200-1259",0,"",0,106,101,88,1,503,3,NA,NA,NA,NA,NA,NA,NA,NA
2012,4,11,11,7,2012-11-11,"FL",20437,"FL","N977AT",255,10397,1039705,30397,"ATL","Atlanta, GA","GA",13,"Georgia",34,10821,1082103,30852,"BWI","Baltimore, MD","MD",24,"Maryland",35,1628,1632,4,4,0,0,"1600-1659",10,1642,1810,4,1818,1814,-4,0,0,-1,"1800-1859",0,"",0,110,102,88,1,577,3,NA,NA,NA,NA,NA,NA,NA,NA
2012,4,11,30,5,2012-11-30,"DL",19790,"DL","N600TR",1742,10397,1039705,30397,"ATL","Atlanta, GA","GA",13,"Georgia",34,11641,1164102,31641,"FAY","Fayetteville, NC","NC",37,"North Carolina",36,1905,1910,5,5,0,0,"1900-1959",34,1944,2032,3,2027,2035,8,8,0,0,"2000-2059",0,"",0,82,85,48,1,331,2,NA,NA,NA,NA,NA,NA,NA,NA
2012,4,11,30,5,2012-11-30,"DL",19790,"DL","N604DL",986,10397,1039705,30397,"ATL","Atlanta, GA","GA",13,"Georgia",34,12953,1295302,31703,"LGA","New York, NY","NY",36,"New York",22,1935,1935,0,0,0,0,"1900-1959",34,2009,2144,11,2159,2155,-4,0,0,-1,"2100-2159",0,"",0,144,140,95,1,762,4,NA,NA,NA,NA,NA,NA,NA,NA
2012,4,11,2,5,2012-11-02,"EV",20366,"EV","N615QX",5408,10397,1039705,30397,"ATL","Atlanta, GA","GA",13,"Georgia",34,15624,1562401,31504,"VPS","Valparaiso, FL","FL",12,"Florida",33,1205,1202,-3,0,0,-1,"1200-1259",11,1213,1154,6,1221,1200,-21,0,0,-2,"1200-1259",0,"",0,76,58,41,1,250,2,NA,NA,NA,NA,NA,NA,NA,NA
2012,4,11,25,7,2012-11-25,"DL",19790,"DL","N910DE",1762,10397,1039705,30397,"ATL","Atlanta, GA","GA",13,"Georgia",34,10868,1086803,30868,"CAE","Columbia, SC","SC",45,"South Carolina",37,1350,1345,-5,0,0,-1,"1300-1359",16,1401,1433,6,1450,1439,-11,0,0,-1,"1400-1459",0,"",0,60,54,32,1,192,1,NA,NA,NA,NA,NA,NA,NA,NA
2012,4,11,3,6,2012-11-03,"DL",19790,"DL","N999DN",1281,10397,1039705,30397,"ATL","Atlanta, GA","GA",13,"Georgia",34,13244,1324402,33244,"MEM","Memphis, TN","TN",47,"Tennessee",54,1350,1348,-2,0,0,-1,"1300-1359",16,1404,1359,8,1416,1407,-9,0,0,-1,"1400-1459",0,"",0,86,79,55,1,332,2,NA,NA,NA,NA,NA,NA,NA,NA
2012,4,11,5,1,2012-11-05,"DL",19790,"DL","N534US",1122,10397,1039705,30397,"ATL","Atlanta, GA","GA",13,"Georgia",34,14635,1463502,31714,"RSW","Fort Myers, FL","FL",12,"Florida",33,836,829,-7,0,0,-1,"0800-0859",16,845,955,5,1020,1000,-20,0,0,-2,"1000-1059",0,"",0,104,91,70,1,515,3,NA,NA,NA,NA,NA,NA,NA,NA
2012,4,11,18,7,2012-11-18,"FL",20437,"FL","N240AT",50,10397,1039705,30397,"ATL","Atlanta, GA","GA",13,"Georgia",34,11697,1169703,32467,"FLL","Fort Lauderdale, FL","FL",12,"Florida",33,2225,2226,1,1,0,0,"2200-2259",14,2240,2359,4,16,3,-13,0,0,-1,"0001-0559",0,"",0,111,97,79,1,581,3,NA,NA,NA,NA,NA,NA,NA,NA
2012,4,11,13,2,2012-11-13,"FL",20437,"FL","N958AT",252,10397,1039705,30397,"ATL","Atlanta, GA","GA",13,"Georgia",34,11057,1105703,31057,"CLT","Charlotte, NC","NC",37,"North Carolina",36,900,857,-3,0,0,-1,"0900-0959",32,929,1013,15,1008,1028,20,20,1,1,"1000-1059",0,"",0,68,91,44,1,226,1,0,0,20,0,0,NA,NA,NA
2012,4,11,16,5,2012-11-16,"DL",19790,"DL","N324NB",2383,10397,1039705,30397,"ATL","Atlanta, GA","GA",13,"Georgia",34,11618,1161802,31703,"EWR","Newark, NJ","NJ",34,"New Jersey",21,2145,2143,-2,0,0,-1,"2100-2159",10,2153,2330,6,2359,2336,-23,0,0,-2,"2300-2359",0,"",0,134,113,97,1,746,3,NA,NA,NA,NA,NA,NA,NA,NA
2012,4,11,18,7,2012-11-18,"FL",20437,"FL","N933AT",35,10397,1039705,30397,"ATL","Atlanta, GA","GA",13,"Georgia",34,12953,1295302,31703,"LGA","New York, NY","NY",36,"New York",22,730,725,-5,0,0,-1,"0700-0759",9,734,915,7,943,922,-21,0,0,-2,"0900-0959",0,"",0,133,117,101,1,762,4,NA,NA,NA,NA,NA,NA,NA,NA
2012,4,11,19,1,2012-11-19,"FL",20437,"FL","N942AT",31,10397,1039705,30397,"ATL","Atlanta, GA","GA",13,"Georgia",34,12953,1295302,31703,"LGA","New York, NY","NY",36,"New York",22,1731,1729,-2,0,0,-1,"1700-1759",8,1737,1917,26,1944,1943,-1,0,0,-1,"1900-1959",0,"",0,133,134,100,1,762,4,NA,NA,NA,NA,NA,NA,NA,NA
2012,4,11,27,2,2012-11-27,"DL",19790,"DL","N908DE",2136,10397,1039705,30397,"ATL","Atlanta, GA","GA",13,"Georgia",34,11540,1154003,30615,"ELP","El Paso, TX","TX",48,"Texas",74,1051,1050,-1,0,0,-1,"1000-1059",20,1110,1202,4,1224,1206,-18,0,0,-2,"1200-1259",0,"",0,213,196,172,1,1282,6,NA,NA,NA,NA,NA,NA,NA,NA
2012,4,11,6,2,2012-11-06,"DL",19790,"DL","N688DL",2086,10397,1039705,30397,"ATL","Atlanta, GA","GA",13,"Georgia",34,12953,1295302,31703,"LGA","New York, NY","NY",36,"New York",22,1235,1243,8,8,0,0,"1200-1259",13,1256,1430,12,1455,1442,-13,0,0,-1,"1400-1459",0,"",0,140,119,94,1,762,4,NA,NA,NA,NA,NA,NA,NA,NA
2012,4,11,18,7,2012-11-18,"FL",20437,"FL","N338AT",49,10397,1039705,30397,"ATL","Atlanta, GA","GA",13,"Georgia",34,12892,1289203,32575,"LAX","Los Angeles, CA","CA",6,"California",91,1005,1008,3,3,0,0,"1000-1059",11,1019,1201,8,1221,1209,-12,0,0,-1,"1200-1259",0,"",0,316,301,282,1,1947,8,NA,NA,NA,NA,NA,NA,NA,NA
2012,4,11,29,4,2012-11-29,"FL",20437,"FL","N950AT",622,10397,1039705,30397,"ATL","Atlanta, GA","GA",13,"Georgia",34,13342,1334205,33342,"MKE","Milwaukee, WI","WI",55,"Wisconsin",45,1635,1642,7,7,0,0,"1600-1659",14,1656,1727,6,1739,1733,-6,0,0,-1,"1700-1759",0,"",0,124,111,91,1,669,3,NA,NA,NA,NA,NA,NA,NA,NA
2012,4,11,18,7,2012-11-18,"DL",19790,"DL","N362NW",1090,10397,1039705,30397,"ATL","Atlanta, GA","GA",13,"Georgia",34,11433,1143302,31295,"DTW","Detroit, MI","MI",26,"Michigan",43,725,727,2,2,0,0,"0700-0759",12,739,906,6,926,912,-14,0,0,-1,"0900-0959",0,"",0,121,105,87,1,594,3,NA,NA,NA,NA,NA,NA,NA,NA
2012,4,11,18,7,2012-11-18,"FL",20437,"FL","N993AT",19,10397,1039705,30397,"ATL","Atlanta, GA","GA",13,"Georgia",34,13204,1320402,31454,"MCO","Orlando, FL","FL",12,"Florida",33,2100,2058,-2,0,0,-1,"2100-2159",25,2123,2221,11,2229,2232,3,3,0,0,"2200-2259",0,"",0,89,94,58,1,404,2,NA,NA,NA,NA,NA,NA,NA,NA
2012,4,11,30,5,2012-11-30,"EV",20366,"EV","N872AS",5087,10397,1039705,30397,"ATL","Atlanta, GA","GA",13,"Georgia",34,13377,1337702,33377,"MLU","Monroe, LA","LA",22,"Louisiana",72,1026,1022,-4,0,0,-1,"1000-1059",27,1049,1054,2,1105,1056,-9,0,0,-1,"1100-1159",0,"",0,99,94,65,1,448,2,NA,NA,NA,NA,NA,NA,NA,NA
2012,4,11,13,2,2012-11-13,"EV",20366,"EV","N845AS",5062,10397,1039705,30397,"ATL","Atlanta, GA","GA",13,"Georgia",34,12945,1294503,32945,"LEX","Lexington, KY","KY",21,"Kentucky",52,1034,1042,8,8,0,0,"1000-1059",16,1058,1145,4,1149,1149,0,0,0,0,"1100-1159",0,"",0,75,67,47,1,304,2,NA,NA,NA,NA,NA,NA,NA,NA
2012,4,11,21,3,2012-11-21,"EV",20366,"EV","N876AS",5425,10397,1039705,30397,"ATL","Atlanta, GA","GA",13,"Georgia",34,11146,1114603,31146,"CRW","Charleston/Dunbar, WV","WV",54,"West Virginia",39,1205,1202,-3,0,0,-1,"1200-1259",12,1214,1316,1,1325,1317,-8,0,0,-1,"1300-1359",0,"",0,80,75,62,1,363,2,NA,NA,NA,NA,NA,NA,NA,NA
2012,4,11,19,1,2012-11-19,"WN",19393,"WN","N250WN",56,10397,1039705,30397,"ATL","Atlanta, GA","GA",13,"Georgia",34,12191,1219102,31453,"HOU","Houston, TX","TX",48,"Texas",74,1805,1805,0,0,0,0,"1800-1859",8,1813,1909,5,1930,1914,-16,0,0,-2,"1900-1959",0,"",0,145,129,116,1,696,3,NA,NA,NA,NA,NA,NA,NA,NA
2012,4,11,26,1,2012-11-26,"DL",19790,"DL","N710TW",1986,10397,1039705,30397,"ATL","Atlanta, GA","GA",13,"Georgia",34,12953,1295302,31703,"LGA","New York, NY","NY",36,"New York",22,1135,1132,-3,0,0,-1,"1100-1159",17,1149,1326,16,1353,1342,-11,0,0,-1,"1300-1359",0,"",0,138,130,97,1,762,4,NA,NA,NA,NA,NA,NA,NA,NA
2012,4,11,1,4,2012-11-01,"FL",20437,"FL","N906AT",107,10397,1039705,30397,"ATL","Atlanta, GA","GA",13,"Georgia",34,13495,1349502,33495,"MSY","New Orleans, LA","LA",22,"Louisiana",72,1030,1027,-3,0,0,-1,"1000-1059",14,1041,1044,4,1110,1048,-22,0,0,-2,"1100-1159",0,"",0,100,81,63,1,425,2,NA,NA,NA,NA,NA,NA,NA,NA
2012,4,11,4,7,2012-11-04,"DL",19790,"DL","N999DN",1525,10397,1039705,30397,"ATL","Atlanta, GA","GA",13,"Georgia",34,10821,1082103,30852,"BWI","Baltimore, MD","MD",24,"Maryland",35,1621,1619,-2,0,0,-1,"1600-1659",34,1653,1812,12,1818,1824,6,6,0,0,"1800-1859",0,"",0,117,125,79,1,577,3,NA,NA,NA,NA,NA,NA,NA,NA
2012,4,11,3,6,2012-11-03,"MQ",20398,"MQ","N684MQ",3508,10397,1039705,30397,"ATL","Atlanta, GA","GA",13,"Georgia",34,13303,1330303,32467,"MIA","Miami, FL","FL",12,"Florida",33,1840,1836,-4,0,0,-1,"1800-1859",16,1852,2028,11,2040,2039,-1,0,0,-1,"2000-2059",0,"",0,120,123,96,1,594,3,NA,NA,NA,NA,NA,NA,NA,NA
2012,4,11,6,2,2012-11-06,"EV",20366,"EV","N861AS",5076,10397,1039705,30397,"ATL","Atlanta, GA","GA",13,"Georgia",34,15919,1591902,31834,"XNA","Fayetteville, AR","AR",5,"Arkansas",71,2202,2155,-7,0,0,-1,"2200-2259",12,2207,2243,6,2300,2249,-11,0,0,-1,"2300-2359",0,"",0,118,114,96,1,589,3,NA,NA,NA,NA,NA,NA,NA,NA
2012,4,11,9,5,2012-11-09,"EV",20366,"EV","N931EV",5505,10397,1039705,30397,"ATL","Atlanta, GA","GA",13,"Georgia",34,11778,1177801,31778,"FSM","Fort Smith, AR","AR",5,"Arkansas",71,2050,2045,-5,0,0,-1,"2000-2059",14,2059,2118,4,2150,2122,-28,0,0,-2,"2100-2159",0,"",0,120,97,79,1,579,3,NA,NA,NA,NA,NA,NA,NA,NA
2012,4,11,14,3,2012-11-14,"DL",19790,"DL","N37700",1287,10397,1039705,30397,"ATL","Atlanta, GA","GA",13,"Georgia",34,14057,1405702,34057,"PDX","Portland, OR","OR",41,"Oregon",92,1630,1639,9,9,0,0,"1600-1659",15,1654,1839,2,1857,1841,-16,0,0,-2,"1800-1859",0,"",0,327,302,285,1,2172,9,NA,NA,NA,NA,NA,NA,NA,NA
2012,4,11,27,2,2012-11-27,"FL",20437,"FL","N291AT",12,10397,1039705,30397,"ATL","Atlanta, GA","GA",13,"Georgia",34,13232,1323202,30977,"MDW","Chicago, IL","IL",17,"Illinois",41,2028,2024,-4,0,0,-1,"2000-2059",8,2032,2107,9,2108,2116,8,8,0,0,"2100-2159",0,"",0,100,112,95,1,591,3,NA,NA,NA,NA,NA,NA,NA,NA
2012,4,11,26,1,2012-11-26,"FL",20437,"FL","N936AT",1608,10397,1039705,30397,"ATL","Atlanta, GA","GA",13,"Georgia",34,14122,1412202,30198,"PIT","Pittsburgh, PA","PA",42,"Pennsylvania",23,1005,1020,15,15,1,1,"1000-1059",13,1033,1145,4,1139,1149,10,10,0,0,"1100-1159",0,"",0,94,89,72,1,526,3,NA,NA,NA,NA,NA,NA,NA,NA
2012,4,11,4,7,2012-11-04,"EV",20366,"EV","N921EV",5593,10397,1039705,30397,"ATL","Atlanta, GA","GA",13,"Georgia",34,13422,1342202,30562,"MOB","Mobile, AL","AL",1,"Alabama",51,1335,1329,-6,0,0,-1,"1300-1359",14,1343,1335,4,1354,1339,-15,0,0,-1,"1300-1359",0,"",0,79,70,52,1,302,2,NA,NA,NA,NA,NA,NA,NA,NA
2012,4,11,19,1,2012-11-19,"FL",20437,"FL","N942AT",31,10397,1039705,30397,"ATL","Atlanta, GA","GA",13,"Georgia",34,12953,1295302,31703,"LGA","New York, NY","NY",36,"New York",22,1731,1729,-2,0,0,-1,"1700-1759",8,1737,1917,26,1944,1943,-1,0,0,-1,"1900-1959",0,"",0,133,134,100,1,762,4,NA,NA,NA,NA,NA,NA,NA,NA
2012,4,11,25,7,2012-11-25,"DL",19790,"DL","N971DL",1019,10397,1039705,30397,"ATL","Atlanta, GA","GA",13,"Georgia",34,11252,1125203,31252,"DAB","Daytona Beach, FL","FL",12,"Florida",33,1545,1543,-2,0,0,-1,"1500-1559",22,1605,1658,3,1710,1701,-9,0,0,-1,"1700-1759",0,"",0,85,78,53,1,366,2,NA,NA,NA,NA,NA,NA,NA,NA
2012,4,11,15,4,2012-11-15,"DL",19790,"DL","N908DA",1198,10397,1039705,30397,"ATL","Atlanta, GA","GA",13,"Georgia",34,14524,1452401,34524,"RIC","Richmond, VA","VA",51,"Virginia",38,1705,1710,5,5,0,0,"1700-1759",12,1722,1829,6,1840,1835,-5,0,0,-1,"1800-1859",0,"",0,95,85,67,1,481,2,NA,NA,NA,NA,NA,NA,NA,NA
2012,4,11,2,5,2012-11-02,"EV",20366,"EV","N867AS",5354,10397,1039705,30397,"ATL","Atlanta, GA","GA",13,"Georgia",34,13795,1379502,33795,"OAJ","Jacksonville/Camp Lejeune, NC","NC",37,"North Carolina",36,905,902,-3,0,0,-1,"0900-0959",23,925,1023,3,1030,1026,-4,0,0,-1,"1000-1059",0,"",0,85,84,58,1,399,2,NA,NA,NA,NA,NA,NA,NA,NA
2012,4,11,26,1,2012-11-26,"MQ",20398,"MQ","N512MQ",4668,10397,1039705,30397,"ATL","Atlanta, GA","GA",13,"Georgia",34,12953,1295302,31703,"LGA","New York, NY","NY",36,"New York",22,1140,1137,-3,0,0,-1,"1100-1159",15,1152,1338,8,1359,1346,-13,0,0,-1,"1300-1359",0,"",0,139,129,106,1,762,4,NA,NA,NA,NA,NA,NA,NA,NA
2012,4,11,23,5,2012-11-23,"EV",20366,"EV","N916EV",5020,10397,1039705,30397,"ATL","Atlanta, GA","GA",13,"Georgia",34,11973,1197302,31973,"GPT","Gulfport/Biloxi, MS","MS",28,"Mississippi",53,1340,1338,-2,0,0,-1,"1300-1359",10,1348,1349,2,1402,1351,-11,0,0,-1,"1400-1459",0,"",0,82,73,61,1,352,2,NA,NA,NA,NA,NA,NA,NA,NA
2012,4,11,16,5,2012-11-16,"EV",20366,"EV","N904EV",5291,10397,1039705,30397,"ATL","Atlanta, GA","GA",13,"Georgia",34,13277,1327702,33277,"MGM","Montgomery, AL","AL",1,"Alabama",51,2030,2026,-4,0,0,-1,"2000-2059",10,2036,2006,3,2031,2009,-22,0,0,-2,"2000-2059",0,"",0,61,43,30,1,147,1,NA,NA,NA,NA,NA,NA,NA,NA
2012,4,11,3,6,2012-11-03,"DL",19790,"DL","N902DE",1861,10397,1039705,30397,"ATL","Atlanta, GA","GA",13,"Georgia",34,12992,1299204,32600,"LIT","Little Rock, AR","AR",5,"Arkansas",71,1329,1324,-5,0,0,-1,"1300-1359",18,1342,1349,6,1402,1355,-7,0,0,-1,"1400-1459",0,"",0,93,91,67,1,453,2,NA,NA,NA,NA,NA,NA,NA,NA
2012,4,11,6,2,2012-11-06,"FL",20437,"FL","N272AT",429,10397,1039705,30397,"ATL","Atlanta, GA","GA",13,"Georgia",34,11292,1129202,30325,"DEN","Denver, CO","CO",8,"Colorado",82,1448,1448,0,0,0,0,"1400-1459",9,1457,1601,8,1610,1609,-1,0,0,-1,"1600-1659",0,"",0,202,201,184,1,1199,5,NA,NA,NA,NA,NA,NA,NA,NA
2012,4,11,26,1,2012-11-26,"DL",19790,"DL","N668DN",708,10397,1039705,30397,"ATL","Atlanta, GA","GA",13,"Georgia",34,15016,1501603,31123,"STL","St. Louis, MO","MO",29,"Missouri",64,1000,1006,6,6,0,0,"1000-1059",17,1023,1036,6,1055,1042,-13,0,0,-1,"1000-1059",0,"",0,115,96,73,1,484,2,NA,NA,NA,NA,NA,NA,NA,NA
2012,4,11,4,7,2012-11-04,"AA",19805,"AA","N3BGAA",645,10397,1039705,30397,"ATL","Atlanta, GA","GA",13,"Georgia",34,13303,1330303,32467,"MIA","Miami, FL","FL",12,"Florida",33,745,739,-6,0,0,-1,"0700-0759",28,807,926,3,940,929,-11,0,0,-1,"0900-0959",0,"",0,115,110,79,1,594,3,NA,NA,NA,NA,NA,NA,NA,NA
2012,4,11,12,1,2012-11-12,"DL",19790,"DL","N327NW",1975,10397,1039705,30397,"ATL","Atlanta, GA","GA",13,"Georgia",34,11193,1119302,33105,"CVG","Cincinnati, OH","KY",21,"Kentucky",52,1410,1452,42,42,1,2,"1400-1459",28,1520,1612,3,1538,1615,37,37,1,2,"1500-1559",0,"",0,88,83,52,1,373,2,0,0,0,0,37,NA,NA,NA
2012,4,11,1,4,2012-11-01,"DL",19790,"DL","N6708D",1757,10397,1039705,30397,"ATL","Atlanta, GA","GA",13,"Georgia",34,14908,1490803,32575,"SNA","Santa Ana, CA","CA",6,"California",91,949,945,-4,0,0,-1,"0900-0959",20,1005,1103,17,1140,1120,-20,0,0,-2,"1100-1159",0,"",0,291,275,238,1,1919,8,NA,NA,NA,NA,NA,NA,NA,NA
2012,4,11,30,5,2012-11-30,"DL",19790,"DL","N924DL",335,10397,1039705,30397,"ATL","Atlanta, GA","GA",13,"Georgia",34,11057,1105703,31057,"CLT","Charlotte, NC","NC",37,"North Carolina",36,1501,1500,-1,0,0,-1,"1500-1559",19,1519,1559,5,1619,1604,-15,0,0,-1,"1600-1659",0,"",0,78,64,40,1,226,1,NA,NA,NA,NA,NA,NA,NA,NA
2012,4,11,23,5,2012-11-23,"MQ",20398,"MQ","N9EAMQ",4651,10397,1039705,30397,"ATL","Atlanta, GA","GA",13,"Georgia",34,12953,1295302,31703,"LGA","New York, NY","NY",36,"New York",22,900,857,-3,0,0,-1,"0900-0959",17,914,1052,5,1115,1057,-18,0,0,-2,"1100-1159",0,"",0,135,120,98,1,762,4,NA,NA,NA,NA,NA,NA,NA,NA
2012,4,11,25,7,2012-11-25,"DL",19790,"DL","N6707A",1545,10397,1039705,30397,"ATL","Atlanta, GA","GA",13,"Georgia",34,10721,1072102,30721,"BOS","Boston, MA","MA",25,"Massachusetts",13,1610,1607,-3,0,0,-1,"1600-1659",18,1625,1828,21,1848,1849,1,1,0,0,"1800-1859",0,"",0,158,162,123,1,946,4,NA,NA,NA,NA,NA,NA,NA,NA
2012,4,11,6,2,2012-11-06,"DL",19790,"DL","N549US",1586,10397,1039705,30397,"ATL","Atlanta, GA","GA",13,"Georgia",34,10821,1082103,30852,"BWI","Baltimore, MD","MD",24,"Maryland",35,1115,1122,7,7,0,0,"1100-1159",17,1139,1254,8,1308,1302,-6,0,0,-1,"1300-1359",0,"",0,113,100,75,1,577,3,NA,NA,NA,NA,NA,NA,NA,NA
2012,4,11,2,5,2012-11-02,"DL",19790,"DL","N640DL",1093,10397,1039705,30397,"ATL","Atlanta, GA","GA",13,"Georgia",34,13204,1320402,31454,"MCO","Orlando, FL","FL",12,"Florida",33,1955,1952,-3,0,0,-1,"1900-1959",17,2009,2106,7,2134,2113,-21,0,0,-2,"2100-2159",0,"",0,99,81,57,1,404,2,NA,NA,NA,NA,NA,NA,NA,NA
2012,4,11,16,5,2012-11-16,"DL",19790,"DL","N954DN",2094,10397,1039705,30397,"ATL","Atlanta, GA","GA",13,"Georgia",34,14100,1410002,34100,"PHL","Philadelphia, PA","PA",42,"Pennsylvania",23,1920,1928,8,8,0,0,"1900-1959",27,1955,2124,6,2132,2130,-2,0,0,-1,"2100-2159",0,"",0,132,122,89,1,666,3,NA,NA,NA,NA,NA,NA,NA,NA
2012,4,11,8,4,2012-11-08,"DL",19790,"DL","N673DL",1199,10397,1039705,30397,"ATL","Atlanta, GA","GA",13,"Georgia",34,15016,1501603,31123,"STL","St. Louis, MO","MO",29,"Missouri",64,1525,1523,-2,0,0,-1,"1500-1559",30,1553,1609,7,1618,1616,-2,0,0,-1,"1600-1659",0,"",0,113,113,76,1,484,2,NA,NA,NA,NA,NA,NA,NA,NA
2012,4,11,30,5,2012-11-30,"DL",19790,"DL","N551NW",39,10397,1039705,30397,"ATL","Atlanta, GA","GA",13,"Georgia",34,13204,1320402,31454,"MCO","Orlando, FL","FL",12,"Florida",33,1650,1650,0,0,0,0,"1600-1659",16,1706,1811,14,1824,1825,1,1,0,0,"1800-1859",0,"",0,94,95,65,1,404,2,NA,NA,NA,NA,NA,NA,NA,NA
2012,4,11,29,4,2012-11-29,"EV",20366,"EV","N838AS",5222,10397,1039705,30397,"ATL","Atlanta, GA","GA",13,"Georgia",34,12945,1294503,32945,"LEX","Lexington, KY","KY",21,"Kentucky",52,1511,1511,0,0,0,0,"1500-1559",11,1522,1609,6,1630,1615,-15,0,0,-1,"1600-1659",0,"",0,79,64,47,1,304,2,NA,NA,NA,NA,NA,NA,NA,NA
2012,4,11,5,1,2012-11-05,"DL",19790,"DL","N616DL",1915,10397,1039705,30397,"ATL","Atlanta, GA","GA",13,"Georgia",34,14107,1410702,30466,"PHX","Phoenix, AZ","AZ",4,"Arizona",81,2145,2146,1,1,0,0,"2100-2159",17,2203,2324,5,2359,2329,-30,0,0,-2,"2300-2359",0,"",0,254,223,201,1,1587,7,NA,NA,NA,NA,NA,NA,NA,NA
2012,4,11,6,2,2012-11-06,"EV",20366,"EV","N861AS",5076,10397,1039705,30397,"ATL","Atlanta, GA","GA",13,"Georgia",34,15919,1591902,31834,"XNA","Fayetteville, AR","AR",5,"Arkansas",71,2202,2155,-7,0,0,-1,"2200-2259",12,2207,2243,6,2300,2249,-11,0,0,-1,"2300-2359",0,"",0,118,114,96,1,589,3,NA,NA,NA,NA,NA,NA,NA,NA
2012,4,11,4,7,2012-11-04,"DL",19790,"DL","N914DE",2366,10397,1039705,30397,"ATL","Atlanta, GA","GA",13,"Georgia",34,10994,1099402,30994,"CHS","Charleston, SC","SC",45,"South Carolina",37,2201,2153,-8,0,0,-1,"2200-2259",17,2210,2249,6,2315,2255,-20,0,0,-2,"2300-2359",0,"",0,74,62,39,1,259,2,NA,NA,NA,NA,NA,NA,NA,NA
2012,4,11,5,1,2012-11-05,"DL",19790,"DL","N616DL",1915,10397,1039705,30397,"ATL","Atlanta, GA","GA",13,"Georgia",34,14107,1410702,30466,"PHX","Phoenix, AZ","AZ",4,"Arizona",81,2145,2146,1,1,0,0,"2100-2159",17,2203,2324,5,2359,2329,-30,0,0,-2,"2300-2359",0,"",0,254,223,201,1,1587,7,NA,NA,NA,NA,NA,NA,NA,NA
2012,4,11,10,6,2012-11-10,"DL",19790,"DL","N689DL",429,10397,1039705,30397,"ATL","Atlanta, GA","GA",13,"Georgia",34,14843,1484303,34819,"SJU","San Juan, PR","PR",72,"Puerto Rico",3,1937,1944,7,7,0,0,"1900-1959",16,2000,2357,5,15,2,-13,0,0,-1,"0001-0559",0,"",0,218,198,177,1,1547,7,NA,NA,NA,NA,NA,NA,NA,NA
2012,4,11,27,2,2012-11-27,"DL",19790,"DL","N618DL",1642,10397,1039705,30397,"ATL","Atlanta, GA","GA",13,"Georgia",34,12478,1247802,31703,"JFK","New York, NY","NY",36,"New York",22,2030,2046,16,16,1,1,"2000-2059",52,2138,2313,21,2250,2334,44,44,1,2,"2200-2259",0,"",0,140,168,95,1,760,4,7,0,28,0,9,NA,NA,NA
2012,4,11,21,3,2012-11-21,"EV",20366,"EV","N876AS",5425,10397,1039705,30397,"ATL","Atlanta, GA","GA",13,"Georgia",34,11146,1114603,31146,"CRW","Charleston/Dunbar, WV","WV",54,"West Virginia",39,1205,1202,-3,0,0,-1,"1200-1259",12,1214,1316,1,1325,1317,-8,0,0,-1,"1300-1359",0,"",0,80,75,62,1,363,2,NA,NA,NA,NA,NA,NA,NA,NA
2012,4,11,18,7,2012-11-18,"FL",20437,"FL","N992AT",633,10397,1039705,30397,"ATL","Atlanta, GA","GA",13,"Georgia",34,13342,1334205,33342,"MKE","Milwaukee, WI","WI",55,"Wisconsin",45,2220,2211,-9,0,0,-1,"2200-2259",23,2234,2311,11,2324,2322,-2,0,0,-1,"2300-2359",0,"",0,124,131,97,1,669,3,NA,NA,NA,NA,NA,NA,NA,NA
2012,4,11,16,5,2012-11-16,"AA",19805,"AA","N529AA",1457,10397,1039705,30397,"ATL","Atlanta, GA","GA",13,"Georgia",34,11298,1129803,30194,"DFW","Dallas/Fort Worth, TX","TX",48,"Texas",74,1645,1650,5,5,0,0,"1600-1659",11,1701,1756,10,1820,1806,-14,0,0,-1,"1800-1859",0,"",0,155,136,115,1,731,3,NA,NA,NA,NA,NA,NA,NA,NA
2012,4,11,6,2,2012-11-06,"EV",20366,"EV","N752EV",5393,10397,1039705,30397,"ATL","Atlanta, GA","GA",13,"Georgia",34,15624,1562401,31504,"VPS","Valparaiso, FL","FL",12,"Florida",33,2045,2038,-7,0,0,-1,"2000-2059",11,2049,2030,7,2101,2037,-24,0,0,-2,"2100-2159",0,"",0,76,59,41,1,250,2,NA,NA,NA,NA,NA,NA,NA,NA
2012,4,11,12,1,2012-11-12,"DL",19790,"DL","N664DN",1486,10397,1039705,30397,"ATL","Atlanta, GA","GA",13,"Georgia",34,12953,1295302,31703,"LGA","New York, NY","NY",36,"New York",22,635,630,-5,0,0,-1,"0600-0659",29,659,1149,10,848,1159,NA,NA,NA,NA,"0800-0859",0,"",1,133,NA,NA,1,762,4,NA,NA,NA,NA,NA,NA,NA,NA
2012,4,11,23,5,2012-11-23,"MQ",20398,"MQ","N9EAMQ",4651,10397,1039705,30397,"ATL","Atlanta, GA","GA",13,"Georgia",34,12953,1295302,31703,"LGA","New York, NY","NY",36,"New York",22,900,857,-3,0,0,-1,"0900-0959",17,914,1052,5,1115,1057,-18,0,0,-2,"1100-1159",0,"",0,135,120,98,1,762,4,NA,NA,NA,NA,NA,NA,NA,NA
2012,4,11,23,5,2012-11-23,"FL",20437,"FL","N939AT",143,10397,1039705,30397,"ATL","Atlanta, GA","GA",13,"Georgia",34,14635,1463502,31714,"RSW","Fort Myers, FL","FL",12,"Florida",33,1935,1928,-7,0,0,-1,"1900-1959",15,1943,2055,5,2121,2100,-21,0,0,-2,"2100-2159",0,"",0,106,92,72,1,515,3,NA,NA,NA,NA,NA,NA,NA,NA
2012,4,11,23,5,2012-11-23,"DL",19790,"DL","N904DA",1390,10397,1039705,30397,"ATL","Atlanta, GA","GA",13,"Georgia",34,14193,1419303,33728,"PNS","Pensacola, FL","FL",12,"Florida",33,1200,1154,-6,0,0,-1,"1200-1259",15,1209,1157,4,1220,1201,-19,0,0,-2,"1200-1259",0,"",0,80,67,48,1,271,2,NA,NA,NA,NA,NA,NA,NA,NA
2012,4,11,27,2,2012-11-27,"DL",19790,"DL","N901DE",1297,10397,1039705,30397,"ATL","Atlanta, GA","GA",13,"Georgia",34,14986,1498603,34986,"SRQ","Sarasota/Bradenton, FL","FL",12,"Florida",33,1435,1432,-3,0,0,-1,"1400-1459",16,1448,1554,4,1607,1558,-9,0,0,-1,"1600-1659",0,"",0,92,86,66,1,444,2,NA,NA,NA,NA,NA,NA,NA,NA
2012,4,11,27,2,2012-11-27,"DL",19790,"DL","N688DL",1124,10397,1039705,30397,"ATL","Atlanta, GA","GA",13,"Georgia",34,14524,1452401,34524,"RIC","Richmond, VA","VA",51,"Virginia",38,1915,1914,-1,0,0,-1,"1900-1959",17,1931,2039,9,2057,2048,-9,0,0,-1,"2000-2059",0,"",0,102,94,68,1,481,2,NA,NA,NA,NA,NA,NA,NA,NA
2012,4,11,9,5,2012-11-09,"AA",19805,"AA","N4YSAA",1559,10397,1039705,30397,"ATL","Atlanta, GA","GA",13,"Georgia",34,11298,1129803,30194,"DFW","Dallas/Fort Worth, TX","TX",48,"Texas",74,1645,1638,-7,0,0,-1,"1600-1659",18,1656,1744,6,1815,1750,-25,0,0,-2,"1800-1859",0,"",0,150,132,108,1,731,3,NA,NA,NA,NA,NA,NA,NA,NA
2012,4,11,29,4,2012-11-29,"FL",20437,"FL","N969AT",656,10397,1039705,30397,"ATL","Atlanta, GA","GA",13,"Georgia",34,13198,1319801,33198,"MCI","Kansas City, MO","MO",29,"Missouri",64,1005,959,-6,0,0,-1,"1000-1059",13,1012,1056,5,1126,1101,-25,0,0,-2,"1100-1159",0,"",0,141,122,104,1,692,3,NA,NA,NA,NA,NA,NA,NA,NA
2012,4,11,27,2,2012-11-27,"EV",20366,"EV","N903EV",4898,10397,1039705,30397,"ATL","Atlanta, GA","GA",13,"Georgia",34,13577,1357702,31135,"MYR","Myrtle Beach, SC","SC",45,"South Carolina",37,1616,1615,-1,0,0,-1,"1600-1659",18,1633,1724,3,1730,1727,-3,0,0,-1,"1700-1759",0,"",0,74,72,51,1,317,2,NA,NA,NA,NA,NA,NA,NA,NA
2012,4,11,17,6,2012-11-17,"FL",20437,"FL","N176AT",141,10397,1039705,30397,"ATL","Atlanta, GA","GA",13,"Georgia",34,14635,1463502,31714,"RSW","Fort Myers, FL","FL",12,"Florida",33,1415,1409,-6,0,0,-1,"1400-1459",9,1418,1528,4,1551,1532,-19,0,0,-2,"1500-1559",0,"",0,96,83,70,1,515,3,NA,NA,NA,NA,NA,NA,NA,NA
2012,4,11,7,3,2012-11-07,"FL",20437,"FL","N922AT",19,10397,1039705,30397,"ATL","Atlanta, GA","GA",13,"Georgia",34,13204,1320402,31454,"MCO","Orlando, FL","FL",12,"Florida",33,2100,2055,-5,0,0,-1,"2100-2159",15,2110,2209,4,2229,2213,-16,0,0,-2,"2200-2259",0,"",0,89,78,59,1,404,2,NA,NA,NA,NA,NA,NA,NA,NA
2012,4,11,4,7,2012-11-04,"AA",19805,"AA","N3BGAA",645,10397,1039705,30397,"ATL","Atlanta, GA","GA",13,"Georgia",34,13303,1330303,32467,"MIA","Miami, FL","FL",12,"Florida",33,745,739,-6,0,0,-1,"0700-0759",28,807,926,3,940,929,-11,0,0,-1,"0900-0959",0,"",0,115,110,79,1,594,3,NA,NA,NA,NA,NA,NA,NA,NA
2012,4,11,13,2,2012-11-13,"DL",19790,"DL","N924DN",2309,10397,1039705,30397,"ATL","Atlanta, GA","GA",13,"Georgia",34,15016,1501603,31123,"STL","St. Louis, MO","MO",29,"Missouri",64,820,818,-2,0,0,-1,"0800-0859",13,831,845,5,910,850,-20,0,0,-2,"0900-0959",0,"",0,110,92,74,1,484,2,NA,NA,NA,NA,NA,NA,NA,NA
2012,4,11,5,1,2012-11-05,"EV",20366,"EV","N975EV",5482,10397,1039705,30397,"ATL","Atlanta, GA","GA",13,"Georgia",34,11146,1114603,31146,"CRW","Charleston/Dunbar, WV","WV",54,"West Virginia",39,1459,1452,-7,0,0,-1,"1400-1459",11,1503,1557,4,1621,1601,-20,0,0,-2,"1600-1659",0,"",0,82,69,54,1,363,2,NA,NA,NA,NA,NA,NA,NA,NA
2012,4,11,8,4,2012-11-08,"FL",20437,"FL","N354AT",42,10397,1039705,30397,"ATL","Atlanta, GA","GA",13,"Georgia",34,12889,1288903,32211,"LAS","Las Vegas, NV","NV",32,"Nevada",85,2105,2101,-4,0,0,-1,"2100-2159",18,2119,2216,6,2242,2222,-20,0,0,-2,"2200-2259",0,"",0,277,261,237,1,1747,7,NA,NA,NA,NA,NA,NA,NA,NA
2012,4,11,25,7,2012-11-25,"EV",20366,"EV","N683BR",5227,10397,1039705,30397,"ATL","Atlanta, GA","GA",13,"Georgia",34,14574,1457402,34574,"ROA","Roanoke, VA","VA",51,"Virginia",38,1212,1209,-3,0,0,-1,"1200-1259",20,1229,1324,3,1335,1327,-8,0,0,-1,"1300-1359",0,"",0,83,78,55,1,357,2,NA,NA,NA,NA,NA,NA,NA,NA
2012,4,11,29,4,2012-11-29,"DL",19790,"DL","N925DL",388,10397,1039705,30397,"ATL","Atlanta, GA","GA",13,"Georgia",34,11267,1126702,31267,"DAY","Dayton, OH","OH",39,"Ohio",44,851,848,-3,0,0,-1,"0800-0859",11,859,1004,8,1033,1012,-21,0,0,-2,"1000-1059",0,"",0,102,84,65,1,432,2,NA,NA,NA,NA,NA,NA,NA,NA
2012,4,11,14,3,2012-11-14,"FL",20437,"FL","N969AT",675,10397,1039705,30397,"ATL","Atlanta, GA","GA",13,"Georgia",34,13487,1348702,31650,"MSP","Minneapolis, MN","MN",27,"Minnesota",63,855,851,-4,0,0,-1,"0800-0859",17,908,1008,9,1041,1017,-24,0,0,-2,"1000-1059",0,"",0,166,146,120,1,907,4,NA,NA,NA,NA,NA,NA,NA,NA
2012,4,11,10,6,2012-11-10,"EV",20366,"EV","N843AS",5337,10397,1039705,30397,"ATL","Atlanta, GA","GA",13,"Georgia",34,13277,1327702,33277,"MGM","Montgomery, AL","AL",1,"Alabama",51,1131,1125,-6,0,0,-1,"1100-1159",11,1136,1106,3,1130,1109,-21,0,0,-2,"1100-1159",0,"",0,59,44,30,1,147,1,NA,NA,NA,NA,NA,NA,NA,NA
2012,4,11,10,6,2012-11-10,"EV",20366,"EV","N882AS",4927,10397,1039705,30397,"ATL","Atlanta, GA","GA",13,"Georgia",34,14108,1410803,34108,"PIA","Peoria, IL","IL",17,"Illinois",41,1530,1526,-4,0,0,-1,"1500-1559",14,1540,1608,3,1623,1611,-12,0,0,-1,"1600-1659",0,"",0,113,105,88,1,565,3,NA,NA,NA,NA,NA,NA,NA,NA
2012,4,11,10,6,2012-11-10,"MQ",20398,"MQ","N668MQ",3541,10397,1039705,30397,"ATL","Atlanta, GA","GA",13,"Georgia",34,13303,1330303,32467,"MIA","Miami, FL","FL",12,"Florida",33,1940,2007,27,27,1,1,"1900-1959",8,2015,2136,5,2145,2141,-4,0,0,-1,"2100-2159",0,"",0,125,94,81,1,594,3,NA,NA,NA,NA,NA,NA,NA,NA
2012,4,11,11,7,2012-11-11,"DL",19790,"DL","N989DL",1713,10397,1039705,30397,"ATL","Atlanta, GA","GA",13,"Georgia",34,12266,1226603,31453,"IAH","Houston, TX","TX",48,"Texas",74,1920,1918,-2,0,0,-1,"1900-1959",35,1953,2038,6,2048,2044,-4,0,0,-1,"2000-2059",0,"",0,148,146,105,1,689,3,NA,NA,NA,NA,NA,NA,NA,NA
2012,4,11,11,7,2012-11-11,"FL",20437,"FL","N937AT",635,10397,1039705,30397,"ATL","Atlanta, GA","GA",13,"Georgia",34,13495,1349502,33495,"MSY","New Orleans, LA","LA",22,"Louisiana",72,1332,1325,-7,0,0,-1,"1300-1359",11,1336,1347,3,1408,1350,-18,0,0,-2,"1400-1459",0,"",0,96,85,71,1,425,2,NA,NA,NA,NA,NA,NA,NA,NA
2012,4,11,10,6,2012-11-10,"DL",19790,"DL","N6708D",1166,10397,1039705,30397,"ATL","Atlanta, GA","GA",13,"Georgia",34,11433,1143302,31295,"DTW","Detroit, MI","MI",26,"Michigan",43,1500,1501,1,1,0,0,"1500-1559",20,1521,1650,8,1700,1658,-2,0,0,-1,"1700-1759",0,"",0,120,117,89,1,594,3,NA,NA,NA,NA,NA,NA,NA,NA
2012,4,11,8,4,2012-11-08,"EV",20366,"EV","N976EV",5025,10397,1039705,30397,"ATL","Atlanta, GA","GA",13,"Georgia",34,13230,1323002,32070,"MDT","Harrisburg, PA","PA",42,"Pennsylvania",23,2035,2104,29,29,1,1,"2000-2059",23,2127,2258,6,2230,2304,34,34,1,2,"2200-2259",0,"",0,115,120,91,1,620,3,29,0,5,0,0,NA,NA,NA
2012,4,11,16,5,2012-11-16,"EV",20366,"EV","N904EV",5291,10397,1039705,30397,"ATL","Atlanta, GA","GA",13,"Georgia",34,13277,1327702,33277,"MGM","Montgomery, AL","AL",1,"Alabama",51,2030,2026,-4,0,0,-1,"2000-2059",10,2036,2006,3,2031,2009,-22,0,0,-2,"2000-2059",0,"",0,61,43,30,1,147,1,NA,NA,NA,NA,NA,NA,NA,NA
2012,4,11,10,6,2012-11-10,"DL",19790,"DL","N764NC",912,10397,1039705,30397,"ATL","Atlanta, GA","GA",13,"Georgia",34,12992,1299204,32600,"LIT","Little Rock, AR","AR",5,"Arkansas",71,1642,1636,-6,0,0,-1,"1600-1659",17,1653,1702,5,1720,1707,-13,0,0,-1,"1700-1759",0,"",0,98,91,69,1,453,2,NA,NA,NA,NA,NA,NA,NA,NA
2012,4,11,16,5,2012-11-16,"DL",19790,"DL","N685DA",953,10397,1039705,30397,"ATL","Atlanta, GA","GA",13,"Georgia",34,14683,1468303,33214,"SAT","San Antonio, TX","TX",48,"Texas",74,1746,1745,-1,0,0,-1,"1700-1759",24,1809,1912,20,1925,1932,7,7,0,0,"1900-1959",0,"",0,159,167,123,1,874,4,NA,NA,NA,NA,NA,NA,NA,NA
2012,4,11,5,1,2012-11-05,"DL",19790,"DL","N616DL",1915,10397,1039705,30397,"ATL","Atlanta, GA","GA",13,"Georgia",34,14107,1410702,30466,"PHX","Phoenix, AZ","AZ",4,"Arizona",81,2145,2146,1,1,0,0,"2100-2159",17,2203,2324,5,2359,2329,-30,0,0,-2,"2300-2359",0,"",0,254,223,201,1,1587,7,NA,NA,NA,NA,NA,NA,NA,NA
2012,4,11,6,2,2012-11-06,"DL",19790,"DL","N959DL",1335,10397,1039705,30397,"ATL","Atlanta, GA","GA",13,"Georgia",34,14730,1473003,33044,"SDF","Louisville, KY","KY",21,"Kentucky",52,1033,1037,4,4,0,0,"1000-1059",26,1103,1156,5,1200,1201,1,1,0,0,"1200-1259",0,"",0,87,84,53,1,321,2,NA,NA,NA,NA,NA,NA,NA,NA
