"Year","Quarter","Month","DayofMonth","DayOfWeek","FlightDate","UniqueCarrier","AirlineID","Carrier","TailNum","FlightNum","OriginAirportID","OriginAirportSeqID","OriginCityMarketID","Origin","OriginCityName","OriginState","OriginStateFips","OriginStateName","OriginWac","DestAirportID","DestAirportSeqID","DestCityMarketID","Dest","DestCityName","DestState","DestStateFips","DestStateName","DestWac","CRSDepTime","DepTime","DepDelay","DepDelayMinutes","DepDel15","DepartureDelayGroups","DepTimeBlk","TaxiOut","WheelsOff","WheelsOn","TaxiIn","CRSArrTime","ArrTime","ArrDelay","ArrDelayMinutes","ArrDel15","ArrivalDelayGroups","ArrTimeBlk","Cancelled","CancellationCode","Diverted","CRSElapsedTime","ActualElapsedTime","AirTime","Flights","Distance","DistanceGroup","CarrierDelay","WeatherDelay","NASDelay","SecurityDelay","LateAircraftDelay","FirstDepTime","TotalAddGTime","LongestAddGTime"
2011,4,10,17,1,2011-10-17,"B6",20409,"B6","N537JB",658,13204,1320402,31454,"MCO","Orlando, FL","FL",12,"Florida",33,15096,1509602,35096,"SYR","Syracuse, NY","NY",36,"New York",22,1715,1707,-8,0,0,-1,"1700-1759",12,1719,1933,2,1952,1935,-17,0,0,-2,"1900-1959",0,"",0,157,148,134,1,1053,5,NA,NA,NA,NA,NA,NA,NA,NA
2011,4,10,16,7,2011-10-16,"FL",20437,"FL","N893AT",1051,13204,1320402,31454,"MCO","Orlando, FL","FL",12,"Florida",33,10135,1013502,30135,"ABE","Allentown/Bethlehem/Easton, PA","PA",42,"Pennsylvania",23,1440,1437,-3,0,0,-1,"1400-1459",9,1446,1648,4,1703,1652,-11,0,0,-1,"1700-1759",0,"",0,143,135,122,1,906,4,NA,NA,NA,NA,NA,NA,NA,NA
2011,4,10,11,2,2011-10-11,"WN",19393,"WN","N360SW",132,13204,1320402,31454,"MCO","Orlando, FL","FL",12,"Florida",33,10821,1082103,30852,"BWI","Baltimore, MD","MD",24,"Maryland",35,1455,1519,24,24,1,1,"1400-1459",7,1526,1713,4,1700,1717,17,17,1,1,"1700-1759",0,"",0,125,118,107,1,787,4,4,0,0,0,13,NA,NA,NA
2011,4,10,21,5,2011-10-21,"B6",20409,"B6","N309JB",1148,13204,1320402,31454,"MCO","Orlando, FL","FL",12,"Florida",33,10785,1078502,30785,"BTV","Burlington, VT","VT",50,"Vermont",16,1505,1515,10,10,0,0,"1500-1559",23,1538,1752,2,1758,1754,-4,0,0,-1,"1700-1759",0,"",0,173,159,134,1,1194,5,NA,NA,NA,NA,NA,NA,NA,NA
2011,4,10,22,6,2011-10-22,"DL",19790,"DL","N137DL",1979,13204,1320402,31454,"MCO","Orlando, FL","FL",12,"Florida",33,13487,1348702,31650,"MSP","Minneapolis, MN","MN",27,"Minnesota",63,1415,1415,0,0,0,0,"1400-1459",15,1430,1623,5,1640,1628,-12,0,0,-1,"1600-1659",0,"",0,205,193,173,1,1310,6,NA,NA,NA,NA,NA,NA,NA,NA
2011,4,10,2,7,2011-10-02,"B6",20409,"B6","N632JB",396,13204,1320402,31454,"MCO","Orlando, FL","FL",12,"Florida",33,12953,1295302,31703,"LGA","New York, NY","NY",36,"New York",22,1925,1921,-4,0,0,-1,"1900-1959",11,1932,2142,5,2159,2147,-12,0,0,-1,"2100-2159",0,"",0,154,146,130,1,950,4,NA,NA,NA,NA,NA,NA,NA,NA
2011,4,10,25,2,2011-10-25,"WN",19393,"WN","N373SW",2221,13204,1320402,31454,"MCO","Orlando, FL","FL",12,"Florida",33,13232,1323202,30977,"MDW","Chicago, IL","IL",17,"Illinois",41,1430,1437,7,7,0,0,"1400-1459",9,1446,1609,6,1615,1615,0,0,0,0,"1600-1659",0,"",0,165,158,143,1,990,4,NA,NA,NA,NA,NA,NA,NA,NA
2011,4,10,1,6,2011-10-01,"UA",19977,"UA","N524UA",826,13204,1320402,31454,"MCO","Orlando, FL","FL",12,"Florida",33,13930,1393002,30977,"ORD","Chicago, IL","IL",17,"Illinois",41,714,708,-6,0,0,-1,"0700-0759",11,719,844,6,900,850,-10,0,0,-1,"0900-0959",0,"",0,166,162,145,1,1005,5,NA,NA,NA,NA,NA,NA,NA,NA
2011,4,10,17,1,2011-10-17,"WN",19393,"WN","N616SW",890,13204,1320402,31454,"MCO","Orlando, FL","FL",12,"Florida",33,10693,1069302,30693,"BNA","Nashville, TN","TN",47,"Tennessee",54,825,820,-5,0,0,-1,"0800-0859",9,829,905,4,920,909,-11,0,0,-1,"0900-0959",0,"",0,115,109,96,1,616,3,NA,NA,NA,NA,NA,NA,NA,NA
2011,4,10,25,2,2011-10-25,"FL",20437,"FL","N953AT",672,13204,1320402,31454,"MCO","Orlando, FL","FL",12,"Florida",33,13342,1334204,33342,"MKE","Milwaukee, WI","WI",55,"Wisconsin",45,705,700,-5,0,0,-1,"0700-0759",10,710,836,6,854,842,-12,0,0,-1,"0800-0859",0,"",0,169,162,146,1,1066,5,NA,NA,NA,NA,NA,NA,NA,NA
2011,4,10,11,2,2011-10-11,"WN",19393,"WN","N620SW",604,13204,1320402,31454,"MCO","Orlando, FL","FL",12,"Florida",33,13296,1329604,30721,"MHT","Manchester, NH","NH",33,"New Hampshire",14,900,858,-2,0,0,-1,"0900-0959",7,905,1133,4,1145,1137,-8,0,0,-1,"1100-1159",0,"",0,165,159,148,1,1142,5,NA,NA,NA,NA,NA,NA,NA,NA
2011,4,10,28,5,2011-10-28,"DL",19790,"DL","N590NW",2369,13204,1320402,31454,"MCO","Orlando, FL","FL",12,"Florida",33,10397,1039704,30397,"ATL","Atlanta, GA","GA",13,"Georgia",34,1535,1536,1,1,0,0,"1500-1559",18,1554,1659,8,1712,1707,-5,0,0,-1,"1700-1759",0,"",0,97,91,65,1,404,2,NA,NA,NA,NA,NA,NA,NA,NA
2011,4,10,9,7,2011-10-09,"US",20355,"US","N419US",734,13204,1320402,31454,"MCO","Orlando, FL","FL",12,"Florida",33,14100,1410002,34100,"PHL","Philadelphia, PA","PA",42,"Pennsylvania",23,1455,1452,-3,0,0,-1,"1400-1459",9,1501,1710,3,1725,1713,-12,0,0,-1,"1700-1759",0,"",0,150,141,129,1,861,4,NA,NA,NA,NA,NA,NA,NA,NA
2011,4,10,26,3,2011-10-26,"FL",20437,"FL","N928AT",1090,13204,1320402,31454,"MCO","Orlando, FL","FL",12,"Florida",33,12339,1233904,32337,"IND","Indianapolis, IN","IN",18,"Indiana",42,2059,2054,-5,0,0,-1,"2000-2059",8,2102,2300,3,2312,2303,-9,0,0,-1,"2300-2359",0,"",0,133,129,118,1,829,4,NA,NA,NA,NA,NA,NA,NA,NA
2011,4,10,21,5,2011-10-21,"WN",19393,"WN","N288WN",1616,13204,1320402,31454,"MCO","Orlando, FL","FL",12,"Florida",33,10529,1052903,30529,"BDL","Hartford, CT","CT",9,"Connecticut",11,940,1110,90,90,1,6,"0900-0959",14,1124,1323,4,1220,1327,67,67,1,4,"1200-1259",0,"",0,160,137,119,1,1050,5,38,0,0,0,29,NA,NA,NA
2011,4,10,10,1,2011-10-10,"CO",19704,"CO","N56859",1260,13204,1320402,31454,"MCO","Orlando, FL","FL",12,"Florida",33,11618,1161802,31703,"EWR","Newark, NJ","NJ",34,"New Jersey",21,1145,1140,-5,0,0,-1,"1100-1159",13,1153,1358,10,1422,1408,-14,0,0,-1,"1400-1459",0,"",0,157,148,125,1,937,4,NA,NA,NA,NA,NA,NA,NA,NA
2011,4,10,17,1,2011-10-17,"B6",20409,"B6","N565JB",747,13204,1320402,31454,"MCO","Orlando, FL","FL",12,"Florida",33,14843,1484303,34819,"SJU","San Juan, PR","PR",72,"Puerto Rico",3,2000,1959,-1,0,0,-1,"2000-2059",17,2016,2238,4,2243,2242,-1,0,0,-1,"2200-2259",0,"",0,163,163,142,1,1189,5,NA,NA,NA,NA,NA,NA,NA,NA
2011,4,10,13,4,2011-10-13,"CO",19704,"CO","N26226",1504,13204,1320402,31454,"MCO","Orlando, FL","FL",12,"Florida",33,11618,1161802,31703,"EWR","Newark, NJ","NJ",34,"New Jersey",21,629,621,-8,0,0,-1,"0600-0659",19,640,838,8,900,846,-14,0,0,-1,"0900-0959",0,"",0,151,145,118,1,937,4,NA,NA,NA,NA,NA,NA,NA,NA
2011,4,10,5,3,2011-10-05,"WN",19393,"WN","N437WN",2995,13204,1320402,31454,"MCO","Orlando, FL","FL",12,"Florida",33,10529,1052903,30529,"BDL","Hartford, CT","CT",9,"Connecticut",11,1850,1846,-4,0,0,-1,"1800-1859",9,1855,2115,3,2135,2118,-17,0,0,-2,"2100-2159",0,"",0,165,152,140,1,1050,5,NA,NA,NA,NA,NA,NA,NA,NA
2011,4,10,26,3,2011-10-26,"AA",19805,"AA","N5EPAA",2489,13204,1320402,31454,"MCO","Orlando, FL","FL",12,"Florida",33,11298,1129803,30194,"DFW","Dallas/Fort Worth, TX","TX",48,"Texas",74,1730,1723,-7,0,0,-1,"1700-1759",11,1734,1851,11,1920,1902,-18,0,0,-2,"1900-1959",0,"",0,170,159,137,1,985,4,NA,NA,NA,NA,NA,NA,NA,NA
2011,4,10,20,4,2011-10-20,"US",20355,"US","N419US",1278,13204,1320402,31454,"MCO","Orlando, FL","FL",12,"Florida",33,11278,1127802,30852,"DCA","Washington, DC","VA",51,"Virginia",38,1815,1822,7,7,0,0,"1800-1859",14,1836,2016,5,2020,2021,1,1,0,0,"2000-2059",0,"",0,125,119,100,1,759,4,NA,NA,NA,NA,NA,NA,NA,NA
2011,4,10,17,1,2011-10-17,"WN",19393,"WN","N780SW",1288,13204,1320402,31454,"MCO","Orlando, FL","FL",12,"Florida",33,14635,1463502,31714,"RSW","Fort Myers, FL","FL",12,"Florida",33,1740,1745,5,5,0,0,"1700-1759",7,1752,1823,4,1825,1827,2,2,0,0,"1800-1859",0,"",0,45,42,31,1,133,1,NA,NA,NA,NA,NA,NA,NA,NA
2011,4,10,6,4,2011-10-06,"WN",19393,"WN","N252WN",504,13204,1320402,31454,"MCO","Orlando, FL","FL",12,"Florida",33,12391,1239102,31703,"ISP","Islip, NY","NY",36,"New York",22,1525,1534,9,9,0,0,"1500-1559",13,1547,1756,4,1750,1800,10,10,0,0,"1700-1759",0,"",0,145,146,129,1,971,4,NA,NA,NA,NA,NA,NA,NA,NA
2011,4,10,25,2,2011-10-25,"B6",20409,"B6","N779JB",765,13204,1320402,31454,"MCO","Orlando, FL","FL",12,"Florida",33,10732,1073203,30732,"BQN","Aguadilla, PR","PR",72,"Puerto Rico",3,855,849,-6,0,0,-1,"0800-0859",12,901,1120,3,1133,1123,-10,0,0,-1,"1100-1159",0,"",0,158,154,139,1,1129,5,NA,NA,NA,NA,NA,NA,NA,NA
2011,4,10,26,3,2011-10-26,"WN",19393,"WN","N751SW",607,13204,1320402,31454,"MCO","Orlando, FL","FL",12,"Florida",33,14307,1430702,30721,"PVD","Providence, RI","RI",44,"Rhode Island",15,1940,1935,-5,0,0,-1,"1900-1959",6,1941,2200,4,2215,2204,-11,0,0,-1,"2200-2259",0,"",0,155,149,139,1,1072,5,NA,NA,NA,NA,NA,NA,NA,NA
2011,4,10,23,7,2011-10-23,"US",20355,"US","N439US",1474,13204,1320402,31454,"MCO","Orlando, FL","FL",12,"Florida",33,11278,1127802,30852,"DCA","Washington, DC","VA",51,"Virginia",38,1200,1150,-10,0,0,-1,"1200-1259",19,1209,1352,14,1401,1406,5,5,0,0,"1400-1459",0,"",0,121,136,103,1,759,4,NA,NA,NA,NA,NA,NA,NA,NA
2011,4,10,17,1,2011-10-17,"B6",20409,"B6","N565JB",332,13204,1320402,31454,"MCO","Orlando, FL","FL",12,"Florida",33,10529,1052903,30529,"BDL","Hartford, CT","CT",9,"Connecticut",11,1240,1237,-3,0,0,-1,"1200-1259",15,1252,1504,5,1519,1509,-10,0,0,-1,"1500-1559",0,"",0,159,152,132,1,1050,5,NA,NA,NA,NA,NA,NA,NA,NA
2011,4,10,9,7,2011-10-09,"B6",20409,"B6","N579JB",332,13204,1320402,31454,"MCO","Orlando, FL","FL",12,"Florida",33,10529,1052903,30529,"BDL","Hartford, CT","CT",9,"Connecticut",11,1240,1238,-2,0,0,-1,"1200-1259",17,1255,1508,4,1519,1512,-7,0,0,-1,"1500-1559",0,"",0,159,154,133,1,1050,5,NA,NA,NA,NA,NA,NA,NA,NA
2011,4,10,23,7,2011-10-23,"DL",19790,"DL","N965DL",990,13204,1320402,31454,"MCO","Orlando, FL","FL",12,"Florida",33,11193,1119302,33105,"CVG","Cincinnati, OH","KY",21,"Kentucky",52,1610,1605,-5,0,0,-1,"1600-1659",14,1619,1800,7,1819,1807,-12,0,0,-1,"1800-1859",0,"",0,129,122,101,1,757,4,NA,NA,NA,NA,NA,NA,NA,NA
2011,4,10,5,3,2011-10-05,"B6",20409,"B6","N630JB",160,13204,1320402,31454,"MCO","Orlando, FL","FL",12,"Florida",33,12478,1247802,31703,"JFK","New York, NY","NY",36,"New York",22,1823,1818,-5,0,0,-1,"1800-1859",16,1834,2038,13,2100,2051,-9,0,0,-1,"2100-2159",0,"",0,157,153,124,1,944,4,NA,NA,NA,NA,NA,NA,NA,NA
2011,4,10,7,5,2011-10-07,"US",20355,"US","N936UW",1856,13204,1320402,31454,"MCO","Orlando, FL","FL",12,"Florida",33,11057,1105703,31057,"CLT","Charlotte, NC","NC",37,"North Carolina",36,840,831,-9,0,0,-1,"0800-0859",16,847,957,8,1017,1005,-12,0,0,-1,"1000-1059",0,"",0,97,94,70,1,468,2,NA,NA,NA,NA,NA,NA,NA,NA
2011,4,10,14,5,2011-10-14,"DL",19790,"DL","N913DE",1776,13204,1320402,31454,"MCO","Orlando, FL","FL",12,"Florida",33,12953,1295302,31703,"LGA","New York, NY","NY",36,"New York",22,1250,1246,-4,0,0,-1,"1200-1259",29,1315,1540,8,1545,1548,3,3,0,0,"1500-1559",0,"",0,175,182,145,1,950,4,NA,NA,NA,NA,NA,NA,NA,NA
2011,4,10,27,4,2011-10-27,"WN",19393,"WN","N748SW",1288,13204,1320402,31454,"MCO","Orlando, FL","FL",12,"Florida",33,14635,1463502,31714,"RSW","Fort Myers, FL","FL",12,"Florida",33,1740,1739,-1,0,0,-1,"1700-1759",10,1749,1825,3,1825,1828,3,3,0,0,"1800-1859",0,"",0,45,49,36,1,133,1,NA,NA,NA,NA,NA,NA,NA,NA
2011,4,10,9,7,2011-10-09,"US",20355,"US","N523UW",654,13204,1320402,31454,"MCO","Orlando, FL","FL",12,"Florida",33,14107,1410702,30466,"PHX","Phoenix, AZ","AZ",4,"Arizona",81,730,728,-2,0,0,-1,"0700-0759",17,745,848,37,915,925,10,10,0,0,"0900-0959",0,"",0,285,297,243,1,1849,8,NA,NA,NA,NA,NA,NA,NA,NA
2011,4,10,2,7,2011-10-02,"FL",20437,"FL","N956AT",1468,13204,1320402,31454,"MCO","Orlando, FL","FL",12,"Florida",33,13232,1323202,30977,"MDW","Chicago, IL","IL",17,"Illinois",41,2040,2036,-4,0,0,-1,"2000-2059",9,2045,3,4,2216,7,NA,NA,NA,NA,"2200-2259",0,"",1,156,NA,NA,1,990,4,NA,NA,NA,NA,NA,NA,NA,NA
2011,4,10,20,4,2011-10-20,"FL",20437,"FL","N915AT",1268,13204,1320402,31454,"MCO","Orlando, FL","FL",12,"Florida",33,10685,1068502,30685,"BMI","Bloomington/Normal, IL","IL",17,"Illinois",41,1019,1027,8,8,0,0,"1000-1059",9,1036,1140,3,1146,1143,-3,0,0,-1,"1100-1159",0,"",0,147,136,124,1,936,4,NA,NA,NA,NA,NA,NA,NA,NA
2011,4,10,2,7,2011-10-02,"EV",20366,"EV","N868AS",4872,13204,1320402,31454,"MCO","Orlando, FL","FL",12,"Florida",33,14492,1449202,34492,"RDU","Raleigh/Durham, NC","NC",37,"North Carolina",36,1845,1836,-9,0,0,-1,"1800-1859",12,1848,2006,4,2029,2010,-19,0,0,-2,"2000-2059",0,"",0,104,94,78,1,534,3,NA,NA,NA,NA,NA,NA,NA,NA
2011,4,10,26,3,2011-10-26,"AA",19805,"AA","N3DNAA",391,13204,1320402,31454,"MCO","Orlando, FL","FL",12,"Florida",33,11298,1129803,30194,"DFW","Dallas/Fort Worth, TX","TX",48,"Texas",74,1410,1404,-6,0,0,-1,"1400-1459",15,1419,1543,7,1555,1550,-5,0,0,-1,"1500-1559",0,"",0,165,166,144,1,985,4,NA,NA,NA,NA,NA,NA,NA,NA
2011,4,10,16,7,2011-10-16,"CO",19704,"CO","N76528",1593,13204,1320402,31454,"MCO","Orlando, FL","FL",12,"Florida",33,11618,1161802,31703,"EWR","Newark, NJ","NJ",34,"New Jersey",21,1945,1945,0,0,0,0,"1900-1959",12,1957,2159,12,2221,2211,-10,0,0,-1,"2200-2259",0,"",0,156,146,122,1,937,4,NA,NA,NA,NA,NA,NA,NA,NA
2011,4,10,6,4,2011-10-06,"WN",19393,"WN","N374SW",123,13204,1320402,31454,"MCO","Orlando, FL","FL",12,"Florida",33,10821,1082103,30852,"BWI","Baltimore, MD","MD",24,"Maryland",35,2020,2016,-4,0,0,-1,"2000-2059",10,2026,2214,8,2240,2222,-18,0,0,-2,"2200-2259",0,"",0,140,126,108,1,787,4,NA,NA,NA,NA,NA,NA,NA,NA
2011,4,10,9,7,2011-10-09,"WN",19393,"WN","N289CT",2995,13204,1320402,31454,"MCO","Orlando, FL","FL",12,"Florida",33,10529,1052903,30529,"BDL","Hartford, CT","CT",9,"Connecticut",11,1850,1854,4,4,0,0,"1800-1859",26,1920,2132,4,2135,2136,1,1,0,0,"2100-2159",0,"",0,165,162,132,1,1050,5,NA,NA,NA,NA,NA,NA,NA,NA
2011,4,10,20,4,2011-10-20,"FL",20437,"FL","N895AT",1293,13204,1320402,31454,"MCO","Orlando, FL","FL",12,"Florida",33,11986,1198603,31986,"GRR","Grand Rapids, MI","MI",26,"Michigan",43,1437,1432,-5,0,0,-1,"1400-1459",13,1445,1656,5,1710,1701,-9,0,0,-1,"1700-1759",0,"",0,153,149,131,1,1024,5,NA,NA,NA,NA,NA,NA,NA,NA
2011,4,10,16,7,2011-10-16,"AA",19805,"AA","N561AA",1739,13204,1320402,31454,"MCO","Orlando, FL","FL",12,"Florida",33,11298,1129803,30194,"DFW","Dallas/Fort Worth, TX","TX",48,"Texas",74,945,940,-5,0,0,-1,"0900-0959",13,953,1112,8,1130,1120,-10,0,0,-1,"1100-1159",0,"",0,165,160,139,1,985,4,NA,NA,NA,NA,NA,NA,NA,NA
2011,4,10,1,6,2011-10-01,"WN",19393,"WN","N901WN",304,13204,1320402,31454,"MCO","Orlando, FL","FL",12,"Florida",33,14107,1410702,30466,"PHX","Phoenix, AZ","AZ",4,"Arizona",81,1625,1626,1,1,0,0,"1600-1659",11,1637,1746,7,1750,1753,3,3,0,0,"1700-1759",0,"",0,265,267,249,1,1849,8,NA,NA,NA,NA,NA,NA,NA,NA
2011,4,10,19,3,2011-10-19,"DL",19790,"DL","N914DE",2264,13204,1320402,31454,"MCO","Orlando, FL","FL",12,"Florida",33,13244,1324402,33244,"MEM","Memphis, TN","TN",47,"Tennessee",54,1740,1740,0,0,0,0,"1700-1759",12,1752,1829,11,1849,1840,-9,0,0,-1,"1800-1859",0,"",0,129,120,97,1,684,3,NA,NA,NA,NA,NA,NA,NA,NA
2011,4,10,16,7,2011-10-16,"AA",19805,"AA","N5ERAA",1593,13204,1320402,31454,"MCO","Orlando, FL","FL",12,"Florida",33,13303,1330303,32467,"MIA","Miami, FL","FL",12,"Florida",33,1205,1203,-2,0,0,-1,"1200-1259",17,1220,1300,10,1305,1310,5,5,0,0,"1300-1359",0,"",0,60,67,40,1,192,1,NA,NA,NA,NA,NA,NA,NA,NA
2011,4,10,24,1,2011-10-24,"B6",20409,"B6","N552JB",958,13204,1320402,31454,"MCO","Orlando, FL","FL",12,"Florida",33,10721,1072102,30721,"BOS","Boston, MA","MA",25,"Massachusetts",13,1820,1824,4,4,0,0,"1800-1859",15,1839,2104,4,2108,2108,0,0,0,0,"2100-2159",0,"",0,168,164,145,1,1121,5,NA,NA,NA,NA,NA,NA,NA,NA
2011,4,10,24,1,2011-10-24,"WN",19393,"WN","N647SW",1616,13204,1320402,31454,"MCO","Orlando, FL","FL",12,"Florida",33,10529,1052903,30529,"BDL","Hartford, CT","CT",9,"Connecticut",11,940,940,0,0,0,0,"0900-0959",9,949,1201,4,1220,1205,-15,0,0,-1,"1200-1259",0,"",0,160,145,132,1,1050,5,NA,NA,NA,NA,NA,NA,NA,NA
2011,4,10,1,6,2011-10-01,"WN",19393,"WN","N291WN",2578,13204,1320402,31454,"MCO","Orlando, FL","FL",12,"Florida",33,13232,1323202,30977,"MDW","Chicago, IL","IL",17,"Illinois",41,1515,1515,0,0,0,0,"1500-1559",8,1523,1655,1,1700,1656,-4,0,0,-1,"1700-1759",0,"",0,165,161,152,1,990,4,NA,NA,NA,NA,NA,NA,NA,NA
2011,4,10,16,7,2011-10-16,"CO",19704,"CO","N67052",1551,13204,1320402,31454,"MCO","Orlando, FL","FL",12,"Florida",33,12266,1226603,31453,"IAH","Houston, TX","TX",48,"Texas",74,1155,1154,-1,0,0,-1,"1100-1159",11,1205,1257,5,1322,1302,-20,0,0,-2,"1300-1359",0,"",0,147,128,112,1,854,4,NA,NA,NA,NA,NA,NA,NA,NA
2011,4,10,12,3,2011-10-12,"B6",20409,"B6","N238JB",594,13204,1320402,31454,"MCO","Orlando, FL","FL",12,"Florida",33,12197,1219702,31703,"HPN","White Plains, NY","NY",36,"New York",22,1126,1122,-4,0,0,-1,"1100-1159",11,1133,1344,25,1400,1409,9,9,0,0,"1400-1459",0,"",0,154,167,131,1,972,4,NA,NA,NA,NA,NA,NA,NA,NA
2011,4,10,10,1,2011-10-10,"FL",20437,"FL","N963AT",1609,13204,1320402,31454,"MCO","Orlando, FL","FL",12,"Florida",33,11278,1127802,30852,"DCA","Washington, DC","VA",51,"Virginia",38,2059,2054,-5,0,0,-1,"2000-2059",10,2104,2237,9,2259,2246,-13,0,0,-1,"2200-2259",0,"",0,120,112,93,1,759,4,NA,NA,NA,NA,NA,NA,NA,NA
2011,4,10,3,1,2011-10-03,"UA",19977,"UA","N583UA",221,13204,1320402,31454,"MCO","Orlando, FL","FL",12,"Florida",33,12264,1226402,30852,"IAD","Washington, DC","VA",51,"Virginia",38,845,844,-1,0,0,-1,"0800-0859",16,900,1038,6,1047,1044,-3,0,0,-1,"1000-1059",0,"",0,122,120,98,1,758,4,NA,NA,NA,NA,NA,NA,NA,NA
2011,4,10,20,4,2011-10-20,"FL",20437,"FL","N915AT",1268,13204,1320402,31454,"MCO","Orlando, FL","FL",12,"Florida",33,10685,1068502,30685,"BMI","Bloomington/Normal, IL","IL",17,"Illinois",41,1019,1027,8,8,0,0,"1000-1059",9,1036,1140,3,1146,1143,-3,0,0,-1,"1100-1159",0,"",0,147,136,124,1,936,4,NA,NA,NA,NA,NA,NA,NA,NA
2011,4,10,11,2,2011-10-11,"US",20355,"US","N108UW",1250,13204,1320402,31454,"MCO","Orlando, FL","FL",12,"Florida",33,14100,1410002,34100,"PHL","Philadelphia, PA","PA",42,"Pennsylvania",23,1205,1159,-6,0,0,-1,"1200-1259",24,1223,1421,6,1428,1427,-1,0,0,-1,"1400-1459",0,"",0,143,148,118,1,861,4,NA,NA,NA,NA,NA,NA,NA,NA
2011,4,10,20,4,2011-10-20,"DL",19790,"DL","N924DL",2171,13204,1320402,31454,"MCO","Orlando, FL","FL",12,"Florida",33,10529,1052903,30529,"BDL","Hartford, CT","CT",9,"Connecticut",11,1900,1855,-5,0,0,-1,"1900-1959",13,1908,2107,5,2141,2112,-29,0,0,-2,"2100-2159",0,"",0,161,137,119,1,1050,5,NA,NA,NA,NA,NA,NA,NA,NA
2011,4,10,6,4,2011-10-06,"FL",20437,"FL","N947AT",1491,13204,1320402,31454,"MCO","Orlando, FL","FL",12,"Florida",33,11066,1106602,31066,"CMH","Columbus, OH","OH",39,"Ohio",44,830,826,-4,0,0,-1,"0800-0859",12,838,1026,4,1040,1030,-10,0,0,-1,"1000-1059",0,"",0,130,124,108,1,802,4,NA,NA,NA,NA,NA,NA,NA,NA
2011,4,10,29,6,2011-10-29,"WN",19393,"WN","N477WN",932,13204,1320402,31454,"MCO","Orlando, FL","FL",12,"Florida",33,14492,1449202,34492,"RDU","Raleigh/Durham, NC","NC",37,"North Carolina",36,1340,1410,30,30,1,2,"1300-1359",12,1422,1530,3,1520,1533,13,13,0,0,"1500-1559",0,"",0,100,83,68,1,534,3,NA,NA,NA,NA,NA,NA,NA,NA
2011,4,10,7,5,2011-10-07,"DL",19790,"DL","N923DL",2264,13204,1320402,31454,"MCO","Orlando, FL","FL",12,"Florida",33,13244,1324402,33244,"MEM","Memphis, TN","TN",47,"Tennessee",54,1740,1752,12,12,0,0,"1700-1759",20,1812,1850,7,1849,1857,8,8,0,0,"1800-1859",0,"",0,129,125,98,1,684,3,NA,NA,NA,NA,NA,NA,NA,NA
2011,4,10,19,3,2011-10-19,"CO",19704,"CO","N17245",36,13204,1320402,31454,"MCO","Orlando, FL","FL",12,"Florida",33,11618,1161802,31703,"EWR","Newark, NJ","NJ",34,"New Jersey",21,1455,1500,5,5,0,0,"1400-1459",20,1520,1712,12,1737,1724,-13,0,0,-1,"1700-1759",0,"",0,162,144,112,1,937,4,NA,NA,NA,NA,NA,NA,NA,NA
2011,4,10,14,5,2011-10-14,"WN",19393,"WN","N380SW",2890,13204,1320402,31454,"MCO","Orlando, FL","FL",12,"Florida",33,14635,1463502,31714,"RSW","Fort Myers, FL","FL",12,"Florida",33,1400,1358,-2,0,0,-1,"1400-1459",7,1405,1440,3,1450,1443,-7,0,0,-1,"1400-1459",0,"",0,50,45,35,1,133,1,NA,NA,NA,NA,NA,NA,NA,NA
2011,4,10,14,5,2011-10-14,"WN",19393,"WN","N644SW",413,13204,1320402,31454,"MCO","Orlando, FL","FL",12,"Florida",33,13931,1393102,33667,"ORF","Norfolk, VA","VA",51,"Virginia",38,1810,1811,1,1,0,0,"1800-1859",9,1820,1946,5,1955,1951,-4,0,0,-1,"1900-1959",0,"",0,105,100,86,1,655,3,NA,NA,NA,NA,NA,NA,NA,NA
2011,4,10,6,4,2011-10-06,"WN",19393,"WN","N750SA",2470,13204,1320402,31454,"MCO","Orlando, FL","FL",12,"Florida",33,13495,1349502,33495,"MSY","New Orleans, LA","LA",22,"Louisiana",72,1215,1210,-5,0,0,-1,"1200-1259",10,1220,1244,4,1300,1248,-12,0,0,-1,"1300-1359",0,"",0,105,98,84,1,551,3,NA,NA,NA,NA,NA,NA,NA,NA
2011,4,10,17,1,2011-10-17,"US",20355,"US","N750UW",1880,13204,1320402,31454,"MCO","Orlando, FL","FL",12,"Florida",33,11278,1127802,30852,"DCA","Washington, DC","VA",51,"Virginia",38,1310,1309,-1,0,0,-1,"1300-1359",11,1320,1456,14,1511,1510,-1,0,0,-1,"1500-1559",0,"",0,121,121,96,1,759,4,NA,NA,NA,NA,NA,NA,NA,NA
2011,4,10,25,2,2011-10-25,"DL",19790,"DL","N594NW",1911,13204,1320402,31454,"MCO","Orlando, FL","FL",12,"Florida",33,10397,1039704,30397,"ATL","Atlanta, GA","GA",13,"Georgia",34,1730,1734,4,4,0,0,"1700-1759",10,1744,1842,13,1909,1855,-14,0,0,-1,"1900-1959",0,"",0,99,81,58,1,404,2,NA,NA,NA,NA,NA,NA,NA,NA
2011,4,10,4,2,2011-10-04,"AA",19805,"AA","N631AA",2047,13204,1320402,31454,"MCO","Orlando, FL","FL",12,"Florida",33,13303,1330303,32467,"MIA","Miami, FL","FL",12,"Florida",33,1540,1545,5,5,0,0,"1500-1559",21,1606,1644,4,1645,1648,3,3,0,0,"1600-1659",0,"",0,65,63,38,1,192,1,NA,NA,NA,NA,NA,NA,NA,NA
2011,4,10,13,4,2011-10-13,"US",20355,"US","N535UW",303,13204,1320402,31454,"MCO","Orlando, FL","FL",12,"Florida",33,11057,1105703,31057,"CLT","Charlotte, NC","NC",37,"North Carolina",36,1020,1015,-5,0,0,-1,"1000-1059",13,1028,1146,9,1154,1155,1,1,0,0,"1100-1159",0,"",0,94,100,78,1,468,2,NA,NA,NA,NA,NA,NA,NA,NA
2011,4,10,1,6,2011-10-01,"FL",20437,"FL","N924AT",844,13204,1320402,31454,"MCO","Orlando, FL","FL",12,"Florida",33,10397,1039704,30397,"ATL","Atlanta, GA","GA",13,"Georgia",34,1245,1243,-2,0,0,-1,"1200-1259",25,1308,1412,12,1415,1424,9,9,0,0,"1400-1459",0,"",0,90,101,64,1,404,2,NA,NA,NA,NA,NA,NA,NA,NA
2011,4,10,13,4,2011-10-13,"WN",19393,"WN","N686SW",2021,13204,1320402,31454,"MCO","Orlando, FL","FL",12,"Florida",33,14100,1410002,34100,"PHL","Philadelphia, PA","PA",42,"Pennsylvania",23,920,1028,68,68,1,4,"0900-0959",19,1047,1248,7,1145,1255,70,70,1,4,"1100-1159",0,"",0,145,147,121,1,861,4,0,68,2,0,0,NA,NA,NA
2011,4,10,13,4,2011-10-13,"B6",20409,"B6","N712JB",956,13204,1320402,31454,"MCO","Orlando, FL","FL",12,"Florida",33,10721,1072102,30721,"BOS","Boston, MA","MA",25,"Massachusetts",13,1600,1758,118,118,1,7,"1600-1659",16,1814,2035,8,1851,2043,112,112,1,7,"1800-1859",0,"",0,171,165,141,1,1121,5,13,0,0,0,99,NA,NA,NA
2011,4,10,29,6,2011-10-29,"DL",19790,"DL","N360NW",1262,13204,1320402,31454,"MCO","Orlando, FL","FL",12,"Florida",33,10529,1052903,30529,"BDL","Hartford, CT","CT",9,"Connecticut",11,1205,1222,17,17,1,1,"1200-1259",11,1233,1435,10,1437,1445,8,8,0,0,"1400-1459",0,"",0,152,143,122,1,1050,5,NA,NA,NA,NA,NA,NA,NA,NA
2011,4,10,1,6,2011-10-01,"DL",19790,"DL","N969DL",2276,13204,1320402,31454,"MCO","Orlando, FL","FL",12,"Florida",33,12953,1295302,31703,"LGA","New York, NY","NY",36,"New York",22,650,648,-2,0,0,-1,"0600-0659",12,700,856,7,927,903,-24,0,0,-2,"0900-0959",0,"",0,157,135,116,1,950,4,NA,NA,NA,NA,NA,NA,NA,NA
2011,4,10,17,1,2011-10-17,"B6",20409,"B6","N565JB",332,13204,1320402,31454,"MCO","Orlando, FL","FL",12,"Florida",33,10529,1052903,30529,"BDL","Hartford, CT","CT",9,"Connecticut",11,1240,1237,-3,0,0,-1,"1200-1259",15,1252,1504,5,1519,1509,-10,0,0,-1,"1500-1559",0,"",0,159,152,132,1,1050,5,NA,NA,NA,NA,NA,NA,NA,NA
2011,4,10,26,3,2011-10-26,"EV",20366,"EV","N889AS",4935,13204,1320402,31454,"MCO","Orlando, FL","FL",12,"Florida",33,13303,1330303,32467,"MIA","Miami, FL","FL",12,"Florida",33,1200,1155,-5,0,0,-1,"1200-1259",10,1205,1244,9,1303,1253,-10,0,0,-1,"1300-1359",0,"",0,63,58,39,1,192,1,NA,NA,NA,NA,NA,NA,NA,NA
2011,4,10,22,6,2011-10-22,"DL",19790,"DL","N645DL",2018,13204,1320402,31454,"MCO","Orlando, FL","FL",12,"Florida",33,10397,1039704,30397,"ATL","Atlanta, GA","GA",13,"Georgia",34,1130,1129,-1,0,0,-1,"1100-1159",13,1142,1242,10,1302,1252,-10,0,0,-1,"1300-1359",0,"",0,92,83,60,1,404,2,NA,NA,NA,NA,NA,NA,NA,NA
2011,4,10,13,4,2011-10-13,"FL",20437,"FL","N930AT",1096,13204,1320402,31454,"MCO","Orlando, FL","FL",12,"Florida",33,12339,1233904,32337,"IND","Indianapolis, IN","IN",18,"Indiana",42,800,756,-4,0,0,-1,"0800-0859",9,805,1003,6,1016,1009,-7,0,0,-1,"1000-1059",0,"",0,136,133,118,1,829,4,NA,NA,NA,NA,NA,NA,NA,NA
2011,4,10,17,1,2011-10-17,"DL",19790,"DL","N371DA",1166,13204,1320402,31454,"MCO","Orlando, FL","FL",12,"Florida",33,12478,1247802,31703,"JFK","New York, NY","NY",36,"New York",22,1335,1342,7,7,0,0,"1300-1359",14,1356,1550,8,1611,1558,-13,0,0,-1,"1600-1659",0,"",0,156,136,114,1,944,4,NA,NA,NA,NA,NA,NA,NA,NA
2011,4,10,25,2,2011-10-25,"AA",19805,"AA","N616AA",1455,13204,1320402,31454,"MCO","Orlando, FL","FL",12,"Florida",33,13303,1330303,32467,"MIA","Miami, FL","FL",12,"Florida",33,1415,1419,4,4,0,0,"1400-1459",17,1436,1518,8,1515,1526,11,11,0,0,"1500-1559",0,"",0,60,67,42,1,192,1,NA,NA,NA,NA,NA,NA,NA,NA
2011,4,10,31,1,2011-10-31,"WN",19393,"WN","N923WN",1523,13204,1320402,31454,"MCO","Orlando, FL","FL",12,"Florida",33,10821,1082103,30852,"BWI","Baltimore, MD","MD",24,"Maryland",35,800,759,-1,0,0,-1,"0800-0859",12,811,944,8,1005,952,-13,0,0,-1,"1000-1059",0,"",0,125,113,93,1,787,4,NA,NA,NA,NA,NA,NA,NA,NA
2011,4,10,5,3,2011-10-05,"WN",19393,"WN","N437WN",2995,13204,1320402,31454,"MCO","Orlando, FL","FL",12,"Florida",33,10529,1052903,30529,"BDL","Hartford, CT","CT",9,"Connecticut",11,1850,1846,-4,0,0,-1,"1800-1859",9,1855,2115,3,2135,2118,-17,0,0,-2,"2100-2159",0,"",0,165,152,140,1,1050,5,NA,NA,NA,NA,NA,NA,NA,NA
2011,4,10,5,3,2011-10-05,"AA",19805,"AA","N3AXAA",205,13204,1320402,31454,"MCO","Orlando, FL","FL",12,"Florida",33,12892,1289203,32575,"LAX","Los Angeles, CA","CA",6,"California",91,920,913,-7,0,0,-1,"0900-0959",16,929,1148,7,1135,1155,20,20,1,1,"1100-1159",0,"",0,315,342,319,1,2218,9,0,0,20,0,0,NA,NA,NA
2011,4,10,28,5,2011-10-28,"DL",19790,"DL","N589NW",2234,13204,1320402,31454,"MCO","Orlando, FL","FL",12,"Florida",33,11433,1143302,31295,"DTW","Detroit, MI","MI",26,"Michigan",43,1155,1150,-5,0,0,-1,"1100-1159",13,1203,1409,10,1436,1419,-17,0,0,-2,"1400-1459",0,"",0,161,149,126,1,957,4,NA,NA,NA,NA,NA,NA,NA,NA
2011,4,10,25,2,2011-10-25,"B6",20409,"B6","N779JB",765,13204,1320402,31454,"MCO","Orlando, FL","FL",12,"Florida",33,10732,1073203,30732,"BQN","Aguadilla, PR","PR",72,"Puerto Rico",3,855,849,-6,0,0,-1,"0800-0859",12,901,1120,3,1133,1123,-10,0,0,-1,"1100-1159",0,"",0,158,154,139,1,1129,5,NA,NA,NA,NA,NA,NA,NA,NA
2011,4,10,3,1,2011-10-03,"DL",19790,"DL","N683DA",1158,13204,1320402,31454,"MCO","Orlando, FL","FL",12,"Florida",33,14869,1486903,34614,"SLC","Salt Lake City, UT","UT",49,"Utah",87,1740,1811,31,31,1,2,"1700-1759",13,1824,2030,6,2023,2036,13,13,0,0,"2000-2059",0,"",0,283,265,246,1,1931,8,NA,NA,NA,NA,NA,NA,NA,NA
2011,4,10,5,3,2011-10-05,"AA",19805,"AA","N3AXAA",205,13204,1320402,31454,"MCO","Orlando, FL","FL",12,"Florida",33,12892,1289203,32575,"LAX","Los Angeles, CA","CA",6,"California",91,920,913,-7,0,0,-1,"0900-0959",16,929,1148,7,1135,1155,20,20,1,1,"1100-1159",0,"",0,315,342,319,1,2218,9,0,0,20,0,0,NA,NA,NA
2011,4,10,10,1,2011-10-10,"FL",20437,"FL","N313AT",678,13204,1320402,31454,"MCO","Orlando, FL","FL",12,"Florida",33,13342,1334204,33342,"MKE","Milwaukee, WI","WI",55,"Wisconsin",45,1815,1809,-6,0,0,-1,"1800-1859",8,1817,1927,6,2004,1933,-31,0,0,-2,"2000-2059",0,"",0,169,144,130,1,1066,5,NA,NA,NA,NA,NA,NA,NA,NA
2011,4,10,17,1,2011-10-17,"DL",19790,"DL","N371DA",1166,13204,1320402,31454,"MCO","Orlando, FL","FL",12,"Florida",33,12478,1247802,31703,"JFK","New York, NY","NY",36,"New York",22,1335,1342,7,7,0,0,"1300-1359",14,1356,1550,8,1611,1558,-13,0,0,-1,"1600-1659",0,"",0,156,136,114,1,944,4,NA,NA,NA,NA,NA,NA,NA,NA
2011,4,10,9,7,2011-10-09,"B6",20409,"B6","N249JB",664,13204,1320402,31454,"MCO","Orlando, FL","FL",12,"Florida",33,15096,1509602,35096,"SYR","Syracuse, NY","NY",36,"New York",22,1250,1245,-5,0,0,-1,"1200-1259",12,1257,1509,3,1524,1512,-12,0,0,-1,"1500-1559",0,"",0,154,147,132,1,1053,5,NA,NA,NA,NA,NA,NA,NA,NA
2011,4,10,18,2,2011-10-18,"DL",19790,"DL","N3731T",2058,13204,1320402,31454,"MCO","Orlando, FL","FL",12,"Florida",33,12478,1247802,31703,"JFK","New York, NY","NY",36,"New York",22,730,724,-6,0,0,-1,"0700-0759",12,736,929,8,958,937,-21,0,0,-2,"0900-0959",0,"",0,148,133,113,1,944,4,NA,NA,NA,NA,NA,NA,NA,NA
2011,4,10,5,3,2011-10-05,"WN",19393,"WN","N626SW",2565,13204,1320402,31454,"MCO","Orlando, FL","FL",12,"Florida",33,14307,1430702,30721,"PVD","Providence, RI","RI",44,"Rhode Island",15,1445,1442,-3,0,0,-1,"1400-1459",8,1450,1714,2,1725,1716,-9,0,0,-1,"1700-1759",0,"",0,160,154,144,1,1072,5,NA,NA,NA,NA,NA,NA,NA,NA
2011,4,10,5,3,2011-10-05,"FL",20437,"FL","N996AT",862,13204,1320402,31454,"MCO","Orlando, FL","FL",12,"Florida",33,10397,1039704,30397,"ATL","Atlanta, GA","GA",13,"Georgia",34,1540,1544,4,4,0,0,"1500-1559",9,1553,1653,12,1706,1705,-1,0,0,-1,"1700-1759",0,"",0,86,81,60,1,404,2,NA,NA,NA,NA,NA,NA,NA,NA
2011,4,10,11,2,2011-10-11,"EV",20366,"EV","N857AS",4939,13204,1320402,31454,"MCO","Orlando, FL","FL",12,"Florida",33,13303,1330303,32467,"MIA","Miami, FL","FL",12,"Florida",33,1748,1742,-6,0,0,-1,"1700-1759",11,1753,1835,7,1852,1842,-10,0,0,-1,"1800-1859",0,"",0,64,60,42,1,192,1,NA,NA,NA,NA,NA,NA,NA,NA
2011,4,10,4,2,2011-10-04,"WN",19393,"WN","N253WN",1365,13204,1320402,31454,"MCO","Orlando, FL","FL",12,"Florida",33,12889,1288903,32211,"LAS","Las Vegas, NV","NV",32,"Nevada",85,620,616,-4,0,0,-1,"0600-0659",13,629,754,10,825,804,-21,0,0,-2,"0800-0859",0,"",0,305,288,265,1,2039,9,NA,NA,NA,NA,NA,NA,NA,NA
2011,4,10,14,5,2011-10-14,"WN",19393,"WN","N234WN",2591,13204,1320402,31454,"MCO","Orlando, FL","FL",12,"Florida",33,14683,1468302,33214,"SAT","San Antonio, TX","TX",48,"Texas",74,1030,1045,15,15,1,1,"1000-1059",9,1054,1222,3,1220,1225,5,5,0,0,"1200-1259",0,"",0,170,160,148,1,1041,5,NA,NA,NA,NA,NA,NA,NA,NA
2011,4,10,28,5,2011-10-28,"FL",20437,"FL","N276AT",1438,13204,1320402,31454,"MCO","Orlando, FL","FL",12,"Florida",33,13487,1348702,31650,"MSP","Minneapolis, MN","MN",27,"Minnesota",63,1202,1200,-2,0,0,-1,"1200-1259",10,1210,1404,5,1425,1409,-16,0,0,-2,"1400-1459",0,"",0,203,189,174,1,1310,6,NA,NA,NA,NA,NA,NA,NA,NA
2011,4,10,30,7,2011-10-30,"AA",19805,"AA","N592AA",641,13204,1320402,31454,"MCO","Orlando, FL","FL",12,"Florida",33,11298,1129803,30194,"DFW","Dallas/Fort Worth, TX","TX",48,"Texas",74,1645,1648,3,3,0,0,"1600-1659",14,1702,1828,4,1830,1832,2,2,0,0,"1800-1859",0,"",0,165,164,146,1,985,4,NA,NA,NA,NA,NA,NA,NA,NA
2011,4,10,6,4,2011-10-06,"B6",20409,"B6","N266JB",592,13204,1320402,31454,"MCO","Orlando, FL","FL",12,"Florida",33,12197,1219702,31703,"HPN","White Plains, NY","NY",36,"New York",22,657,649,-8,0,0,-1,"0600-0659",18,707,926,2,930,928,-2,0,0,-1,"0900-0959",0,"",0,153,159,139,1,972,4,NA,NA,NA,NA,NA,NA,NA,NA
2011,4,10,23,7,2011-10-23,"WN",19393,"WN","N726SW",282,13204,1320402,31454,"MCO","Orlando, FL","FL",12,"Florida",33,12391,1239102,31703,"ISP","Islip, NY","NY",36,"New York",22,715,715,0,0,0,0,"0700-0759",13,728,926,3,945,929,-16,0,0,-2,"0900-0959",0,"",0,150,134,118,1,971,4,NA,NA,NA,NA,NA,NA,NA,NA
2011,4,10,27,4,2011-10-27,"DL",19790,"DL","N3771K",1061,13204,1320402,31454,"MCO","Orlando, FL","FL",12,"Florida",33,12892,1289203,32575,"LAX","Los Angeles, CA","CA",6,"California",91,1905,1945,40,40,1,2,"1900-1959",9,1954,2146,7,2128,2153,25,25,1,1,"2100-2159",0,"",0,323,308,292,1,2218,9,25,0,0,0,0,NA,NA,NA
2011,4,10,12,3,2011-10-12,"F9",20436,"F9","N949FR",677,13204,1320402,31454,"MCO","Orlando, FL","FL",12,"Florida",33,11292,1129202,30325,"DEN","Denver, CO","CO",8,"Colorado",82,842,841,-1,0,0,-1,"0800-0859",17,858,1043,14,1047,1057,10,10,0,0,"1000-1059",0,"",0,245,256,225,1,1546,7,NA,NA,NA,NA,NA,NA,NA,NA
