"Year","Quarter","Month","DayofMonth","DayOfWeek","FlightDate","UniqueCarrier","AirlineID","Carrier","TailNum","FlightNum","OriginAirportID","OriginAirportSeqID","OriginCityMarketID","Origin","OriginCityName","OriginState","OriginStateFips","OriginStateName","OriginWac","DestAirportID","DestAirportSeqID","DestCityMarketID","Dest","DestCityName","DestState","DestStateFips","DestStateName","DestWac","CRSDepTime","DepTime","DepDelay","DepDelayMinutes","DepDel15","DepartureDelayGroups","DepTimeBlk","TaxiOut","WheelsOff","WheelsOn","TaxiIn","CRSArrTime","ArrTime","ArrDelay","ArrDelayMinutes","ArrDel15","ArrivalDelayGroups","ArrTimeBlk","Cancelled","CancellationCode","Diverted","CRSElapsedTime","ActualElapsedTime","AirTime","Flights","Distance","DistanceGroup","CarrierDelay","WeatherDelay","NASDelay","SecurityDelay","LateAircraftDelay","FirstDepTime","TotalAddGTime","LongestAddGTime"
2011,2,6,16,4,2011-06-16,"WN",19393,"WN","N704SW",3310,12889,1288902,32211,"LAS","Las Vegas, NV","NV",32,"Nevada",85,10140,1014001,30140,"ABQ","Albuquerque, NM","NM",35,"New Mexico",86,1150,1148,-2,0,0,-1,"1100-1159",13,1201,1405,4,1415,1409,-6,0,0,-1,"1400-1459",0,"",0,85,81,64,1,487,2,NA,NA,NA,NA,NA,NA,NA,NA
2011,2,6,9,4,2011-06-09,"WN",19393,"WN","N794SW",783,12889,1288902,32211,"LAS","Las Vegas, NV","NV",32,"Nevada",85,11884,1188401,31884,"GEG","Spokane, WA","WA",53,"Washington",93,1240,1241,1,1,0,0,"1200-1259",10,1251,1452,4,1500,1456,-4,0,0,-1,"1500-1559",0,"",0,140,135,121,1,806,4,NA,NA,NA,NA,NA,NA,NA,NA
2011,2,6,17,5,2011-06-17,"US",20355,"US","N189UW",1550,12889,1288902,32211,"LAS","Las Vegas, NV","NV",32,"Nevada",85,14107,1410701,30466,"PHX","Phoenix, AZ","AZ",4,"Arizona",81,1235,1228,-7,0,0,-1,"1200-1259",15,1243,1329,26,1345,1355,10,10,0,0,"1300-1359",0,"",0,70,87,46,1,256,2,NA,NA,NA,NA,NA,NA,NA,NA
2011,2,6,19,7,2011-06-19,"US",20355,"US","N602AW",310,12889,1288902,32211,"LAS","Las Vegas, NV","NV",32,"Nevada",85,11057,1105702,31057,"CLT","Charlotte, NC","NC",37,"North Carolina",36,940,941,1,1,0,0,"0900-0959",18,959,1643,13,1656,1656,0,0,0,0,"1600-1659",0,"",0,256,255,224,1,1916,8,NA,NA,NA,NA,NA,NA,NA,NA
2011,2,6,19,7,2011-06-19,"WN",19393,"WN","N684WN",1081,12889,1288902,32211,"LAS","Las Vegas, NV","NV",32,"Nevada",85,13891,1389101,32575,"ONT","Ontario, CA","CA",6,"California",91,750,822,32,32,1,2,"0700-0759",12,834,909,3,845,912,27,27,1,1,"0800-0859",0,"",0,55,50,35,1,197,1,27,0,0,0,0,NA,NA,NA
2011,2,6,13,1,2011-06-13,"WN",19393,"WN","N405WN",859,12889,1288902,32211,"LAS","Las Vegas, NV","NV",32,"Nevada",85,14893,1489301,33192,"SMF","Sacramento, CA","CA",6,"California",91,1005,1002,-3,0,0,-1,"1000-1059",12,1014,1122,4,1130,1126,-4,0,0,-1,"1100-1159",0,"",0,85,84,68,1,397,2,NA,NA,NA,NA,NA,NA,NA,NA
2011,2,6,26,7,2011-06-26,"HA",19690,"HA","N582HA",31,12889,1288902,32211,"LAS","Las Vegas, NV","NV",32,"Nevada",85,13830,1383001,33830,"OGG","Kahului, HI","HI",15,"Hawaii",2,1815,1813,-2,0,0,-1,"1800-1859",15,1828,2116,5,2125,2121,-4,0,0,-1,"2100-2159",0,"",0,370,368,348,1,2695,11,NA,NA,NA,NA,NA,NA,NA,NA
2011,2,6,17,5,2011-06-17,"WN",19393,"WN","N512SW",2279,12889,1288902,32211,"LAS","Las Vegas, NV","NV",32,"Nevada",85,12892,1289201,32575,"LAX","Los Angeles, CA","CA",6,"California",91,600,558,-2,0,0,-1,"0600-0659",11,609,654,5,705,659,-6,0,0,-1,"0700-0759",0,"",0,65,61,45,1,236,1,NA,NA,NA,NA,NA,NA,NA,NA
2011,2,6,18,6,2011-06-18,"WN",19393,"WN","N379SW",1030,12889,1288902,32211,"LAS","Las Vegas, NV","NV",32,"Nevada",85,13891,1389101,32575,"ONT","Ontario, CA","CA",6,"California",91,1440,1454,14,14,0,0,"1400-1459",10,1504,1537,4,1535,1541,6,6,0,0,"1500-1559",0,"",0,55,47,33,1,197,1,NA,NA,NA,NA,NA,NA,NA,NA
2011,2,6,12,7,2011-06-12,"WN",19393,"WN","N360SW",3316,12889,1288902,32211,"LAS","Las Vegas, NV","NV",32,"Nevada",85,12892,1289201,32575,"LAX","Los Angeles, CA","CA",6,"California",91,1850,1854,4,4,0,0,"1800-1859",18,1912,1954,5,1955,1959,4,4,0,0,"1900-1959",0,"",0,65,65,42,1,236,1,NA,NA,NA,NA,NA,NA,NA,NA
2011,2,6,5,7,2011-06-05,"WN",19393,"WN","N382SW",944,12889,1288902,32211,"LAS","Las Vegas, NV","NV",32,"Nevada",85,12892,1289201,32575,"LAX","Los Angeles, CA","CA",6,"California",91,1140,1141,1,1,0,0,"1100-1159",19,1200,1244,7,1245,1251,6,6,0,0,"1200-1259",0,"",0,65,70,44,1,236,1,NA,NA,NA,NA,NA,NA,NA,NA
2011,2,6,4,6,2011-06-04,"WN",19393,"WN","N798SW",3667,12889,1288902,32211,"LAS","Las Vegas, NV","NV",32,"Nevada",85,14679,1467902,33570,"SAN","San Diego, CA","CA",6,"California",91,755,755,0,0,0,0,"0700-0759",11,806,852,3,900,855,-5,0,0,-1,"0900-0959",0,"",0,65,60,46,1,258,2,NA,NA,NA,NA,NA,NA,NA,NA
2011,2,6,19,7,2011-06-19,"AS",19930,"AS","N320AS",619,12889,1288902,32211,"LAS","Las Vegas, NV","NV",32,"Nevada",85,14747,1474702,30559,"SEA","Seattle, WA","WA",53,"Washington",93,910,858,-12,0,0,-1,"0900-0959",20,918,1141,8,1143,1149,6,6,0,0,"1100-1159",0,"",0,153,171,143,1,866,4,NA,NA,NA,NA,NA,NA,NA,NA
2011,2,6,30,4,2011-06-30,"DL",19790,"DL","N675DL",2316,12889,1288902,32211,"LAS","Las Vegas, NV","NV",32,"Nevada",85,11433,1143301,31295,"DTW","Detroit, MI","MI",26,"Michigan",43,1120,1117,-3,0,0,-1,"1100-1159",21,1138,1813,14,1822,1827,5,5,0,0,"1800-1859",0,"",0,242,250,215,1,1750,8,NA,NA,NA,NA,NA,NA,NA,NA
2011,2,6,25,6,2011-06-25,"F9",20436,"F9","N937FR",478,12889,1288902,32211,"LAS","Las Vegas, NV","NV",32,"Nevada",85,13342,1334202,33342,"MKE","Milwaukee, WI","WI",55,"Wisconsin",45,1810,1800,-10,0,0,-1,"1800-1859",10,1810,2308,6,2332,2314,-18,0,0,-2,"2300-2359",0,"",0,202,194,178,1,1524,7,NA,NA,NA,NA,NA,NA,NA,NA
2011,2,6,5,7,2011-06-05,"WN",19393,"WN","N420WN",3745,12889,1288902,32211,"LAS","Las Vegas, NV","NV",32,"Nevada",85,14893,1489301,33192,"SMF","Sacramento, CA","CA",6,"California",91,2155,2154,-1,0,0,-1,"2100-2159",12,2206,2308,6,2320,2314,-6,0,0,-1,"2300-2359",0,"",0,85,80,62,1,397,2,NA,NA,NA,NA,NA,NA,NA,NA
2011,2,6,11,6,2011-06-11,"WN",19393,"WN","N468WN",2594,12889,1288902,32211,"LAS","Las Vegas, NV","NV",32,"Nevada",85,12892,1289201,32575,"LAX","Los Angeles, CA","CA",6,"California",91,600,557,-3,0,0,-1,"0600-0659",7,604,647,7,705,654,-11,0,0,-1,"0700-0759",0,"",0,65,57,43,1,236,1,NA,NA,NA,NA,NA,NA,NA,NA
2011,2,6,17,5,2011-06-17,"WN",19393,"WN","N636WN",1080,12889,1288902,32211,"LAS","Las Vegas, NV","NV",32,"Nevada",85,15376,1537601,30436,"TUS","Tucson, AZ","AZ",4,"Arizona",81,1315,1325,10,10,0,0,"1300-1359",10,1335,1433,2,1430,1435,5,5,0,0,"1400-1459",0,"",0,75,70,58,1,365,2,NA,NA,NA,NA,NA,NA,NA,NA
2011,2,6,22,3,2011-06-22,"WN",19393,"WN","N651SW",821,12889,1288902,32211,"LAS","Las Vegas, NV","NV",32,"Nevada",85,14107,1410701,30466,"PHX","Phoenix, AZ","AZ",4,"Arizona",81,2120,2149,29,29,1,1,"2100-2159",16,2205,2250,4,2225,2254,29,29,1,1,"2200-2259",0,"",0,65,65,45,1,256,2,0,0,0,0,29,NA,NA,NA
2011,2,6,24,5,2011-06-24,"WN",19393,"WN","N756SA",120,12889,1288902,32211,"LAS","Las Vegas, NV","NV",32,"Nevada",85,14747,1474702,30559,"SEA","Seattle, WA","WA",53,"Washington",93,1540,1542,2,2,0,0,"1500-1559",12,1554,1804,7,1815,1811,-4,0,0,-1,"1800-1859",0,"",0,155,149,130,1,866,4,NA,NA,NA,NA,NA,NA,NA,NA
2011,2,6,27,1,2011-06-27,"US",20355,"US","N661AW",112,12889,1288902,32211,"LAS","Las Vegas, NV","NV",32,"Nevada",85,12892,1289201,32575,"LAX","Los Angeles, CA","CA",6,"California",91,2030,2039,9,9,0,0,"2000-2059",25,2104,2144,12,2136,2156,20,20,1,1,"2100-2159",0,"",0,66,77,40,1,236,1,0,0,11,0,9,NA,NA,NA
2011,2,6,18,6,2011-06-18,"DL",19790,"DL","N651DL",1082,12889,1288902,32211,"LAS","Las Vegas, NV","NV",32,"Nevada",85,13487,1348701,31650,"MSP","Minneapolis, MN","MN",27,"Minnesota",63,1549,1547,-2,0,0,-1,"1500-1559",22,1609,2056,12,2055,2108,13,13,0,0,"2000-2059",0,"",0,186,201,167,1,1300,6,NA,NA,NA,NA,NA,NA,NA,NA
2011,2,6,12,7,2011-06-12,"DL",19790,"DL","N614DL",322,12889,1288902,32211,"LAS","Las Vegas, NV","NV",32,"Nevada",85,12478,1247801,31703,"JFK","New York, NY","NY",36,"New York",22,2200,2211,11,11,0,0,"2200-2259",15,2226,540,10,554,550,-4,0,0,-1,"0001-0559",0,"",0,294,279,254,1,2248,9,NA,NA,NA,NA,NA,NA,NA,NA
2011,2,6,25,6,2011-06-25,"DL",19790,"DL","N368NW",156,12889,1288902,32211,"LAS","Las Vegas, NV","NV",32,"Nevada",85,13244,1324401,33244,"MEM","Memphis, TN","TN",47,"Tennessee",54,1225,1220,-5,0,0,-1,"1200-1259",12,1232,1715,7,1746,1722,-24,0,0,-2,"1700-1759",0,"",0,201,182,163,1,1416,6,NA,NA,NA,NA,NA,NA,NA,NA
2011,2,6,14,2,2011-06-14,"YV",20378,"YV","N905FJ",2791,12889,1288902,32211,"LAS","Las Vegas, NV","NV",32,"Nevada",85,11638,1163802,31638,"FAT","Fresno, CA","CA",6,"California",91,1915,NA,NA,NA,NA,NA,"1900-1959",NA,NA,NA,NA,2022,NA,NA,NA,NA,NA,"2000-2059",1,"A",0,67,NA,NA,1,258,2,NA,NA,NA,NA,NA,NA,NA,NA
2011,2,6,18,6,2011-06-18,"CO",19704,"CO","N13248",769,12889,1288902,32211,"LAS","Las Vegas, NV","NV",32,"Nevada",85,11618,1161801,31703,"EWR","Newark, NJ","NJ",34,"New Jersey",21,845,904,19,19,1,1,"0800-0859",16,920,1632,9,1633,1641,8,8,0,0,"1600-1659",0,"",0,288,277,252,1,2227,9,NA,NA,NA,NA,NA,NA,NA,NA
2011,2,6,1,3,2011-06-01,"WN",19393,"WN","N401WN",637,12889,1288902,32211,"LAS","Las Vegas, NV","NV",32,"Nevada",85,14570,1457001,34570,"RNO","Reno, NV","NV",32,"Nevada",85,1620,1649,29,29,1,1,"1600-1659",10,1659,1754,2,1740,1756,16,16,1,1,"1700-1759",0,"",0,80,67,55,1,345,2,0,0,0,0,16,NA,NA,NA
2011,2,6,9,4,2011-06-09,"WN",19393,"WN","N388SW",3751,12889,1288902,32211,"LAS","Las Vegas, NV","NV",32,"Nevada",85,14893,1489301,33192,"SMF","Sacramento, CA","CA",6,"California",91,1340,1358,18,18,1,1,"1300-1359",15,1413,1518,3,1505,1521,16,16,1,1,"1500-1559",0,"",0,85,83,65,1,397,2,0,0,0,0,16,NA,NA,NA
2011,2,6,7,2,2011-06-07,"WN",19393,"WN","N777QC",1067,12889,1288902,32211,"LAS","Las Vegas, NV","NV",32,"Nevada",85,11042,1104201,30647,"CLE","Cleveland, OH","OH",39,"Ohio",44,1055,1110,15,15,1,1,"1000-1059",16,1126,1756,5,1755,1801,6,6,0,0,"1700-1759",0,"",0,240,231,210,1,1825,8,NA,NA,NA,NA,NA,NA,NA,NA
2011,2,6,29,3,2011-06-29,"CO",19704,"CO","N38257",696,12889,1288902,32211,"LAS","Las Vegas, NV","NV",32,"Nevada",85,12266,1226602,31453,"IAH","Houston, TX","TX",48,"Texas",74,1450,1451,1,1,0,0,"1400-1459",9,1500,1936,6,1957,1942,-15,0,0,-1,"1900-1959",0,"",0,187,171,156,1,1222,5,NA,NA,NA,NA,NA,NA,NA,NA
2011,2,6,13,1,2011-06-13,"WN",19393,"WN","N268WN",486,12889,1288902,32211,"LAS","Las Vegas, NV","NV",32,"Nevada",85,14107,1410701,30466,"PHX","Phoenix, AZ","AZ",4,"Arizona",81,1405,1405,0,0,0,0,"1400-1459",13,1418,1505,5,1510,1510,0,0,0,0,"1500-1559",0,"",0,65,65,47,1,256,2,NA,NA,NA,NA,NA,NA,NA,NA
2011,2,6,20,1,2011-06-20,"WN",19393,"WN","N761RR",1043,12889,1288902,32211,"LAS","Las Vegas, NV","NV",32,"Nevada",85,13198,1319801,33198,"MCI","Kansas City, MO","MO",29,"Missouri",64,625,622,-3,0,0,-1,"0600-0659",12,634,1102,3,1110,1105,-5,0,0,-1,"1100-1159",0,"",0,165,163,148,1,1140,5,NA,NA,NA,NA,NA,NA,NA,NA
2011,2,6,24,5,2011-06-24,"WN",19393,"WN","N460WN",689,12889,1288902,32211,"LAS","Las Vegas, NV","NV",32,"Nevada",85,14107,1410701,30466,"PHX","Phoenix, AZ","AZ",4,"Arizona",81,730,756,26,26,1,1,"0700-0759",14,810,857,7,840,904,24,24,1,1,"0800-0859",0,"",0,70,68,47,1,256,2,19,0,0,0,5,NA,NA,NA
2011,2,6,16,4,2011-06-16,"WN",19393,"WN","N220WN",665,12889,1288902,32211,"LAS","Las Vegas, NV","NV",32,"Nevada",85,14570,1457001,34570,"RNO","Reno, NV","NV",32,"Nevada",85,1450,1516,26,26,1,1,"1400-1459",9,1525,1622,3,1605,1625,20,20,1,1,"1600-1659",0,"",0,75,69,57,1,345,2,5,0,0,0,15,NA,NA,NA
2011,2,6,15,3,2011-06-15,"AA",19805,"AA","N3CKAA",793,12889,1288902,32211,"LAS","Las Vegas, NV","NV",32,"Nevada",85,12892,1289201,32575,"LAX","Los Angeles, CA","CA",6,"California",91,1010,1006,-4,0,0,-1,"1000-1059",10,1016,1057,8,1125,1105,-20,0,0,-2,"1100-1159",0,"",0,75,59,41,1,236,1,NA,NA,NA,NA,NA,NA,NA,NA
2011,2,6,28,2,2011-06-28,"HA",19690,"HA","N383HA",7,12889,1288902,32211,"LAS","Las Vegas, NV","NV",32,"Nevada",85,12173,1217301,32134,"HNL","Honolulu, HI","HI",15,"Hawaii",2,900,903,3,3,0,0,"0900-0959",20,923,1208,7,1200,1215,15,15,1,1,"1200-1259",0,"",0,360,372,345,1,2762,11,12,0,3,0,0,NA,NA,NA
2011,2,6,21,2,2011-06-21,"CO",19704,"CO","N37290",296,12889,1288902,32211,"LAS","Las Vegas, NV","NV",32,"Nevada",85,12266,1226602,31453,"IAH","Houston, TX","TX",48,"Texas",74,935,943,8,8,0,0,"0900-0959",18,1001,1437,9,1435,1446,11,11,0,0,"1400-1459",0,"",0,180,183,156,1,1222,5,NA,NA,NA,NA,NA,NA,NA,NA
2011,2,6,16,4,2011-06-16,"WN",19393,"WN","N220WN",665,12889,1288902,32211,"LAS","Las Vegas, NV","NV",32,"Nevada",85,14570,1457001,34570,"RNO","Reno, NV","NV",32,"Nevada",85,1450,1516,26,26,1,1,"1400-1459",9,1525,1622,3,1605,1625,20,20,1,1,"1600-1659",0,"",0,75,69,57,1,345,2,5,0,0,0,15,NA,NA,NA
2011,2,6,18,6,2011-06-18,"WN",19393,"WN","N686SW",2715,12889,1288902,32211,"LAS","Las Vegas, NV","NV",32,"Nevada",85,13796,1379601,32457,"OAK","Oakland, CA","CA",6,"California",91,2050,2102,12,12,0,0,"2000-2059",11,2113,2219,5,2215,2224,9,9,0,0,"2200-2259",0,"",0,85,82,66,1,407,2,NA,NA,NA,NA,NA,NA,NA,NA
2011,2,6,4,6,2011-06-04,"WN",19393,"WN","N422WN",2079,12889,1288902,32211,"LAS","Las Vegas, NV","NV",32,"Nevada",85,13342,1334202,33342,"MKE","Milwaukee, WI","WI",55,"Wisconsin",45,810,810,0,0,0,0,"0800-0859",16,826,1326,3,1335,1329,-6,0,0,-1,"1300-1359",0,"",0,205,199,180,1,1524,7,NA,NA,NA,NA,NA,NA,NA,NA
2011,2,6,9,4,2011-06-09,"WN",19393,"WN","N917WN",2704,12889,1288902,32211,"LAS","Las Vegas, NV","NV",32,"Nevada",85,13871,1387101,33316,"OMA","Omaha, NE","NE",31,"Nebraska",65,2020,2055,35,35,1,2,"2000-2059",13,2108,117,3,55,120,25,25,1,1,"0001-0559",0,"",0,155,145,129,1,1099,5,3,0,0,0,22,NA,NA,NA
2011,2,6,21,2,2011-06-21,"WN",19393,"WN","N279WN",51,12889,1288902,32211,"LAS","Las Vegas, NV","NV",32,"Nevada",85,12339,1233903,32337,"IND","Indianapolis, IN","IN",18,"Indiana",42,900,859,-1,0,0,-1,"0900-0959",14,913,1524,5,1535,1529,-6,0,0,-1,"1500-1559",0,"",0,215,210,191,1,1591,7,NA,NA,NA,NA,NA,NA,NA,NA
2011,2,6,6,1,2011-06-06,"WN",19393,"WN","N790SW",614,12889,1288902,32211,"LAS","Las Vegas, NV","NV",32,"Nevada",85,14908,1490802,32575,"SNA","Santa Ana, CA","CA",6,"California",91,1205,1209,4,4,0,0,"1200-1259",11,1220,1304,8,1310,1312,2,2,0,0,"1300-1359",0,"",0,65,63,44,1,226,1,NA,NA,NA,NA,NA,NA,NA,NA
2011,2,6,21,2,2011-06-21,"WN",19393,"WN","N238WN",318,12889,1288902,32211,"LAS","Las Vegas, NV","NV",32,"Nevada",85,13796,1379601,32457,"OAK","Oakland, CA","CA",6,"California",91,1955,1952,-3,0,0,-1,"1900-1959",9,2001,2106,5,2120,2111,-9,0,0,-1,"2100-2159",0,"",0,85,79,65,1,407,2,NA,NA,NA,NA,NA,NA,NA,NA
2011,2,6,19,7,2011-06-19,"WN",19393,"WN","N515SW",763,12889,1288902,32211,"LAS","Las Vegas, NV","NV",32,"Nevada",85,14570,1457001,34570,"RNO","Reno, NV","NV",32,"Nevada",85,1715,1732,17,17,1,1,"1700-1759",13,1745,1845,3,1830,1848,18,18,1,1,"1800-1859",0,"",0,75,76,60,1,345,2,7,0,1,0,10,NA,NA,NA
2011,2,6,2,4,2011-06-02,"DL",19790,"DL","N139DL",1902,12889,1288902,32211,"LAS","Las Vegas, NV","NV",32,"Nevada",85,10397,1039703,30397,"ATL","Atlanta, GA","GA",13,"Georgia",34,1105,1101,-4,0,0,-1,"1100-1159",13,1114,1749,14,1804,1803,-1,0,0,-1,"1800-1859",0,"",0,239,242,215,1,1747,7,NA,NA,NA,NA,NA,NA,NA,NA
2011,2,6,27,1,2011-06-27,"AS",19930,"AS","N558AS",601,12889,1288902,32211,"LAS","Las Vegas, NV","NV",32,"Nevada",85,14747,1474702,30559,"SEA","Seattle, WA","WA",53,"Washington",93,1115,1114,-1,0,0,-1,"1100-1159",18,1132,1336,5,1350,1341,-9,0,0,-1,"1300-1359",0,"",0,155,147,124,1,866,4,NA,NA,NA,NA,NA,NA,NA,NA
2011,2,6,28,2,2011-06-28,"CO",19704,"CO","N37420",369,12889,1288902,32211,"LAS","Las Vegas, NV","NV",32,"Nevada",85,11618,1161801,31703,"EWR","Newark, NJ","NJ",34,"New Jersey",21,2150,2153,3,3,0,0,"2100-2159",11,2204,515,8,530,523,-7,0,0,-1,"0001-0559",0,"",0,280,270,251,1,2227,9,NA,NA,NA,NA,NA,NA,NA,NA
2011,2,6,4,6,2011-06-04,"US",20355,"US","N162UW",1748,12889,1288902,32211,"LAS","Las Vegas, NV","NV",32,"Nevada",85,14100,1410001,34100,"PHL","Philadelphia, PA","PA",42,"Pennsylvania",23,1125,1119,-6,0,0,-1,"1100-1159",15,1134,1847,3,1916,1850,-26,0,0,-2,"1900-1959",0,"",0,291,271,253,1,2176,9,NA,NA,NA,NA,NA,NA,NA,NA
2011,2,6,20,1,2011-06-20,"DL",19790,"DL","N626DL",2140,12889,1288902,32211,"LAS","Las Vegas, NV","NV",32,"Nevada",85,14869,1486902,34614,"SLC","Salt Lake City, UT","UT",49,"Utah",87,1805,1800,-5,0,0,-1,"1800-1859",19,1819,2014,9,2027,2023,-4,0,0,-1,"2000-2059",0,"",0,82,83,55,1,368,2,NA,NA,NA,NA,NA,NA,NA,NA
2011,2,6,4,6,2011-06-04,"US",20355,"US","N680AW",310,12889,1288902,32211,"LAS","Las Vegas, NV","NV",32,"Nevada",85,11057,1105702,31057,"CLT","Charlotte, NC","NC",37,"North Carolina",36,940,934,-6,0,0,-1,"0900-0959",16,950,1636,18,1656,1654,-2,0,0,-1,"1600-1659",0,"",0,256,260,226,1,1916,8,NA,NA,NA,NA,NA,NA,NA,NA
2011,2,6,2,4,2011-06-02,"US",20355,"US","N840AW",112,12889,1288902,32211,"LAS","Las Vegas, NV","NV",32,"Nevada",85,12892,1289201,32575,"LAX","Los Angeles, CA","CA",6,"California",91,2030,2038,8,8,0,0,"2000-2059",19,2057,2139,13,2136,2152,16,16,1,1,"2100-2159",0,"",0,66,74,42,1,236,1,0,0,8,0,8,NA,NA,NA
2011,2,6,5,7,2011-06-05,"F9",20436,"F9","N802FR",780,12889,1288902,32211,"LAS","Las Vegas, NV","NV",32,"Nevada",85,11292,1129202,30325,"DEN","Denver, CO","CO",8,"Colorado",82,1955,2103,68,68,1,4,"1900-1959",14,2117,2346,7,2243,2353,70,70,1,4,"2200-2259",0,"",0,108,110,89,1,629,3,0,0,2,0,68,NA,NA,NA
2011,2,6,12,7,2011-06-12,"WN",19393,"WN","N648SW",731,12889,1288902,32211,"LAS","Las Vegas, NV","NV",32,"Nevada",85,14831,1483102,32457,"SJC","San Jose, CA","CA",6,"California",91,2135,2312,97,97,1,6,"2100-2159",9,2321,18,3,2255,21,86,86,1,5,"2200-2259",0,"",0,80,69,57,1,387,2,0,0,0,0,86,NA,NA,NA
2011,2,6,21,2,2011-06-21,"AS",19930,"AS","N609AS",625,12889,1288902,32211,"LAS","Las Vegas, NV","NV",32,"Nevada",85,14057,1405701,34057,"PDX","Portland, OR","OR",41,"Oregon",92,1225,1218,-7,0,0,-1,"1200-1259",12,1230,1426,5,1443,1431,-12,0,0,-1,"1400-1459",0,"",0,138,133,116,1,762,4,NA,NA,NA,NA,NA,NA,NA,NA
2011,2,6,25,6,2011-06-25,"WN",19393,"WN","N794SW",1177,12889,1288902,32211,"LAS","Las Vegas, NV","NV",32,"Nevada",85,12191,1219101,31453,"HOU","Houston, TX","TX",48,"Texas",74,1945,1945,0,0,0,0,"1900-1959",10,1955,22,5,45,27,-18,0,0,-2,"0001-0559",0,"",0,180,162,147,1,1235,5,NA,NA,NA,NA,NA,NA,NA,NA
2011,2,6,22,3,2011-06-22,"WN",19393,"WN","N226WN",486,12889,1288902,32211,"LAS","Las Vegas, NV","NV",32,"Nevada",85,14107,1410701,30466,"PHX","Phoenix, AZ","AZ",4,"Arizona",81,1405,1404,-1,0,0,-1,"1400-1459",12,1416,1501,5,1510,1506,-4,0,0,-1,"1500-1559",0,"",0,65,62,45,1,256,2,NA,NA,NA,NA,NA,NA,NA,NA
2011,2,6,22,3,2011-06-22,"WN",19393,"WN","N651SW",821,12889,1288902,32211,"LAS","Las Vegas, NV","NV",32,"Nevada",85,14107,1410701,30466,"PHX","Phoenix, AZ","AZ",4,"Arizona",81,2120,2149,29,29,1,1,"2100-2159",16,2205,2250,4,2225,2254,29,29,1,1,"2200-2259",0,"",0,65,65,45,1,256,2,0,0,0,0,29,NA,NA,NA
2011,2,6,20,1,2011-06-20,"WN",19393,"WN","N761RR",1043,12889,1288902,32211,"LAS","Las Vegas, NV","NV",32,"Nevada",85,13198,1319801,33198,"MCI","Kansas City, MO","MO",29,"Missouri",64,625,622,-3,0,0,-1,"0600-0659",12,634,1102,3,1110,1105,-5,0,0,-1,"1100-1159",0,"",0,165,163,148,1,1140,5,NA,NA,NA,NA,NA,NA,NA,NA
2011,2,6,17,5,2011-06-17,"WN",19393,"WN","N262WN",1838,12889,1288902,32211,"LAS","Las Vegas, NV","NV",32,"Nevada",85,14831,1483102,32457,"SJC","San Jose, CA","CA",6,"California",91,1640,1717,37,37,1,2,"1600-1659",12,1729,1833,3,1800,1836,36,36,1,2,"1800-1859",0,"",0,80,79,64,1,387,2,10,0,0,0,26,NA,NA,NA
2011,2,6,30,4,2011-06-30,"DL",19790,"DL","N3744F",2133,12889,1288902,32211,"LAS","Las Vegas, NV","NV",32,"Nevada",85,13204,1320401,31454,"MCO","Orlando, FL","FL",12,"Florida",33,2240,2231,-9,0,0,-1,"2200-2259",17,2248,551,6,605,557,-8,0,0,-1,"0600-0659",0,"",0,265,266,243,1,2039,9,NA,NA,NA,NA,NA,NA,NA,NA
2011,2,6,5,7,2011-06-05,"WN",19393,"WN","N480WN",540,12889,1288902,32211,"LAS","Las Vegas, NV","NV",32,"Nevada",85,13232,1323201,30977,"MDW","Chicago, IL","IL",17,"Illinois",41,1935,1945,10,10,0,0,"1900-1959",12,1957,101,3,55,104,9,9,0,0,"0001-0559",0,"",0,200,199,184,1,1521,7,NA,NA,NA,NA,NA,NA,NA,NA
2011,2,6,18,6,2011-06-18,"FL",20437,"FL","N309AT",227,12889,1288902,32211,"LAS","Las Vegas, NV","NV",32,"Nevada",85,13342,1334202,33342,"MKE","Milwaukee, WI","WI",55,"Wisconsin",45,700,654,-6,0,0,-1,"0700-0759",12,706,1217,5,1225,1222,-3,0,0,-1,"1200-1259",0,"",0,205,208,191,1,1524,7,NA,NA,NA,NA,NA,NA,NA,NA
2011,2,6,11,6,2011-06-11,"WN",19393,"WN","N294WN",154,12889,1288902,32211,"LAS","Las Vegas, NV","NV",32,"Nevada",85,15370,1537001,34653,"TUL","Tulsa, OK","OK",40,"Oklahoma",73,1020,1021,1,1,0,0,"1000-1059",15,1036,1448,5,1450,1453,3,3,0,0,"1400-1459",0,"",0,150,152,132,1,1076,5,NA,NA,NA,NA,NA,NA,NA,NA
2011,2,6,9,4,2011-06-09,"WN",19393,"WN","N630WN",1211,12889,1288902,32211,"LAS","Las Vegas, NV","NV",32,"Nevada",85,10713,1071301,30713,"BOI","Boise, ID","ID",16,"Idaho",83,1625,1622,-3,0,0,-1,"1600-1659",12,1634,1857,3,1905,1900,-5,0,0,-1,"1900-1959",0,"",0,100,98,83,1,520,3,NA,NA,NA,NA,NA,NA,NA,NA
2011,2,6,17,5,2011-06-17,"WN",19393,"WN","N205WN",3310,12889,1288902,32211,"LAS","Las Vegas, NV","NV",32,"Nevada",85,10140,1014001,30140,"ABQ","Albuquerque, NM","NM",35,"New Mexico",86,1150,1148,-2,0,0,-1,"1100-1159",21,1209,1413,3,1415,1416,1,1,0,0,"1400-1459",0,"",0,85,88,64,1,487,2,NA,NA,NA,NA,NA,NA,NA,NA
2011,2,6,23,4,2011-06-23,"WN",19393,"WN","N248WN",294,12889,1288902,32211,"LAS","Las Vegas, NV","NV",32,"Nevada",85,14107,1410701,30466,"PHX","Phoenix, AZ","AZ",4,"Arizona",81,1930,2203,153,153,1,10,"1900-1959",10,2213,2256,5,2035,2301,146,146,1,9,"2000-2059",0,"",0,65,58,43,1,256,2,68,0,0,0,78,NA,NA,NA
2011,2,6,14,2,2011-06-14,"WN",19393,"WN","N746SW",821,12889,1288902,32211,"LAS","Las Vegas, NV","NV",32,"Nevada",85,14107,1410701,30466,"PHX","Phoenix, AZ","AZ",4,"Arizona",81,2120,NA,NA,NA,NA,NA,"2100-2159",NA,NA,NA,NA,2225,NA,NA,NA,NA,NA,"2200-2259",1,"A",0,65,NA,NA,1,256,2,NA,NA,NA,NA,NA,NA,NA,NA
2011,2,6,3,5,2011-06-03,"US",20355,"US","N314AW",543,12889,1288902,32211,"LAS","Las Vegas, NV","NV",32,"Nevada",85,12892,1289201,32575,"LAX","Los Angeles, CA","CA",6,"California",91,1540,1532,-8,0,0,-1,"1500-1559",13,1545,1626,11,1648,1637,-11,0,0,-1,"1600-1659",0,"",0,68,65,41,1,236,1,NA,NA,NA,NA,NA,NA,NA,NA
2011,2,6,10,5,2011-06-10,"WN",19393,"WN","N207WN",379,12889,1288902,32211,"LAS","Las Vegas, NV","NV",32,"Nevada",85,14908,1490802,32575,"SNA","Santa Ana, CA","CA",6,"California",91,2005,2000,-5,0,0,-1,"2000-2059",10,2010,2049,5,2105,2054,-11,0,0,-1,"2100-2159",0,"",0,60,54,39,1,226,1,NA,NA,NA,NA,NA,NA,NA,NA
2011,2,6,19,7,2011-06-19,"WN",19393,"WN","N640SW",420,12889,1288902,32211,"LAS","Las Vegas, NV","NV",32,"Nevada",85,10279,1027902,30279,"AMA","Amarillo, TX","TX",48,"Texas",74,1120,1116,-4,0,0,-1,"1100-1159",14,1130,1458,5,1525,1503,-22,0,0,-2,"1500-1559",0,"",0,125,107,88,1,758,4,NA,NA,NA,NA,NA,NA,NA,NA
2011,2,6,26,7,2011-06-26,"WN",19393,"WN","N725SW",3431,12889,1288902,32211,"LAS","Las Vegas, NV","NV",32,"Nevada",85,13342,1334202,33342,"MKE","Milwaukee, WI","WI",55,"Wisconsin",45,940,1011,31,31,1,2,"0900-0959",12,1023,1521,3,1505,1524,19,19,1,1,"1500-1559",0,"",0,205,193,178,1,1524,7,19,0,0,0,0,NA,NA,NA
2011,2,6,18,6,2011-06-18,"WN",19393,"WN","N203WN",375,12889,1288902,32211,"LAS","Las Vegas, NV","NV",32,"Nevada",85,15016,1501602,31123,"STL","St. Louis, MO","MO",29,"Missouri",64,700,705,5,5,0,0,"0700-0759",11,716,1153,3,1205,1156,-9,0,0,-1,"1200-1259",0,"",0,185,171,157,1,1372,6,NA,NA,NA,NA,NA,NA,NA,NA
2011,2,6,9,4,2011-06-09,"WN",19393,"WN","N461WN",677,12889,1288902,32211,"LAS","Las Vegas, NV","NV",32,"Nevada",85,13891,1389101,32575,"ONT","Ontario, CA","CA",6,"California",91,935,935,0,0,0,0,"0900-0959",15,950,1024,6,1030,1030,0,0,0,0,"1000-1059",0,"",0,55,55,34,1,197,1,NA,NA,NA,NA,NA,NA,NA,NA
2011,2,6,29,3,2011-06-29,"WN",19393,"WN","N717SA",1633,12889,1288902,32211,"LAS","Las Vegas, NV","NV",32,"Nevada",85,10821,1082103,30852,"BWI","Baltimore, MD","MD",24,"Maryland",35,1600,1558,-2,0,0,-1,"1600-1659",11,1609,2317,4,2335,2321,-14,0,0,-1,"2300-2359",0,"",0,275,263,248,1,2106,9,NA,NA,NA,NA,NA,NA,NA,NA
2011,2,6,28,2,2011-06-28,"WN",19393,"WN","N476WN",861,12889,1288902,32211,"LAS","Las Vegas, NV","NV",32,"Nevada",85,14107,1410701,30466,"PHX","Phoenix, AZ","AZ",4,"Arizona",81,855,902,7,7,0,0,"0800-0859",12,914,1002,5,1005,1007,2,2,0,0,"1000-1059",0,"",0,70,65,48,1,256,2,NA,NA,NA,NA,NA,NA,NA,NA
2011,2,6,14,2,2011-06-14,"UA",19977,"UA","N418UA",278,12889,1288902,32211,"LAS","Las Vegas, NV","NV",32,"Nevada",85,12892,1289201,32575,"LAX","Los Angeles, CA","CA",6,"California",91,2027,2108,41,41,1,2,"2000-2059",10,2118,2201,17,2147,2218,31,31,1,2,"2100-2159",0,"",0,80,70,43,1,236,1,17,0,0,0,14,NA,NA,NA
2011,2,6,17,5,2011-06-17,"AA",19805,"AA","N251AA",2246,12889,1288902,32211,"LAS","Las Vegas, NV","NV",32,"Nevada",85,12892,1289201,32575,"LAX","Los Angeles, CA","CA",6,"California",91,1625,1617,-8,0,0,-1,"1600-1659",20,1637,1722,7,1735,1729,-6,0,0,-1,"1700-1759",0,"",0,70,72,45,1,236,1,NA,NA,NA,NA,NA,NA,NA,NA
2011,2,6,4,6,2011-06-04,"WN",19393,"WN","N798SW",3667,12889,1288902,32211,"LAS","Las Vegas, NV","NV",32,"Nevada",85,14679,1467902,33570,"SAN","San Diego, CA","CA",6,"California",91,755,755,0,0,0,0,"0700-0759",11,806,852,3,900,855,-5,0,0,-1,"0900-0959",0,"",0,65,60,46,1,258,2,NA,NA,NA,NA,NA,NA,NA,NA
2011,2,6,27,1,2011-06-27,"WN",19393,"WN","N466WN",276,12889,1288902,32211,"LAS","Las Vegas, NV","NV",32,"Nevada",85,13851,1385102,33851,"OKC","Oklahoma City, OK","OK",40,"Oklahoma",73,1010,1025,15,15,1,1,"1000-1059",14,1039,1437,4,1435,1441,6,6,0,0,"1400-1459",0,"",0,145,136,118,1,987,4,NA,NA,NA,NA,NA,NA,NA,NA
2011,2,6,21,2,2011-06-21,"OO",20304,"OO","N792SK",6527,12889,1288902,32211,"LAS","Las Vegas, NV","NV",32,"Nevada",85,14771,1477101,32457,"SFO","San Francisco, CA","CA",6,"California",91,533,534,1,1,0,0,"0001-0559",17,551,700,4,705,704,-1,0,0,-1,"0700-0759",0,"",0,92,90,69,1,414,2,NA,NA,NA,NA,NA,NA,NA,NA
2011,2,6,15,3,2011-06-15,"WN",19393,"WN","N952WN",677,12889,1288902,32211,"LAS","Las Vegas, NV","NV",32,"Nevada",85,13891,1389101,32575,"ONT","Ontario, CA","CA",6,"California",91,935,945,10,10,0,0,"0900-0959",14,959,1032,5,1030,1037,7,7,0,0,"1000-1059",0,"",0,55,52,33,1,197,1,NA,NA,NA,NA,NA,NA,NA,NA
2011,2,6,6,1,2011-06-06,"WN",19393,"WN","N274WN",264,12889,1288902,32211,"LAS","Las Vegas, NV","NV",32,"Nevada",85,13796,1379601,32457,"OAK","Oakland, CA","CA",6,"California",91,1715,1715,0,0,0,0,"1700-1759",12,1727,1840,5,1840,1845,5,5,0,0,"1800-1859",0,"",0,85,90,73,1,407,2,NA,NA,NA,NA,NA,NA,NA,NA
2011,2,6,28,2,2011-06-28,"AA",19805,"AA","N4YPAA",810,12889,1288902,32211,"LAS","Las Vegas, NV","NV",32,"Nevada",85,13930,1393001,30977,"ORD","Chicago, IL","IL",17,"Illinois",41,720,723,3,3,0,0,"0700-0759",13,736,1241,5,1250,1246,-4,0,0,-1,"1200-1259",0,"",0,210,203,185,1,1515,7,NA,NA,NA,NA,NA,NA,NA,NA
2011,2,6,10,5,2011-06-10,"WN",19393,"WN","N715SW",1167,12889,1288902,32211,"LAS","Las Vegas, NV","NV",32,"Nevada",85,10800,1080002,32575,"BUR","Burbank, CA","CA",6,"California",91,1930,2010,40,40,1,2,"1900-1959",12,2022,2106,2,2030,2108,38,38,1,2,"2000-2059",0,"",0,60,58,44,1,223,1,0,0,0,0,38,NA,NA,NA
2011,2,6,3,5,2011-06-03,"F9",20436,"F9","N908FR",499,12889,1288902,32211,"LAS","Las Vegas, NV","NV",32,"Nevada",85,11292,1129202,30325,"DEN","Denver, CO","CO",8,"Colorado",82,947,944,-3,0,0,-1,"0900-0959",14,958,1218,5,1235,1223,-12,0,0,-1,"1200-1259",0,"",0,108,99,80,1,629,3,NA,NA,NA,NA,NA,NA,NA,NA
2011,2,6,28,2,2011-06-28,"DL",19790,"DL","N376NW",1651,12889,1288902,32211,"LAS","Las Vegas, NV","NV",32,"Nevada",85,13487,1348701,31650,"MSP","Minneapolis, MN","MN",27,"Minnesota",63,1318,1317,-1,0,0,-1,"1300-1359",10,1327,1759,10,1824,1809,-15,0,0,-1,"1800-1859",0,"",0,186,172,152,1,1300,6,NA,NA,NA,NA,NA,NA,NA,NA
2011,2,6,17,5,2011-06-17,"AA",19805,"AA","N200AA",550,12889,1288902,32211,"LAS","Las Vegas, NV","NV",32,"Nevada",85,11298,1129802,30194,"DFW","Dallas/Fort Worth, TX","TX",48,"Texas",74,1715,1709,-6,0,0,-1,"1700-1759",12,1721,2119,11,2155,2130,-25,0,0,-2,"2100-2159",0,"",0,160,141,118,1,1055,5,NA,NA,NA,NA,NA,NA,NA,NA
2011,2,6,6,1,2011-06-06,"WN",19393,"WN","N353SW",2633,12889,1288902,32211,"LAS","Las Vegas, NV","NV",32,"Nevada",85,10140,1014001,30140,"ABQ","Albuquerque, NM","NM",35,"New Mexico",86,2010,2200,110,110,1,7,"2000-2059",15,2215,19,8,2235,27,112,112,1,7,"2200-2259",0,"",0,85,87,64,1,487,2,91,0,2,0,19,NA,NA,NA
2011,2,6,27,1,2011-06-27,"WN",19393,"WN","N555LV",625,12889,1288902,32211,"LAS","Las Vegas, NV","NV",32,"Nevada",85,12191,1219101,31453,"HOU","Houston, TX","TX",48,"Texas",74,600,603,3,3,0,0,"0600-0659",15,618,1056,5,1110,1101,-9,0,0,-1,"1100-1159",0,"",0,190,178,158,1,1235,5,NA,NA,NA,NA,NA,NA,NA,NA
2011,2,6,9,4,2011-06-09,"DL",19790,"DL","N386DA",126,12889,1288902,32211,"LAS","Las Vegas, NV","NV",32,"Nevada",85,12478,1247801,31703,"JFK","New York, NY","NY",36,"New York",22,700,657,-3,0,0,-1,"0700-0759",22,719,1503,23,1459,1526,27,27,1,1,"1400-1459",0,"",0,299,329,284,1,2248,9,0,0,27,0,0,NA,NA,NA
2011,2,6,21,2,2011-06-21,"CO",19704,"CO","N75854",480,12889,1288902,32211,"LAS","Las Vegas, NV","NV",32,"Nevada",85,11042,1104201,30647,"CLE","Cleveland, OH","OH",39,"Ohio",44,1115,1109,-6,0,0,-1,"1100-1159",16,1125,1806,8,1814,1814,0,0,0,0,"1800-1859",0,"",0,239,245,221,1,1825,8,NA,NA,NA,NA,NA,NA,NA,NA
2011,2,6,10,5,2011-06-10,"DL",19790,"DL","N670DN",1728,12889,1288902,32211,"LAS","Las Vegas, NV","NV",32,"Nevada",85,12478,1247801,31703,"JFK","New York, NY","NY",36,"New York",22,1635,1628,-7,0,0,-1,"1600-1659",31,1659,9,15,29,24,-5,0,0,-1,"0001-0559",0,"",0,294,296,250,1,2248,9,NA,NA,NA,NA,NA,NA,NA,NA
2011,2,6,25,6,2011-06-25,"DL",19790,"DL","N674DL",2216,12889,1288902,32211,"LAS","Las Vegas, NV","NV",32,"Nevada",85,11433,1143301,31295,"DTW","Detroit, MI","MI",26,"Michigan",43,2325,2319,-6,0,0,-1,"2300-2359",20,2339,551,5,620,556,-24,0,0,-2,"0600-0659",0,"",0,235,217,192,1,1750,8,NA,NA,NA,NA,NA,NA,NA,NA
2011,2,6,6,1,2011-06-06,"CO",19704,"CO","N37413",580,12889,1288902,32211,"LAS","Las Vegas, NV","NV",32,"Nevada",85,11042,1104201,30647,"CLE","Cleveland, OH","OH",39,"Ohio",44,650,655,5,5,0,0,"0600-0659",9,704,1341,4,1348,1345,-3,0,0,-1,"1300-1359",0,"",0,238,230,217,1,1825,8,NA,NA,NA,NA,NA,NA,NA,NA
2011,2,6,10,5,2011-06-10,"WN",19393,"WN","N902WN",731,12889,1288902,32211,"LAS","Las Vegas, NV","NV",32,"Nevada",85,14831,1483102,32457,"SJC","San Jose, CA","CA",6,"California",91,2135,2145,10,10,0,0,"2100-2159",18,2203,2303,10,2255,2313,18,18,1,1,"2200-2259",0,"",0,80,88,60,1,387,2,1,0,8,0,9,NA,NA,NA
2011,2,6,19,7,2011-06-19,"F9",20436,"F9","N202FR",448,12889,1288902,32211,"LAS","Las Vegas, NV","NV",32,"Nevada",85,11292,1129202,30325,"DEN","Denver, CO","CO",8,"Colorado",82,700,654,-6,0,0,-1,"0700-0759",15,709,930,8,948,938,-10,0,0,-1,"0900-0959",0,"",0,108,104,81,1,629,3,NA,NA,NA,NA,NA,NA,NA,NA
2011,2,6,20,1,2011-06-20,"WN",19393,"WN","N910WN",1026,12889,1288902,32211,"LAS","Las Vegas, NV","NV",32,"Nevada",85,14893,1489301,33192,"SMF","Sacramento, CA","CA",6,"California",91,1525,1523,-2,0,0,-1,"1500-1559",8,1531,1642,4,1650,1646,-4,0,0,-1,"1600-1659",0,"",0,85,83,71,1,397,2,NA,NA,NA,NA,NA,NA,NA,NA
2011,2,6,21,2,2011-06-21,"WN",19393,"WN","N372SW",821,12889,1288902,32211,"LAS","Las Vegas, NV","NV",32,"Nevada",85,14107,1410701,30466,"PHX","Phoenix, AZ","AZ",4,"Arizona",81,2120,2132,12,12,0,0,"2100-2159",9,2141,2227,4,2225,2231,6,6,0,0,"2200-2259",0,"",0,65,59,46,1,256,2,NA,NA,NA,NA,NA,NA,NA,NA
2011,2,6,3,5,2011-06-03,"DL",19790,"DL","N659DL",1450,12889,1288902,32211,"LAS","Las Vegas, NV","NV",32,"Nevada",85,13487,1348701,31650,"MSP","Minneapolis, MN","MN",27,"Minnesota",63,100,53,-7,0,0,-1,"0001-0559",15,108,535,8,556,543,-13,0,0,-1,"0001-0559",0,"",0,176,170,147,1,1300,6,NA,NA,NA,NA,NA,NA,NA,NA
