"Year","Quarter","Month","DayofMonth","DayOfWeek","FlightDate","UniqueCarrier","AirlineID","Carrier","TailNum","FlightNum","OriginAirportID","OriginAirportSeqID","OriginCityMarketID","Origin","OriginCityName","OriginState","OriginStateFips","OriginStateName","OriginWac","DestAirportID","DestAirportSeqID","DestCityMarketID","Dest","DestCityName","DestState","DestStateFips","DestStateName","DestWac","CRSDepTime","DepTime","DepDelay","DepDelayMinutes","DepDel15","DepartureDelayGroups","DepTimeBlk","TaxiOut","WheelsOff","WheelsOn","TaxiIn","CRSArrTime","ArrTime","ArrDelay","ArrDelayMinutes","ArrDel15","ArrivalDelayGroups","ArrTimeBlk","Cancelled","CancellationCode","Diverted","CRSElapsedTime","ActualElapsedTime","AirTime","Flights","Distance","DistanceGroup","CarrierDelay","WeatherDelay","NASDelay","SecurityDelay","LateAircraftDelay","FirstDepTime","TotalAddGTime","LongestAddGTime"
2011,3,9,6,2,2011-09-06,"CO",19704,"CO","N33284",1710,12889,1288903,32211,"LAS","Las Vegas, NV","NV",32,"Nevada",85,12266,1226603,31453,"IAH","Houston, TX","TX",48,"Texas",74,935,933,-2,0,0,-1,"0900-0959",15,948,1418,4,1433,1422,-11,0,0,-1,"1400-1459",0,"",0,178,169,150,1,1222,5,NA,NA,NA,NA,NA,NA,NA,NA
2011,3,9,16,5,2011-09-16,"WN",19393,"WN","N212WN",2246,12889,1288903,32211,"LAS","Las Vegas, NV","NV",32,"Nevada",85,14908,1490803,32575,"SNA","Santa Ana, CA","CA",6,"California",91,1300,1301,1,1,0,0,"1300-1359",10,1311,1351,4,1405,1355,-10,0,0,-1,"1400-1459",0,"",0,65,54,40,1,226,1,NA,NA,NA,NA,NA,NA,NA,NA
2011,3,9,27,2,2011-09-27,"WN",19393,"WN","N431WN",175,12889,1288903,32211,"LAS","Las Vegas, NV","NV",32,"Nevada",85,12892,1289202,32575,"LAX","Los Angeles, CA","CA",6,"California",91,2150,2219,29,29,1,1,"2100-2159",9,2228,2308,7,2310,2315,5,5,0,0,"2300-2359",0,"",0,80,56,40,1,236,1,NA,NA,NA,NA,NA,NA,NA,NA
2011,3,9,27,2,2011-09-27,"DL",19790,"DL","N648DL",1728,12889,1288903,32211,"LAS","Las Vegas, NV","NV",32,"Nevada",85,12478,1247802,31703,"JFK","New York, NY","NY",36,"New York",22,1630,1628,-2,0,0,-1,"1600-1659",14,1642,15,18,20,33,13,13,0,0,"0001-0559",0,"",0,290,305,273,1,2248,9,NA,NA,NA,NA,NA,NA,NA,NA
2011,3,9,15,4,2011-09-15,"WN",19393,"WN","N303SW",1896,12889,1288903,32211,"LAS","Las Vegas, NV","NV",32,"Nevada",85,12892,1289202,32575,"LAX","Los Angeles, CA","CA",6,"California",91,810,829,19,19,1,1,"0800-0859",16,845,924,6,915,930,15,15,1,1,"0900-0959",0,"",0,65,61,39,1,236,1,15,0,0,0,0,NA,NA,NA
2011,3,9,18,7,2011-09-18,"B6",20409,"B6","N651JB",298,12889,1288903,32211,"LAS","Las Vegas, NV","NV",32,"Nevada",85,12954,1295402,32575,"LGB","Long Beach, CA","CA",6,"California",91,1000,951,-9,0,0,-1,"1000-1059",20,1011,1053,5,1110,1058,-12,0,0,-1,"1100-1159",0,"",0,70,67,42,1,231,1,NA,NA,NA,NA,NA,NA,NA,NA
2011,3,9,6,2,2011-09-06,"WN",19393,"WN","N602SW",3408,12889,1288903,32211,"LAS","Las Vegas, NV","NV",32,"Nevada",85,14107,1410702,30466,"PHX","Phoenix, AZ","AZ",4,"Arizona",81,615,613,-2,0,0,-1,"0600-0659",10,623,708,3,725,711,-14,0,0,-1,"0700-0759",0,"",0,70,58,45,1,255,2,NA,NA,NA,NA,NA,NA,NA,NA
2011,3,9,20,2,2011-09-20,"DL",19790,"DL","N693DL",322,12889,1288903,32211,"LAS","Las Vegas, NV","NV",32,"Nevada",85,12478,1247802,31703,"JFK","New York, NY","NY",36,"New York",22,2150,2150,0,0,0,0,"2100-2159",16,2206,521,13,539,534,-5,0,0,-1,"0001-0559",0,"",0,289,284,255,1,2248,9,NA,NA,NA,NA,NA,NA,NA,NA
2011,3,9,26,1,2011-09-26,"WN",19393,"WN","N960WN",2162,12889,1288903,32211,"LAS","Las Vegas, NV","NV",32,"Nevada",85,10800,1080003,32575,"BUR","Burbank, CA","CA",6,"California",91,730,729,-1,0,0,-1,"0700-0759",10,739,824,2,830,826,-4,0,0,-1,"0800-0859",0,"",0,60,57,45,1,223,1,NA,NA,NA,NA,NA,NA,NA,NA
2011,3,9,15,4,2011-09-15,"WN",19393,"WN","N954WN",2989,12889,1288903,32211,"LAS","Las Vegas, NV","NV",32,"Nevada",85,14492,1449202,34492,"RDU","Raleigh/Durham, NC","NC",37,"North Carolina",36,1620,1637,17,17,1,1,"1600-1659",15,1652,2347,3,5,2350,-15,0,0,-1,"0001-0559",0,"",0,285,253,235,1,2026,9,NA,NA,NA,NA,NA,NA,NA,NA
2011,3,9,19,1,2011-09-19,"WN",19393,"WN","N204WN",985,12889,1288903,32211,"LAS","Las Vegas, NV","NV",32,"Nevada",85,13198,1319801,33198,"MCI","Kansas City, MO","MO",29,"Missouri",64,745,746,1,1,0,0,"0700-0759",10,756,1219,5,1230,1224,-6,0,0,-1,"1200-1259",0,"",0,165,158,143,1,1139,5,NA,NA,NA,NA,NA,NA,NA,NA
2011,3,9,11,7,2011-09-11,"WN",19393,"WN","N464WN",2225,12889,1288903,32211,"LAS","Las Vegas, NV","NV",32,"Nevada",85,10800,1080003,32575,"BUR","Burbank, CA","CA",6,"California",91,855,851,-4,0,0,-1,"0800-0859",23,914,1000,2,1000,1002,2,2,0,0,"1000-1059",0,"",0,65,71,46,1,223,1,NA,NA,NA,NA,NA,NA,NA,NA
2011,3,9,11,7,2011-09-11,"WN",19393,"WN","N464WN",2225,12889,1288903,32211,"LAS","Las Vegas, NV","NV",32,"Nevada",85,10800,1080003,32575,"BUR","Burbank, CA","CA",6,"California",91,855,851,-4,0,0,-1,"0800-0859",23,914,1000,2,1000,1002,2,2,0,0,"1000-1059",0,"",0,65,71,46,1,223,1,NA,NA,NA,NA,NA,NA,NA,NA
2011,3,9,20,2,2011-09-20,"WN",19393,"WN","N946WN",431,12889,1288903,32211,"LAS","Las Vegas, NV","NV",32,"Nevada",85,13495,1349502,33495,"MSY","New Orleans, LA","LA",22,"Louisiana",72,920,920,0,0,0,0,"0900-0959",14,934,1436,4,1445,1440,-5,0,0,-1,"1400-1459",0,"",0,205,200,182,1,1500,7,NA,NA,NA,NA,NA,NA,NA,NA
2011,3,9,22,4,2011-09-22,"AS",19930,"AS","N623AS",623,12889,1288903,32211,"LAS","Las Vegas, NV","NV",32,"Nevada",85,14057,1405702,34057,"PDX","Portland, OR","OR",41,"Oregon",92,1620,1629,9,9,0,0,"1600-1659",14,1643,1834,9,1844,1843,-1,0,0,-1,"1800-1859",0,"",0,144,134,111,1,763,4,NA,NA,NA,NA,NA,NA,NA,NA
2011,3,9,8,4,2011-09-08,"WN",19393,"WN","N382SW",503,12889,1288903,32211,"LAS","Las Vegas, NV","NV",32,"Nevada",85,14679,1467903,33570,"SAN","San Diego, CA","CA",6,"California",91,1300,1256,-4,0,0,-1,"1300-1359",9,1305,1350,3,1405,1353,-12,0,0,-1,"1400-1459",0,"",0,65,57,45,1,258,2,NA,NA,NA,NA,NA,NA,NA,NA
2011,3,9,16,5,2011-09-16,"WN",19393,"WN","N632SW",1733,12889,1288903,32211,"LAS","Las Vegas, NV","NV",32,"Nevada",85,10713,1071302,30713,"BOI","Boise, ID","ID",16,"Idaho",83,1555,1556,1,1,0,0,"1500-1559",15,1611,1830,3,1845,1833,-12,0,0,-1,"1800-1859",0,"",0,110,97,79,1,519,3,NA,NA,NA,NA,NA,NA,NA,NA
2011,3,9,3,6,2011-09-03,"WN",19393,"WN","N940WN",831,12889,1288903,32211,"LAS","Las Vegas, NV","NV",32,"Nevada",85,10693,1069302,30693,"BNA","Nashville, TN","TN",47,"Tennessee",54,1435,1436,1,1,0,0,"1400-1459",10,1446,1953,4,2015,1957,-18,0,0,-2,"2000-2059",0,"",0,220,201,187,1,1587,7,NA,NA,NA,NA,NA,NA,NA,NA
2011,3,9,1,4,2011-09-01,"WN",19393,"WN","N435WN",999,12889,1288903,32211,"LAS","Las Vegas, NV","NV",32,"Nevada",85,14570,1457002,34570,"RNO","Reno, NV","NV",32,"Nevada",85,1740,1741,1,1,0,0,"1700-1759",18,1759,1855,3,1855,1858,3,3,0,0,"1800-1859",0,"",0,75,77,56,1,345,2,NA,NA,NA,NA,NA,NA,NA,NA
2011,3,9,14,3,2011-09-14,"US",20355,"US","N190UW",1748,12889,1288903,32211,"LAS","Las Vegas, NV","NV",32,"Nevada",85,14100,1410002,34100,"PHL","Philadelphia, PA","PA",42,"Pennsylvania",23,1120,1111,-9,0,0,-1,"1100-1159",19,1130,1844,6,1912,1850,-22,0,0,-2,"1900-1959",0,"",0,292,279,254,1,2176,9,NA,NA,NA,NA,NA,NA,NA,NA
2011,3,9,5,1,2011-09-05,"WN",19393,"WN","N440LV",906,12889,1288903,32211,"LAS","Las Vegas, NV","NV",32,"Nevada",85,13232,1323202,30977,"MDW","Chicago, IL","IL",17,"Illinois",41,1555,1549,-6,0,0,-1,"1500-1559",30,1619,2117,3,2130,2120,-10,0,0,-1,"2100-2159",0,"",0,215,211,178,1,1521,7,NA,NA,NA,NA,NA,NA,NA,NA
2011,3,9,9,5,2011-09-09,"WN",19393,"WN","N232WN",1411,12889,1288903,32211,"LAS","Las Vegas, NV","NV",32,"Nevada",85,13796,1379601,32457,"OAK","Oakland, CA","CA",6,"California",91,1020,1019,-1,0,0,-1,"1000-1059",15,1034,1139,5,1150,1144,-6,0,0,-1,"1100-1159",0,"",0,90,85,65,1,407,2,NA,NA,NA,NA,NA,NA,NA,NA
2011,3,9,18,7,2011-09-18,"DL",19790,"DL","N682DA",1602,12889,1288903,32211,"LAS","Las Vegas, NV","NV",32,"Nevada",85,10397,1039704,30397,"ATL","Atlanta, GA","GA",13,"Georgia",34,600,554,-6,0,0,-1,"0600-0659",12,606,1228,10,1250,1238,-12,0,0,-1,"1200-1259",0,"",0,230,224,202,1,1747,7,NA,NA,NA,NA,NA,NA,NA,NA
2011,3,9,1,4,2011-09-01,"WN",19393,"WN","N791SW",1845,12889,1288903,32211,"LAS","Las Vegas, NV","NV",32,"Nevada",85,11066,1106602,31066,"CMH","Columbus, OH","OH",39,"Ohio",44,915,945,30,30,1,2,"0900-0959",14,959,1635,4,1610,1639,29,29,1,1,"1600-1659",0,"",0,235,234,216,1,1771,8,9,0,0,0,20,NA,NA,NA
2011,3,9,30,5,2011-09-30,"WN",19393,"WN","N452WN",2190,12889,1288903,32211,"LAS","Las Vegas, NV","NV",32,"Nevada",85,15016,1501603,31123,"STL","St. Louis, MO","MO",29,"Missouri",64,600,812,132,132,1,8,"0600-0659",14,826,1324,5,1110,1329,139,139,1,9,"1100-1159",0,"",0,190,197,178,1,1371,6,132,0,7,0,0,NA,NA,NA
2011,3,9,19,1,2011-09-19,"WN",19393,"WN","N524SW",377,12889,1288903,32211,"LAS","Las Vegas, NV","NV",32,"Nevada",85,13198,1319801,33198,"MCI","Kansas City, MO","MO",29,"Missouri",64,1940,1940,0,0,0,0,"1900-1959",11,1951,15,5,40,20,-20,0,0,-2,"0001-0559",0,"",0,180,160,144,1,1139,5,NA,NA,NA,NA,NA,NA,NA,NA
2011,3,9,11,7,2011-09-11,"WN",19393,"WN","N940WN",552,12889,1288903,32211,"LAS","Las Vegas, NV","NV",32,"Nevada",85,14908,1490803,32575,"SNA","Santa Ana, CA","CA",6,"California",91,1300,1306,6,6,0,0,"1300-1359",12,1318,1359,4,1405,1403,-2,0,0,-1,"1400-1459",0,"",0,65,57,41,1,226,1,NA,NA,NA,NA,NA,NA,NA,NA
2011,3,9,20,2,2011-09-20,"AA",19805,"AA","N3DAAA",2538,12889,1288903,32211,"LAS","Las Vegas, NV","NV",32,"Nevada",85,13930,1393002,30977,"ORD","Chicago, IL","IL",17,"Illinois",41,50,44,-6,0,0,-1,"0001-0559",11,55,555,8,615,603,-12,0,0,-1,"0600-0659",0,"",0,205,199,180,1,1514,7,NA,NA,NA,NA,NA,NA,NA,NA
2011,3,9,18,7,2011-09-18,"US",20355,"US","N817AW",473,12889,1288903,32211,"LAS","Las Vegas, NV","NV",32,"Nevada",85,14771,1477101,32457,"SFO","San Francisco, CA","CA",6,"California",91,1630,1625,-5,0,0,-1,"1600-1659",17,1642,1744,5,1800,1749,-11,0,0,-1,"1800-1859",0,"",0,90,84,62,1,414,2,NA,NA,NA,NA,NA,NA,NA,NA
2011,3,9,16,5,2011-09-16,"US",20355,"US","N640AW",469,12889,1288903,32211,"LAS","Las Vegas, NV","NV",32,"Nevada",85,14107,1410702,30466,"PHX","Phoenix, AZ","AZ",4,"Arizona",81,1930,1924,-6,0,0,-1,"1900-1959",19,1943,2031,5,2039,2036,-3,0,0,-1,"2000-2059",0,"",0,69,72,48,1,255,2,NA,NA,NA,NA,NA,NA,NA,NA
2011,3,9,8,4,2011-09-08,"CO",19704,"CO","N57869",1134,12889,1288903,32211,"LAS","Las Vegas, NV","NV",32,"Nevada",85,12266,1226603,31453,"IAH","Houston, TX","TX",48,"Texas",74,1245,1247,2,2,0,0,"1200-1259",13,1300,1726,8,1744,1734,-10,0,0,-1,"1700-1759",0,"",0,179,167,146,1,1222,5,NA,NA,NA,NA,NA,NA,NA,NA
2011,3,9,12,1,2011-09-12,"WN",19393,"WN","N245WN",661,12889,1288903,32211,"LAS","Las Vegas, NV","NV",32,"Nevada",85,12191,1219102,31453,"HOU","Houston, TX","TX",48,"Texas",74,1645,1702,17,17,1,1,"1600-1659",14,1716,2140,6,2155,2146,-9,0,0,-1,"2100-2159",0,"",0,190,164,144,1,1235,5,NA,NA,NA,NA,NA,NA,NA,NA
2011,3,9,11,7,2011-09-11,"F9",20436,"F9","N906FR",428,12889,1288903,32211,"LAS","Las Vegas, NV","NV",32,"Nevada",85,11292,1129202,30325,"DEN","Denver, CO","CO",8,"Colorado",82,946,936,-10,0,0,-1,"0900-0959",9,945,1215,9,1239,1224,-15,0,0,-1,"1200-1259",0,"",0,113,108,90,1,628,3,NA,NA,NA,NA,NA,NA,NA,NA
2011,3,9,2,5,2011-09-02,"AA",19805,"AA","N4XEAA",1684,12889,1288903,32211,"LAS","Las Vegas, NV","NV",32,"Nevada",85,11298,1129803,30194,"DFW","Dallas/Fort Worth, TX","TX",48,"Texas",74,1125,1124,-1,0,0,-1,"1100-1159",21,1145,1552,8,1615,1600,-15,0,0,-1,"1600-1659",0,"",0,170,156,127,1,1055,5,NA,NA,NA,NA,NA,NA,NA,NA
2011,3,9,1,4,2011-09-01,"AA",19805,"AA","N4WMAA",1082,12889,1288903,32211,"LAS","Las Vegas, NV","NV",32,"Nevada",85,13930,1393002,30977,"ORD","Chicago, IL","IL",17,"Illinois",41,1240,1233,-7,0,0,-1,"1200-1259",18,1251,1749,13,1820,1802,-18,0,0,-2,"1800-1859",0,"",0,220,209,178,1,1514,7,NA,NA,NA,NA,NA,NA,NA,NA
2011,3,9,23,5,2011-09-23,"CO",19704,"CO","N37252",1436,12889,1288903,32211,"LAS","Las Vegas, NV","NV",32,"Nevada",85,11042,1104202,30647,"CLE","Cleveland, OH","OH",39,"Ohio",44,2325,2324,-1,0,0,-1,"2300-2359",13,2337,624,5,612,629,17,17,1,1,"0600-0659",0,"",0,227,245,227,1,1824,8,0,0,17,0,0,NA,NA,NA
2011,3,9,25,7,2011-09-25,"WN",19393,"WN","N607SW",874,12889,1288903,32211,"LAS","Las Vegas, NV","NV",32,"Nevada",85,14107,1410702,30466,"PHX","Phoenix, AZ","AZ",4,"Arizona",81,2000,2013,13,13,0,0,"2000-2059",7,2020,2105,5,2110,2110,0,0,0,0,"2100-2159",0,"",0,70,57,45,1,255,2,NA,NA,NA,NA,NA,NA,NA,NA
2011,3,9,30,5,2011-09-30,"WN",19393,"WN","N323SW",1733,12889,1288903,32211,"LAS","Las Vegas, NV","NV",32,"Nevada",85,10713,1071302,30713,"BOI","Boise, ID","ID",16,"Idaho",83,1555,1552,-3,0,0,-1,"1500-1559",16,1608,1821,2,1845,1823,-22,0,0,-2,"1800-1859",0,"",0,110,91,73,1,519,3,NA,NA,NA,NA,NA,NA,NA,NA
2011,3,9,19,1,2011-09-19,"WN",19393,"WN","N927WN",1845,12889,1288903,32211,"LAS","Las Vegas, NV","NV",32,"Nevada",85,11066,1106602,31066,"CMH","Columbus, OH","OH",39,"Ohio",44,915,919,4,4,0,0,"0900-0959",15,934,1607,4,1610,1611,1,1,0,0,"1600-1659",0,"",0,235,232,213,1,1771,8,NA,NA,NA,NA,NA,NA,NA,NA
2011,3,9,21,3,2011-09-21,"DL",19790,"DL","N642DL",1550,12889,1288903,32211,"LAS","Las Vegas, NV","NV",32,"Nevada",85,13487,1348702,31650,"MSP","Minneapolis, MN","MN",27,"Minnesota",63,655,653,-2,0,0,-1,"0600-0659",22,715,1204,8,1207,1212,5,5,0,0,"1200-1259",0,"",0,192,199,169,1,1299,6,NA,NA,NA,NA,NA,NA,NA,NA
2011,3,9,11,7,2011-09-11,"AA",19805,"AA","N3AUAA",2538,12889,1288903,32211,"LAS","Las Vegas, NV","NV",32,"Nevada",85,13930,1393002,30977,"ORD","Chicago, IL","IL",17,"Illinois",41,50,44,-6,0,0,-1,"0001-0559",13,57,610,6,615,616,1,1,0,0,"0600-0659",0,"",0,205,212,193,1,1514,7,NA,NA,NA,NA,NA,NA,NA,NA
2011,3,9,27,2,2011-09-27,"AA",19805,"AA","N3CCAA",794,12889,1288903,32211,"LAS","Las Vegas, NV","NV",32,"Nevada",85,13930,1393002,30977,"ORD","Chicago, IL","IL",17,"Illinois",41,1715,1714,-1,0,0,-1,"1700-1759",25,1739,2252,12,2245,2304,19,19,1,1,"2200-2259",0,"",0,210,230,193,1,1514,7,0,0,19,0,0,NA,NA,NA
2011,3,9,29,4,2011-09-29,"YV",20378,"YV","N934FJ",2791,12889,1288903,32211,"LAS","Las Vegas, NV","NV",32,"Nevada",85,11638,1163803,31638,"FAT","Fresno, CA","CA",6,"California",91,1915,1907,-8,0,0,-1,"1900-1959",13,1920,2012,4,2023,2016,-7,0,0,-1,"2000-2059",0,"",0,68,69,52,1,259,2,NA,NA,NA,NA,NA,NA,NA,NA
2011,3,9,28,3,2011-09-28,"WN",19393,"WN","N764SW",2162,12889,1288903,32211,"LAS","Las Vegas, NV","NV",32,"Nevada",85,10800,1080003,32575,"BUR","Burbank, CA","CA",6,"California",91,730,729,-1,0,0,-1,"0700-0759",12,741,825,2,830,827,-3,0,0,-1,"0800-0859",0,"",0,60,58,44,1,223,1,NA,NA,NA,NA,NA,NA,NA,NA
2011,3,9,25,7,2011-09-25,"AS",19930,"AS","N624AS",625,12889,1288903,32211,"LAS","Las Vegas, NV","NV",32,"Nevada",85,14057,1405702,34057,"PDX","Portland, OR","OR",41,"Oregon",92,1225,1216,-9,0,0,-1,"1200-1259",16,1232,1425,6,1443,1431,-12,0,0,-1,"1400-1459",0,"",0,138,135,113,1,763,4,NA,NA,NA,NA,NA,NA,NA,NA
2011,3,9,19,1,2011-09-19,"WN",19393,"WN","N284WN",2225,12889,1288903,32211,"LAS","Las Vegas, NV","NV",32,"Nevada",85,10800,1080003,32575,"BUR","Burbank, CA","CA",6,"California",91,855,902,7,7,0,0,"0800-0859",22,924,1009,2,1000,1011,11,11,0,0,"1000-1059",0,"",0,65,69,45,1,223,1,NA,NA,NA,NA,NA,NA,NA,NA
2011,3,9,8,4,2011-09-08,"WN",19393,"WN","N465WN",1499,12889,1288903,32211,"LAS","Las Vegas, NV","NV",32,"Nevada",85,13232,1323202,30977,"MDW","Chicago, IL","IL",17,"Illinois",41,1015,1015,0,0,0,0,"1000-1059",18,1033,1547,3,1545,1550,5,5,0,0,"1500-1559",0,"",0,210,215,194,1,1521,7,NA,NA,NA,NA,NA,NA,NA,NA
2011,3,9,30,5,2011-09-30,"WN",19393,"WN","N733SA",950,12889,1288903,32211,"LAS","Las Vegas, NV","NV",32,"Nevada",85,15376,1537602,30436,"TUS","Tucson, AZ","AZ",4,"Arizona",81,2110,2118,8,8,0,0,"2100-2159",16,2134,2231,3,2230,2234,4,4,0,0,"2200-2259",0,"",0,80,76,57,1,365,2,NA,NA,NA,NA,NA,NA,NA,NA
2011,3,9,6,2,2011-09-06,"CO",19704,"CO","N37298",1154,12889,1288903,32211,"LAS","Las Vegas, NV","NV",32,"Nevada",85,11042,1104202,30647,"CLE","Cleveland, OH","OH",39,"Ohio",44,700,656,-4,0,0,-1,"0700-0759",18,714,1356,4,1353,1400,7,7,0,0,"1300-1359",0,"",0,233,244,222,1,1824,8,NA,NA,NA,NA,NA,NA,NA,NA
2011,3,9,19,1,2011-09-19,"UA",19977,"UA","N437UA",968,12889,1288903,32211,"LAS","Las Vegas, NV","NV",32,"Nevada",85,13930,1393002,30977,"ORD","Chicago, IL","IL",17,"Illinois",41,2329,2326,-3,0,0,-1,"2300-2359",12,2338,440,5,450,445,-5,0,0,-1,"0001-0559",0,"",0,201,199,182,1,1514,7,NA,NA,NA,NA,NA,NA,NA,NA
2011,3,9,23,5,2011-09-23,"CO",19704,"CO","N78866",1183,12889,1288903,32211,"LAS","Las Vegas, NV","NV",32,"Nevada",85,12266,1226603,31453,"IAH","Houston, TX","TX",48,"Texas",74,1135,1132,-3,0,0,-1,"1100-1159",18,1150,1628,6,1636,1634,-2,0,0,-1,"1600-1659",0,"",0,181,182,158,1,1222,5,NA,NA,NA,NA,NA,NA,NA,NA
2011,3,9,19,1,2011-09-19,"WN",19393,"WN","N965WN",2990,12889,1288903,32211,"LAS","Las Vegas, NV","NV",32,"Nevada",85,14570,1457002,34570,"RNO","Reno, NV","NV",32,"Nevada",85,2145,2149,4,4,0,0,"2100-2159",13,2202,2258,2,2315,2300,-15,0,0,-1,"2300-2359",0,"",0,90,71,56,1,345,2,NA,NA,NA,NA,NA,NA,NA,NA
2011,3,9,3,6,2011-09-03,"WN",19393,"WN","N456WN",476,12889,1288903,32211,"LAS","Las Vegas, NV","NV",32,"Nevada",85,10423,1042302,30423,"AUS","Austin, TX","TX",48,"Texas",74,925,932,7,7,0,0,"0900-0959",14,946,1407,4,1405,1411,6,6,0,0,"1400-1459",0,"",0,160,159,141,1,1090,5,NA,NA,NA,NA,NA,NA,NA,NA
2011,3,9,29,4,2011-09-29,"US",20355,"US","N660AW",307,12889,1288903,32211,"LAS","Las Vegas, NV","NV",32,"Nevada",85,14771,1477101,32457,"SFO","San Francisco, CA","CA",6,"California",91,2030,2022,-8,0,0,-1,"2000-2059",18,2040,2142,8,2201,2150,-11,0,0,-1,"2200-2259",0,"",0,91,88,62,1,414,2,NA,NA,NA,NA,NA,NA,NA,NA
2011,3,9,30,5,2011-09-30,"WN",19393,"WN","N401WN",2318,12889,1288903,32211,"LAS","Las Vegas, NV","NV",32,"Nevada",85,10800,1080003,32575,"BUR","Burbank, CA","CA",6,"California",91,1145,1143,-2,0,0,-1,"1100-1159",14,1157,1240,2,1250,1242,-8,0,0,-1,"1200-1259",0,"",0,65,59,43,1,223,1,NA,NA,NA,NA,NA,NA,NA,NA
2011,3,9,28,3,2011-09-28,"CO",19704,"CO","N57857",1279,12889,1288903,32211,"LAS","Las Vegas, NV","NV",32,"Nevada",85,11618,1161802,31703,"EWR","Newark, NJ","NJ",34,"New Jersey",21,2150,2146,-4,0,0,-1,"2100-2159",13,2159,547,9,514,556,42,42,1,2,"0001-0559",0,"",0,264,310,288,1,2227,9,0,0,42,0,0,NA,NA,NA
2011,3,9,27,2,2011-09-27,"WN",19393,"WN","N961WN",2989,12889,1288903,32211,"LAS","Las Vegas, NV","NV",32,"Nevada",85,14492,1449202,34492,"RDU","Raleigh/Durham, NC","NC",37,"North Carolina",36,1620,1619,-1,0,0,-1,"1600-1659",13,1632,2341,5,5,2346,-19,0,0,-2,"0001-0559",0,"",0,285,267,249,1,2026,9,NA,NA,NA,NA,NA,NA,NA,NA
2011,3,9,27,2,2011-09-27,"AA",19805,"AA","N3DHAA",572,12889,1288903,32211,"LAS","Las Vegas, NV","NV",32,"Nevada",85,13930,1393002,30977,"ORD","Chicago, IL","IL",17,"Illinois",41,725,729,4,4,0,0,"0700-0759",14,743,1301,6,1255,1307,12,12,0,0,"1200-1259",0,"",0,210,218,198,1,1514,7,NA,NA,NA,NA,NA,NA,NA,NA
2011,3,9,8,4,2011-09-08,"WN",19393,"WN","N727SW",2394,12889,1288903,32211,"LAS","Las Vegas, NV","NV",32,"Nevada",85,14107,1410702,30466,"PHX","Phoenix, AZ","AZ",4,"Arizona",81,1725,1722,-3,0,0,-1,"1700-1759",71,1833,1915,5,1845,1920,35,35,1,2,"1800-1859",0,"",0,80,118,42,1,255,2,0,0,35,0,0,NA,NA,NA
2011,3,9,3,6,2011-09-03,"OO",20304,"OO","N821SK",4682,12889,1288903,32211,"LAS","Las Vegas, NV","NV",32,"Nevada",85,12892,1289202,32575,"LAX","Los Angeles, CA","CA",6,"California",91,1830,1822,-8,0,0,-1,"1800-1859",18,1840,1924,5,1942,1929,-13,0,0,-1,"1900-1959",0,"",0,72,67,44,1,236,1,NA,NA,NA,NA,NA,NA,NA,NA
2011,3,9,20,2,2011-09-20,"AA",19805,"AA","N3DAAA",2538,12889,1288903,32211,"LAS","Las Vegas, NV","NV",32,"Nevada",85,13930,1393002,30977,"ORD","Chicago, IL","IL",17,"Illinois",41,50,44,-6,0,0,-1,"0001-0559",11,55,555,8,615,603,-12,0,0,-1,"0600-0659",0,"",0,205,199,180,1,1514,7,NA,NA,NA,NA,NA,NA,NA,NA
2011,3,9,4,7,2011-09-04,"UA",19977,"UA","N585UA",697,12889,1288903,32211,"LAS","Las Vegas, NV","NV",32,"Nevada",85,14771,1477101,32457,"SFO","San Francisco, CA","CA",6,"California",91,1249,1248,-1,0,0,-1,"1200-1259",16,1304,1411,13,1420,1424,4,4,0,0,"1400-1459",0,"",0,91,96,67,1,414,2,NA,NA,NA,NA,NA,NA,NA,NA
2011,3,9,19,1,2011-09-19,"WN",19393,"WN","N779SW",450,12889,1288903,32211,"LAS","Las Vegas, NV","NV",32,"Nevada",85,12339,1233904,32337,"IND","Indianapolis, IN","IN",18,"Indiana",42,1150,1151,1,1,0,0,"1100-1159",13,1204,1817,5,1825,1822,-3,0,0,-1,"1800-1859",0,"",0,215,211,193,1,1590,7,NA,NA,NA,NA,NA,NA,NA,NA
2011,3,9,14,3,2011-09-14,"AS",19930,"AS","N579AS",615,12889,1288903,32211,"LAS","Las Vegas, NV","NV",32,"Nevada",85,14747,1474703,30559,"SEA","Seattle, WA","WA",53,"Washington",93,1955,1940,-15,0,0,-1,"1900-1959",15,1955,2155,7,2228,2202,-26,0,0,-2,"2200-2259",0,"",0,153,142,120,1,867,4,NA,NA,NA,NA,NA,NA,NA,NA
2011,3,9,3,6,2011-09-03,"OO",20304,"OO","N821SK",4599,12889,1288903,32211,"LAS","Las Vegas, NV","NV",32,"Nevada",85,14869,1486903,34614,"SLC","Salt Lake City, UT","UT",49,"Utah",87,625,624,-1,0,0,-1,"0600-0659",16,640,839,10,845,849,4,4,0,0,"0800-0859",0,"",0,80,85,59,1,368,2,NA,NA,NA,NA,NA,NA,NA,NA
2011,3,9,19,1,2011-09-19,"WN",19393,"WN","N965WN",2990,12889,1288903,32211,"LAS","Las Vegas, NV","NV",32,"Nevada",85,14570,1457002,34570,"RNO","Reno, NV","NV",32,"Nevada",85,2145,2149,4,4,0,0,"2100-2159",13,2202,2258,2,2315,2300,-15,0,0,-1,"2300-2359",0,"",0,90,71,56,1,345,2,NA,NA,NA,NA,NA,NA,NA,NA
2011,3,9,17,6,2011-09-17,"WN",19393,"WN","N225WN",2104,12889,1288903,32211,"LAS","Las Vegas, NV","NV",32,"Nevada",85,12892,1289202,32575,"LAX","Los Angeles, CA","CA",6,"California",91,1400,1400,0,0,0,0,"1400-1459",23,1423,1503,7,1505,1510,5,5,0,0,"1500-1559",0,"",0,65,70,40,1,236,1,NA,NA,NA,NA,NA,NA,NA,NA
2011,3,9,5,1,2011-09-05,"WN",19393,"WN","N946WN",2199,12889,1288903,32211,"LAS","Las Vegas, NV","NV",32,"Nevada",85,14908,1490803,32575,"SNA","Santa Ana, CA","CA",6,"California",91,1255,1323,28,28,1,1,"1200-1259",14,1337,1419,4,1400,1423,23,23,1,1,"1400-1459",0,"",0,65,60,42,1,226,1,2,0,0,0,21,NA,NA,NA
2011,3,9,18,7,2011-09-18,"CO",19704,"CO","N35407",1196,12889,1288903,32211,"LAS","Las Vegas, NV","NV",32,"Nevada",85,12266,1226603,31453,"IAH","Houston, TX","TX",48,"Texas",74,645,649,4,4,0,0,"0600-0659",16,705,1141,8,1137,1149,12,12,0,0,"1100-1159",0,"",0,172,180,156,1,1222,5,NA,NA,NA,NA,NA,NA,NA,NA
2011,3,9,24,6,2011-09-24,"WN",19393,"WN","N920WN",1745,12889,1288903,32211,"LAS","Las Vegas, NV","NV",32,"Nevada",85,12896,1289604,32896,"LBB","Lubbock, TX","TX",48,"Texas",74,1100,1101,1,1,0,0,"1100-1159",14,1115,1456,3,1500,1459,-1,0,0,-1,"1500-1559",0,"",0,120,118,101,1,775,4,NA,NA,NA,NA,NA,NA,NA,NA
2011,3,9,28,3,2011-09-28,"B6",20409,"B6","N627JB",271,12889,1288903,32211,"LAS","Las Vegas, NV","NV",32,"Nevada",85,10800,1080003,32575,"BUR","Burbank, CA","CA",6,"California",91,1915,1914,-1,0,0,-1,"1900-1959",15,1929,2009,2,2017,2011,-6,0,0,-1,"2000-2059",0,"",0,62,57,40,1,223,1,NA,NA,NA,NA,NA,NA,NA,NA
2011,3,9,13,2,2011-09-13,"WN",19393,"WN","N685SW",781,12889,1288903,32211,"LAS","Las Vegas, NV","NV",32,"Nevada",85,11292,1129202,30325,"DEN","Denver, CO","CO",8,"Colorado",82,1440,1509,29,29,1,1,"1400-1459",13,1522,1748,5,1730,1753,23,23,1,1,"1700-1759",0,"",0,110,104,86,1,628,3,0,0,0,0,23,NA,NA,NA
2011,3,9,3,6,2011-09-03,"WN",19393,"WN","N473WN",2844,12889,1288903,32211,"LAS","Las Vegas, NV","NV",32,"Nevada",85,10140,1014002,30140,"ABQ","Albuquerque, NM","NM",35,"New Mexico",86,1115,1127,12,12,0,0,"1100-1159",17,1144,1347,4,1345,1351,6,6,0,0,"1300-1359",0,"",0,90,84,63,1,486,2,NA,NA,NA,NA,NA,NA,NA,NA
2011,3,9,18,7,2011-09-18,"AA",19805,"AA","N3EHAA",1075,12889,1288903,32211,"LAS","Las Vegas, NV","NV",32,"Nevada",85,12892,1289202,32575,"LAX","Los Angeles, CA","CA",6,"California",91,635,634,-1,0,0,-1,"0600-0659",10,644,723,16,740,739,-1,0,0,-1,"0700-0759",0,"",0,65,65,39,1,236,1,NA,NA,NA,NA,NA,NA,NA,NA
2011,3,9,1,4,2011-09-01,"DL",19790,"DL","N391DA",126,12889,1288903,32211,"LAS","Las Vegas, NV","NV",32,"Nevada",85,12478,1247802,31703,"JFK","New York, NY","NY",36,"New York",22,700,651,-9,0,0,-1,"0700-0759",20,711,1437,7,1459,1444,-15,0,0,-1,"1400-1459",0,"",0,299,293,266,1,2248,9,NA,NA,NA,NA,NA,NA,NA,NA
2011,3,9,25,7,2011-09-25,"WN",19393,"WN","N219WN",2225,12889,1288903,32211,"LAS","Las Vegas, NV","NV",32,"Nevada",85,10800,1080003,32575,"BUR","Burbank, CA","CA",6,"California",91,855,856,1,1,0,0,"0800-0859",15,911,957,2,1000,959,-1,0,0,-1,"1000-1059",0,"",0,65,63,46,1,223,1,NA,NA,NA,NA,NA,NA,NA,NA
2011,3,9,12,1,2011-09-12,"WN",19393,"WN","N404WN",719,12889,1288903,32211,"LAS","Las Vegas, NV","NV",32,"Nevada",85,11292,1129202,30325,"DEN","Denver, CO","CO",8,"Colorado",82,1845,1842,-3,0,0,-1,"1800-1859",12,1854,2114,6,2145,2120,-25,0,0,-2,"2100-2159",0,"",0,120,98,80,1,628,3,NA,NA,NA,NA,NA,NA,NA,NA
2011,3,9,9,5,2011-09-09,"WN",19393,"WN","N790SW",1266,12889,1288903,32211,"LAS","Las Vegas, NV","NV",32,"Nevada",85,14908,1490803,32575,"SNA","Santa Ana, CA","CA",6,"California",91,1950,1949,-1,0,0,-1,"1900-1959",16,2005,2046,9,2050,2055,5,5,0,0,"2000-2059",0,"",0,60,66,41,1,226,1,NA,NA,NA,NA,NA,NA,NA,NA
2011,3,9,30,5,2011-09-30,"WN",19393,"WN","N949WN",2026,12889,1288903,32211,"LAS","Las Vegas, NV","NV",32,"Nevada",85,15376,1537602,30436,"TUS","Tucson, AZ","AZ",4,"Arizona",81,1000,1002,2,2,0,0,"1000-1059",22,1024,1125,3,1120,1128,8,8,0,0,"1100-1159",0,"",0,80,86,61,1,365,2,NA,NA,NA,NA,NA,NA,NA,NA
2011,3,9,19,1,2011-09-19,"WN",19393,"WN","N524SW",377,12889,1288903,32211,"LAS","Las Vegas, NV","NV",32,"Nevada",85,13198,1319801,33198,"MCI","Kansas City, MO","MO",29,"Missouri",64,1940,1940,0,0,0,0,"1900-1959",11,1951,15,5,40,20,-20,0,0,-2,"0001-0559",0,"",0,180,160,144,1,1139,5,NA,NA,NA,NA,NA,NA,NA,NA
2011,3,9,29,4,2011-09-29,"WN",19393,"WN","N372SW",1940,12889,1288903,32211,"LAS","Las Vegas, NV","NV",32,"Nevada",85,14107,1410702,30466,"PHX","Phoenix, AZ","AZ",4,"Arizona",81,2100,2100,0,0,0,0,"2100-2159",12,2112,2157,6,2220,2203,-17,0,0,-2,"2200-2259",0,"",0,80,63,45,1,255,2,NA,NA,NA,NA,NA,NA,NA,NA
2011,3,9,12,1,2011-09-12,"WN",19393,"WN","N778SW",1134,12889,1288903,32211,"LAS","Las Vegas, NV","NV",32,"Nevada",85,10423,1042302,30423,"AUS","Austin, TX","TX",48,"Texas",74,1315,1314,-1,0,0,-1,"1300-1359",17,1331,1745,4,1800,1749,-11,0,0,-1,"1800-1859",0,"",0,165,155,134,1,1090,5,NA,NA,NA,NA,NA,NA,NA,NA
2011,3,9,25,7,2011-09-25,"WN",19393,"WN","N611SW",459,12889,1288903,32211,"LAS","Las Vegas, NV","NV",32,"Nevada",85,10140,1014002,30140,"ABQ","Albuquerque, NM","NM",35,"New Mexico",86,2120,2129,9,9,0,0,"2100-2159",12,2141,2348,5,5,2353,-12,0,0,-1,"0001-0559",0,"",0,105,84,67,1,486,2,NA,NA,NA,NA,NA,NA,NA,NA
2011,3,9,2,5,2011-09-02,"CO",19704,"CO","N53442",1455,12889,1288903,32211,"LAS","Las Vegas, NV","NV",32,"Nevada",85,11618,1161802,31703,"EWR","Newark, NJ","NJ",34,"New Jersey",21,1300,1257,-3,0,0,-1,"1300-1359",25,1322,2043,15,2043,2058,15,15,1,1,"2000-2059",0,"",0,283,301,261,1,2227,9,0,0,15,0,0,NA,NA,NA
2011,3,9,27,2,2011-09-27,"WN",19393,"WN","N912WN",2392,12889,1288903,32211,"LAS","Las Vegas, NV","NV",32,"Nevada",85,14679,1467903,33570,"SAN","San Diego, CA","CA",6,"California",91,640,637,-3,0,0,-1,"0600-0659",10,647,730,2,745,732,-13,0,0,-1,"0700-0759",0,"",0,65,55,43,1,258,2,NA,NA,NA,NA,NA,NA,NA,NA
2011,3,9,2,5,2011-09-02,"WN",19393,"WN","N227WN",2318,12889,1288903,32211,"LAS","Las Vegas, NV","NV",32,"Nevada",85,10800,1080003,32575,"BUR","Burbank, CA","CA",6,"California",91,1145,1141,-4,0,0,-1,"1100-1159",10,1151,1236,2,1250,1238,-12,0,0,-1,"1200-1259",0,"",0,65,57,45,1,223,1,NA,NA,NA,NA,NA,NA,NA,NA
2011,3,9,23,5,2011-09-23,"WN",19393,"WN","N444WN",1482,12889,1288903,32211,"LAS","Las Vegas, NV","NV",32,"Nevada",85,14107,1410702,30466,"PHX","Phoenix, AZ","AZ",4,"Arizona",81,2030,2034,4,4,0,0,"2000-2059",11,2045,2136,5,2150,2141,-9,0,0,-1,"2100-2159",0,"",0,80,67,51,1,255,2,NA,NA,NA,NA,NA,NA,NA,NA
2011,3,9,23,5,2011-09-23,"DL",19790,"DL","N585NW",64,12889,1288903,32211,"LAS","Las Vegas, NV","NV",32,"Nevada",85,10397,1039704,30397,"ATL","Atlanta, GA","GA",13,"Georgia",34,1100,1100,0,0,0,0,"1100-1159",15,1115,1801,6,1756,1807,11,11,0,0,"1700-1759",0,"",0,236,247,226,1,1747,7,NA,NA,NA,NA,NA,NA,NA,NA
2011,3,9,10,6,2011-09-10,"CO",19704,"CO","N75410",1710,12889,1288903,32211,"LAS","Las Vegas, NV","NV",32,"Nevada",85,12266,1226603,31453,"IAH","Houston, TX","TX",48,"Texas",74,935,930,-5,0,0,-1,"0900-0959",23,953,1424,6,1431,1430,-1,0,0,-1,"1400-1459",0,"",0,176,180,151,1,1222,5,NA,NA,NA,NA,NA,NA,NA,NA
2011,3,9,25,7,2011-09-25,"AS",19930,"AS","N624AS",625,12889,1288903,32211,"LAS","Las Vegas, NV","NV",32,"Nevada",85,14057,1405702,34057,"PDX","Portland, OR","OR",41,"Oregon",92,1225,1216,-9,0,0,-1,"1200-1259",16,1232,1425,6,1443,1431,-12,0,0,-1,"1400-1459",0,"",0,138,135,113,1,763,4,NA,NA,NA,NA,NA,NA,NA,NA
2011,3,9,27,2,2011-09-27,"WN",19393,"WN","N961WN",2989,12889,1288903,32211,"LAS","Las Vegas, NV","NV",32,"Nevada",85,14492,1449202,34492,"RDU","Raleigh/Durham, NC","NC",37,"North Carolina",36,1620,1619,-1,0,0,-1,"1600-1659",13,1632,2341,5,5,2346,-19,0,0,-2,"0001-0559",0,"",0,285,267,249,1,2026,9,NA,NA,NA,NA,NA,NA,NA,NA
2011,3,9,5,1,2011-09-05,"AA",19805,"AA","N478AA",1082,12889,1288903,32211,"LAS","Las Vegas, NV","NV",32,"Nevada",85,13930,1393002,30977,"ORD","Chicago, IL","IL",17,"Illinois",41,1240,1235,-5,0,0,-1,"1200-1259",25,1300,1802,3,1820,1805,-15,0,0,-1,"1800-1859",0,"",0,220,210,182,1,1514,7,NA,NA,NA,NA,NA,NA,NA,NA
2011,3,9,4,7,2011-09-04,"AS",19930,"AS","N612AS",625,12889,1288903,32211,"LAS","Las Vegas, NV","NV",32,"Nevada",85,14057,1405702,34057,"PDX","Portland, OR","OR",41,"Oregon",92,1225,1218,-7,0,0,-1,"1200-1259",18,1236,1425,4,1443,1429,-14,0,0,-1,"1400-1459",0,"",0,138,131,109,1,763,4,NA,NA,NA,NA,NA,NA,NA,NA
2011,3,9,9,5,2011-09-09,"WN",19393,"WN","N383SW",781,12889,1288903,32211,"LAS","Las Vegas, NV","NV",32,"Nevada",85,11292,1129202,30325,"DEN","Denver, CO","CO",8,"Colorado",82,1440,1509,29,29,1,1,"1400-1459",10,1519,1747,7,1730,1754,24,24,1,1,"1700-1759",0,"",0,110,105,88,1,628,3,0,0,0,0,24,NA,NA,NA
2011,3,9,3,6,2011-09-03,"WN",19393,"WN","N456WN",476,12889,1288903,32211,"LAS","Las Vegas, NV","NV",32,"Nevada",85,10423,1042302,30423,"AUS","Austin, TX","TX",48,"Texas",74,925,932,7,7,0,0,"0900-0959",14,946,1407,4,1405,1411,6,6,0,0,"1400-1459",0,"",0,160,159,141,1,1090,5,NA,NA,NA,NA,NA,NA,NA,NA
2011,3,9,24,6,2011-09-24,"UA",19977,"UA","N414UA",644,12889,1288903,32211,"LAS","Las Vegas, NV","NV",32,"Nevada",85,11292,1129202,30325,"DEN","Denver, CO","CO",8,"Colorado",82,1210,1209,-1,0,0,-1,"1200-1259",13,1222,1450,5,1500,1455,-5,0,0,-1,"1500-1559",0,"",0,110,106,88,1,628,3,NA,NA,NA,NA,NA,NA,NA,NA
2011,3,9,15,4,2011-09-15,"DL",19790,"DL","N377NW",594,12889,1288903,32211,"LAS","Las Vegas, NV","NV",32,"Nevada",85,13244,1324402,33244,"MEM","Memphis, TN","TN",47,"Tennessee",54,1225,1222,-3,0,0,-1,"1200-1259",14,1236,1731,5,1746,1736,-10,0,0,-1,"1700-1759",0,"",0,201,194,175,1,1416,6,NA,NA,NA,NA,NA,NA,NA,NA
2011,3,9,14,3,2011-09-14,"AA",19805,"AA","N3HEAA",1075,12889,1288903,32211,"LAS","Las Vegas, NV","NV",32,"Nevada",85,12892,1289202,32575,"LAX","Los Angeles, CA","CA",6,"California",91,635,627,-8,0,0,-1,"0600-0659",13,640,725,4,740,729,-11,0,0,-1,"0700-0759",0,"",0,65,62,45,1,236,1,NA,NA,NA,NA,NA,NA,NA,NA
2011,3,9,12,1,2011-09-12,"WN",19393,"WN","N408WN",817,12889,1288903,32211,"LAS","Las Vegas, NV","NV",32,"Nevada",85,13232,1323202,30977,"MDW","Chicago, IL","IL",17,"Illinois",41,1515,1514,-1,0,0,-1,"1500-1559",13,1527,2035,5,2050,2040,-10,0,0,-1,"2000-2059",0,"",0,215,206,188,1,1521,7,NA,NA,NA,NA,NA,NA,NA,NA
2011,3,9,19,1,2011-09-19,"WN",19393,"WN","N488WN",950,12889,1288903,32211,"LAS","Las Vegas, NV","NV",32,"Nevada",85,15376,1537602,30436,"TUS","Tucson, AZ","AZ",4,"Arizona",81,2110,2119,9,9,0,0,"2100-2159",14,2133,2225,5,2230,2230,0,0,0,0,"2200-2259",0,"",0,80,71,52,1,365,2,NA,NA,NA,NA,NA,NA,NA,NA
