"Year","Quarter","Month","DayofMonth","DayOfWeek","FlightDate","UniqueCarrier","AirlineID","Carrier","TailNum","FlightNum","OriginAirportID","OriginAirportSeqID","OriginCityMarketID","Origin","OriginCityName","OriginState","OriginStateFips","OriginStateName","OriginWac","DestAirportID","DestAirportSeqID","DestCityMarketID","Dest","DestCityName","DestState","DestStateFips","DestStateName","DestWac","CRSDepTime","DepTime","DepDelay","DepDelayMinutes","DepDel15","DepartureDelayGroups","DepTimeBlk","TaxiOut","WheelsOff","WheelsOn","TaxiIn","CRSArrTime","ArrTime","ArrDelay","ArrDelayMinutes","ArrDel15","ArrivalDelayGroups","ArrTimeBlk","Cancelled","CancellationCode","Diverted","CRSElapsedTime","ActualElapsedTime","AirTime","Flights","Distance","DistanceGroup","CarrierDelay","WeatherDelay","NASDelay","SecurityDelay","LateAircraftDelay","FirstDepTime","TotalAddGTime","LongestAddGTime"
2011,4,10,12,3,2011-10-12,"MQ",20398,"MQ","N935MQ",3985,13930,1393002,30977,"ORD","Chicago, IL","IL",17,"Illinois",41,14633,1463303,32547,"RST","Rochester, MN","MN",27,"Minnesota",63,835,834,-1,0,0,-1,"0800-0859",18,852,942,3,940,945,5,5,0,0,"0900-0959",0,"",0,65,71,50,1,268,2,NA,NA,NA,NA,NA,NA,NA,NA
2011,4,10,8,6,2011-10-08,"OO",20304,"OO","N964SW",6340,13930,1393002,30977,"ORD","Chicago, IL","IL",17,"Illinois",41,10431,1043102,30431,"AVL","Asheville, NC","NC",37,"North Carolina",36,1310,1325,15,15,1,1,"1300-1359",16,1341,1554,4,1547,1558,11,11,0,0,"1500-1559",0,"",0,97,93,73,1,536,3,NA,NA,NA,NA,NA,NA,NA,NA
2011,4,10,4,2,2011-10-04,"MQ",20398,"MQ","N922MQ",4175,13930,1393002,30977,"ORD","Chicago, IL","IL",17,"Illinois",41,11423,1142303,31423,"DSM","Des Moines, IA","IA",19,"Iowa",61,2155,2151,-4,0,0,-1,"2100-2159",13,2204,2251,3,2300,2254,-6,0,0,-1,"2300-2359",0,"",0,65,63,47,1,299,2,NA,NA,NA,NA,NA,NA,NA,NA
2011,4,10,28,5,2011-10-28,"MQ",20398,"MQ","N812MQ",4285,13930,1393002,30977,"ORD","Chicago, IL","IL",17,"Illinois",41,11057,1105703,31057,"CLT","Charlotte, NC","NC",37,"North Carolina",36,645,642,-3,0,0,-1,"0600-0659",13,655,920,7,930,927,-3,0,0,-1,"0900-0959",0,"",0,105,105,85,1,599,3,NA,NA,NA,NA,NA,NA,NA,NA
2011,4,10,3,1,2011-10-03,"UA",19977,"UA","N838UA",805,13930,1393002,30977,"ORD","Chicago, IL","IL",17,"Illinois",41,13198,1319801,33198,"MCI","Kansas City, MO","MO",29,"Missouri",64,1246,1244,-2,0,0,-1,"1200-1259",10,1254,1351,5,1410,1356,-14,0,0,-1,"1400-1459",0,"",0,84,72,57,1,403,2,NA,NA,NA,NA,NA,NA,NA,NA
2011,4,10,7,5,2011-10-07,"UA",19977,"UA","N852UA",566,13930,1393002,30977,"ORD","Chicago, IL","IL",17,"Illinois",41,10397,1039704,30397,"ATL","Atlanta, GA","GA",13,"Georgia",34,1843,1839,-4,0,0,-1,"1800-1859",15,1854,2120,9,2140,2129,-11,0,0,-1,"2100-2159",0,"",0,117,110,86,1,606,3,NA,NA,NA,NA,NA,NA,NA,NA
2011,4,10,28,5,2011-10-28,"MQ",20398,"MQ","N667MQ",4088,13930,1393002,30977,"ORD","Chicago, IL","IL",17,"Illinois",41,11637,1163703,31637,"FAR","Fargo, ND","ND",38,"North Dakota",66,2015,2008,-7,0,0,-1,"2000-2059",13,2021,2145,4,2205,2149,-16,0,0,-2,"2200-2259",0,"",0,110,101,84,1,557,3,NA,NA,NA,NA,NA,NA,NA,NA
2011,4,10,19,3,2011-10-19,"MQ",20398,"MQ","N630MQ",4256,13930,1393002,30977,"ORD","Chicago, IL","IL",17,"Illinois",41,10980,1098002,30980,"CHA","Chattanooga, TN","TN",47,"Tennessee",54,1955,2034,39,39,1,2,"1900-1959",22,2056,2303,3,2230,2306,36,36,1,2,"2200-2259",0,"",0,95,92,67,1,501,3,8,0,0,0,28,NA,NA,NA
2011,4,10,23,7,2011-10-23,"YV",20378,"YV","N510MJ",3745,13930,1393002,30977,"ORD","Chicago, IL","IL",17,"Illinois",41,10397,1039704,30397,"ATL","Atlanta, GA","GA",13,"Georgia",34,1455,1512,17,17,1,1,"1400-1459",12,1524,1748,5,1744,1753,9,9,0,0,"1700-1759",0,"",0,109,101,84,1,606,3,NA,NA,NA,NA,NA,NA,NA,NA
2011,4,10,22,6,2011-10-22,"MQ",20398,"MQ","N602MQ",4029,13930,1393002,30977,"ORD","Chicago, IL","IL",17,"Illinois",41,12451,1245102,31136,"JAX","Jacksonville, FL","FL",12,"Florida",33,1935,1928,-7,0,0,-1,"1900-1959",24,1952,2244,7,2250,2251,1,1,0,0,"2200-2259",0,"",0,135,143,112,1,864,4,NA,NA,NA,NA,NA,NA,NA,NA
2011,4,10,14,5,2011-10-14,"MQ",20398,"MQ","N524MQ",3738,13930,1393002,30977,"ORD","Chicago, IL","IL",17,"Illinois",41,11618,1161802,31703,"EWR","Newark, NJ","NJ",34,"New Jersey",21,1425,1723,178,178,1,11,"1400-1459",19,1742,2017,38,1730,2055,205,205,1,12,"1700-1759",0,"",0,125,152,95,1,719,3,0,178,27,0,0,1420,117,117
2011,4,10,15,6,2011-10-15,"OO",20304,"OO","N471CA",5478,13930,1393002,30977,"ORD","Chicago, IL","IL",17,"Illinois",41,13342,1334204,33342,"MKE","Milwaukee, WI","WI",55,"Wisconsin",45,738,748,10,10,0,0,"0700-0759",17,805,829,5,818,834,16,16,1,1,"0800-0859",0,"",0,40,46,24,1,67,1,0,0,6,0,10,NA,NA,NA
2011,4,10,29,6,2011-10-29,"AA",19805,"AA","N4XJAA",336,13930,1393002,30977,"ORD","Chicago, IL","IL",17,"Illinois",41,12953,1295302,31703,"LGA","New York, NY","NY",36,"New York",22,2030,NA,NA,NA,NA,NA,"2000-2059",NA,NA,NA,NA,2330,NA,NA,NA,NA,NA,"2300-2359",1,"C",0,120,NA,NA,1,733,3,NA,NA,NA,NA,NA,NA,NA,NA
2011,4,10,13,4,2011-10-13,"MQ",20398,"MQ","N725MQ",3987,13930,1393002,30977,"ORD","Chicago, IL","IL",17,"Illinois",41,11775,1177502,31775,"FSD","Sioux Falls, SD","SD",46,"South Dakota",67,835,832,-3,0,0,-1,"0800-0859",22,854,1005,4,1010,1009,-1,0,0,-1,"1000-1059",0,"",0,95,97,71,1,462,2,NA,NA,NA,NA,NA,NA,NA,NA
2011,4,10,12,3,2011-10-12,"EV",20366,"EV","N832AS",5720,13930,1393002,30977,"ORD","Chicago, IL","IL",17,"Illinois",41,11995,1199502,31995,"GSO","Greensboro/High Point, NC","NC",37,"North Carolina",36,1311,1308,-3,0,0,-1,"1300-1359",26,1334,1602,3,1559,1605,6,6,0,0,"1500-1559",0,"",0,108,117,88,1,590,3,NA,NA,NA,NA,NA,NA,NA,NA
2011,4,10,13,4,2011-10-13,"MQ",20398,"MQ","N725MQ",3987,13930,1393002,30977,"ORD","Chicago, IL","IL",17,"Illinois",41,11775,1177502,31775,"FSD","Sioux Falls, SD","SD",46,"South Dakota",67,835,832,-3,0,0,-1,"0800-0859",22,854,1005,4,1010,1009,-1,0,0,-1,"1000-1059",0,"",0,95,97,71,1,462,2,NA,NA,NA,NA,NA,NA,NA,NA
2011,4,10,27,4,2011-10-27,"XE",20374,"XE","N16183",6044,13930,1393002,30977,"ORD","Chicago, IL","IL",17,"Illinois",41,10785,1078502,30785,"BTV","Burlington, VT","VT",50,"Vermont",16,1033,1028,-5,0,0,-1,"1000-1059",13,1041,1305,4,1332,1309,-23,0,0,-2,"1300-1359",0,"",0,119,101,84,1,763,4,NA,NA,NA,NA,NA,NA,NA,NA
2011,4,10,19,3,2011-10-19,"UA",19977,"UA","N520UA",502,13930,1393002,30977,"ORD","Chicago, IL","IL",17,"Illinois",41,12953,1295302,31703,"LGA","New York, NY","NY",36,"New York",22,1802,1927,85,85,1,5,"1800-1859",14,1941,2239,6,2107,2245,98,98,1,6,"2100-2159",0,"",0,125,138,118,1,733,3,0,0,98,0,0,NA,NA,NA
2011,4,10,28,5,2011-10-28,"MQ",20398,"MQ","N905MQ",3984,13930,1393002,30977,"ORD","Chicago, IL","IL",17,"Illinois",41,11267,1126702,31267,"DAY","Dayton, OH","OH",39,"Ohio",44,740,733,-7,0,0,-1,"0700-0759",15,748,930,3,940,933,-7,0,0,-1,"0900-0959",0,"",0,60,60,42,1,240,1,NA,NA,NA,NA,NA,NA,NA,NA
2011,4,10,11,2,2011-10-11,"MQ",20398,"MQ","N695MQ",4091,13930,1393002,30977,"ORD","Chicago, IL","IL",17,"Illinois",41,10693,1069302,30693,"BNA","Nashville, TN","TN",47,"Tennessee",54,830,833,3,3,0,0,"0800-0859",16,849,952,4,955,956,1,1,0,0,"0900-0959",0,"",0,85,83,63,1,409,2,NA,NA,NA,NA,NA,NA,NA,NA
2011,4,10,7,5,2011-10-07,"AA",19805,"AA","N456AA",350,13930,1393002,30977,"ORD","Chicago, IL","IL",17,"Illinois",41,12953,1295302,31703,"LGA","New York, NY","NY",36,"New York",22,1815,1813,-2,0,0,-1,"1800-1859",15,1828,2110,5,2129,2115,-14,0,0,-1,"2100-2159",0,"",0,134,122,102,1,733,3,NA,NA,NA,NA,NA,NA,NA,NA
2011,4,10,20,4,2011-10-20,"MQ",20398,"MQ","N650MQ",4038,13930,1393002,30977,"ORD","Chicago, IL","IL",17,"Illinois",41,13851,1385103,33851,"OKC","Oklahoma City, OK","OK",40,"Oklahoma",73,1445,1454,9,9,0,0,"1400-1459",13,1507,1645,6,1640,1651,11,11,0,0,"1600-1659",0,"",0,115,117,98,1,693,3,NA,NA,NA,NA,NA,NA,NA,NA
2011,4,10,26,3,2011-10-26,"DL",19790,"DL","N901DE",1877,13930,1393002,30977,"ORD","Chicago, IL","IL",17,"Illinois",41,10397,1039704,30397,"ATL","Atlanta, GA","GA",13,"Georgia",34,1645,1712,27,27,1,1,"1600-1659",22,1734,2001,11,1946,2012,26,26,1,1,"1900-1959",0,"",0,121,120,87,1,606,3,0,0,0,0,26,NA,NA,NA
2011,4,10,31,1,2011-10-31,"OO",20304,"OO","N967SW",5335,13930,1393002,30977,"ORD","Chicago, IL","IL",17,"Illinois",41,13342,1334204,33342,"MKE","Milwaukee, WI","WI",55,"Wisconsin",45,925,1029,64,64,1,4,"0900-0959",14,1043,1105,5,1005,1110,65,65,1,4,"1000-1059",0,"",0,40,41,22,1,67,1,64,0,1,0,0,NA,NA,NA
2011,4,10,17,1,2011-10-17,"OO",20304,"OO","N984CA",5603,13930,1393002,30977,"ORD","Chicago, IL","IL",17,"Illinois",41,11637,1163703,31637,"FAR","Fargo, ND","ND",38,"North Dakota",66,1623,1616,-7,0,0,-1,"1600-1659",10,1626,1753,4,1809,1757,-12,0,0,-1,"1800-1859",0,"",0,106,101,87,1,557,3,NA,NA,NA,NA,NA,NA,NA,NA
2011,4,10,4,2,2011-10-04,"MQ",20398,"MQ","N5PBMQ",3893,13930,1393002,30977,"ORD","Chicago, IL","IL",17,"Illinois",41,14100,1410002,34100,"PHL","Philadelphia, PA","PA",42,"Pennsylvania",23,600,603,3,3,0,0,"0600-0659",15,618,901,2,855,903,8,8,0,0,"0800-0859",0,"",0,115,120,103,1,678,3,NA,NA,NA,NA,NA,NA,NA,NA
2011,4,10,9,7,2011-10-09,"AA",19805,"AA","N3AGAA",1801,13930,1393002,30977,"ORD","Chicago, IL","IL",17,"Illinois",41,14747,1474703,30559,"SEA","Seattle, WA","WA",53,"Washington",93,1810,1814,4,4,0,0,"1800-1859",16,1830,2009,8,2035,2017,-18,0,0,-2,"2000-2059",0,"",0,265,243,219,1,1721,7,NA,NA,NA,NA,NA,NA,NA,NA
2011,4,10,8,6,2011-10-08,"UA",19977,"UA","N489UA",762,13930,1393002,30977,"ORD","Chicago, IL","IL",17,"Illinois",41,12953,1295302,31703,"LGA","New York, NY","NY",36,"New York",22,2005,2025,20,20,1,1,"2000-2059",18,2043,2324,4,2304,2328,24,24,1,1,"2300-2359",0,"",0,119,123,101,1,733,3,20,0,4,0,0,NA,NA,NA
2011,4,10,26,3,2011-10-26,"UA",19977,"UA","N808UA",627,13930,1393002,30977,"ORD","Chicago, IL","IL",17,"Illinois",41,10713,1071302,30713,"BOI","Boise, ID","ID",16,"Idaho",83,2022,2121,59,59,1,3,"2000-2059",10,2131,2354,5,2254,2359,65,65,1,4,"2200-2259",0,"",0,212,218,203,1,1437,6,37,0,6,0,22,NA,NA,NA
2011,4,10,26,3,2011-10-26,"UA",19977,"UA","N485UA",473,13930,1393002,30977,"ORD","Chicago, IL","IL",17,"Illinois",41,14908,1490803,32575,"SNA","Santa Ana, CA","CA",6,"California",91,2019,2021,2,2,0,0,"2000-2059",18,2039,2235,4,2233,2239,6,6,0,0,"2200-2259",0,"",0,254,258,236,1,1726,7,NA,NA,NA,NA,NA,NA,NA,NA
2011,4,10,23,7,2011-10-23,"XE",20374,"XE","N13979",5958,13930,1393002,30977,"ORD","Chicago, IL","IL",17,"Illinois",41,13198,1319801,33198,"MCI","Kansas City, MO","MO",29,"Missouri",64,2147,2142,-5,0,0,-1,"2100-2159",14,2156,2258,6,2314,2304,-10,0,0,-1,"2300-2359",0,"",0,87,82,62,1,403,2,NA,NA,NA,NA,NA,NA,NA,NA
2011,4,10,30,7,2011-10-30,"OO",20304,"OO","N751SK",6509,13930,1393002,30977,"ORD","Chicago, IL","IL",17,"Illinois",41,14869,1486903,34614,"SLC","Salt Lake City, UT","UT",49,"Utah",87,2024,2025,1,1,0,0,"2000-2059",16,2041,2232,5,2240,2237,-3,0,0,-1,"2200-2259",0,"",0,196,192,171,1,1250,6,NA,NA,NA,NA,NA,NA,NA,NA
2011,4,10,8,6,2011-10-08,"XE",20374,"XE","N13995",5903,13930,1393002,30977,"ORD","Chicago, IL","IL",17,"Illinois",41,12992,1299203,32600,"LIT","Little Rock, AR","AR",5,"Arkansas",71,1829,1828,-1,0,0,-1,"1800-1859",15,1843,1959,6,2013,2005,-8,0,0,-1,"2000-2059",0,"",0,104,97,76,1,552,3,NA,NA,NA,NA,NA,NA,NA,NA
2011,4,10,30,7,2011-10-30,"UA",19977,"UA","N521UA",695,13930,1393002,30977,"ORD","Chicago, IL","IL",17,"Illinois",41,11278,1127802,30852,"DCA","Washington, DC","VA",51,"Virginia",38,1410,1443,33,33,1,2,"1400-1459",12,1455,1718,4,1649,1722,33,33,1,2,"1600-1659",0,"",0,99,99,83,1,612,3,0,0,0,0,33,NA,NA,NA
2011,4,10,24,1,2011-10-24,"MQ",20398,"MQ","N928MQ",3967,13930,1393002,30977,"ORD","Chicago, IL","IL",17,"Illinois",41,13871,1387102,33316,"OMA","Omaha, NE","NE",31,"Nebraska",65,1000,953,-7,0,0,-1,"1000-1059",16,1009,1115,2,1125,1117,-8,0,0,-1,"1100-1159",0,"",0,85,84,66,1,416,2,NA,NA,NA,NA,NA,NA,NA,NA
2011,4,10,7,5,2011-10-07,"MQ",20398,"MQ","N935MQ",4246,13930,1393002,30977,"ORD","Chicago, IL","IL",17,"Illinois",41,12323,1232302,32323,"ILM","Wilmington, NC","NC",37,"North Carolina",36,2025,2021,-4,0,0,-1,"2000-2059",25,2046,2333,3,2330,2336,6,6,0,0,"2300-2359",0,"",0,125,135,107,1,761,4,NA,NA,NA,NA,NA,NA,NA,NA
2011,4,10,11,2,2011-10-11,"AA",19805,"AA","N3EJAA",607,13930,1393002,30977,"ORD","Chicago, IL","IL",17,"Illinois",41,12892,1289203,32575,"LAX","Los Angeles, CA","CA",6,"California",91,2040,2040,0,0,0,0,"2000-2059",10,2050,2236,10,2300,2246,-14,0,0,-1,"2300-2359",0,"",0,260,246,226,1,1745,7,NA,NA,NA,NA,NA,NA,NA,NA
2011,4,10,8,6,2011-10-08,"DL",19790,"DL","N361NW",1493,13930,1393002,30977,"ORD","Chicago, IL","IL",17,"Illinois",41,11433,1143302,31295,"DTW","Detroit, MI","MI",26,"Michigan",43,1624,1618,-6,0,0,-1,"1600-1659",16,1634,1824,7,1850,1831,-19,0,0,-2,"1800-1859",0,"",0,86,73,50,1,235,1,NA,NA,NA,NA,NA,NA,NA,NA
2011,4,10,8,6,2011-10-08,"UA",19977,"UA","N849UA",329,13930,1393002,30977,"ORD","Chicago, IL","IL",17,"Illinois",41,10713,1071302,30713,"BOI","Boise, ID","ID",16,"Idaho",83,1808,1808,0,0,0,0,"1800-1859",17,1825,2025,3,2040,2028,-12,0,0,-1,"2000-2059",0,"",0,212,200,180,1,1437,6,NA,NA,NA,NA,NA,NA,NA,NA
2011,4,10,28,5,2011-10-28,"AA",19805,"AA","N3BGAA",2013,13930,1393002,30977,"ORD","Chicago, IL","IL",17,"Illinois",41,12889,1288903,32211,"LAS","Las Vegas, NV","NV",32,"Nevada",85,1850,1859,9,9,0,0,"1800-1859",20,1919,2047,5,2035,2052,17,17,1,1,"2000-2059",0,"",0,225,233,208,1,1514,7,9,0,8,0,0,NA,NA,NA
2011,4,10,11,2,2011-10-11,"YV",20378,"YV","N510MJ",3785,13930,1393002,30977,"ORD","Chicago, IL","IL",17,"Illinois",41,15096,1509602,35096,"SYR","Syracuse, NY","NY",36,"New York",22,1637,1636,-1,0,0,-1,"1600-1659",19,1655,1910,4,1914,1914,0,0,0,0,"1900-1959",0,"",0,97,98,75,1,607,3,NA,NA,NA,NA,NA,NA,NA,NA
2011,4,10,3,1,2011-10-03,"YV",20378,"YV","N509MJ",3729,13930,1393002,30977,"ORD","Chicago, IL","IL",17,"Illinois",41,11540,1154002,30615,"ELP","El Paso, TX","TX",48,"Texas",74,1008,1036,28,28,1,1,"1000-1059",11,1047,1221,4,1217,1225,8,8,0,0,"1200-1259",0,"",0,189,169,154,1,1236,5,NA,NA,NA,NA,NA,NA,NA,NA
2011,4,10,20,4,2011-10-20,"MQ",20398,"MQ","N838MQ",4228,13930,1393002,30977,"ORD","Chicago, IL","IL",17,"Illinois",41,14783,1478302,34783,"SGF","Springfield, MO","MO",29,"Missouri",64,900,858,-2,0,0,-1,"0900-0959",25,923,1035,6,1030,1041,11,11,0,0,"1000-1059",0,"",0,90,103,72,1,438,2,NA,NA,NA,NA,NA,NA,NA,NA
2011,4,10,3,1,2011-10-03,"OO",20304,"OO","N751SK",5437,13930,1393002,30977,"ORD","Chicago, IL","IL",17,"Illinois",41,10693,1069302,30693,"BNA","Nashville, TN","TN",47,"Tennessee",54,1412,1414,2,2,0,0,"1400-1459",11,1425,1524,4,1533,1528,-5,0,0,-1,"1500-1559",0,"",0,81,74,59,1,409,2,NA,NA,NA,NA,NA,NA,NA,NA
2011,4,10,10,1,2011-10-10,"CO",19704,"CO","N76516",1599,13930,1393002,30977,"ORD","Chicago, IL","IL",17,"Illinois",41,11697,1169703,32467,"FLL","Fort Lauderdale, FL","FL",12,"Florida",33,850,1026,96,96,1,6,"0800-0859",22,1048,1428,7,1250,1435,105,105,1,7,"1200-1259",0,"",0,180,189,160,1,1182,5,12,0,9,0,84,NA,NA,NA
2011,4,10,14,5,2011-10-14,"OO",20304,"OO","N959SW",5545,13930,1393002,30977,"ORD","Chicago, IL","IL",17,"Illinois",41,15096,1509602,35096,"SYR","Syracuse, NY","NY",36,"New York",22,2112,2107,-5,0,0,-1,"2100-2159",18,2125,2344,5,2353,2349,-4,0,0,-1,"2300-2359",0,"",0,101,102,79,1,607,3,NA,NA,NA,NA,NA,NA,NA,NA
2011,4,10,6,4,2011-10-06,"XE",20374,"XE","N26549",6110,13930,1393002,30977,"ORD","Chicago, IL","IL",17,"Illinois",41,15919,1591902,31834,"XNA","Fayetteville, AR","AR",5,"Arkansas",71,809,808,-1,0,0,-1,"0800-0859",21,829,945,3,950,948,-2,0,0,-1,"0900-0959",0,"",0,101,100,76,1,522,3,NA,NA,NA,NA,NA,NA,NA,NA
2011,4,10,17,1,2011-10-17,"UA",19977,"UA","N821UA",686,13930,1393002,30977,"ORD","Chicago, IL","IL",17,"Illinois",41,12953,1295302,31703,"LGA","New York, NY","NY",36,"New York",22,1500,1456,-4,0,0,-1,"1500-1559",10,1506,1745,4,1806,1749,-17,0,0,-2,"1800-1859",0,"",0,126,113,99,1,733,3,NA,NA,NA,NA,NA,NA,NA,NA
2011,4,10,20,4,2011-10-20,"MQ",20398,"MQ","N610MQ",3922,13930,1393002,30977,"ORD","Chicago, IL","IL",17,"Illinois",41,11423,1142303,31423,"DSM","Des Moines, IA","IA",19,"Iowa",61,1630,1626,-4,0,0,-1,"1600-1659",15,1641,1727,5,1740,1732,-8,0,0,-1,"1700-1759",0,"",0,70,66,46,1,299,2,NA,NA,NA,NA,NA,NA,NA,NA
2011,4,10,21,5,2011-10-21,"AA",19805,"AA","N3ATAA",1605,13930,1393002,30977,"ORD","Chicago, IL","IL",17,"Illinois",41,14679,1467903,33570,"SAN","San Diego, CA","CA",6,"California",91,1640,1640,0,0,0,0,"1600-1659",15,1655,1841,3,1840,1844,4,4,0,0,"1800-1859",0,"",0,240,244,226,1,1723,7,NA,NA,NA,NA,NA,NA,NA,NA
2011,4,10,25,2,2011-10-25,"XE",20374,"XE","N16911",5957,13930,1393002,30977,"ORD","Chicago, IL","IL",17,"Illinois",41,11995,1199502,31995,"GSO","Greensboro/High Point, NC","NC",37,"North Carolina",36,1311,1309,-2,0,0,-1,"1300-1359",16,1325,1547,3,1559,1550,-9,0,0,-1,"1500-1559",0,"",0,108,101,82,1,590,3,NA,NA,NA,NA,NA,NA,NA,NA
2011,4,10,14,5,2011-10-14,"XE",20374,"XE","N16170",6019,13930,1393002,30977,"ORD","Chicago, IL","IL",17,"Illinois",41,10785,1078502,30785,"BTV","Burlington, VT","VT",50,"Vermont",16,834,827,-7,0,0,-1,"0800-0859",15,842,1121,3,1133,1124,-9,0,0,-1,"1100-1159",0,"",0,119,117,99,1,763,4,NA,NA,NA,NA,NA,NA,NA,NA
2011,4,10,6,4,2011-10-06,"MQ",20398,"MQ","N637MQ",4053,13930,1393002,30977,"ORD","Chicago, IL","IL",17,"Illinois",41,11423,1142303,31423,"DSM","Des Moines, IA","IA",19,"Iowa",61,1425,1425,0,0,0,0,"1400-1459",19,1444,1532,3,1530,1535,5,5,0,0,"1500-1559",0,"",0,65,70,48,1,299,2,NA,NA,NA,NA,NA,NA,NA,NA
2011,4,10,10,1,2011-10-10,"MQ",20398,"MQ","N918MQ",4111,13930,1393002,30977,"ORD","Chicago, IL","IL",17,"Illinois",41,11057,1105703,31057,"CLT","Charlotte, NC","NC",37,"North Carolina",36,2100,2102,2,2,0,0,"2100-2159",15,2117,2348,15,2345,3,18,18,1,1,"2300-2359",0,"",0,105,121,91,1,599,3,0,0,18,0,0,NA,NA,NA
2011,4,10,7,5,2011-10-07,"CO",19704,"CO","N39297",1247,13930,1393002,30977,"ORD","Chicago, IL","IL",17,"Illinois",41,11618,1161802,31703,"EWR","Newark, NJ","NJ",34,"New Jersey",21,700,655,-5,0,0,-1,"0700-0759",15,710,947,13,1000,1000,0,0,0,0,"1000-1059",0,"",0,120,125,97,1,719,3,NA,NA,NA,NA,NA,NA,NA,NA
2011,4,10,18,2,2011-10-18,"UA",19977,"UA","N850UA",884,13930,1393002,30977,"ORD","Chicago, IL","IL",17,"Illinois",41,11618,1161802,31703,"EWR","Newark, NJ","NJ",34,"New Jersey",21,1900,1859,-1,0,0,-1,"1900-1959",16,1915,2145,4,2205,2149,-16,0,0,-2,"2200-2259",0,"",0,125,110,90,1,719,3,NA,NA,NA,NA,NA,NA,NA,NA
2011,4,10,30,7,2011-10-30,"YV",20378,"YV","N521LR",3788,13930,1393002,30977,"ORD","Chicago, IL","IL",17,"Illinois",41,10785,1078502,30785,"BTV","Burlington, VT","VT",50,"Vermont",16,1935,1926,-9,0,0,-1,"1900-1959",26,1952,2227,4,2229,2231,2,2,0,0,"2200-2259",0,"",0,114,125,95,1,763,4,NA,NA,NA,NA,NA,NA,NA,NA
2011,4,10,9,7,2011-10-09,"AA",19805,"AA","N542AA",309,13930,1393002,30977,"ORD","Chicago, IL","IL",17,"Illinois",41,14107,1410702,30466,"PHX","Phoenix, AZ","AZ",4,"Arizona",81,1055,1051,-4,0,0,-1,"1000-1059",13,1104,1213,5,1230,1218,-12,0,0,-1,"1200-1259",0,"",0,215,207,189,1,1440,6,NA,NA,NA,NA,NA,NA,NA,NA
2011,4,10,6,4,2011-10-06,"AA",19805,"AA","N3BFAA",557,13930,1393002,30977,"ORD","Chicago, IL","IL",17,"Illinois",41,12892,1289203,32575,"LAX","Los Angeles, CA","CA",6,"California",91,1640,1639,-1,0,0,-1,"1600-1659",15,1654,1901,10,1900,1911,11,11,0,0,"1900-1959",0,"",0,260,272,247,1,1745,7,NA,NA,NA,NA,NA,NA,NA,NA
2011,4,10,20,4,2011-10-20,"EV",20366,"EV","N827AS",5720,13930,1393002,30977,"ORD","Chicago, IL","IL",17,"Illinois",41,11995,1199502,31995,"GSO","Greensboro/High Point, NC","NC",37,"North Carolina",36,1311,1456,105,105,1,7,"1300-1359",17,1513,1735,2,1559,1737,98,98,1,6,"1500-1559",0,"",0,108,101,82,1,590,3,0,0,0,0,98,NA,NA,NA
2011,4,10,3,1,2011-10-03,"AA",19805,"AA","N4XXAA",2349,13930,1393002,30977,"ORD","Chicago, IL","IL",17,"Illinois",41,11298,1129803,30194,"DFW","Dallas/Fort Worth, TX","TX",48,"Texas",74,1910,1911,1,1,0,0,"1900-1959",10,1921,2107,8,2135,2115,-20,0,0,-2,"2100-2159",0,"",0,145,124,106,1,802,4,NA,NA,NA,NA,NA,NA,NA,NA
2011,4,10,2,7,2011-10-02,"XE",20374,"XE","N11192",6146,13930,1393002,30977,"ORD","Chicago, IL","IL",17,"Illinois",41,12217,1221702,30255,"HSV","Huntsville, AL","AL",1,"Alabama",51,1353,1409,16,16,1,1,"1300-1359",20,1429,1531,4,1531,1535,4,4,0,0,"1500-1559",0,"",0,98,86,62,1,510,3,NA,NA,NA,NA,NA,NA,NA,NA
2011,4,10,26,3,2011-10-26,"MQ",20398,"MQ","N534MQ",3712,13930,1393002,30977,"ORD","Chicago, IL","IL",17,"Illinois",41,15919,1591902,31834,"XNA","Fayetteville, AR","AR",5,"Arkansas",71,1850,NA,NA,NA,NA,NA,"1800-1859",NA,NA,NA,NA,2030,NA,NA,NA,NA,NA,"2000-2059",1,"A",0,100,NA,NA,1,522,3,NA,NA,NA,NA,NA,NA,NA,NA
2011,4,10,25,2,2011-10-25,"MQ",20398,"MQ","N530MQ",3617,13930,1393002,30977,"ORD","Chicago, IL","IL",17,"Illinois",41,10529,1052903,30529,"BDL","Hartford, CT","CT",9,"Connecticut",11,1015,1012,-3,0,0,-1,"1000-1059",22,1034,1312,3,1315,1315,0,0,0,0,"1300-1359",0,"",0,120,123,98,1,783,4,NA,NA,NA,NA,NA,NA,NA,NA
2011,4,10,19,3,2011-10-19,"OO",20304,"OO","N765SK",5172,13930,1393002,30977,"ORD","Chicago, IL","IL",17,"Illinois",41,12266,1226603,31453,"IAH","Houston, TX","TX",48,"Texas",74,1400,1350,-10,0,0,-1,"1400-1459",16,1406,1610,5,1648,1615,-33,0,0,-2,"1600-1659",0,"",0,168,145,124,1,925,4,NA,NA,NA,NA,NA,NA,NA,NA
2011,4,10,22,6,2011-10-22,"DL",19790,"DL","N973DL",1877,13930,1393002,30977,"ORD","Chicago, IL","IL",17,"Illinois",41,10397,1039704,30397,"ATL","Atlanta, GA","GA",13,"Georgia",34,1645,1641,-4,0,0,-1,"1600-1659",26,1707,1930,12,1946,1942,-4,0,0,-1,"1900-1959",0,"",0,121,121,83,1,606,3,NA,NA,NA,NA,NA,NA,NA,NA
2011,4,10,30,7,2011-10-30,"MQ",20398,"MQ","N637MQ",4084,13930,1393002,30977,"ORD","Chicago, IL","IL",17,"Illinois",41,11637,1163703,31637,"FAR","Fargo, ND","ND",38,"North Dakota",66,1540,1539,-1,0,0,-1,"1500-1559",16,1555,1720,3,1730,1723,-7,0,0,-1,"1700-1759",0,"",0,110,104,85,1,557,3,NA,NA,NA,NA,NA,NA,NA,NA
2011,4,10,7,5,2011-10-07,"OO",20304,"OO","N920SW",5373,13930,1393002,30977,"ORD","Chicago, IL","IL",17,"Illinois",41,11823,1182304,31823,"FWA","Fort Wayne, IN","IN",18,"Indiana",42,1349,1349,0,0,0,0,"1300-1359",13,1402,1530,3,1543,1533,-10,0,0,-1,"1500-1559",0,"",0,54,44,28,1,157,1,NA,NA,NA,NA,NA,NA,NA,NA
2011,4,10,29,6,2011-10-29,"OO",20304,"OO","N608SK",4616,13930,1393002,30977,"ORD","Chicago, IL","IL",17,"Illinois",41,14869,1486903,34614,"SLC","Salt Lake City, UT","UT",49,"Utah",87,1610,1709,59,59,1,3,"1600-1659",7,1716,1914,4,1832,1918,46,46,1,3,"1800-1859",0,"",0,202,189,178,1,1250,6,0,0,0,0,46,NA,NA,NA
2011,4,10,12,3,2011-10-12,"MQ",20398,"MQ","N935MQ",3985,13930,1393002,30977,"ORD","Chicago, IL","IL",17,"Illinois",41,14633,1463303,32547,"RST","Rochester, MN","MN",27,"Minnesota",63,835,834,-1,0,0,-1,"0800-0859",18,852,942,3,940,945,5,5,0,0,"0900-0959",0,"",0,65,71,50,1,268,2,NA,NA,NA,NA,NA,NA,NA,NA
2011,4,10,12,3,2011-10-12,"UA",19977,"UA","N408UA",996,13930,1393002,30977,"ORD","Chicago, IL","IL",17,"Illinois",41,10821,1082103,30852,"BWI","Baltimore, MD","MD",24,"Maryland",35,1845,1842,-3,0,0,-1,"1800-1859",15,1857,2144,2,2131,2146,15,15,1,1,"2100-2159",0,"",0,106,124,107,1,622,3,0,0,15,0,0,NA,NA,NA
2011,4,10,3,1,2011-10-03,"XE",20374,"XE","N16918",5880,13930,1393002,30977,"ORD","Chicago, IL","IL",17,"Illinois",41,11066,1106602,31066,"CMH","Columbus, OH","OH",39,"Ohio",44,752,817,25,25,1,1,"0700-0759",14,831,1024,5,1003,1029,26,26,1,1,"1000-1059",0,"",0,71,72,53,1,296,2,25,0,1,0,0,NA,NA,NA
2011,4,10,11,2,2011-10-11,"MQ",20398,"MQ","N695MQ",4091,13930,1393002,30977,"ORD","Chicago, IL","IL",17,"Illinois",41,10693,1069302,30693,"BNA","Nashville, TN","TN",47,"Tennessee",54,830,833,3,3,0,0,"0800-0859",16,849,952,4,955,956,1,1,0,0,"0900-0959",0,"",0,85,83,63,1,409,2,NA,NA,NA,NA,NA,NA,NA,NA
2011,4,10,30,7,2011-10-30,"XE",20374,"XE","N14198",5978,13930,1393002,30977,"ORD","Chicago, IL","IL",17,"Illinois",41,12339,1233904,32337,"IND","Indianapolis, IN","IN",18,"Indiana",42,942,949,7,7,0,0,"0900-0959",10,959,1132,6,1135,1138,3,3,0,0,"1100-1159",0,"",0,53,49,33,1,178,1,NA,NA,NA,NA,NA,NA,NA,NA
2011,4,10,8,6,2011-10-08,"XE",20374,"XE","N13995",5903,13930,1393002,30977,"ORD","Chicago, IL","IL",17,"Illinois",41,12992,1299203,32600,"LIT","Little Rock, AR","AR",5,"Arkansas",71,1829,1828,-1,0,0,-1,"1800-1859",15,1843,1959,6,2013,2005,-8,0,0,-1,"2000-2059",0,"",0,104,97,76,1,552,3,NA,NA,NA,NA,NA,NA,NA,NA
2011,4,10,28,5,2011-10-28,"AA",19805,"AA","N3AFAA",789,13930,1393002,30977,"ORD","Chicago, IL","IL",17,"Illinois",41,11292,1129202,30325,"DEN","Denver, CO","CO",8,"Colorado",82,1255,1253,-2,0,0,-1,"1200-1259",10,1303,1412,6,1420,1418,-2,0,0,-1,"1400-1459",0,"",0,145,145,129,1,888,4,NA,NA,NA,NA,NA,NA,NA,NA
2011,4,10,28,5,2011-10-28,"UA",19977,"UA","N214UA",201,13930,1393002,30977,"ORD","Chicago, IL","IL",17,"Illinois",41,12173,1217301,32134,"HNL","Honolulu, HI","HI",15,"Hawaii",2,939,942,3,3,0,0,"0900-0959",23,1005,1335,4,1325,1339,14,14,0,0,"1300-1359",0,"",0,526,537,510,1,4243,11,NA,NA,NA,NA,NA,NA,NA,NA
2011,4,10,17,1,2011-10-17,"OO",20304,"OO","N984CA",5603,13930,1393002,30977,"ORD","Chicago, IL","IL",17,"Illinois",41,11637,1163703,31637,"FAR","Fargo, ND","ND",38,"North Dakota",66,1623,1616,-7,0,0,-1,"1600-1659",10,1626,1753,4,1809,1757,-12,0,0,-1,"1800-1859",0,"",0,106,101,87,1,557,3,NA,NA,NA,NA,NA,NA,NA,NA
2011,4,10,7,5,2011-10-07,"UA",19977,"UA","N451UA",342,13930,1393002,30977,"ORD","Chicago, IL","IL",17,"Illinois",41,10721,1072102,30721,"BOS","Boston, MA","MA",25,"Massachusetts",13,943,940,-3,0,0,-1,"0900-0959",20,1000,1258,6,1256,1304,8,8,0,0,"1200-1259",0,"",0,133,144,118,1,867,4,NA,NA,NA,NA,NA,NA,NA,NA
2011,4,10,15,6,2011-10-15,"OO",20304,"OO","N786SK",5474,13930,1393002,30977,"ORD","Chicago, IL","IL",17,"Illinois",41,11109,1110902,30189,"COS","Colorado Springs, CO","CO",8,"Colorado",82,1159,1154,-5,0,0,-1,"1100-1159",15,1209,1321,8,1329,1329,0,0,0,0,"1300-1359",0,"",0,150,155,132,1,911,4,NA,NA,NA,NA,NA,NA,NA,NA
2011,4,10,24,1,2011-10-24,"AA",19805,"AA","N479AA",366,13930,1393002,30977,"ORD","Chicago, IL","IL",17,"Illinois",41,12953,1295302,31703,"LGA","New York, NY","NY",36,"New York",22,1355,1355,0,0,0,0,"1300-1359",11,1406,1642,4,1705,1646,-19,0,0,-2,"1700-1759",0,"",0,130,111,96,1,733,3,NA,NA,NA,NA,NA,NA,NA,NA
2011,4,10,20,4,2011-10-20,"XE",20374,"XE","N13965",6096,13930,1393002,30977,"ORD","Chicago, IL","IL",17,"Illinois",41,10408,1040802,30408,"ATW","Appleton, WI","WI",55,"Wisconsin",45,1725,1717,-8,0,0,-1,"1700-1759",15,1732,1803,3,1813,1806,-7,0,0,-1,"1800-1859",0,"",0,48,49,31,1,160,1,NA,NA,NA,NA,NA,NA,NA,NA
2011,4,10,30,7,2011-10-30,"UA",19977,"UA","N521UA",695,13930,1393002,30977,"ORD","Chicago, IL","IL",17,"Illinois",41,11278,1127802,30852,"DCA","Washington, DC","VA",51,"Virginia",38,1410,1443,33,33,1,2,"1400-1459",12,1455,1718,4,1649,1722,33,33,1,2,"1600-1659",0,"",0,99,99,83,1,612,3,0,0,0,0,33,NA,NA,NA
2011,4,10,21,5,2011-10-21,"DL",19790,"DL","N917DL",1777,13930,1393002,30977,"ORD","Chicago, IL","IL",17,"Illinois",41,10397,1039704,30397,"ATL","Atlanta, GA","GA",13,"Georgia",34,1930,1925,-5,0,0,-1,"1900-1959",13,1938,2200,11,2232,2211,-21,0,0,-2,"2200-2259",0,"",0,122,106,82,1,606,3,NA,NA,NA,NA,NA,NA,NA,NA
2011,4,10,25,2,2011-10-25,"OO",20304,"OO","N960SW",5451,13930,1393002,30977,"ORD","Chicago, IL","IL",17,"Illinois",41,13367,1336702,33367,"MLI","Moline, IL","IL",17,"Illinois",41,1623,1610,-13,0,0,-1,"1600-1659",14,1624,1652,3,1714,1655,-19,0,0,-2,"1700-1759",0,"",0,51,45,28,1,140,1,NA,NA,NA,NA,NA,NA,NA,NA
2011,4,10,27,4,2011-10-27,"UA",19977,"UA","N840UA",656,13930,1393002,30977,"ORD","Chicago, IL","IL",17,"Illinois",41,10257,1025702,30257,"ALB","Albany, NY","NY",36,"New York",22,1350,1348,-2,0,0,-1,"1300-1359",14,1402,1625,3,1640,1628,-12,0,0,-1,"1600-1659",0,"",0,110,100,83,1,723,3,NA,NA,NA,NA,NA,NA,NA,NA
2011,4,10,9,7,2011-10-09,"MQ",20398,"MQ","N531MQ",3741,13930,1393002,30977,"ORD","Chicago, IL","IL",17,"Illinois",41,11618,1161802,31703,"EWR","Newark, NJ","NJ",34,"New Jersey",21,2235,2227,-8,0,0,-1,"2200-2259",19,2246,121,6,130,127,-3,0,0,-1,"0001-0559",0,"",0,115,120,95,1,719,3,NA,NA,NA,NA,NA,NA,NA,NA
2011,4,10,9,7,2011-10-09,"MQ",20398,"MQ","N630MQ",3938,13930,1393002,30977,"ORD","Chicago, IL","IL",17,"Illinois",41,12992,1299203,32600,"LIT","Little Rock, AR","AR",5,"Arkansas",71,1630,1622,-8,0,0,-1,"1600-1659",19,1641,1803,4,1815,1807,-8,0,0,-1,"1800-1859",0,"",0,105,105,82,1,552,3,NA,NA,NA,NA,NA,NA,NA,NA
2011,4,10,1,6,2011-10-01,"MQ",20398,"MQ","N539MQ",3702,13930,1393002,30977,"ORD","Chicago, IL","IL",17,"Illinois",41,11292,1129202,30325,"DEN","Denver, CO","CO",8,"Colorado",82,1200,1154,-6,0,0,-1,"1200-1259",19,1213,1306,8,1325,1314,-11,0,0,-1,"1300-1359",0,"",0,145,140,113,1,888,4,NA,NA,NA,NA,NA,NA,NA,NA
2011,4,10,9,7,2011-10-09,"MQ",20398,"MQ","N531MQ",3617,13930,1393002,30977,"ORD","Chicago, IL","IL",17,"Illinois",41,10529,1052903,30529,"BDL","Hartford, CT","CT",9,"Connecticut",11,1015,1020,5,5,0,0,"1000-1059",20,1040,1322,3,1315,1325,10,10,0,0,"1300-1359",0,"",0,120,125,102,1,783,4,NA,NA,NA,NA,NA,NA,NA,NA
2011,4,10,20,4,2011-10-20,"AA",19805,"AA","N4XMAA",2296,13930,1393002,30977,"ORD","Chicago, IL","IL",17,"Illinois",41,14100,1410002,34100,"PHL","Philadelphia, PA","PA",42,"Pennsylvania",23,1245,1421,96,96,1,6,"1200-1259",20,1441,1717,4,1535,1721,106,106,1,7,"1500-1559",0,"",0,110,120,96,1,678,3,0,0,106,0,0,NA,NA,NA
2011,4,10,27,4,2011-10-27,"XE",20374,"XE","N12567",5900,13930,1393002,30977,"ORD","Chicago, IL","IL",17,"Illinois",41,10408,1040802,30408,"ATW","Appleton, WI","WI",55,"Wisconsin",45,1155,1200,5,5,0,0,"1100-1159",20,1220,1250,2,1245,1252,7,7,0,0,"1200-1259",0,"",0,50,52,30,1,160,1,NA,NA,NA,NA,NA,NA,NA,NA
2011,4,10,2,7,2011-10-02,"MQ",20398,"MQ","N695MQ",3967,13930,1393002,30977,"ORD","Chicago, IL","IL",17,"Illinois",41,13871,1387102,33316,"OMA","Omaha, NE","NE",31,"Nebraska",65,1000,951,-9,0,0,-1,"1000-1059",16,1007,1108,2,1125,1110,-15,0,0,-1,"1100-1159",0,"",0,85,79,61,1,416,2,NA,NA,NA,NA,NA,NA,NA,NA
2011,4,10,5,3,2011-10-05,"XE",20374,"XE","N26545",6180,13930,1393002,30977,"ORD","Chicago, IL","IL",17,"Illinois",41,11775,1177502,31775,"FSD","Sioux Falls, SD","SD",46,"South Dakota",67,816,810,-6,0,0,-1,"0800-0859",17,827,931,3,944,934,-10,0,0,-1,"0900-0959",0,"",0,88,84,64,1,462,2,NA,NA,NA,NA,NA,NA,NA,NA
2011,4,10,24,1,2011-10-24,"OO",20304,"OO","N948SW",6274,13930,1393002,30977,"ORD","Chicago, IL","IL",17,"Illinois",41,12197,1219702,31703,"HPN","White Plains, NY","NY",36,"New York",22,1600,1554,-6,0,0,-1,"1600-1659",18,1612,1847,5,1903,1852,-11,0,0,-1,"1900-1959",0,"",0,123,118,95,1,738,3,NA,NA,NA,NA,NA,NA,NA,NA
2011,4,10,4,2,2011-10-04,"MQ",20398,"MQ","N509MQ",3850,13930,1393002,30977,"ORD","Chicago, IL","IL",17,"Illinois",41,15919,1591902,31834,"XNA","Fayetteville, AR","AR",5,"Arkansas",71,2000,2012,12,12,0,0,"2000-2059",14,2026,2134,3,2135,2137,2,2,0,0,"2100-2159",0,"",0,95,85,68,1,522,3,NA,NA,NA,NA,NA,NA,NA,NA
2011,4,10,13,4,2011-10-13,"AA",19805,"AA","N3BGAA",1718,13930,1393002,30977,"ORD","Chicago, IL","IL",17,"Illinois",41,10721,1072102,30721,"BOS","Boston, MA","MA",25,"Massachusetts",13,815,814,-1,0,0,-1,"0800-0859",13,827,1118,4,1125,1122,-3,0,0,-1,"1100-1159",0,"",0,130,128,111,1,867,4,NA,NA,NA,NA,NA,NA,NA,NA
2011,4,10,15,6,2011-10-15,"XE",20374,"XE","N31131",6144,13930,1393002,30977,"ORD","Chicago, IL","IL",17,"Illinois",41,10135,1013502,30135,"ABE","Allentown/Bethlehem/Easton, PA","PA",42,"Pennsylvania",23,1310,1309,-1,0,0,-1,"1300-1359",14,1323,1542,5,1553,1547,-6,0,0,-1,"1500-1559",0,"",0,103,98,79,1,654,3,NA,NA,NA,NA,NA,NA,NA,NA
2011,4,10,17,1,2011-10-17,"OO",20304,"OO","N984CA",5603,13930,1393002,30977,"ORD","Chicago, IL","IL",17,"Illinois",41,11637,1163703,31637,"FAR","Fargo, ND","ND",38,"North Dakota",66,1623,1616,-7,0,0,-1,"1600-1659",10,1626,1753,4,1809,1757,-12,0,0,-1,"1800-1859",0,"",0,106,101,87,1,557,3,NA,NA,NA,NA,NA,NA,NA,NA
2011,4,10,9,7,2011-10-09,"MQ",20398,"MQ","N900MQ",4175,13930,1393002,30977,"ORD","Chicago, IL","IL",17,"Illinois",41,11423,1142303,31423,"DSM","Des Moines, IA","IA",19,"Iowa",61,2155,2159,4,4,0,0,"2100-2159",12,2211,2257,3,2300,2300,0,0,0,0,"2300-2359",0,"",0,65,61,46,1,299,2,NA,NA,NA,NA,NA,NA,NA,NA
