"Year","Quarter","Month","DayofMonth","DayOfWeek","FlightDate","UniqueCarrier","AirlineID","Carrier","TailNum","FlightNum","OriginAirportID","OriginAirportSeqID","OriginCityMarketID","Origin","OriginCityName","OriginState","OriginStateFips","OriginStateName","OriginWac","DestAirportID","DestAirportSeqID","DestCityMarketID","Dest","DestCityName","DestState","DestStateFips","DestStateName","DestWac","CRSDepTime","DepTime","DepDelay","DepDelayMinutes","DepDel15","DepartureDelayGroups","DepTimeBlk","TaxiOut","WheelsOff","WheelsOn","TaxiIn","CRSArrTime","ArrTime","ArrDelay","ArrDelayMinutes","ArrDel15","ArrivalDelayGroups","ArrTimeBlk","Cancelled","CancellationCode","Diverted","CRSElapsedTime","ActualElapsedTime","AirTime","Flights","Distance","DistanceGroup","CarrierDelay","WeatherDelay","NASDelay","SecurityDelay","LateAircraftDelay","FirstDepTime","TotalAddGTime","LongestAddGTime"
2011,1,2,21,1,2011-02-21,"OO",20304,"OO","N962SW",6958,13930,1393001,30977,"ORD","Chicago, IL","IL",17,"Illinois",41,13344,1334401,33344,"MKG","Muskegon, MI","MI",26,"Michigan",43,757,846,49,49,1,3,"0700-0759",25,911,1036,6,944,1042,58,58,1,3,"0900-0959",0,"",0,47,56,25,1,118,1,0,0,9,0,49,NA,NA,NA
2011,1,2,25,5,2011-02-25,"XE",20374,"XE","N12900",6025,13930,1393001,30977,"ORD","Chicago, IL","IL",17,"Illinois",41,10874,1087401,30647,"CAK","Akron, OH","OH",39,"Ohio",44,755,NA,NA,NA,NA,NA,"0700-0759",NA,NA,NA,NA,1006,NA,NA,NA,NA,NA,"1000-1059",1,"B",0,71,NA,NA,1,344,2,NA,NA,NA,NA,NA,NA,NA,NA
2011,1,2,28,1,2011-02-28,"XE",20374,"XE","N16559",6059,13930,1393001,30977,"ORD","Chicago, IL","IL",17,"Illinois",41,10792,1079202,30792,"BUF","Buffalo, NY","NY",36,"New York",22,1012,NA,NA,NA,NA,NA,"1000-1059",NA,NA,NA,NA,1237,NA,NA,NA,NA,NA,"1200-1259",1,"A",0,85,NA,NA,1,473,2,NA,NA,NA,NA,NA,NA,NA,NA
2011,1,2,24,4,2011-02-24,"MQ",20398,"MQ","N623MQ",4141,13930,1393001,30977,"ORD","Chicago, IL","IL",17,"Illinois",41,13198,1319801,33198,"MCI","Kansas City, MO","MO",29,"Missouri",64,1725,1717,-8,0,0,-1,"1700-1759",25,1742,1858,8,1855,1906,11,11,0,0,"1800-1859",0,"",0,90,109,76,1,403,2,NA,NA,NA,NA,NA,NA,NA,NA
2011,1,2,15,2,2011-02-15,"MQ",20398,"MQ","N699MQ",4296,13930,1393001,30977,"ORD","Chicago, IL","IL",17,"Illinois",41,10821,1082103,30852,"BWI","Baltimore, MD","MD",24,"Maryland",35,1055,1048,-7,0,0,-1,"1000-1059",17,1105,1331,10,1350,1341,-9,0,0,-1,"1300-1359",0,"",0,115,113,86,1,622,3,NA,NA,NA,NA,NA,NA,NA,NA
2011,1,2,28,1,2011-02-28,"UA",19977,"UA","N501UA",728,13930,1393001,30977,"ORD","Chicago, IL","IL",17,"Illinois",41,12264,1226401,30852,"IAD","Washington, DC","VA",51,"Virginia",38,1315,1313,-2,0,0,-1,"1300-1359",12,1325,1542,7,1610,1549,-21,0,0,-2,"1600-1659",0,"",0,115,96,77,1,589,3,NA,NA,NA,NA,NA,NA,NA,NA
2011,1,2,13,7,2011-02-13,"UA",19977,"UA","N572UA",288,13930,1393001,30977,"ORD","Chicago, IL","IL",17,"Illinois",41,13204,1320401,31454,"MCO","Orlando, FL","FL",12,"Florida",33,1423,1419,-4,0,0,-1,"1400-1459",12,1431,1729,3,1802,1732,-30,0,0,-2,"1800-1859",0,"",0,159,133,118,1,1005,5,NA,NA,NA,NA,NA,NA,NA,NA
2011,1,2,24,4,2011-02-24,"AA",19805,"AA","N3ECAA",1487,13930,1393001,30977,"ORD","Chicago, IL","IL",17,"Illinois",41,14570,1457001,34570,"RNO","Reno, NV","NV",32,"Nevada",85,945,949,4,4,0,0,"0900-0959",13,1002,1215,5,1200,1220,20,20,1,1,"1200-1259",0,"",0,255,271,253,1,1671,7,0,0,20,0,0,NA,NA,NA
2011,1,2,10,4,2011-02-10,"UA",19977,"UA","N416UA",393,13930,1393001,30977,"ORD","Chicago, IL","IL",17,"Illinois",41,14107,1410701,30466,"PHX","Phoenix, AZ","AZ",4,"Arizona",81,1206,1212,6,6,0,0,"1200-1259",14,1226,1446,4,1458,1450,-8,0,0,-1,"1400-1459",0,"",0,232,218,200,1,1440,6,NA,NA,NA,NA,NA,NA,NA,NA
2011,1,2,19,6,2011-02-19,"US",20355,"US","N947UW",758,13930,1393001,30977,"ORD","Chicago, IL","IL",17,"Illinois",41,14100,1410001,34100,"PHL","Philadelphia, PA","PA",42,"Pennsylvania",23,1150,1200,10,10,0,0,"1100-1159",15,1215,1443,3,1447,1446,-1,0,0,-1,"1400-1459",0,"",0,117,106,88,1,678,3,NA,NA,NA,NA,NA,NA,NA,NA
2011,1,2,9,3,2011-02-09,"XE",20374,"XE","N17185",6099,13930,1393001,30977,"ORD","Chicago, IL","IL",17,"Illinois",41,14108,1410802,34108,"PIA","Peoria, IL","IL",17,"Illinois",41,1305,1328,23,23,1,1,"1300-1359",10,1338,1406,4,1353,1410,17,17,1,1,"1300-1359",0,"",0,48,42,28,1,130,1,0,0,0,0,17,NA,NA,NA
2011,1,2,14,1,2011-02-14,"AA",19805,"AA","N553AA",1053,13930,1393001,30977,"ORD","Chicago, IL","IL",17,"Illinois",41,10423,1042302,30423,"AUS","Austin, TX","TX",48,"Texas",74,1340,1334,-6,0,0,-1,"1300-1359",16,1350,1602,4,1625,1606,-19,0,0,-2,"1600-1659",0,"",0,165,152,132,1,978,4,NA,NA,NA,NA,NA,NA,NA,NA
2011,1,2,2,3,2011-02-02,"UA",19977,"UA","",582,13930,1393001,30977,"ORD","Chicago, IL","IL",17,"Illinois",41,15304,1530401,33195,"TPA","Tampa, FL","FL",12,"Florida",33,2000,NA,NA,NA,NA,NA,"2000-2059",NA,NA,NA,NA,2340,NA,NA,NA,NA,NA,"2300-2359",1,"B",0,160,NA,NA,1,1012,5,NA,NA,NA,NA,NA,NA,NA,NA
2011,1,2,4,5,2011-02-04,"OO",20304,"OO","N941SW",6375,13930,1393001,30977,"ORD","Chicago, IL","IL",17,"Illinois",41,11076,1107601,31076,"CMX","Hancock/Houghton, MI","MI",26,"Michigan",43,1154,1144,-10,0,0,-1,"1100-1159",12,1156,1552,4,1410,1556,NA,NA,NA,NA,"1400-1459",0,"",1,76,NA,NA,1,359,2,NA,NA,NA,NA,NA,NA,NA,NA
2011,1,2,16,3,2011-02-16,"AA",19805,"AA","N3FCAA",1442,13930,1393001,30977,"ORD","Chicago, IL","IL",17,"Illinois",41,11278,1127801,30852,"DCA","Washington, DC","VA",51,"Virginia",38,1630,1626,-4,0,0,-1,"1600-1659",11,1637,1858,5,1915,1903,-12,0,0,-1,"1900-1959",0,"",0,105,97,81,1,612,3,NA,NA,NA,NA,NA,NA,NA,NA
2011,1,2,17,4,2011-02-17,"UA",19977,"UA","N433UA",600,13930,1393001,30977,"ORD","Chicago, IL","IL",17,"Illinois",41,11278,1127801,30852,"DCA","Washington, DC","VA",51,"Virginia",38,604,555,-9,0,0,-1,"0600-0659",21,616,834,11,851,845,-6,0,0,-1,"0800-0859",0,"",0,107,110,78,1,612,3,NA,NA,NA,NA,NA,NA,NA,NA
2011,1,2,2,3,2011-02-02,"OO",20304,"OO","",6607,13930,1393001,30977,"ORD","Chicago, IL","IL",17,"Illinois",41,14783,1478301,34783,"SGF","Springfield, MO","MO",29,"Missouri",64,2005,NA,NA,NA,NA,NA,"2000-2059",NA,NA,NA,NA,2138,NA,NA,NA,NA,NA,"2100-2159",1,"B",0,93,NA,NA,1,438,2,NA,NA,NA,NA,NA,NA,NA,NA
2011,1,2,8,2,2011-02-08,"MQ",20398,"MQ","N699MQ",3960,13930,1393001,30977,"ORD","Chicago, IL","IL",17,"Illinois",41,14576,1457602,34576,"ROC","Rochester, NY","NY",36,"New York",22,2125,2124,-1,0,0,-1,"2100-2159",22,2146,2356,7,5,3,-2,0,0,-1,"0001-0559",0,"",0,100,99,70,1,528,3,NA,NA,NA,NA,NA,NA,NA,NA
2011,1,2,5,6,2011-02-05,"XE",20374,"XE","N14153",6002,13930,1393001,30977,"ORD","Chicago, IL","IL",17,"Illinois",41,10599,1059903,30599,"BHM","Birmingham, AL","AL",1,"Alabama",51,1820,1955,95,95,1,6,"1800-1859",17,2012,2136,5,2006,2141,95,95,1,6,"2000-2059",0,"",0,106,106,84,1,584,3,95,0,0,0,0,NA,NA,NA
2011,1,2,23,3,2011-02-23,"XE",20374,"XE","N12136",6183,13930,1393001,30977,"ORD","Chicago, IL","IL",17,"Illinois",41,11042,1104201,30647,"CLE","Cleveland, OH","OH",39,"Ohio",44,800,929,89,89,1,5,"0800-0859",14,943,1132,6,1010,1138,88,88,1,5,"1000-1059",0,"",0,70,69,49,1,316,2,88,0,0,0,0,NA,NA,NA
2011,1,2,2,3,2011-02-02,"MQ",20398,"MQ","N829MQ",4285,13930,1393001,30977,"ORD","Chicago, IL","IL",17,"Illinois",41,11057,1105702,31057,"CLT","Charlotte, NC","NC",37,"North Carolina",36,750,NA,NA,NA,NA,NA,"0700-0759",NA,NA,NA,NA,1045,NA,NA,NA,NA,NA,"1000-1059",1,"B",0,115,NA,NA,1,599,3,NA,NA,NA,NA,NA,NA,NA,NA
2011,1,2,19,6,2011-02-19,"UA",19977,"UA","N445UA",980,13930,1393001,30977,"ORD","Chicago, IL","IL",17,"Illinois",41,12889,1288902,32211,"LAS","Las Vegas, NV","NV",32,"Nevada",85,743,739,-4,0,0,-1,"0700-0759",11,750,942,7,944,949,5,5,0,0,"0900-0959",0,"",0,241,250,232,1,1515,7,NA,NA,NA,NA,NA,NA,NA,NA
2011,1,2,9,3,2011-02-09,"MQ",20398,"MQ","N667MQ",4181,13930,1393001,30977,"ORD","Chicago, IL","IL",17,"Illinois",41,11977,1197701,31977,"GRB","Green Bay, WI","WI",55,"Wisconsin",45,1145,1141,-4,0,0,-1,"1100-1159",20,1201,1232,2,1240,1234,-6,0,0,-1,"1200-1259",0,"",0,55,53,31,1,174,1,NA,NA,NA,NA,NA,NA,NA,NA
2011,1,2,13,7,2011-02-13,"OO",20304,"OO","N982SW",6375,13930,1393001,30977,"ORD","Chicago, IL","IL",17,"Illinois",41,11076,1107601,31076,"CMX","Hancock/Houghton, MI","MI",26,"Michigan",43,1150,1151,1,1,0,0,"1100-1159",9,1200,1359,5,1406,1404,-2,0,0,-1,"1400-1459",0,"",0,76,73,59,1,359,2,NA,NA,NA,NA,NA,NA,NA,NA
2011,1,2,7,1,2011-02-07,"MQ",20398,"MQ","N923MQ",4095,13930,1393001,30977,"ORD","Chicago, IL","IL",17,"Illinois",41,14122,1412201,30198,"PIT","Pittsburgh, PA","PA",42,"Pennsylvania",23,1010,1015,5,5,0,0,"1000-1059",19,1034,1237,10,1235,1247,12,12,0,0,"1200-1259",0,"",0,85,92,63,1,412,2,NA,NA,NA,NA,NA,NA,NA,NA
2011,1,2,25,5,2011-02-25,"XE",20374,"XE","N14570",6094,13930,1393001,30977,"ORD","Chicago, IL","IL",17,"Illinois",41,10257,1025701,30257,"ALB","Albany, NY","NY",36,"New York",22,2105,2113,8,8,0,0,"2100-2159",13,2126,2350,15,2357,5,8,8,0,0,"2300-2359",0,"",0,112,112,84,1,723,3,NA,NA,NA,NA,NA,NA,NA,NA
2011,1,2,23,3,2011-02-23,"AA",19805,"AA","N3FYAA",451,13930,1393001,30977,"ORD","Chicago, IL","IL",17,"Illinois",41,14771,1477101,32457,"SFO","San Francisco, CA","CA",6,"California",91,1015,1049,34,34,1,2,"1000-1059",14,1103,1326,4,1300,1330,30,30,1,2,"1300-1359",0,"",0,285,281,263,1,1846,8,30,0,0,0,0,NA,NA,NA
2011,1,2,2,3,2011-02-02,"MQ",20398,"MQ","N680MQ",4007,13930,1393001,30977,"ORD","Chicago, IL","IL",17,"Illinois",41,11066,1106601,31066,"CMH","Columbus, OH","OH",39,"Ohio",44,1540,NA,NA,NA,NA,NA,"1500-1559",NA,NA,NA,NA,1750,NA,NA,NA,NA,NA,"1700-1759",1,"B",0,70,NA,NA,1,296,2,NA,NA,NA,NA,NA,NA,NA,NA
2011,1,2,11,5,2011-02-11,"MQ",20398,"MQ","N504MQ",3798,13930,1393001,30977,"ORD","Chicago, IL","IL",17,"Illinois",41,10140,1014001,30140,"ABQ","Albuquerque, NM","NM",35,"New Mexico",86,1935,2050,75,75,1,5,"1900-1959",103,2233,2,8,2140,10,150,150,1,10,"2100-2159",0,"",0,185,260,149,1,1118,5,0,14,75,0,61,NA,NA,NA
2011,1,2,17,4,2011-02-17,"MQ",20398,"MQ","N698MQ",4037,13930,1393001,30977,"ORD","Chicago, IL","IL",17,"Illinois",41,14122,1412201,30198,"PIT","Pittsburgh, PA","PA",42,"Pennsylvania",23,730,727,-3,0,0,-1,"0700-0759",13,740,936,2,950,938,-12,0,0,-1,"0900-0959",0,"",0,80,71,56,1,412,2,NA,NA,NA,NA,NA,NA,NA,NA
2011,1,2,25,5,2011-02-25,"UA",19977,"UA","N427UA",612,13930,1393001,30977,"ORD","Chicago, IL","IL",17,"Illinois",41,11278,1127801,30852,"DCA","Washington, DC","VA",51,"Virginia",38,1155,1203,8,8,0,0,"1100-1159",13,1216,1450,5,1440,1455,15,15,1,1,"1400-1459",0,"",0,105,112,94,1,612,3,8,0,7,0,0,NA,NA,NA
2011,1,2,10,4,2011-02-10,"MQ",20398,"MQ","N522MQ",3844,13930,1393001,30977,"ORD","Chicago, IL","IL",17,"Illinois",41,10397,1039703,30397,"ATL","Atlanta, GA","GA",13,"Georgia",34,815,812,-3,0,0,-1,"0800-0859",43,855,1123,4,1110,1127,17,17,1,1,"1100-1159",0,"",0,115,135,88,1,606,3,0,0,17,0,0,NA,NA,NA
2011,1,2,20,7,2011-02-20,"UA",19977,"UA","N575UA",728,13930,1393001,30977,"ORD","Chicago, IL","IL",17,"Illinois",41,12264,1226401,30852,"IAD","Washington, DC","VA",51,"Virginia",38,1310,1309,-1,0,0,-1,"1300-1359",20,1329,1541,8,1605,1549,-16,0,0,-2,"1600-1659",0,"",0,115,100,72,1,589,3,NA,NA,NA,NA,NA,NA,NA,NA
2011,1,2,26,6,2011-02-26,"UA",19977,"UA","N652UA",245,13930,1393001,30977,"ORD","Chicago, IL","IL",17,"Illinois",41,11292,1129202,30325,"DEN","Denver, CO","CO",8,"Colorado",82,856,901,5,5,0,0,"0800-0859",25,926,1050,7,1038,1057,19,19,1,1,"1000-1059",0,"",0,162,176,144,1,888,4,0,0,19,0,0,NA,NA,NA
2011,1,2,13,7,2011-02-13,"AA",19805,"AA","N469AA",1462,13930,1393001,30977,"ORD","Chicago, IL","IL",17,"Illinois",41,11618,1161801,31703,"EWR","Newark, NJ","NJ",34,"New Jersey",21,815,805,-10,0,0,-1,"0800-0859",11,816,1050,4,1120,1054,-26,0,0,-2,"1100-1159",0,"",0,125,109,94,1,719,3,NA,NA,NA,NA,NA,NA,NA,NA
2011,1,2,5,6,2011-02-05,"MQ",20398,"MQ","N807MQ",4167,13930,1393001,30977,"ORD","Chicago, IL","IL",17,"Illinois",41,11066,1106601,31066,"CMH","Columbus, OH","OH",39,"Ohio",44,1940,2017,37,37,1,2,"1900-1959",15,2032,2220,6,2155,2226,31,31,1,2,"2100-2159",0,"",0,75,69,48,1,296,2,6,0,0,0,25,NA,NA,NA
2011,1,2,21,1,2011-02-21,"OO",20304,"OO","N417SW",6277,13930,1393001,30977,"ORD","Chicago, IL","IL",17,"Illinois",41,14457,1445701,34457,"RAP","Rapid City, SD","SD",46,"South Dakota",67,1155,1414,139,139,1,9,"1100-1159",41,1455,1547,5,1319,1552,153,153,1,10,"1300-1359",0,"",0,144,158,112,1,780,4,0,0,14,0,139,NA,NA,NA
2011,1,2,22,2,2011-02-22,"DL",19790,"DL","N324US",2132,13930,1393001,30977,"ORD","Chicago, IL","IL",17,"Illinois",41,13487,1348701,31650,"MSP","Minneapolis, MN","MN",27,"Minnesota",63,910,925,15,15,1,1,"0900-0959",30,955,1058,4,1045,1102,17,17,1,1,"1000-1059",0,"",0,95,97,63,1,334,2,6,7,2,0,2,NA,NA,NA
2011,1,2,9,3,2011-02-09,"OO",20304,"OO","N738SK",6449,13930,1393001,30977,"ORD","Chicago, IL","IL",17,"Illinois",41,14869,1486902,34614,"SLC","Salt Lake City, UT","UT",49,"Utah",87,1740,1737,-3,0,0,-1,"1700-1759",17,1754,1954,6,2003,2000,-3,0,0,-1,"2000-2059",0,"",0,203,203,180,1,1249,5,NA,NA,NA,NA,NA,NA,NA,NA
2011,1,2,19,6,2011-02-19,"UA",19977,"UA","N538UA",759,13930,1393001,30977,"ORD","Chicago, IL","IL",17,"Illinois",41,14771,1477101,32457,"SFO","San Francisco, CA","CA",6,"California",91,859,1014,75,75,1,5,"0800-0859",18,1032,1311,6,1150,1317,87,87,1,5,"1100-1159",0,"",0,291,303,279,1,1846,8,0,0,87,0,0,945,13,13
2011,1,2,8,2,2011-02-08,"XE",20374,"XE","N25134",5866,13930,1393001,30977,"ORD","Chicago, IL","IL",17,"Illinois",41,14576,1457602,34576,"ROC","Rochester, NY","NY",36,"New York",22,1320,1334,14,14,0,0,"1300-1359",12,1346,1601,4,1553,1605,12,12,0,0,"1500-1559",0,"",0,93,91,75,1,528,3,NA,NA,NA,NA,NA,NA,NA,NA
2011,1,2,23,3,2011-02-23,"UA",19977,"UA","N420UA",636,13930,1393001,30977,"ORD","Chicago, IL","IL",17,"Illinois",41,14122,1412201,30198,"PIT","Pittsburgh, PA","PA",42,"Pennsylvania",23,605,603,-2,0,0,-1,"0600-0659",18,621,818,4,830,822,-8,0,0,-1,"0800-0859",0,"",0,85,79,57,1,412,2,NA,NA,NA,NA,NA,NA,NA,NA
2011,1,2,1,2,2011-02-01,"AS",19930,"AS","N307AS",23,13930,1393001,30977,"ORD","Chicago, IL","IL",17,"Illinois",41,14747,1474702,30559,"SEA","Seattle, WA","WA",53,"Washington",93,1530,NA,NA,NA,NA,NA,"1500-1559",NA,NA,NA,NA,1803,NA,NA,NA,NA,NA,"1800-1859",1,"B",0,273,NA,NA,1,1721,7,NA,NA,NA,NA,NA,NA,NA,NA
2011,1,2,14,1,2011-02-14,"AA",19805,"AA","N517AA",2355,13930,1393001,30977,"ORD","Chicago, IL","IL",17,"Illinois",41,11298,1129802,30194,"DFW","Dallas/Fort Worth, TX","TX",48,"Texas",74,2115,2113,-2,0,0,-1,"2100-2159",11,2124,2314,3,2335,2317,-18,0,0,-2,"2300-2359",0,"",0,140,124,110,1,802,4,NA,NA,NA,NA,NA,NA,NA,NA
2011,1,2,21,1,2011-02-21,"XE",20374,"XE","N48901",5956,13930,1393001,30977,"ORD","Chicago, IL","IL",17,"Illinois",41,11977,1197701,31977,"GRB","Green Bay, WI","WI",55,"Wisconsin",45,2120,125,245,245,1,12,"2100-2159",10,135,204,4,2212,208,236,236,1,12,"2200-2259",0,"",0,52,43,29,1,174,1,0,0,0,0,236,NA,NA,NA
2011,1,2,28,1,2011-02-28,"AA",19805,"AA","N4WJAA",1686,13930,1393001,30977,"ORD","Chicago, IL","IL",17,"Illinois",41,14492,1449201,34492,"RDU","Raleigh/Durham, NC","NC",37,"North Carolina",36,635,631,-4,0,0,-1,"0600-0659",16,647,915,2,925,917,-8,0,0,-1,"0900-0959",0,"",0,110,106,88,1,647,3,NA,NA,NA,NA,NA,NA,NA,NA
2011,1,2,17,4,2011-02-17,"UA",19977,"UA","N501UA",515,13930,1393001,30977,"ORD","Chicago, IL","IL",17,"Illinois",41,14893,1489301,33192,"SMF","Sacramento, CA","CA",6,"California",91,2045,2044,-1,0,0,-1,"2000-2059",22,2106,2326,4,2312,2330,18,18,1,1,"2300-2359",0,"",0,267,286,260,1,1781,8,0,0,18,0,0,NA,NA,NA
2011,1,2,4,5,2011-02-04,"AA",19805,"AA","N3BPAA",1351,13930,1393001,30977,"ORD","Chicago, IL","IL",17,"Illinois",41,12892,1289201,32575,"LAX","Los Angeles, CA","CA",6,"California",91,1330,1340,10,10,0,0,"1300-1359",12,1352,1530,4,1600,1534,-26,0,0,-2,"1600-1659",0,"",0,270,234,218,1,1745,7,NA,NA,NA,NA,NA,NA,NA,NA
2011,1,2,12,6,2011-02-12,"MQ",20398,"MQ","N9EAMQ",3715,13930,1393001,30977,"ORD","Chicago, IL","IL",17,"Illinois",41,14100,1410001,34100,"PHL","Philadelphia, PA","PA",42,"Pennsylvania",23,2135,2253,78,78,1,5,"2100-2159",12,2305,127,3,25,130,65,65,1,4,"0001-0559",0,"",0,110,97,82,1,678,3,65,0,0,0,0,NA,NA,NA
2011,1,2,11,5,2011-02-11,"OO",20304,"OO","N941SW",6706,13930,1393001,30977,"ORD","Chicago, IL","IL",17,"Illinois",41,14696,1469603,34696,"SBN","South Bend, IN","IN",18,"Indiana",42,1322,1322,0,0,0,0,"1300-1359",18,1340,1458,4,1502,1502,0,0,0,0,"1500-1559",0,"",0,40,40,18,1,84,1,NA,NA,NA,NA,NA,NA,NA,NA
2011,1,2,21,1,2011-02-21,"YV",20378,"YV","N503MJ",7292,13930,1393001,30977,"ORD","Chicago, IL","IL",17,"Illinois",41,10994,1099401,30994,"CHS","Charleston, SC","SC",45,"South Carolina",37,1949,2229,160,160,1,10,"1900-1959",48,2317,143,5,2249,148,179,179,1,11,"2200-2259",0,"",0,120,139,86,1,760,4,0,0,19,0,160,NA,NA,NA
2011,1,2,25,5,2011-02-25,"UA",19977,"UA","N451UA",192,13930,1393001,30977,"ORD","Chicago, IL","IL",17,"Illinois",41,10821,1082103,30852,"BWI","Baltimore, MD","MD",24,"Maryland",35,2143,2142,-1,0,0,-1,"2100-2159",14,2156,13,4,29,17,-12,0,0,-1,"0001-0559",0,"",0,106,95,77,1,622,3,NA,NA,NA,NA,NA,NA,NA,NA
2011,1,2,16,3,2011-02-16,"MQ",20398,"MQ","N638MQ",4012,13930,1393001,30977,"ORD","Chicago, IL","IL",17,"Illinois",41,13244,1324401,33244,"MEM","Memphis, TN","TN",47,"Tennessee",54,940,947,7,7,0,0,"0900-0959",17,1004,1126,8,1125,1134,9,9,0,0,"1100-1159",0,"",0,105,107,82,1,491,2,NA,NA,NA,NA,NA,NA,NA,NA
2011,1,2,15,2,2011-02-15,"UA",19977,"UA","N824UA",442,13930,1393001,30977,"ORD","Chicago, IL","IL",17,"Illinois",41,10529,1052902,30529,"BDL","Hartford, CT","CT",9,"Connecticut",11,1640,1640,0,0,0,0,"1600-1659",28,1708,1940,5,1941,1945,4,4,0,0,"1900-1959",0,"",0,121,125,92,1,783,4,NA,NA,NA,NA,NA,NA,NA,NA
2011,1,2,25,5,2011-02-25,"UA",19977,"UA","N542UA",943,13930,1393001,30977,"ORD","Chicago, IL","IL",17,"Illinois",41,12892,1289201,32575,"LAX","Los Angeles, CA","CA",6,"California",91,1742,1744,2,2,0,0,"1700-1759",15,1759,2037,5,2006,2042,36,36,1,2,"2000-2059",0,"",0,264,298,278,1,1745,7,0,0,36,0,0,NA,NA,NA
2011,1,2,23,3,2011-02-23,"OO",20304,"OO","N787SK",6756,13930,1393001,30977,"ORD","Chicago, IL","IL",17,"Illinois",41,11109,1110901,30189,"COS","Colorado Springs, CO","CO",8,"Colorado",82,945,1013,28,28,1,1,"0900-0959",16,1029,1150,5,1123,1155,32,32,1,2,"1100-1159",0,"",0,158,162,141,1,911,4,28,0,4,0,0,NA,NA,NA
2011,1,2,3,4,2011-02-03,"MQ",20398,"MQ","N651MQ",4019,13930,1393001,30977,"ORD","Chicago, IL","IL",17,"Illinois",41,13230,1323001,32070,"MDT","Harrisburg, PA","PA",42,"Pennsylvania",23,1325,NA,NA,NA,NA,NA,"1300-1359",NA,NA,NA,NA,1610,NA,NA,NA,NA,NA,"1600-1659",1,"B",0,105,NA,NA,1,594,3,NA,NA,NA,NA,NA,NA,NA,NA
2011,1,2,27,7,2011-02-27,"UA",19977,"UA","N486UA",628,13930,1393001,30977,"ORD","Chicago, IL","IL",17,"Illinois",41,11278,1127801,30852,"DCA","Washington, DC","VA",51,"Virginia",38,2104,2100,-4,0,0,-1,"2100-2159",35,2135,2354,5,2337,2359,22,22,1,1,"2300-2359",0,"",0,93,119,79,1,612,3,0,0,22,0,0,NA,NA,NA
2011,1,2,2,3,2011-02-02,"UA",19977,"UA","",582,13930,1393001,30977,"ORD","Chicago, IL","IL",17,"Illinois",41,15304,1530401,33195,"TPA","Tampa, FL","FL",12,"Florida",33,2000,NA,NA,NA,NA,NA,"2000-2059",NA,NA,NA,NA,2340,NA,NA,NA,NA,NA,"2300-2359",1,"B",0,160,NA,NA,1,1012,5,NA,NA,NA,NA,NA,NA,NA,NA
2011,1,2,4,5,2011-02-04,"UA",19977,"UA","N547UA",943,13930,1393001,30977,"ORD","Chicago, IL","IL",17,"Illinois",41,12892,1289201,32575,"LAX","Los Angeles, CA","CA",6,"California",91,1719,1719,0,0,0,0,"1700-1759",16,1735,1915,8,1955,1923,-32,0,0,-2,"1900-1959",0,"",0,276,244,220,1,1745,7,NA,NA,NA,NA,NA,NA,NA,NA
2011,1,2,3,4,2011-02-03,"AS",19930,"AS","N531AS",139,13930,1393001,30977,"ORD","Chicago, IL","IL",17,"Illinois",41,10299,1029902,30299,"ANC","Anchorage, AK","AK",2,"Alaska",1,930,921,-9,0,0,-1,"0900-0959",18,939,1321,16,1323,1337,14,14,0,0,"1300-1359",0,"",0,413,436,402,1,2846,11,NA,NA,NA,NA,NA,NA,NA,NA
2011,1,2,7,1,2011-02-07,"UA",19977,"UA","N838UA",684,13930,1393001,30977,"ORD","Chicago, IL","IL",17,"Illinois",41,12953,1295301,31703,"LGA","New York, NY","NY",36,"New York",22,1400,1410,10,10,0,0,"1400-1459",17,1427,1708,4,1712,1712,0,0,0,0,"1700-1759",0,"",0,132,122,101,1,733,3,NA,NA,NA,NA,NA,NA,NA,NA
2011,1,2,5,6,2011-02-05,"AA",19805,"AA","N5DLAA",2050,13930,1393001,30977,"ORD","Chicago, IL","IL",17,"Illinois",41,13303,1330302,32467,"MIA","Miami, FL","FL",12,"Florida",33,1055,1055,0,0,0,0,"1000-1059",11,1106,1445,6,1500,1451,-9,0,0,-1,"1500-1559",0,"",0,185,176,159,1,1197,5,NA,NA,NA,NA,NA,NA,NA,NA
2011,1,2,20,7,2011-02-20,"US",20355,"US","N675AW",4,13930,1393001,30977,"ORD","Chicago, IL","IL",17,"Illinois",41,11057,1105702,31057,"CLT","Charlotte, NC","NC",37,"North Carolina",36,735,727,-8,0,0,-1,"0700-0759",19,746,1005,10,1031,1015,-16,0,0,-2,"1000-1059",0,"",0,116,108,79,1,599,3,NA,NA,NA,NA,NA,NA,NA,NA
2011,1,2,10,4,2011-02-10,"UA",19977,"UA","",602,13930,1393001,30977,"ORD","Chicago, IL","IL",17,"Illinois",41,11278,1127801,30852,"DCA","Washington, DC","VA",51,"Virginia",38,700,NA,NA,NA,NA,NA,"0700-0759",NA,NA,NA,NA,939,NA,NA,NA,NA,NA,"0900-0959",1,"A",0,99,NA,NA,1,612,3,NA,NA,NA,NA,NA,NA,NA,NA
2011,1,2,15,2,2011-02-15,"XE",20374,"XE","N17169",5926,13930,1393001,30977,"ORD","Chicago, IL","IL",17,"Illinois",41,14457,1445701,34457,"RAP","Rapid City, SD","SD",46,"South Dakota",67,1155,1149,-6,0,0,-1,"1100-1159",19,1208,1306,2,1319,1308,-11,0,0,-1,"1300-1359",0,"",0,144,139,118,1,780,4,NA,NA,NA,NA,NA,NA,NA,NA
2011,1,2,24,4,2011-02-24,"AA",19805,"AA","N3EXAA",876,13930,1393001,30977,"ORD","Chicago, IL","IL",17,"Illinois",41,10721,1072101,30721,"BOS","Boston, MA","MA",25,"Massachusetts",13,640,639,-1,0,0,-1,"0600-0659",9,648,925,5,950,930,-20,0,0,-2,"0900-0959",0,"",0,130,111,97,1,867,4,NA,NA,NA,NA,NA,NA,NA,NA
2011,1,2,25,5,2011-02-25,"XE",20374,"XE","N11547",6054,13930,1393001,30977,"ORD","Chicago, IL","IL",17,"Illinois",41,11995,1199501,31995,"GSO","Greensboro/High Point, NC","NC",37,"North Carolina",36,1440,1435,-5,0,0,-1,"1400-1459",11,1446,1701,5,1723,1706,-17,0,0,-2,"1700-1759",0,"",0,103,91,75,1,590,3,NA,NA,NA,NA,NA,NA,NA,NA
2011,1,2,13,7,2011-02-13,"AA",19805,"AA","N469AA",1462,13930,1393001,30977,"ORD","Chicago, IL","IL",17,"Illinois",41,11618,1161801,31703,"EWR","Newark, NJ","NJ",34,"New Jersey",21,815,805,-10,0,0,-1,"0800-0859",11,816,1050,4,1120,1054,-26,0,0,-2,"1100-1159",0,"",0,125,109,94,1,719,3,NA,NA,NA,NA,NA,NA,NA,NA
2011,1,2,3,4,2011-02-03,"EV",20366,"EV","N909EV",7120,13930,1393001,30977,"ORD","Chicago, IL","IL",17,"Illinois",41,11995,1199501,31995,"GSO","Greensboro/High Point, NC","NC",37,"North Carolina",36,1118,NA,NA,NA,NA,NA,"1100-1159",NA,NA,NA,NA,1401,NA,NA,NA,NA,NA,"1400-1459",1,"A",0,103,NA,NA,1,590,3,NA,NA,NA,NA,NA,NA,NA,NA
2011,1,2,2,3,2011-02-02,"UA",19977,"UA","",420,13930,1393001,30977,"ORD","Chicago, IL","IL",17,"Illinois",41,14576,1457602,34576,"ROC","Rochester, NY","NY",36,"New York",22,1805,NA,NA,NA,NA,NA,"1800-1859",NA,NA,NA,NA,2038,NA,NA,NA,NA,NA,"2000-2059",1,"B",0,93,NA,NA,1,528,3,NA,NA,NA,NA,NA,NA,NA,NA
2011,1,2,17,4,2011-02-17,"DL",19790,"DL","N930DL",2577,13930,1393001,30977,"ORD","Chicago, IL","IL",17,"Illinois",41,10397,1039703,30397,"ATL","Atlanta, GA","GA",13,"Georgia",34,550,545,-5,0,0,-1,"0001-0559",20,605,848,13,900,901,1,1,0,0,"0900-0959",0,"",0,130,136,103,1,606,3,NA,NA,NA,NA,NA,NA,NA,NA
2011,1,2,14,1,2011-02-14,"MQ",20398,"MQ","N526MQ",3727,13930,1393001,30977,"ORD","Chicago, IL","IL",17,"Illinois",41,12992,1299202,32600,"LIT","Little Rock, AR","AR",5,"Arkansas",71,2155,2150,-5,0,0,-1,"2100-2159",12,2202,2323,8,2335,2331,-4,0,0,-1,"2300-2359",0,"",0,100,101,81,1,552,3,NA,NA,NA,NA,NA,NA,NA,NA
2011,1,2,19,6,2011-02-19,"OO",20304,"OO","N944SW",6271,13930,1393001,30977,"ORD","Chicago, IL","IL",17,"Illinois",41,11823,1182303,31823,"FWA","Fort Wayne, IN","IN",18,"Indiana",42,644,634,-10,0,0,-1,"0600-0659",18,652,819,3,834,822,-12,0,0,-1,"0800-0859",0,"",0,50,48,27,1,157,1,NA,NA,NA,NA,NA,NA,NA,NA
2011,1,2,26,6,2011-02-26,"XE",20374,"XE","N11155",6160,13930,1393001,30977,"ORD","Chicago, IL","IL",17,"Illinois",41,11042,1104201,30647,"CLE","Cleveland, OH","OH",39,"Ohio",44,1805,1812,7,7,0,0,"1800-1859",86,1938,2123,6,2022,2129,67,67,1,4,"2000-2059",0,"",0,77,137,45,1,316,2,0,0,60,0,7,NA,NA,NA
2011,1,2,3,4,2011-02-03,"UA",19977,"UA","N592UA",730,13930,1393001,30977,"ORD","Chicago, IL","IL",17,"Illinois",41,10821,1082103,30852,"BWI","Baltimore, MD","MD",24,"Maryland",35,1911,1910,-1,0,0,-1,"1900-1959",13,1923,2143,5,2201,2148,-13,0,0,-1,"2200-2259",0,"",0,110,98,80,1,622,3,NA,NA,NA,NA,NA,NA,NA,NA
2011,1,2,18,5,2011-02-18,"MQ",20398,"MQ","N611MQ",3970,13930,1393001,30977,"ORD","Chicago, IL","IL",17,"Illinois",41,10821,1082103,30852,"BWI","Baltimore, MD","MD",24,"Maryland",35,800,758,-2,0,0,-1,"0800-0859",11,809,1027,10,1055,1037,-18,0,0,-2,"1000-1059",0,"",0,115,99,78,1,622,3,NA,NA,NA,NA,NA,NA,NA,NA
2011,1,2,21,1,2011-02-21,"OO",20304,"OO","N962SW",6958,13930,1393001,30977,"ORD","Chicago, IL","IL",17,"Illinois",41,13344,1334401,33344,"MKG","Muskegon, MI","MI",26,"Michigan",43,757,846,49,49,1,3,"0700-0759",25,911,1036,6,944,1042,58,58,1,3,"0900-0959",0,"",0,47,56,25,1,118,1,0,0,9,0,49,NA,NA,NA
2011,1,2,25,5,2011-02-25,"MQ",20398,"MQ","N528MQ",3794,13930,1393001,30977,"ORD","Chicago, IL","IL",17,"Illinois",41,11540,1154001,30615,"ELP","El Paso, TX","TX",48,"Texas",74,1120,1202,42,42,1,2,"1100-1159",19,1221,1424,3,1335,1427,52,52,1,3,"1300-1359",0,"",0,195,205,183,1,1236,5,0,0,10,0,42,NA,NA,NA
2011,1,2,24,4,2011-02-24,"UA",19977,"UA","N506UA",473,13930,1393001,30977,"ORD","Chicago, IL","IL",17,"Illinois",41,14908,1490802,32575,"SNA","Santa Ana, CA","CA",6,"California",91,2013,2019,6,6,0,0,"2000-2059",18,2037,2245,6,2240,2251,11,11,0,0,"2200-2259",0,"",0,267,272,248,1,1726,7,NA,NA,NA,NA,NA,NA,NA,NA
2011,1,2,19,6,2011-02-19,"XE",20374,"XE","N15980",6034,13930,1393001,30977,"ORD","Chicago, IL","IL",17,"Illinois",41,13029,1302901,33029,"LNK","Lincoln, NE","NE",31,"Nebraska",65,2000,2006,6,6,0,0,"2000-2059",17,2023,2139,4,2137,2143,6,6,0,0,"2100-2159",0,"",0,97,97,76,1,466,2,NA,NA,NA,NA,NA,NA,NA,NA
2011,1,2,6,7,2011-02-06,"DL",19790,"DL","N772NC",2520,13930,1393001,30977,"ORD","Chicago, IL","IL",17,"Illinois",41,11433,1143301,31295,"DTW","Detroit, MI","MI",26,"Michigan",43,1207,1236,29,29,1,1,"1200-1259",29,1305,1500,7,1426,1507,41,41,1,2,"1400-1459",0,"",0,79,91,55,1,235,1,5,5,12,0,19,NA,NA,NA
2011,1,2,19,6,2011-02-19,"AA",19805,"AA","N4YGAA",2537,13930,1393001,30977,"ORD","Chicago, IL","IL",17,"Illinois",41,12889,1288902,32211,"LAS","Las Vegas, NV","NV",32,"Nevada",85,2130,2149,19,19,1,1,"2100-2159",9,2158,2345,8,2330,2353,23,23,1,1,"2300-2359",0,"",0,240,244,227,1,1515,7,0,19,4,0,0,NA,NA,NA
2011,1,2,6,7,2011-02-06,"UA",19977,"UA","N417UA",362,13930,1393001,30977,"ORD","Chicago, IL","IL",17,"Illinois",41,13495,1349501,33495,"MSY","New Orleans, LA","LA",22,"Louisiana",72,940,937,-3,0,0,-1,"0900-0959",35,1012,1218,3,1154,1221,27,27,1,1,"1100-1159",0,"",0,134,164,126,1,837,4,0,0,27,0,0,NA,NA,NA
2011,1,2,7,1,2011-02-07,"AA",19805,"AA","N4XUAA",329,13930,1393001,30977,"ORD","Chicago, IL","IL",17,"Illinois",41,13487,1348701,31650,"MSP","Minneapolis, MN","MN",27,"Minnesota",63,1510,1545,35,35,1,2,"1500-1559",20,1605,1705,4,1635,1709,34,34,1,2,"1600-1659",0,"",0,85,84,60,1,334,2,0,34,0,0,0,NA,NA,NA
2011,1,2,5,6,2011-02-05,"AA",19805,"AA","N5DLAA",2050,13930,1393001,30977,"ORD","Chicago, IL","IL",17,"Illinois",41,13303,1330302,32467,"MIA","Miami, FL","FL",12,"Florida",33,1055,1055,0,0,0,0,"1000-1059",11,1106,1445,6,1500,1451,-9,0,0,-1,"1500-1559",0,"",0,185,176,159,1,1197,5,NA,NA,NA,NA,NA,NA,NA,NA
2011,1,2,6,7,2011-02-06,"B6",20409,"B6","N239JB",922,13930,1393001,30977,"ORD","Chicago, IL","IL",17,"Illinois",41,10721,1072101,30721,"BOS","Boston, MA","MA",25,"Massachusetts",13,1940,2008,28,28,1,1,"1900-1959",29,2037,2319,3,2256,2322,26,26,1,1,"2200-2259",0,"",0,136,134,102,1,867,4,0,0,0,0,26,NA,NA,NA
2011,1,2,13,7,2011-02-13,"MQ",20398,"MQ","N513MQ",3850,13930,1393001,30977,"ORD","Chicago, IL","IL",17,"Illinois",41,15919,1591901,31834,"XNA","Fayetteville, AR","AR",5,"Arkansas",71,2000,1954,-6,0,0,-1,"2000-2059",14,2008,2129,3,2145,2132,-13,0,0,-1,"2100-2159",0,"",0,105,98,81,1,522,3,NA,NA,NA,NA,NA,NA,NA,NA
2011,1,2,23,3,2011-02-23,"US",20355,"US","N711UW",758,13930,1393001,30977,"ORD","Chicago, IL","IL",17,"Illinois",41,14100,1410001,34100,"PHL","Philadelphia, PA","PA",42,"Pennsylvania",23,1150,1138,-12,0,0,-1,"1100-1159",15,1153,1421,3,1446,1424,-22,0,0,-2,"1400-1459",0,"",0,116,106,88,1,678,3,NA,NA,NA,NA,NA,NA,NA,NA
2011,1,2,24,4,2011-02-24,"UA",19977,"UA","N436UA",590,13930,1393001,30977,"ORD","Chicago, IL","IL",17,"Illinois",41,10529,1052902,30529,"BDL","Hartford, CT","CT",9,"Connecticut",11,1320,1316,-4,0,0,-1,"1300-1359",11,1327,1600,4,1626,1604,-22,0,0,-2,"1600-1659",0,"",0,126,108,93,1,783,4,NA,NA,NA,NA,NA,NA,NA,NA
2011,1,2,21,1,2011-02-21,"OO",20304,"OO","N417SW",6277,13930,1393001,30977,"ORD","Chicago, IL","IL",17,"Illinois",41,14457,1445701,34457,"RAP","Rapid City, SD","SD",46,"South Dakota",67,1155,1414,139,139,1,9,"1100-1159",41,1455,1547,5,1319,1552,153,153,1,10,"1300-1359",0,"",0,144,158,112,1,780,4,0,0,14,0,139,NA,NA,NA
2011,1,2,21,1,2011-02-21,"EV",20366,"EV","N832AS",7140,13930,1393001,30977,"ORD","Chicago, IL","IL",17,"Illinois",41,11267,1126701,31267,"DAY","Dayton, OH","OH",39,"Ohio",44,1058,1348,170,170,1,11,"1000-1059",14,1402,1548,4,1302,1552,170,170,1,11,"1300-1359",0,"",0,64,64,46,1,240,1,3,0,0,0,167,NA,NA,NA
2011,1,2,21,1,2011-02-21,"MQ",20398,"MQ","N661MQ",4056,13930,1393001,30977,"ORD","Chicago, IL","IL",17,"Illinois",41,11193,1119301,33105,"CVG","Cincinnati, OH","KY",21,"Kentucky",52,855,903,8,8,0,0,"0800-0859",18,921,1113,4,1105,1117,12,12,0,0,"1100-1159",0,"",0,70,74,52,1,264,2,NA,NA,NA,NA,NA,NA,NA,NA
2011,1,2,21,1,2011-02-21,"MQ",20398,"MQ","N833MQ",4188,13930,1393001,30977,"ORD","Chicago, IL","IL",17,"Illinois",41,10135,1013501,30135,"ABE","Allentown/Bethlehem/Easton, PA","PA",42,"Pennsylvania",23,1600,1627,27,27,1,1,"1600-1659",22,1649,1908,2,1855,1910,15,15,1,1,"1800-1859",0,"",0,115,103,79,1,654,3,0,15,0,0,0,NA,NA,NA
2011,1,2,3,4,2011-02-03,"MQ",20398,"MQ","N658MQ",3930,13930,1393001,30977,"ORD","Chicago, IL","IL",17,"Illinois",41,13871,1387101,33316,"OMA","Omaha, NE","NE",31,"Nebraska",65,2050,NA,NA,NA,NA,NA,"2000-2059",NA,NA,NA,NA,2225,NA,NA,NA,NA,NA,"2200-2259",1,"B",0,95,NA,NA,1,416,2,NA,NA,NA,NA,NA,NA,NA,NA
2011,1,2,25,5,2011-02-25,"UA",19977,"UA","N808UA",454,13930,1393001,30977,"ORD","Chicago, IL","IL",17,"Illinois",41,12892,1289201,32575,"LAX","Los Angeles, CA","CA",6,"California",91,2145,2139,-6,0,0,-1,"2100-2159",14,2153,21,7,21,28,7,7,0,0,"0001-0559",0,"",0,276,289,268,1,1745,7,NA,NA,NA,NA,NA,NA,NA,NA
2011,1,2,19,6,2011-02-19,"AA",19805,"AA","N4YNAA",2529,13930,1393001,30977,"ORD","Chicago, IL","IL",17,"Illinois",41,13495,1349501,33495,"MSY","New Orleans, LA","LA",22,"Louisiana",72,1840,1840,0,0,0,0,"1800-1859",19,1859,2054,3,2055,2057,2,2,0,0,"2000-2059",0,"",0,135,137,115,1,837,4,NA,NA,NA,NA,NA,NA,NA,NA
2011,1,2,21,1,2011-02-21,"CO",19704,"CO","N56859",547,13930,1393001,30977,"ORD","Chicago, IL","IL",17,"Illinois",41,12266,1226602,31453,"IAH","Houston, TX","TX",48,"Texas",74,1400,1741,221,221,1,12,"1400-1459",13,1754,2007,7,1640,2014,214,214,1,12,"1600-1659",0,"",0,160,153,133,1,925,4,37,0,0,0,177,NA,NA,NA
2011,1,2,1,2,2011-02-01,"OO",20304,"OO","N782SK",6567,13930,1393001,30977,"ORD","Chicago, IL","IL",17,"Illinois",41,11109,1110901,30189,"COS","Colorado Springs, CO","CO",8,"Colorado",82,2005,NA,NA,NA,NA,NA,"2000-2059",NA,NA,NA,NA,2149,NA,NA,NA,NA,NA,"2100-2159",1,"B",0,164,NA,NA,1,911,4,NA,NA,NA,NA,NA,NA,NA,NA
2011,1,2,12,6,2011-02-12,"MQ",20398,"MQ","N836MQ",4182,13930,1393001,30977,"ORD","Chicago, IL","IL",17,"Illinois",41,10135,1013501,30135,"ABE","Allentown/Bethlehem/Easton, PA","PA",42,"Pennsylvania",23,815,811,-4,0,0,-1,"0800-0859",34,845,1110,3,1110,1113,3,3,0,0,"1100-1159",0,"",0,115,122,85,1,654,3,NA,NA,NA,NA,NA,NA,NA,NA
