"Year","Quarter","Month","DayofMonth","DayOfWeek","FlightDate","UniqueCarrier","AirlineID","Carrier","TailNum","FlightNum","OriginAirportID","OriginAirportSeqID","OriginCityMarketID","Origin","OriginCityName","OriginState","OriginStateFips","OriginStateName","OriginWac","DestAirportID","DestAirportSeqID","DestCityMarketID","Dest","DestCityName","DestState","DestStateFips","DestStateName","DestWac","CRSDepTime","DepTime","DepDelay","DepDelayMinutes","DepDel15","DepartureDelayGroups","DepTimeBlk","TaxiOut","WheelsOff","WheelsOn","TaxiIn","CRSArrTime","ArrTime","ArrDelay","ArrDelayMinutes","ArrDel15","ArrivalDelayGroups","ArrTimeBlk","Cancelled","CancellationCode","Diverted","CRSElapsedTime","ActualElapsedTime","AirTime","Flights","Distance","DistanceGroup","CarrierDelay","WeatherDelay","NASDelay","SecurityDelay","LateAircraftDelay","FirstDepTime","TotalAddGTime","LongestAddGTime"
2011,4,12,9,5,2011-12-09,"AA",19805,"AA","N3AMAA",1247,13930,1393002,30977,"ORD","Chicago, IL","IL",17,"Illinois",41,12892,1289203,32575,"LAX","Los Angeles, CA","CA",6,"California",91,1105,1102,-3,0,0,-1,"1100-1159",13,1115,1259,10,1335,1309,-26,0,0,-2,"1300-1359",0,"",0,270,247,224,1,1745,7,NA,NA,NA,NA,NA,NA,NA,NA
2011,4,12,14,3,2011-12-14,"AA",19805,"AA","N397AA",1682,13930,1393002,30977,"ORD","Chicago, IL","IL",17,"Illinois",41,13303,1330303,32467,"MIA","Miami, FL","FL",12,"Florida",33,1400,1416,16,16,1,1,"1400-1459",14,1430,1800,6,1805,1806,1,1,0,0,"1800-1859",0,"",0,185,170,150,1,1197,5,NA,NA,NA,NA,NA,NA,NA,NA
2011,4,12,26,1,2011-12-26,"UA",19977,"UA","N480UA",968,13930,1393002,30977,"ORD","Chicago, IL","IL",17,"Illinois",41,10529,1052903,30529,"BDL","Hartford, CT","CT",9,"Connecticut",11,2111,2158,47,47,1,3,"2100-2159",20,2218,48,4,14,52,38,38,1,2,"0001-0559",0,"",0,123,114,90,1,783,4,0,0,0,0,38,NA,NA,NA
2011,4,12,1,4,2011-12-01,"AA",19805,"AA","N3APAA",556,13930,1393002,30977,"ORD","Chicago, IL","IL",17,"Illinois",41,11697,1169703,32467,"FLL","Fort Lauderdale, FL","FL",12,"Florida",33,1750,1752,2,2,0,0,"1700-1759",10,1802,2132,4,2145,2136,-9,0,0,-1,"2100-2159",0,"",0,175,164,150,1,1182,5,NA,NA,NA,NA,NA,NA,NA,NA
2011,4,12,19,1,2011-12-19,"AA",19805,"AA","N546AA",2337,13930,1393002,30977,"ORD","Chicago, IL","IL",17,"Illinois",41,11298,1129803,30194,"DFW","Dallas/Fort Worth, TX","TX",48,"Texas",74,1545,1543,-2,0,0,-1,"1500-1559",20,1603,1820,22,1820,1842,22,22,1,1,"1800-1859",0,"",0,155,179,137,1,802,4,0,0,22,0,0,NA,NA,NA
2011,4,12,13,2,2011-12-13,"US",20355,"US","N548UW",195,13930,1393002,30977,"ORD","Chicago, IL","IL",17,"Illinois",41,14107,1410702,30466,"PHX","Phoenix, AZ","AZ",4,"Arizona",81,655,643,-12,0,0,-1,"0600-0659",17,700,951,3,946,954,8,8,0,0,"0900-0959",0,"",0,231,251,231,1,1440,6,NA,NA,NA,NA,NA,NA,NA,NA
2011,4,12,21,3,2011-12-21,"UA",19977,"UA","N452UA",943,13930,1393002,30977,"ORD","Chicago, IL","IL",17,"Illinois",41,12892,1289203,32575,"LAX","Los Angeles, CA","CA",6,"California",91,1745,1743,-2,0,0,-1,"1700-1759",26,1809,2000,6,2020,2006,-14,0,0,-1,"2000-2059",0,"",0,275,263,231,1,1745,7,NA,NA,NA,NA,NA,NA,NA,NA
2011,4,12,4,7,2011-12-04,"XE",20374,"XE","N34111",6136,13930,1393002,30977,"ORD","Chicago, IL","IL",17,"Illinois",41,15412,1541202,35412,"TYS","Knoxville, TN","TN",47,"Tennessee",54,2119,2114,-5,0,0,-1,"2100-2159",11,2125,2333,1,2347,2334,-13,0,0,-1,"2300-2359",0,"",0,88,80,68,1,475,2,NA,NA,NA,NA,NA,NA,NA,NA
2011,4,12,15,4,2011-12-15,"MQ",20398,"MQ","N1EAMQ",3828,13930,1393002,30977,"ORD","Chicago, IL","IL",17,"Illinois",41,11278,1127802,30852,"DCA","Washington, DC","VA",51,"Virginia",38,1205,1200,-5,0,0,-1,"1200-1259",14,1214,1426,3,1450,1429,-21,0,0,-2,"1400-1459",0,"",0,105,89,72,1,612,3,NA,NA,NA,NA,NA,NA,NA,NA
2011,4,12,2,5,2011-12-02,"AA",19805,"AA","N3BCAA",451,13930,1393002,30977,"ORD","Chicago, IL","IL",17,"Illinois",41,14771,1477101,32457,"SFO","San Francisco, CA","CA",6,"California",91,1005,1006,1,1,0,0,"1000-1059",10,1016,1216,3,1250,1219,-31,0,0,-2,"1200-1259",0,"",0,285,253,240,1,1846,8,NA,NA,NA,NA,NA,NA,NA,NA
2011,4,12,15,4,2011-12-15,"XE",20374,"XE","N13975",6030,13930,1393002,30977,"ORD","Chicago, IL","IL",17,"Illinois",41,11003,1100303,31003,"CID","Cedar Rapids/Iowa City, IA","IA",19,"Iowa",61,945,1104,79,79,1,5,"0900-0959",7,1111,1148,4,1048,1152,64,64,1,4,"1000-1059",0,"",0,63,48,37,1,196,1,0,0,0,0,64,NA,NA,NA
2011,4,12,31,6,2011-12-31,"MQ",20398,"MQ","N503MQ",3748,13930,1393002,30977,"ORD","Chicago, IL","IL",17,"Illinois",41,13487,1348702,31650,"MSP","Minneapolis, MN","MN",27,"Minnesota",63,730,726,-4,0,0,-1,"0700-0759",11,737,840,4,900,844,-16,0,0,-2,"0900-0959",0,"",0,90,78,63,1,334,2,NA,NA,NA,NA,NA,NA,NA,NA
2011,4,12,15,4,2011-12-15,"XE",20374,"XE","N17560",6005,13930,1393002,30977,"ORD","Chicago, IL","IL",17,"Illinois",41,11146,1114603,31146,"CRW","Charleston/Dunbar, WV","WV",54,"West Virginia",39,1306,1304,-2,0,0,-1,"1300-1359",26,1330,1532,4,1531,1536,5,5,0,0,"1500-1559",0,"",0,85,92,62,1,417,2,NA,NA,NA,NA,NA,NA,NA,NA
2011,4,12,6,2,2011-12-06,"AA",19805,"AA","N3DEAA",572,13930,1393002,30977,"ORD","Chicago, IL","IL",17,"Illinois",41,12478,1247802,31703,"JFK","New York, NY","NY",36,"New York",22,1300,1328,28,28,1,1,"1300-1359",13,1341,1623,23,1610,1646,36,36,1,2,"1600-1659",0,"",0,130,138,102,1,740,3,0,0,36,0,0,NA,NA,NA
2011,4,12,31,6,2011-12-31,"MQ",20398,"MQ","N900MQ",3930,13930,1393002,30977,"ORD","Chicago, IL","IL",17,"Illinois",41,13871,1387102,33316,"OMA","Omaha, NE","NE",31,"Nebraska",65,1910,1922,12,12,0,0,"1900-1959",19,1941,2052,8,2045,2100,15,15,1,1,"2000-2059",0,"",0,95,98,71,1,416,2,12,0,3,0,0,NA,NA,NA
2011,4,12,8,4,2011-12-08,"UA",19977,"UA","N595UA",839,13930,1393002,30977,"ORD","Chicago, IL","IL",17,"Illinois",41,12892,1289203,32575,"LAX","Los Angeles, CA","CA",6,"California",91,1840,1900,20,20,1,1,"1800-1859",9,1909,2104,8,2105,2112,7,7,0,0,"2100-2159",0,"",0,265,252,235,1,1745,7,NA,NA,NA,NA,NA,NA,NA,NA
2011,4,12,16,5,2011-12-16,"AA",19805,"AA","N3BHAA",1210,13930,1393002,30977,"ORD","Chicago, IL","IL",17,"Illinois",41,10721,1072102,30721,"BOS","Boston, MA","MA",25,"Massachusetts",13,1210,1204,-6,0,0,-1,"1200-1259",12,1216,1449,8,1515,1457,-18,0,0,-2,"1500-1559",0,"",0,125,113,93,1,867,4,NA,NA,NA,NA,NA,NA,NA,NA
2011,4,12,14,3,2011-12-14,"AA",19805,"AA","N3ALAA",1407,13930,1393002,30977,"ORD","Chicago, IL","IL",17,"Illinois",41,12892,1289203,32575,"LAX","Los Angeles, CA","CA",6,"California",91,1410,1430,20,20,1,1,"1400-1459",15,1445,1646,7,1640,1653,13,13,0,0,"1600-1659",0,"",0,270,263,241,1,1745,7,NA,NA,NA,NA,NA,NA,NA,NA
2011,4,12,29,4,2011-12-29,"MQ",20398,"MQ","N618MQ",4308,13930,1393002,30977,"ORD","Chicago, IL","IL",17,"Illinois",41,10693,1069302,30693,"BNA","Nashville, TN","TN",47,"Tennessee",54,2030,2047,17,17,1,1,"2000-2059",16,2103,2202,9,2200,2211,11,11,0,0,"2200-2259",0,"",0,90,84,59,1,409,2,NA,NA,NA,NA,NA,NA,NA,NA
2011,4,12,11,7,2011-12-11,"AA",19805,"AA","N4YCAA",350,13930,1393002,30977,"ORD","Chicago, IL","IL",17,"Illinois",41,12953,1295302,31703,"LGA","New York, NY","NY",36,"New York",22,1805,1933,88,88,1,5,"1800-1859",16,1949,2228,4,2115,2232,77,77,1,5,"2100-2159",0,"",0,130,119,99,1,733,3,77,0,0,0,0,NA,NA,NA
2011,4,12,16,5,2011-12-16,"UA",19977,"UA","N580UA",841,13930,1393002,30977,"ORD","Chicago, IL","IL",17,"Illinois",41,12892,1289203,32575,"LAX","Los Angeles, CA","CA",6,"California",91,1400,1419,19,19,1,1,"1400-1459",13,1432,1605,5,1632,1610,-22,0,0,-2,"1600-1659",0,"",0,272,231,213,1,1745,7,NA,NA,NA,NA,NA,NA,NA,NA
2011,4,12,20,2,2011-12-20,"UA",19977,"UA","N580UA",402,13930,1393002,30977,"ORD","Chicago, IL","IL",17,"Illinois",41,11292,1129202,30325,"DEN","Denver, CO","CO",8,"Colorado",82,600,600,0,0,0,0,"0600-0659",16,616,716,6,740,722,-18,0,0,-2,"0700-0759",0,"",0,160,142,120,1,888,4,NA,NA,NA,NA,NA,NA,NA,NA
2011,4,12,16,5,2011-12-16,"OO",20304,"OO","N748SK",6334,13930,1393002,30977,"ORD","Chicago, IL","IL",17,"Illinois",41,14122,1412202,30198,"PIT","Pittsburgh, PA","PA",42,"Pennsylvania",23,1600,1606,6,6,0,0,"1600-1659",19,1625,1823,6,1822,1829,7,7,0,0,"1800-1859",0,"",0,82,83,58,1,413,2,NA,NA,NA,NA,NA,NA,NA,NA
2011,4,12,15,4,2011-12-15,"MQ",20398,"MQ","N830MQ",4094,13930,1393002,30977,"ORD","Chicago, IL","IL",17,"Illinois",41,15096,1509602,35096,"SYR","Syracuse, NY","NY",36,"New York",22,825,820,-5,0,0,-1,"0800-0859",15,835,1045,4,1115,1049,-26,0,0,-2,"1100-1159",0,"",0,110,89,70,1,607,3,NA,NA,NA,NA,NA,NA,NA,NA
2011,4,12,1,4,2011-12-01,"UA",19977,"UA","N768UA",949,13930,1393002,30977,"ORD","Chicago, IL","IL",17,"Illinois",41,11292,1129202,30325,"DEN","Denver, CO","CO",8,"Colorado",82,1845,1842,-3,0,0,-1,"1800-1859",17,1859,2029,8,2025,2037,12,12,0,0,"2000-2059",0,"",0,160,175,150,1,888,4,NA,NA,NA,NA,NA,NA,NA,NA
2011,4,12,8,4,2011-12-08,"XE",20374,"XE","N13979",6023,13930,1393002,30977,"ORD","Chicago, IL","IL",17,"Illinois",41,10434,1043402,30434,"AVP","Scranton/Wilkes-Barre, PA","PA",42,"Pennsylvania",23,1900,1858,-2,0,0,-1,"1900-1959",10,1908,2127,3,2147,2130,-17,0,0,-2,"2100-2159",0,"",0,107,92,79,1,632,3,NA,NA,NA,NA,NA,NA,NA,NA
2011,4,12,20,2,2011-12-20,"XE",20374,"XE","N14117",5933,13930,1393002,30977,"ORD","Chicago, IL","IL",17,"Illinois",41,12992,1299203,32600,"LIT","Little Rock, AR","AR",5,"Arkansas",71,822,821,-1,0,0,-1,"0800-0859",15,836,1026,7,1012,1033,21,21,1,1,"1000-1059",0,"",0,110,132,110,1,552,3,0,0,21,0,0,NA,NA,NA
2011,4,12,9,5,2011-12-09,"AA",19805,"AA","N540AA",2349,13930,1393002,30977,"ORD","Chicago, IL","IL",17,"Illinois",41,11298,1129803,30194,"DFW","Dallas/Fort Worth, TX","TX",48,"Texas",74,1855,1858,3,3,0,0,"1800-1859",12,1910,2114,4,2130,2118,-12,0,0,-1,"2100-2159",0,"",0,155,140,124,1,802,4,NA,NA,NA,NA,NA,NA,NA,NA
2011,4,12,1,4,2011-12-01,"XE",20374,"XE","N11155",6025,13930,1393002,30977,"ORD","Chicago, IL","IL",17,"Illinois",41,10693,1069302,30693,"BNA","Nashville, TN","TN",47,"Tennessee",54,1344,1349,5,5,0,0,"1300-1359",12,1401,1503,5,1509,1508,-1,0,0,-1,"1500-1559",0,"",0,85,79,62,1,409,2,NA,NA,NA,NA,NA,NA,NA,NA
2011,4,12,13,2,2011-12-13,"UA",19977,"UA","N426UA",434,13930,1393002,30977,"ORD","Chicago, IL","IL",17,"Illinois",41,11066,1106602,31066,"CMH","Columbus, OH","OH",39,"Ohio",44,700,653,-7,0,0,-1,"0700-0759",18,711,903,3,913,906,-7,0,0,-1,"0900-0959",0,"",0,73,73,52,1,296,2,NA,NA,NA,NA,NA,NA,NA,NA
2011,4,12,11,7,2011-12-11,"YV",20378,"YV","N504MJ",3777,13930,1393002,30977,"ORD","Chicago, IL","IL",17,"Illinois",41,14696,1469604,34696,"SBN","South Bend, IN","IN",18,"Indiana",42,1710,1659,-11,0,0,-1,"1700-1759",15,1714,1833,2,1851,1835,-16,0,0,-2,"1800-1859",0,"",0,41,36,19,1,84,1,NA,NA,NA,NA,NA,NA,NA,NA
2011,4,12,12,1,2011-12-12,"AA",19805,"AA","N380AA",1682,13930,1393002,30977,"ORD","Chicago, IL","IL",17,"Illinois",41,13303,1330303,32467,"MIA","Miami, FL","FL",12,"Florida",33,1400,1359,-1,0,0,-1,"1400-1459",16,1415,1747,9,1805,1756,-9,0,0,-1,"1800-1859",0,"",0,185,177,152,1,1197,5,NA,NA,NA,NA,NA,NA,NA,NA
2011,4,12,17,6,2011-12-17,"MQ",20398,"MQ","N620MQ",4140,13930,1393002,30977,"ORD","Chicago, IL","IL",17,"Illinois",41,13198,1319801,33198,"MCI","Kansas City, MO","MO",29,"Missouri",64,1115,1303,108,108,1,7,"1100-1159",11,1314,1417,3,1245,1420,95,95,1,6,"1200-1259",0,"",0,90,77,63,1,403,2,0,0,26,0,69,NA,NA,NA
2011,4,12,23,5,2011-12-23,"AA",19805,"AA","N595AA",370,13930,1393002,30977,"ORD","Chicago, IL","IL",17,"Illinois",41,12953,1295302,31703,"LGA","New York, NY","NY",36,"New York",22,1310,1302,-8,0,0,-1,"1300-1359",11,1313,1540,6,1615,1546,-29,0,0,-2,"1600-1659",0,"",0,125,104,87,1,733,3,NA,NA,NA,NA,NA,NA,NA,NA
2011,4,12,15,4,2011-12-15,"XE",20374,"XE","N13975",5993,13930,1393002,30977,"ORD","Chicago, IL","IL",17,"Illinois",41,15370,1537002,34653,"TUL","Tulsa, OK","OK",40,"Oklahoma",73,2010,2024,14,14,0,0,"2000-2059",12,2036,2219,4,2207,2223,16,16,1,1,"2200-2259",0,"",0,117,119,103,1,585,3,0,0,2,0,14,NA,NA,NA
2011,4,12,31,6,2011-12-31,"UA",19977,"UA","N410UA",533,13930,1393002,30977,"ORD","Chicago, IL","IL",17,"Illinois",41,14492,1449202,34492,"RDU","Raleigh/Durham, NC","NC",37,"North Carolina",36,1939,1949,10,10,0,0,"1900-1959",17,2006,2234,5,2240,2239,-1,0,0,-1,"2200-2259",0,"",0,121,110,88,1,646,3,NA,NA,NA,NA,NA,NA,NA,NA
2011,4,12,6,2,2011-12-06,"AA",19805,"AA","N437AA",782,13930,1393002,30977,"ORD","Chicago, IL","IL",17,"Illinois",41,15304,1530402,33195,"TPA","Tampa, FL","FL",12,"Florida",33,1800,1753,-7,0,0,-1,"1800-1859",16,1809,2131,5,2130,2136,6,6,0,0,"2100-2159",0,"",0,150,163,142,1,1012,5,NA,NA,NA,NA,NA,NA,NA,NA
2011,4,12,21,3,2011-12-21,"AA",19805,"AA","N515AA",569,13930,1393002,30977,"ORD","Chicago, IL","IL",17,"Illinois",41,11697,1169703,32467,"FLL","Fort Lauderdale, FL","FL",12,"Florida",33,1000,956,-4,0,0,-1,"1000-1059",11,1007,1345,5,1355,1350,-5,0,0,-1,"1300-1359",0,"",0,175,174,158,1,1182,5,NA,NA,NA,NA,NA,NA,NA,NA
2011,4,12,27,2,2011-12-27,"MQ",20398,"MQ","N695MQ",4139,13930,1393002,30977,"ORD","Chicago, IL","IL",17,"Illinois",41,14524,1452401,34524,"RIC","Richmond, VA","VA",51,"Virginia",38,740,737,-3,0,0,-1,"0700-0759",16,753,1035,9,1035,1044,9,9,0,0,"1000-1059",0,"",0,115,127,102,1,642,3,NA,NA,NA,NA,NA,NA,NA,NA
2011,4,12,21,3,2011-12-21,"UA",19977,"UA","N547UA",431,13930,1393002,30977,"ORD","Chicago, IL","IL",17,"Illinois",41,14771,1477101,32457,"SFO","San Francisco, CA","CA",6,"California",91,1400,1423,23,23,1,1,"1400-1459",15,1438,1643,4,1647,1647,0,0,0,0,"1600-1659",0,"",0,287,264,245,1,1846,8,NA,NA,NA,NA,NA,NA,NA,NA
2011,4,12,26,1,2011-12-26,"US",20355,"US","N524UW",114,13930,1393002,30977,"ORD","Chicago, IL","IL",17,"Illinois",41,11057,1105703,31057,"CLT","Charlotte, NC","NC",37,"North Carolina",36,745,746,1,1,0,0,"0700-0759",24,810,1034,10,1040,1044,4,4,0,0,"1000-1059",0,"",0,115,118,84,1,599,3,NA,NA,NA,NA,NA,NA,NA,NA
2011,4,12,16,5,2011-12-16,"EV",20366,"EV","N829AS",5763,13930,1393002,30977,"ORD","Chicago, IL","IL",17,"Illinois",41,15096,1509602,35096,"SYR","Syracuse, NY","NY",36,"New York",22,1335,1330,-5,0,0,-1,"1300-1359",15,1345,1611,3,1617,1614,-3,0,0,-1,"1600-1659",0,"",0,102,104,86,1,607,3,NA,NA,NA,NA,NA,NA,NA,NA
2011,4,12,19,1,2011-12-19,"UA",19977,"UA","N561UA",711,13930,1393002,30977,"ORD","Chicago, IL","IL",17,"Illinois",41,12892,1289203,32575,"LAX","Los Angeles, CA","CA",6,"California",91,640,637,-3,0,0,-1,"0600-0659",13,650,846,11,911,857,-14,0,0,-1,"0900-0959",0,"",0,271,260,236,1,1745,7,NA,NA,NA,NA,NA,NA,NA,NA
2011,4,12,25,7,2011-12-25,"AA",19805,"AA","N473AA",2337,13930,1393002,30977,"ORD","Chicago, IL","IL",17,"Illinois",41,11298,1129803,30194,"DFW","Dallas/Fort Worth, TX","TX",48,"Texas",74,1545,1554,9,9,0,0,"1500-1559",10,1604,1801,4,1820,1805,-15,0,0,-1,"1800-1859",0,"",0,155,131,117,1,802,4,NA,NA,NA,NA,NA,NA,NA,NA
2011,4,12,8,4,2011-12-08,"MQ",20398,"MQ","N644MQ",4175,13930,1393002,30977,"ORD","Chicago, IL","IL",17,"Illinois",41,11423,1142303,31423,"DSM","Des Moines, IA","IA",19,"Iowa",61,2155,2212,17,17,1,1,"2100-2159",12,2224,2318,5,2310,2323,13,13,0,0,"2300-2359",0,"",0,75,71,54,1,299,2,NA,NA,NA,NA,NA,NA,NA,NA
2011,4,12,28,3,2011-12-28,"OO",20304,"OO","N756SK",5367,13930,1393002,30977,"ORD","Chicago, IL","IL",17,"Illinois",41,11109,1110902,30189,"COS","Colorado Springs, CO","CO",8,"Colorado",82,2030,2030,0,0,0,0,"2000-2059",12,2042,2148,4,2207,2152,-15,0,0,-1,"2200-2259",0,"",0,157,142,126,1,911,4,NA,NA,NA,NA,NA,NA,NA,NA
2011,4,12,1,4,2011-12-01,"OO",20304,"OO","N908SW",5587,13930,1393002,30977,"ORD","Chicago, IL","IL",17,"Illinois",41,10408,1040802,30408,"ATW","Appleton, WI","WI",55,"Wisconsin",45,1007,1017,10,10,0,0,"1000-1059",12,1029,1102,4,1059,1106,7,7,0,0,"1000-1059",0,"",0,52,49,33,1,160,1,NA,NA,NA,NA,NA,NA,NA,NA
2011,4,12,26,1,2011-12-26,"MQ",20398,"MQ","N542MQ",3715,13930,1393002,30977,"ORD","Chicago, IL","IL",17,"Illinois",41,14100,1410002,34100,"PHL","Philadelphia, PA","PA",42,"Pennsylvania",23,2230,2230,0,0,0,0,"2200-2259",22,2252,117,9,115,126,11,11,0,0,"0001-0559",0,"",0,105,116,85,1,678,3,NA,NA,NA,NA,NA,NA,NA,NA
2011,4,12,23,5,2011-12-23,"AA",19805,"AA","N595AA",370,13930,1393002,30977,"ORD","Chicago, IL","IL",17,"Illinois",41,12953,1295302,31703,"LGA","New York, NY","NY",36,"New York",22,1310,1302,-8,0,0,-1,"1300-1359",11,1313,1540,6,1615,1546,-29,0,0,-2,"1600-1659",0,"",0,125,104,87,1,733,3,NA,NA,NA,NA,NA,NA,NA,NA
2011,4,12,16,5,2011-12-16,"MQ",20398,"MQ","N662MQ",4022,13930,1393002,30977,"ORD","Chicago, IL","IL",17,"Illinois",41,12451,1245102,31136,"JAX","Jacksonville, FL","FL",12,"Florida",33,1305,1321,16,16,1,1,"1300-1359",14,1335,1629,3,1620,1632,12,12,0,0,"1600-1659",0,"",0,135,131,114,1,864,4,NA,NA,NA,NA,NA,NA,NA,NA
2011,4,12,25,7,2011-12-25,"CO",19704,"CO","N17244",1280,13930,1393002,30977,"ORD","Chicago, IL","IL",17,"Illinois",41,11292,1129202,30325,"DEN","Denver, CO","CO",8,"Colorado",82,1950,1956,6,6,0,0,"1900-1959",8,2004,2057,8,2123,2105,-18,0,0,-2,"2100-2159",0,"",0,153,129,113,1,888,4,NA,NA,NA,NA,NA,NA,NA,NA
2011,4,12,15,4,2011-12-15,"XE",20374,"XE","N13975",6030,13930,1393002,30977,"ORD","Chicago, IL","IL",17,"Illinois",41,11003,1100303,31003,"CID","Cedar Rapids/Iowa City, IA","IA",19,"Iowa",61,945,1104,79,79,1,5,"0900-0959",7,1111,1148,4,1048,1152,64,64,1,4,"1000-1059",0,"",0,63,48,37,1,196,1,0,0,0,0,64,NA,NA,NA
2011,4,12,15,4,2011-12-15,"XE",20374,"XE","N17560",6005,13930,1393002,30977,"ORD","Chicago, IL","IL",17,"Illinois",41,11146,1114603,31146,"CRW","Charleston/Dunbar, WV","WV",54,"West Virginia",39,1306,1304,-2,0,0,-1,"1300-1359",26,1330,1532,4,1531,1536,5,5,0,0,"1500-1559",0,"",0,85,92,62,1,417,2,NA,NA,NA,NA,NA,NA,NA,NA
2011,4,12,27,2,2011-12-27,"MQ",20398,"MQ","N923MQ",3918,13930,1393002,30977,"ORD","Chicago, IL","IL",17,"Illinois",41,11267,1126702,31267,"DAY","Dayton, OH","OH",39,"Ohio",44,2200,2242,42,42,1,2,"2200-2259",10,2252,33,5,5,38,33,33,1,2,"0001-0559",0,"",0,65,56,41,1,240,1,0,0,0,0,33,NA,NA,NA
2011,4,12,14,3,2011-12-14,"XE",20374,"XE","N12957",5894,13930,1393002,30977,"ORD","Chicago, IL","IL",17,"Illinois",41,12945,1294503,32945,"LEX","Lexington, KY","KY",21,"Kentucky",52,1305,1448,103,103,1,6,"1300-1359",9,1457,1651,3,1514,1654,100,100,1,6,"1500-1559",0,"",0,69,66,54,1,324,2,43,0,0,0,57,1359,32,32
2011,4,12,5,1,2011-12-05,"AA",19805,"AA","N3EWAA",485,13930,1393002,30977,"ORD","Chicago, IL","IL",17,"Illinois",41,15370,1537002,34653,"TUL","Tulsa, OK","OK",40,"Oklahoma",73,1725,1720,-5,0,0,-1,"1700-1759",22,1742,1922,5,1915,1927,12,12,0,0,"1900-1959",0,"",0,110,127,100,1,585,3,NA,NA,NA,NA,NA,NA,NA,NA
2011,4,12,10,6,2011-12-10,"XE",20374,"XE","N14993",5844,13930,1393002,30977,"ORD","Chicago, IL","IL",17,"Illinois",41,13198,1319801,33198,"MCI","Kansas City, MO","MO",29,"Missouri",64,1230,1229,-1,0,0,-1,"1200-1259",9,1238,1342,7,1405,1349,-16,0,0,-2,"1400-1459",0,"",0,95,80,64,1,403,2,NA,NA,NA,NA,NA,NA,NA,NA
2011,4,12,11,7,2011-12-11,"XE",20374,"XE","N16961",6020,13930,1393002,30977,"ORD","Chicago, IL","IL",17,"Illinois",41,11423,1142303,31423,"DSM","Des Moines, IA","IA",19,"Iowa",61,1215,1208,-7,0,0,-1,"1200-1259",30,1238,1329,3,1324,1332,8,8,0,0,"1300-1359",0,"",0,69,84,51,1,299,2,NA,NA,NA,NA,NA,NA,NA,NA
2011,4,12,21,3,2011-12-21,"EV",20366,"EV","N834AS",5761,13930,1393002,30977,"ORD","Chicago, IL","IL",17,"Illinois",41,14685,1468502,34685,"SAV","Savannah, GA","GA",13,"Georgia",34,1946,2158,132,132,1,8,"1900-1959",12,2210,52,4,2255,56,121,121,1,8,"2200-2259",0,"",0,129,118,102,1,773,4,0,0,0,0,121,NA,NA,NA
2011,4,12,16,5,2011-12-16,"OO",20304,"OO","N748SK",6334,13930,1393002,30977,"ORD","Chicago, IL","IL",17,"Illinois",41,14122,1412202,30198,"PIT","Pittsburgh, PA","PA",42,"Pennsylvania",23,1600,1606,6,6,0,0,"1600-1659",19,1625,1823,6,1822,1829,7,7,0,0,"1800-1859",0,"",0,82,83,58,1,413,2,NA,NA,NA,NA,NA,NA,NA,NA
2011,4,12,1,4,2011-12-01,"MQ",20398,"MQ","N656MQ",4019,13930,1393002,30977,"ORD","Chicago, IL","IL",17,"Illinois",41,13230,1323002,32070,"MDT","Harrisburg, PA","PA",42,"Pennsylvania",23,1345,1340,-5,0,0,-1,"1300-1359",10,1350,1609,4,1630,1613,-17,0,0,-2,"1600-1659",0,"",0,105,93,79,1,594,3,NA,NA,NA,NA,NA,NA,NA,NA
2011,4,12,9,5,2011-12-09,"UA",19977,"UA","N498UA",677,13930,1393002,30977,"ORD","Chicago, IL","IL",17,"Illinois",41,13487,1348702,31650,"MSP","Minneapolis, MN","MN",27,"Minnesota",63,2052,2143,51,51,1,3,"2000-2059",19,2202,2301,4,2215,2305,50,50,1,3,"2200-2259",0,"",0,83,82,59,1,334,2,0,0,0,0,50,NA,NA,NA
2011,4,12,22,4,2011-12-22,"UA",19977,"UA","N462UA",242,13930,1393002,30977,"ORD","Chicago, IL","IL",17,"Illinois",41,14307,1430702,30721,"PVD","Providence, RI","RI",44,"Rhode Island",15,1331,1346,15,15,1,1,"1300-1359",16,1402,1639,2,1641,1641,0,0,0,0,"1600-1659",0,"",0,130,115,97,1,849,4,NA,NA,NA,NA,NA,NA,NA,NA
2011,4,12,30,5,2011-12-30,"XE",20374,"XE","N13988",6019,13930,1393002,30977,"ORD","Chicago, IL","IL",17,"Illinois",41,10785,1078502,30785,"BTV","Burlington, VT","VT",50,"Vermont",16,833,828,-5,0,0,-1,"0800-0859",16,844,1119,6,1135,1125,-10,0,0,-1,"1100-1159",0,"",0,122,117,95,1,763,4,NA,NA,NA,NA,NA,NA,NA,NA
2011,4,12,5,1,2011-12-05,"XE",20374,"XE","N16541",6142,13930,1393002,30977,"ORD","Chicago, IL","IL",17,"Illinois",41,10994,1099402,30994,"CHS","Charleston, SC","SC",45,"South Carolina",37,1857,1905,8,8,0,0,"1800-1859",15,1920,2205,4,2200,2209,9,9,0,0,"2200-2259",0,"",0,123,124,105,1,760,4,NA,NA,NA,NA,NA,NA,NA,NA
2011,4,12,26,1,2011-12-26,"MQ",20398,"MQ","N644MQ",4120,13930,1393002,30977,"ORD","Chicago, IL","IL",17,"Illinois",41,15412,1541202,35412,"TYS","Knoxville, TN","TN",47,"Tennessee",54,1955,1950,-5,0,0,-1,"1900-1959",15,2005,2216,6,2230,2222,-8,0,0,-1,"2200-2259",0,"",0,95,92,71,1,475,2,NA,NA,NA,NA,NA,NA,NA,NA
2011,4,12,1,4,2011-12-01,"MQ",20398,"MQ","N656MQ",4019,13930,1393002,30977,"ORD","Chicago, IL","IL",17,"Illinois",41,13230,1323002,32070,"MDT","Harrisburg, PA","PA",42,"Pennsylvania",23,1345,1340,-5,0,0,-1,"1300-1359",10,1350,1609,4,1630,1613,-17,0,0,-2,"1600-1659",0,"",0,105,93,79,1,594,3,NA,NA,NA,NA,NA,NA,NA,NA
2011,4,12,25,7,2011-12-25,"OO",20304,"OO","N713SK",6331,13930,1393002,30977,"ORD","Chicago, IL","IL",17,"Illinois",41,11109,1110902,30189,"COS","Colorado Springs, CO","CO",8,"Colorado",82,1810,1855,45,45,1,3,"1800-1859",11,1906,1957,7,1945,2004,19,19,1,1,"1900-1959",0,"",0,155,129,111,1,911,4,0,0,0,0,19,NA,NA,NA
2011,4,12,31,6,2011-12-31,"MQ",20398,"MQ","N630MQ",3996,13930,1393002,30977,"ORD","Chicago, IL","IL",17,"Illinois",41,10821,1082103,30852,"BWI","Baltimore, MD","MD",24,"Maryland",35,1020,1015,-5,0,0,-1,"1000-1059",16,1031,1255,7,1315,1302,-13,0,0,-1,"1300-1359",0,"",0,115,107,84,1,622,3,NA,NA,NA,NA,NA,NA,NA,NA
2011,4,12,4,7,2011-12-04,"UA",19977,"UA","N516UA",943,13930,1393002,30977,"ORD","Chicago, IL","IL",17,"Illinois",41,12892,1289203,32575,"LAX","Los Angeles, CA","CA",6,"California",91,1700,1711,11,11,0,0,"1700-1759",12,1723,1919,15,1930,1934,4,4,0,0,"1900-1959",0,"",0,270,263,236,1,1745,7,NA,NA,NA,NA,NA,NA,NA,NA
2011,4,12,27,2,2011-12-27,"XE",20374,"XE","N16546",6138,13930,1393002,30977,"ORD","Chicago, IL","IL",17,"Illinois",41,15380,1538002,35380,"TVC","Traverse City, MI","MI",26,"Michigan",43,1318,1321,3,3,0,0,"1300-1359",20,1341,1522,6,1524,1528,4,4,0,0,"1500-1559",0,"",0,66,67,41,1,224,1,NA,NA,NA,NA,NA,NA,NA,NA
2011,4,12,2,5,2011-12-02,"AA",19805,"AA","N4YLAA",1866,13930,1393002,30977,"ORD","Chicago, IL","IL",17,"Illinois",41,14635,1463502,31714,"RSW","Fort Myers, FL","FL",12,"Florida",33,655,701,6,6,0,0,"0600-0659",21,722,1041,3,1040,1044,4,4,0,0,"1000-1059",0,"",0,165,163,139,1,1120,5,NA,NA,NA,NA,NA,NA,NA,NA
2011,4,12,26,1,2011-12-26,"UA",19977,"UA","N480UA",968,13930,1393002,30977,"ORD","Chicago, IL","IL",17,"Illinois",41,10529,1052903,30529,"BDL","Hartford, CT","CT",9,"Connecticut",11,2111,2158,47,47,1,3,"2100-2159",20,2218,48,4,14,52,38,38,1,2,"0001-0559",0,"",0,123,114,90,1,783,4,0,0,0,0,38,NA,NA,NA
2011,4,12,16,5,2011-12-16,"UA",19977,"UA","N408UA",654,13930,1393002,30977,"ORD","Chicago, IL","IL",17,"Illinois",41,13204,1320402,31454,"MCO","Orlando, FL","FL",12,"Florida",33,630,626,-4,0,0,-1,"0600-0659",8,634,945,6,1007,951,-16,0,0,-2,"1000-1059",0,"",0,157,145,131,1,1005,5,NA,NA,NA,NA,NA,NA,NA,NA
2011,4,12,13,2,2011-12-13,"MQ",20398,"MQ","N625MQ",4384,13930,1393002,30977,"ORD","Chicago, IL","IL",17,"Illinois",41,12945,1294503,32945,"LEX","Lexington, KY","KY",21,"Kentucky",52,940,941,1,1,0,0,"0900-0959",11,952,1144,2,1155,1146,-9,0,0,-1,"1100-1159",0,"",0,75,65,52,1,324,2,NA,NA,NA,NA,NA,NA,NA,NA
2011,4,12,2,5,2011-12-02,"MQ",20398,"MQ","N686MQ",4180,13930,1393002,30977,"ORD","Chicago, IL","IL",17,"Illinois",41,11057,1105703,31057,"CLT","Charlotte, NC","NC",37,"North Carolina",36,1045,1039,-6,0,0,-1,"1000-1059",16,1055,1311,16,1335,1327,-8,0,0,-1,"1300-1359",0,"",0,110,108,76,1,599,3,NA,NA,NA,NA,NA,NA,NA,NA
2011,4,12,18,7,2011-12-18,"OO",20304,"OO","N479CA",5311,13930,1393002,30977,"ORD","Chicago, IL","IL",17,"Illinois",41,13342,1334204,33342,"MKE","Milwaukee, WI","WI",55,"Wisconsin",45,913,916,3,3,0,0,"0900-0959",21,937,958,5,956,1003,7,7,0,0,"0900-0959",0,"",0,43,47,21,1,67,1,NA,NA,NA,NA,NA,NA,NA,NA
2011,4,12,13,2,2011-12-13,"MQ",20398,"MQ","N835MQ",4379,13930,1393002,30977,"ORD","Chicago, IL","IL",17,"Illinois",41,10361,1036102,30361,"ART","Watertown, NY","NY",36,"New York",22,1830,1821,-9,0,0,-1,"1800-1859",24,1845,2101,6,2130,2107,-23,0,0,-2,"2100-2159",0,"",0,120,106,76,1,618,3,NA,NA,NA,NA,NA,NA,NA,NA
2011,4,12,18,7,2011-12-18,"XE",20374,"XE","N13914",6185,13930,1393002,30977,"ORD","Chicago, IL","IL",17,"Illinois",41,11775,1177502,31775,"FSD","Sioux Falls, SD","SD",46,"South Dakota",67,1250,1249,-1,0,0,-1,"1200-1259",10,1259,1412,4,1424,1416,-8,0,0,-1,"1400-1459",0,"",0,94,87,73,1,462,2,NA,NA,NA,NA,NA,NA,NA,NA
2011,4,12,4,7,2011-12-04,"XE",20374,"XE","N16541",5904,13930,1393002,30977,"ORD","Chicago, IL","IL",17,"Illinois",41,13198,1319801,33198,"MCI","Kansas City, MO","MO",29,"Missouri",64,2155,2150,-5,0,0,-1,"2100-2159",10,2200,2314,7,2334,2321,-13,0,0,-1,"2300-2359",0,"",0,99,91,74,1,403,2,NA,NA,NA,NA,NA,NA,NA,NA
2011,4,12,30,5,2011-12-30,"OO",20304,"OO","N807SK",4563,13930,1393002,30977,"ORD","Chicago, IL","IL",17,"Illinois",41,14869,1486903,34614,"SLC","Salt Lake City, UT","UT",49,"Utah",87,730,727,-3,0,0,-1,"0700-0759",11,738,952,4,1015,956,-19,0,0,-2,"1000-1059",0,"",0,225,209,194,1,1250,6,NA,NA,NA,NA,NA,NA,NA,NA
2011,4,12,23,5,2011-12-23,"MQ",20398,"MQ","N697MQ",3982,13930,1393002,30977,"ORD","Chicago, IL","IL",17,"Illinois",41,10693,1069302,30693,"BNA","Nashville, TN","TN",47,"Tennessee",54,1640,1700,20,20,1,1,"1600-1659",13,1713,1818,4,1815,1822,7,7,0,0,"1800-1859",0,"",0,95,82,65,1,409,2,NA,NA,NA,NA,NA,NA,NA,NA
2011,4,12,13,2,2011-12-13,"AA",19805,"AA","N3CDAA",2057,13930,1393002,30977,"ORD","Chicago, IL","IL",17,"Illinois",41,14843,1484303,34819,"SJU","San Juan, PR","PR",72,"Puerto Rico",3,815,814,-1,0,0,-1,"0800-0859",14,828,1417,5,1450,1422,-28,0,0,-2,"1400-1459",0,"",0,275,248,229,1,2072,9,NA,NA,NA,NA,NA,NA,NA,NA
2011,4,12,14,3,2011-12-14,"UA",19977,"UA","N812UA",223,13930,1393002,30977,"ORD","Chicago, IL","IL",17,"Illinois",41,13871,1387102,33316,"OMA","Omaha, NE","NE",31,"Nebraska",65,1014,1010,-4,0,0,-1,"1000-1059",15,1025,1141,5,1142,1146,4,4,0,0,"1100-1159",0,"",0,88,96,76,1,416,2,NA,NA,NA,NA,NA,NA,NA,NA
2011,4,12,1,4,2011-12-01,"MQ",20398,"MQ","N656MQ",4019,13930,1393002,30977,"ORD","Chicago, IL","IL",17,"Illinois",41,13230,1323002,32070,"MDT","Harrisburg, PA","PA",42,"Pennsylvania",23,1345,1340,-5,0,0,-1,"1300-1359",10,1350,1609,4,1630,1613,-17,0,0,-2,"1600-1659",0,"",0,105,93,79,1,594,3,NA,NA,NA,NA,NA,NA,NA,NA
2011,4,12,10,6,2011-12-10,"XE",20374,"XE","N14993",5844,13930,1393002,30977,"ORD","Chicago, IL","IL",17,"Illinois",41,13198,1319801,33198,"MCI","Kansas City, MO","MO",29,"Missouri",64,1230,1229,-1,0,0,-1,"1200-1259",9,1238,1342,7,1405,1349,-16,0,0,-2,"1400-1459",0,"",0,95,80,64,1,403,2,NA,NA,NA,NA,NA,NA,NA,NA
2011,4,12,10,6,2011-12-10,"OO",20304,"OO","N941SW",5531,13930,1393002,30977,"ORD","Chicago, IL","IL",17,"Illinois",41,13342,1334204,33342,"MKE","Milwaukee, WI","WI",55,"Wisconsin",45,703,710,7,7,0,0,"0700-0759",13,723,743,5,746,748,2,2,0,0,"0700-0759",0,"",0,43,38,20,1,67,1,NA,NA,NA,NA,NA,NA,NA,NA
2011,4,12,26,1,2011-12-26,"AA",19805,"AA","N4WRAA",1775,13930,1393002,30977,"ORD","Chicago, IL","IL",17,"Illinois",41,12889,1288903,32211,"LAS","Las Vegas, NV","NV",32,"Nevada",85,1155,1148,-7,0,0,-1,"1100-1159",21,1209,1331,9,1355,1340,-15,0,0,-1,"1300-1359",0,"",0,240,232,202,1,1514,7,NA,NA,NA,NA,NA,NA,NA,NA
2011,4,12,23,5,2011-12-23,"UA",19977,"UA","N850UA",278,13930,1393002,30977,"ORD","Chicago, IL","IL",17,"Illinois",41,13230,1323002,32070,"MDT","Harrisburg, PA","PA",42,"Pennsylvania",23,1830,1841,11,11,0,0,"1800-1859",18,1859,2112,4,2112,2116,4,4,0,0,"2100-2159",0,"",0,102,95,73,1,594,3,NA,NA,NA,NA,NA,NA,NA,NA
2011,4,12,7,3,2011-12-07,"EV",20366,"EV","N909EV",5702,13930,1393002,30977,"ORD","Chicago, IL","IL",17,"Illinois",41,10868,1086803,30868,"CAE","Columbia, SC","SC",45,"South Carolina",37,1800,1754,-6,0,0,-1,"1800-1859",13,1807,2026,2,2047,2028,-19,0,0,-2,"2000-2059",0,"",0,107,94,79,1,667,3,NA,NA,NA,NA,NA,NA,NA,NA
2011,4,12,16,5,2011-12-16,"UA",19977,"UA","N494UA",247,13930,1393002,30977,"ORD","Chicago, IL","IL",17,"Illinois",41,12892,1289203,32575,"LAX","Los Angeles, CA","CA",6,"California",91,2015,2029,14,14,0,0,"2000-2059",15,2044,2217,8,2250,2225,-25,0,0,-2,"2200-2259",0,"",0,275,236,213,1,1745,7,NA,NA,NA,NA,NA,NA,NA,NA
2011,4,12,23,5,2011-12-23,"XE",20374,"XE","N18120",5894,13930,1393002,30977,"ORD","Chicago, IL","IL",17,"Illinois",41,15412,1541202,35412,"TYS","Knoxville, TN","TN",47,"Tennessee",54,1805,2025,140,140,1,9,"1800-1859",10,2035,2237,6,2038,2243,125,125,1,8,"2000-2059",0,"",0,93,78,62,1,475,2,0,0,0,0,125,NA,NA,NA
2011,4,12,8,4,2011-12-08,"AA",19805,"AA","N3BNAA",425,13930,1393002,30977,"ORD","Chicago, IL","IL",17,"Illinois",41,14747,1474703,30559,"SEA","Seattle, WA","WA",53,"Washington",93,1510,1513,3,3,0,0,"1500-1559",14,1527,1736,7,1745,1743,-2,0,0,-1,"1700-1759",0,"",0,275,270,249,1,1721,7,NA,NA,NA,NA,NA,NA,NA,NA
2011,4,12,28,3,2011-12-28,"OO",20304,"OO","N984CA",6319,13930,1393002,30977,"ORD","Chicago, IL","IL",17,"Illinois",41,11823,1182304,31823,"FWA","Fort Wayne, IN","IN",18,"Indiana",42,1410,1411,1,1,0,0,"1400-1459",36,1447,1615,4,1602,1619,17,17,1,1,"1600-1659",0,"",0,52,68,28,1,157,1,1,0,16,0,0,NA,NA,NA
2011,4,12,2,5,2011-12-02,"CO",19704,"CO","N77525",1680,13930,1393002,30977,"ORD","Chicago, IL","IL",17,"Illinois",41,14771,1477101,32457,"SFO","San Francisco, CA","CA",6,"California",91,2030,2031,1,1,0,0,"2000-2059",14,2045,2254,8,2305,2302,-3,0,0,-1,"2300-2359",0,"",0,275,271,249,1,1846,8,NA,NA,NA,NA,NA,NA,NA,NA
2011,4,12,12,1,2011-12-12,"UA",19977,"UA","N562UA",836,13930,1393002,30977,"ORD","Chicago, IL","IL",17,"Illinois",41,10721,1072102,30721,"BOS","Boston, MA","MA",25,"Massachusetts",13,1815,1844,29,29,1,1,"1800-1859",25,1909,2152,6,2139,2158,19,19,1,1,"2100-2159",0,"",0,144,134,103,1,867,4,0,0,0,0,19,NA,NA,NA
2011,4,12,4,7,2011-12-04,"UA",19977,"UA","N469UA",792,13930,1393002,30977,"ORD","Chicago, IL","IL",17,"Illinois",41,14100,1410002,34100,"PHL","Philadelphia, PA","PA",42,"Pennsylvania",23,1847,1921,34,34,1,2,"1800-1859",15,1936,2202,5,2147,2207,20,20,1,1,"2100-2159",0,"",0,120,106,86,1,678,3,0,0,0,0,20,NA,NA,NA
2011,4,12,25,7,2011-12-25,"XE",20374,"XE","N17196",6176,13930,1393002,30977,"ORD","Chicago, IL","IL",17,"Illinois",41,12945,1294503,32945,"LEX","Lexington, KY","KY",21,"Kentucky",52,1700,1817,77,77,1,5,"1700-1759",14,1831,2014,4,1915,2018,63,63,1,4,"1900-1959",0,"",0,75,61,43,1,324,2,63,0,0,0,0,NA,NA,NA
2011,4,12,22,4,2011-12-22,"UA",19977,"UA","N435UA",684,13930,1393002,30977,"ORD","Chicago, IL","IL",17,"Illinois",41,12953,1295302,31703,"LGA","New York, NY","NY",36,"New York",22,1400,1358,-2,0,0,-1,"1400-1459",19,1417,1651,10,1705,1701,-4,0,0,-1,"1700-1759",0,"",0,125,123,94,1,733,3,NA,NA,NA,NA,NA,NA,NA,NA
2011,4,12,26,1,2011-12-26,"XE",20374,"XE","N10575",6049,13930,1393002,30977,"ORD","Chicago, IL","IL",17,"Illinois",41,11637,1163703,31637,"FAR","Fargo, ND","ND",38,"North Dakota",66,1157,1153,-4,0,0,-1,"1100-1159",13,1206,1331,4,1351,1335,-16,0,0,-2,"1300-1359",0,"",0,114,102,85,1,557,3,NA,NA,NA,NA,NA,NA,NA,NA
