"Year","Quarter","Month","DayofMonth","DayOfWeek","FlightDate","UniqueCarrier","AirlineID","Carrier","TailNum","FlightNum","OriginAirportID","OriginAirportSeqID","OriginCityMarketID","Origin","OriginCityName","OriginState","OriginStateFips","OriginStateName","OriginWac","DestAirportID","DestAirportSeqID","DestCityMarketID","Dest","DestCityName","DestState","DestStateFips","DestStateName","DestWac","CRSDepTime","DepTime","DepDelay","DepDelayMinutes","DepDel15","DepartureDelayGroups","DepTimeBlk","TaxiOut","WheelsOff","WheelsOn","TaxiIn","CRSArrTime","ArrTime","ArrDelay","ArrDelayMinutes","ArrDel15","ArrivalDelayGroups","ArrTimeBlk","Cancelled","CancellationCode","Diverted","CRSElapsedTime","ActualElapsedTime","AirTime","Flights","Distance","DistanceGroup","CarrierDelay","WeatherDelay","NASDelay","SecurityDelay","LateAircraftDelay","FirstDepTime","TotalAddGTime","LongestAddGTime"
2011,1,1,23,7,2011-01-23,"AA",19805,"AA","N3BTAA",1341,13930,1393001,30977,"ORD","Chicago, IL","IL",17,"Illinois",41,14771,1477101,32457,"SFO","San Francisco, CA","CA",6,"California",91,715,725,10,10,0,0,"0700-0759",15,740,937,4,1000,941,-19,0,0,-2,"1000-1059",0,"",0,285,256,237,1,1846,8,NA,NA,NA,NA,NA,NA,NA,NA
2011,1,1,9,7,2011-01-09,"MQ",20398,"MQ","N819MQ",4059,13930,1393001,30977,"ORD","Chicago, IL","IL",17,"Illinois",41,10685,1068501,30685,"BMI","Bloomington/Normal, IL","IL",17,"Illinois",41,1955,1949,-6,0,0,-1,"1900-1959",25,2014,2037,4,2045,2041,-4,0,0,-1,"2000-2059",0,"",0,50,52,23,1,116,1,NA,NA,NA,NA,NA,NA,NA,NA
2011,1,1,5,3,2011-01-05,"DL",19790,"DL","N911DL",2577,13930,1393001,30977,"ORD","Chicago, IL","IL",17,"Illinois",41,10397,1039703,30397,"ATL","Atlanta, GA","GA",13,"Georgia",34,555,551,-4,0,0,-1,"0001-0559",25,616,848,8,905,856,-9,0,0,-1,"0900-0959",0,"",0,130,125,92,1,606,3,NA,NA,NA,NA,NA,NA,NA,NA
2011,1,1,10,1,2011-01-10,"UA",19977,"UA","",488,13930,1393001,30977,"ORD","Chicago, IL","IL",17,"Illinois",41,11057,1105702,31057,"CLT","Charlotte, NC","NC",37,"North Carolina",36,1900,NA,NA,NA,NA,NA,"1900-1959",NA,NA,NA,NA,2145,NA,NA,NA,NA,NA,"2100-2159",1,"B",0,105,NA,NA,1,599,3,NA,NA,NA,NA,NA,NA,NA,NA
2011,1,1,2,7,2011-01-02,"AA",19805,"AA","N549AA",343,13930,1393001,30977,"ORD","Chicago, IL","IL",17,"Illinois",41,10423,1042302,30423,"AUS","Austin, TX","TX",48,"Texas",74,1955,1952,-3,0,0,-1,"1900-1959",26,2018,2247,6,2245,2253,8,8,0,0,"2200-2259",0,"",0,170,181,149,1,978,4,NA,NA,NA,NA,NA,NA,NA,NA
2011,1,1,30,7,2011-01-30,"UA",19977,"UA","N847UA",200,13930,1393001,30977,"ORD","Chicago, IL","IL",17,"Illinois",41,10721,1072101,30721,"BOS","Boston, MA","MA",25,"Massachusetts",13,2105,2101,-4,0,0,-1,"2100-2159",11,2112,2353,3,15,2356,-19,0,0,-2,"0001-0559",0,"",0,130,115,101,1,867,4,NA,NA,NA,NA,NA,NA,NA,NA
2011,1,1,11,2,2011-01-11,"DL",19790,"DL","N334NB",2320,13930,1393001,30977,"ORD","Chicago, IL","IL",17,"Illinois",41,11433,1143301,31295,"DTW","Detroit, MI","MI",26,"Michigan",43,1345,1428,43,43,1,2,"1300-1359",27,1455,1658,10,1617,1708,51,51,1,3,"1600-1659",0,"",0,92,100,63,1,235,1,0,0,8,0,43,NA,NA,NA
2011,1,1,1,6,2011-01-01,"MQ",20398,"MQ","N522MQ",3764,13930,1393001,30977,"ORD","Chicago, IL","IL",17,"Illinois",41,14100,1410001,34100,"PHL","Philadelphia, PA","PA",42,"Pennsylvania",23,1210,1219,9,9,0,0,"1200-1259",20,1239,1531,2,1510,1533,23,23,1,1,"1500-1559",0,"",0,120,134,112,1,678,3,9,0,14,0,0,NA,NA,NA
2011,1,1,7,5,2011-01-07,"MQ",20398,"MQ","N699MQ",4008,13930,1393001,30977,"ORD","Chicago, IL","IL",17,"Illinois",41,11057,1105702,31057,"CLT","Charlotte, NC","NC",37,"North Carolina",36,1430,1426,-4,0,0,-1,"1400-1459",44,1510,1728,4,1725,1732,7,7,0,0,"1700-1759",0,"",0,115,126,78,1,599,3,NA,NA,NA,NA,NA,NA,NA,NA
2011,1,1,25,2,2011-01-25,"MQ",20398,"MQ","N632MQ",3970,13930,1393001,30977,"ORD","Chicago, IL","IL",17,"Illinois",41,10821,1082103,30852,"BWI","Baltimore, MD","MD",24,"Maryland",35,745,740,-5,0,0,-1,"0700-0759",38,818,1043,13,1040,1056,16,16,1,1,"1000-1059",0,"",0,115,136,85,1,622,3,0,0,16,0,0,NA,NA,NA
2011,1,1,26,3,2011-01-26,"AA",19805,"AA","N496AA",761,13930,1393001,30977,"ORD","Chicago, IL","IL",17,"Illinois",41,15016,1501602,31123,"STL","St. Louis, MO","MO",29,"Missouri",64,1205,1221,16,16,1,1,"1200-1259",9,1230,1313,4,1310,1317,7,7,0,0,"1300-1359",0,"",0,65,56,43,1,258,2,NA,NA,NA,NA,NA,NA,NA,NA
2011,1,1,21,5,2011-01-21,"XE",20374,"XE","N12142",5869,13930,1393001,30977,"ORD","Chicago, IL","IL",17,"Illinois",41,11146,1114602,31146,"CRW","Charleston/Dunbar, WV","WV",54,"West Virginia",39,1357,1355,-2,0,0,-1,"1300-1359",9,1404,1603,3,1618,1606,-12,0,0,-1,"1600-1659",0,"",0,81,71,59,1,416,2,NA,NA,NA,NA,NA,NA,NA,NA
2011,1,1,13,4,2011-01-13,"AA",19805,"AA","N4XTAA",2455,13930,1393001,30977,"ORD","Chicago, IL","IL",17,"Illinois",41,14107,1410701,30466,"PHX","Phoenix, AZ","AZ",4,"Arizona",81,730,730,0,0,0,0,"0700-0759",8,738,959,5,1030,1004,-26,0,0,-2,"1000-1059",0,"",0,240,214,201,1,1440,6,NA,NA,NA,NA,NA,NA,NA,NA
2011,1,1,14,5,2011-01-14,"MQ",20398,"MQ","N810MQ",4002,13930,1393001,30977,"ORD","Chicago, IL","IL",17,"Illinois",41,15919,1591901,31834,"XNA","Fayetteville, AR","AR",5,"Arkansas",71,1535,1606,31,31,1,2,"1500-1559",13,1619,1746,2,1725,1748,23,23,1,1,"1700-1759",0,"",0,110,102,87,1,522,3,2,0,0,0,21,NA,NA,NA
2011,1,1,20,4,2011-01-20,"OO",20304,"OO","N740SK",6443,13930,1393001,30977,"ORD","Chicago, IL","IL",17,"Illinois",41,13851,1385102,33851,"OKC","Oklahoma City, OK","OK",40,"Oklahoma",73,806,805,-1,0,0,-1,"0800-0859",14,819,1019,6,1012,1025,13,13,0,0,"1000-1059",0,"",0,126,140,120,1,693,3,NA,NA,NA,NA,NA,NA,NA,NA
2011,1,1,12,3,2011-01-12,"UA",19977,"UA","N429UA",222,13930,1393001,30977,"ORD","Chicago, IL","IL",17,"Illinois",41,10529,1052902,30529,"BDL","Hartford, CT","CT",9,"Connecticut",11,1943,1957,14,14,0,0,"1900-1959",13,2010,2253,22,2248,2315,27,27,1,1,"2200-2259",0,"",0,125,138,103,1,783,4,14,0,13,0,0,NA,NA,NA
2011,1,1,13,4,2011-01-13,"MQ",20398,"MQ","N616MQ",4241,13930,1393001,30977,"ORD","Chicago, IL","IL",17,"Illinois",41,14492,1449201,34492,"RDU","Raleigh/Durham, NC","NC",37,"North Carolina",36,1945,2032,47,47,1,3,"1900-1959",53,2125,2354,6,2245,2400,75,75,1,5,"2200-2259",0,"",0,120,148,89,1,647,3,47,0,28,0,0,NA,NA,NA
2011,1,1,21,5,2011-01-21,"MQ",20398,"MQ","N642MQ",4144,13930,1393001,30977,"ORD","Chicago, IL","IL",17,"Illinois",41,11067,1106701,31067,"CMI","Champaign/Urbana, IL","IL",17,"Illinois",41,1545,1542,-3,0,0,-1,"1500-1559",18,1600,1625,4,1635,1629,-6,0,0,-1,"1600-1659",0,"",0,50,47,25,1,135,1,NA,NA,NA,NA,NA,NA,NA,NA
2011,1,1,9,7,2011-01-09,"MQ",20398,"MQ","N819MQ",4059,13930,1393001,30977,"ORD","Chicago, IL","IL",17,"Illinois",41,10685,1068501,30685,"BMI","Bloomington/Normal, IL","IL",17,"Illinois",41,1955,1949,-6,0,0,-1,"1900-1959",25,2014,2037,4,2045,2041,-4,0,0,-1,"2000-2059",0,"",0,50,52,23,1,116,1,NA,NA,NA,NA,NA,NA,NA,NA
2011,1,1,30,7,2011-01-30,"UA",19977,"UA","N819UA",105,13930,1393001,30977,"ORD","Chicago, IL","IL",17,"Illinois",41,12266,1226602,31453,"IAH","Houston, TX","TX",48,"Texas",74,1203,1200,-3,0,0,-1,"1200-1259",16,1216,1447,11,1450,1458,8,8,0,0,"1400-1459",0,"",0,167,178,151,1,925,4,NA,NA,NA,NA,NA,NA,NA,NA
2011,1,1,19,3,2011-01-19,"YV",20378,"YV","N514MJ",7283,13930,1393001,30977,"ORD","Chicago, IL","IL",17,"Illinois",41,11057,1105702,31057,"CLT","Charlotte, NC","NC",37,"North Carolina",36,1110,1135,25,25,1,1,"1100-1159",13,1148,1403,4,1355,1407,12,12,0,0,"1300-1359",0,"",0,105,92,75,1,599,3,NA,NA,NA,NA,NA,NA,NA,NA
2011,1,1,7,5,2011-01-07,"UA",19977,"UA","N815UA",686,13930,1393001,30977,"ORD","Chicago, IL","IL",17,"Illinois",41,12953,1295301,31703,"LGA","New York, NY","NY",36,"New York",22,1500,1631,91,91,1,6,"1500-1559",22,1653,1940,4,1812,1944,92,92,1,6,"1800-1859",0,"",0,132,133,107,1,733,3,23,0,1,0,68,NA,NA,NA
2011,1,1,24,1,2011-01-24,"AA",19805,"AA","N424AA",407,13930,1393001,30977,"ORD","Chicago, IL","IL",17,"Illinois",41,15016,1501602,31123,"STL","St. Louis, MO","MO",29,"Missouri",64,645,654,9,9,0,0,"0600-0659",12,706,751,3,750,754,4,4,0,0,"0700-0759",0,"",0,65,60,45,1,258,2,NA,NA,NA,NA,NA,NA,NA,NA
2011,1,1,3,1,2011-01-03,"MQ",20398,"MQ","N658MQ",3902,13930,1393001,30977,"ORD","Chicago, IL","IL",17,"Illinois",41,15919,1591901,31834,"XNA","Fayetteville, AR","AR",5,"Arkansas",71,900,912,12,12,0,0,"0900-0959",12,924,1058,3,1050,1101,11,11,0,0,"1000-1059",0,"",0,110,109,94,1,522,3,NA,NA,NA,NA,NA,NA,NA,NA
2011,1,1,21,5,2011-01-21,"DL",19790,"DL","N772NC",2220,13930,1393001,30977,"ORD","Chicago, IL","IL",17,"Illinois",41,11433,1143301,31295,"DTW","Detroit, MI","MI",26,"Michigan",43,1015,1103,48,48,1,3,"1000-1059",10,1113,1259,8,1243,1307,24,24,1,1,"1200-1259",0,"",0,88,64,46,1,235,1,24,0,0,0,0,NA,NA,NA
2011,1,1,3,1,2011-01-03,"UA",19977,"UA","N673UA",973,13930,1393001,30977,"ORD","Chicago, IL","IL",17,"Illinois",41,14771,1477101,32457,"SFO","San Francisco, CA","CA",6,"California",91,1523,1529,6,6,0,0,"1500-1559",12,1541,1746,2,1806,1748,-18,0,0,-2,"1800-1859",0,"",0,283,259,245,1,1846,8,NA,NA,NA,NA,NA,NA,NA,NA
2011,1,1,19,3,2011-01-19,"MQ",20398,"MQ","N630MQ",4035,13930,1393001,30977,"ORD","Chicago, IL","IL",17,"Illinois",41,13459,1345902,33459,"MQT","Marquette, MI","MI",26,"Michigan",43,1840,1837,-3,0,0,-1,"1800-1859",17,1854,2043,4,2100,2047,-13,0,0,-1,"2100-2159",0,"",0,80,70,49,1,303,2,NA,NA,NA,NA,NA,NA,NA,NA
2011,1,1,21,5,2011-01-21,"MQ",20398,"MQ","N810MQ",3912,13930,1393001,30977,"ORD","Chicago, IL","IL",17,"Illinois",41,11146,1114602,31146,"CRW","Charleston/Dunbar, WV","WV",54,"West Virginia",39,1855,1847,-8,0,0,-1,"1800-1859",15,1902,2103,2,2125,2105,-20,0,0,-2,"2100-2159",0,"",0,90,78,61,1,416,2,NA,NA,NA,NA,NA,NA,NA,NA
2011,1,1,7,5,2011-01-07,"MQ",20398,"MQ","N699MQ",4008,13930,1393001,30977,"ORD","Chicago, IL","IL",17,"Illinois",41,11057,1105702,31057,"CLT","Charlotte, NC","NC",37,"North Carolina",36,1430,1426,-4,0,0,-1,"1400-1459",44,1510,1728,4,1725,1732,7,7,0,0,"1700-1759",0,"",0,115,126,78,1,599,3,NA,NA,NA,NA,NA,NA,NA,NA
2011,1,1,3,1,2011-01-03,"UA",19977,"UA","N673UA",973,13930,1393001,30977,"ORD","Chicago, IL","IL",17,"Illinois",41,14771,1477101,32457,"SFO","San Francisco, CA","CA",6,"California",91,1523,1529,6,6,0,0,"1500-1559",12,1541,1746,2,1806,1748,-18,0,0,-2,"1800-1859",0,"",0,283,259,245,1,1846,8,NA,NA,NA,NA,NA,NA,NA,NA
2011,1,1,8,6,2011-01-08,"XE",20374,"XE","N13989",5900,13930,1393001,30977,"ORD","Chicago, IL","IL",17,"Illinois",41,10135,1013501,30135,"ABE","Allentown/Bethlehem/Easton, PA","PA",42,"Pennsylvania",23,1406,1428,22,22,1,1,"1400-1459",18,1446,1714,3,1653,1717,24,24,1,1,"1600-1659",0,"",0,107,109,88,1,654,3,12,0,2,0,10,NA,NA,NA
2011,1,1,8,6,2011-01-08,"MQ",20398,"MQ","N849MQ",3954,13930,1393001,30977,"ORD","Chicago, IL","IL",17,"Illinois",41,11977,1197701,31977,"GRB","Green Bay, WI","WI",55,"Wisconsin",45,905,858,-7,0,0,-1,"0900-0959",16,914,946,3,1000,949,-11,0,0,-1,"1000-1059",0,"",0,55,51,32,1,174,1,NA,NA,NA,NA,NA,NA,NA,NA
2011,1,1,19,3,2011-01-19,"UA",19977,"UA","N459UA",668,13930,1393001,30977,"ORD","Chicago, IL","IL",17,"Illinois",41,12953,1295301,31703,"LGA","New York, NY","NY",36,"New York",22,600,556,-4,0,0,-1,"0600-0659",20,616,854,4,911,858,-13,0,0,-1,"0900-0959",0,"",0,131,122,98,1,733,3,NA,NA,NA,NA,NA,NA,NA,NA
2011,1,1,12,3,2011-01-12,"YV",20378,"YV","N522LR",7245,13930,1393001,30977,"ORD","Chicago, IL","IL",17,"Illinois",41,14696,1469603,34696,"SBN","South Bend, IN","IN",18,"Indiana",42,1500,1540,40,40,1,2,"1500-1559",14,1554,1717,3,1640,1720,40,40,1,2,"1600-1659",0,"",0,40,40,23,1,84,1,40,0,0,0,0,NA,NA,NA
2011,1,1,27,4,2011-01-27,"XE",20374,"XE","N14920",5953,13930,1393001,30977,"ORD","Chicago, IL","IL",17,"Illinois",41,13198,1319801,33198,"MCI","Kansas City, MO","MO",29,"Missouri",64,2010,2009,-1,0,0,-1,"2000-2059",13,2022,2125,6,2139,2131,-8,0,0,-1,"2100-2159",0,"",0,89,82,63,1,403,2,NA,NA,NA,NA,NA,NA,NA,NA
2011,1,1,23,7,2011-01-23,"MQ",20398,"MQ","N647MQ",4019,13930,1393001,30977,"ORD","Chicago, IL","IL",17,"Illinois",41,13230,1323001,32070,"MDT","Harrisburg, PA","PA",42,"Pennsylvania",23,1325,1334,9,9,0,0,"1300-1359",42,1416,1637,6,1610,1643,33,33,1,2,"1600-1659",0,"",0,105,129,81,1,594,3,9,0,24,0,0,NA,NA,NA
2011,1,1,31,1,2011-01-31,"OO",20304,"OO","N970SW",7042,13930,1393001,30977,"ORD","Chicago, IL","IL",17,"Illinois",41,11977,1197701,31977,"GRB","Green Bay, WI","WI",55,"Wisconsin",45,1310,1311,1,1,0,0,"1300-1359",19,1330,1404,3,1357,1407,10,10,0,0,"1300-1359",0,"",0,47,56,34,1,174,1,NA,NA,NA,NA,NA,NA,NA,NA
2011,1,1,11,2,2011-01-11,"AA",19805,"AA","N488AA",2423,13930,1393001,30977,"ORD","Chicago, IL","IL",17,"Illinois",41,13198,1319801,33198,"MCI","Kansas City, MO","MO",29,"Missouri",64,1430,NA,NA,NA,NA,NA,"1400-1459",NA,NA,NA,NA,1600,NA,NA,NA,NA,NA,"1600-1659",1,"C",0,90,NA,NA,1,403,2,NA,NA,NA,NA,NA,NA,NA,NA
2011,1,1,9,7,2011-01-09,"MQ",20398,"MQ","N627MQ",4131,13930,1393001,30977,"ORD","Chicago, IL","IL",17,"Illinois",41,14952,1495202,34952,"SPI","Springfield, IL","IL",17,"Illinois",41,2035,2028,-7,0,0,-1,"2000-2059",16,2044,2117,5,2130,2122,-8,0,0,-1,"2100-2159",0,"",0,55,54,33,1,174,1,NA,NA,NA,NA,NA,NA,NA,NA
2011,1,1,4,2,2011-01-04,"XE",20374,"XE","N16170",5866,13930,1393001,30977,"ORD","Chicago, IL","IL",17,"Illinois",41,11042,1104201,30647,"CLE","Cleveland, OH","OH",39,"Ohio",44,1934,1936,2,2,0,0,"1900-1959",10,1946,2132,4,2149,2136,-13,0,0,-1,"2100-2159",0,"",0,75,60,46,1,316,2,NA,NA,NA,NA,NA,NA,NA,NA
2011,1,1,16,7,2011-01-16,"MQ",20398,"MQ","N812MQ",4285,13930,1393001,30977,"ORD","Chicago, IL","IL",17,"Illinois",41,11057,1105702,31057,"CLT","Charlotte, NC","NC",37,"North Carolina",36,750,745,-5,0,0,-1,"0700-0759",13,758,1018,10,1045,1028,-17,0,0,-2,"1000-1059",0,"",0,115,103,80,1,599,3,NA,NA,NA,NA,NA,NA,NA,NA
2011,1,1,31,1,2011-01-31,"EV",20366,"EV","N909EV",7159,13930,1393001,30977,"ORD","Chicago, IL","IL",17,"Illinois",41,13931,1393101,33667,"ORF","Norfolk, VA","VA",51,"Virginia",38,906,900,-6,0,0,-1,"0900-0959",18,918,1203,3,1211,1206,-5,0,0,-1,"1200-1259",0,"",0,125,126,105,1,717,3,NA,NA,NA,NA,NA,NA,NA,NA
2011,1,1,8,6,2011-01-08,"AA",19805,"AA","N510AA",1184,13930,1393001,30977,"ORD","Chicago, IL","IL",17,"Illinois",41,11618,1161801,31703,"EWR","Newark, NJ","NJ",34,"New Jersey",21,1215,1212,-3,0,0,-1,"1200-1259",11,1223,1509,7,1540,1516,-24,0,0,-2,"1500-1559",0,"",0,145,124,106,1,719,3,NA,NA,NA,NA,NA,NA,NA,NA
2011,1,1,7,5,2011-01-07,"MQ",20398,"MQ","N907MQ",4099,13930,1393001,30977,"ORD","Chicago, IL","IL",17,"Illinois",41,10434,1043401,30434,"AVP","Scranton/Wilkes-Barre, PA","PA",42,"Pennsylvania",23,930,929,-1,0,0,-1,"0900-0959",12,941,1206,2,1215,1208,-7,0,0,-1,"1200-1259",0,"",0,105,99,85,1,631,3,NA,NA,NA,NA,NA,NA,NA,NA
2011,1,1,26,3,2011-01-26,"MQ",20398,"MQ","N651MQ",4037,13930,1393001,30977,"ORD","Chicago, IL","IL",17,"Illinois",41,14122,1412201,30198,"PIT","Pittsburgh, PA","PA",42,"Pennsylvania",23,725,717,-8,0,0,-1,"0700-0759",38,755,955,4,950,959,9,9,0,0,"0900-0959",0,"",0,85,102,60,1,412,2,NA,NA,NA,NA,NA,NA,NA,NA
2011,1,1,17,1,2011-01-17,"MQ",20398,"MQ","N669MQ",4287,13930,1393001,30977,"ORD","Chicago, IL","IL",17,"Illinois",41,11066,1106601,31066,"CMH","Columbus, OH","OH",39,"Ohio",44,1815,1837,22,22,1,1,"1800-1859",13,1850,2038,16,2030,2054,24,24,1,1,"2000-2059",0,"",0,75,77,48,1,296,2,0,9,2,0,13,NA,NA,NA
2011,1,1,4,2,2011-01-04,"MQ",20398,"MQ","N806MQ",3912,13930,1393001,30977,"ORD","Chicago, IL","IL",17,"Illinois",41,11146,1114602,31146,"CRW","Charleston/Dunbar, WV","WV",54,"West Virginia",39,1855,1848,-7,0,0,-1,"1800-1859",16,1904,2102,4,2125,2106,-19,0,0,-2,"2100-2159",0,"",0,90,78,58,1,416,2,NA,NA,NA,NA,NA,NA,NA,NA
2011,1,1,25,2,2011-01-25,"MQ",20398,"MQ","N632MQ",3970,13930,1393001,30977,"ORD","Chicago, IL","IL",17,"Illinois",41,10821,1082103,30852,"BWI","Baltimore, MD","MD",24,"Maryland",35,745,740,-5,0,0,-1,"0700-0759",38,818,1043,13,1040,1056,16,16,1,1,"1000-1059",0,"",0,115,136,85,1,622,3,0,0,16,0,0,NA,NA,NA
2011,1,1,3,1,2011-01-03,"MQ",20398,"MQ","N658MQ",4133,13930,1393001,30977,"ORD","Chicago, IL","IL",17,"Illinois",41,14122,1412201,30198,"PIT","Pittsburgh, PA","PA",42,"Pennsylvania",23,1645,1641,-4,0,0,-1,"1600-1659",11,1652,1847,6,1915,1853,-22,0,0,-2,"1900-1959",0,"",0,90,72,55,1,412,2,NA,NA,NA,NA,NA,NA,NA,NA
2011,1,1,17,1,2011-01-17,"OO",20304,"OO","N468CA",6704,13930,1393001,30977,"ORD","Chicago, IL","IL",17,"Illinois",41,15370,1537001,34653,"TUL","Tulsa, OK","OK",40,"Oklahoma",73,2018,46,268,268,1,12,"2000-2059",11,57,230,4,2211,234,263,263,1,12,"2200-2259",0,"",0,113,108,93,1,585,3,263,0,0,0,0,NA,NA,NA
2011,1,1,18,2,2011-01-18,"OO",20304,"OO","N679SA",6424,13930,1393001,30977,"ORD","Chicago, IL","IL",17,"Illinois",41,13342,1334202,33342,"MKE","Milwaukee, WI","WI",55,"Wisconsin",45,1153,1224,31,31,1,2,"1100-1159",20,1244,1307,4,1234,1311,37,37,1,2,"1200-1259",0,"",0,41,47,23,1,67,1,31,0,6,0,0,NA,NA,NA
2011,1,1,17,1,2011-01-17,"CO",19704,"CO","N27722",204,13930,1393001,30977,"ORD","Chicago, IL","IL",17,"Illinois",41,11618,1161801,31703,"EWR","Newark, NJ","NJ",34,"New Jersey",21,1000,1029,29,29,1,1,"1000-1059",13,1042,1323,6,1326,1329,3,3,0,0,"1300-1359",0,"",0,146,120,101,1,719,3,NA,NA,NA,NA,NA,NA,NA,NA
2011,1,1,3,1,2011-01-03,"AA",19805,"AA","N4XDAA",1397,13930,1393001,30977,"ORD","Chicago, IL","IL",17,"Illinois",41,14635,1463501,31714,"RSW","Fort Myers, FL","FL",12,"Florida",33,650,704,14,14,0,0,"0600-0659",10,714,1034,5,1035,1039,4,4,0,0,"1000-1059",0,"",0,165,155,140,1,1120,5,NA,NA,NA,NA,NA,NA,NA,NA
2011,1,1,27,4,2011-01-27,"MQ",20398,"MQ","N500MQ",3785,13930,1393001,30977,"ORD","Chicago, IL","IL",17,"Illinois",41,12266,1226602,31453,"IAH","Houston, TX","TX",48,"Texas",74,2035,2140,65,65,1,4,"2000-2059",49,2229,22,4,2320,26,66,66,1,4,"2300-2359",0,"",0,165,166,113,1,925,4,65,0,1,0,0,NA,NA,NA
2011,1,1,14,5,2011-01-14,"AA",19805,"AA","N3EHAA",1341,13930,1393001,30977,"ORD","Chicago, IL","IL",17,"Illinois",41,14771,1477101,32457,"SFO","San Francisco, CA","CA",6,"California",91,715,713,-2,0,0,-1,"0700-0759",15,728,936,5,1000,941,-19,0,0,-2,"1000-1059",0,"",0,285,268,248,1,1846,8,NA,NA,NA,NA,NA,NA,NA,NA
2011,1,1,18,2,2011-01-18,"UA",19977,"UA","N593UA",110,13930,1393001,30977,"ORD","Chicago, IL","IL",17,"Illinois",41,12889,1288902,32211,"LAS","Las Vegas, NV","NV",32,"Nevada",85,2049,2125,36,36,1,2,"2000-2059",20,2145,2319,6,2249,2325,36,36,1,2,"2200-2259",0,"",0,240,240,214,1,1515,7,0,36,0,0,0,NA,NA,NA
2011,1,1,13,4,2011-01-13,"OO",20304,"OO","N925SW",6917,13930,1393001,30977,"ORD","Chicago, IL","IL",17,"Illinois",41,14783,1478301,34783,"SGF","Springfield, MO","MO",29,"Missouri",64,1528,1540,12,12,0,0,"1500-1559",11,1551,1658,5,1701,1703,2,2,0,0,"1700-1759",0,"",0,93,83,67,1,438,2,NA,NA,NA,NA,NA,NA,NA,NA
2011,1,1,11,2,2011-01-11,"MQ",20398,"MQ","N524MQ",3720,13930,1393001,30977,"ORD","Chicago, IL","IL",17,"Illinois",41,10397,1039703,30397,"ATL","Atlanta, GA","GA",13,"Georgia",34,2105,NA,NA,NA,NA,NA,"2100-2159",NA,NA,NA,NA,5,NA,NA,NA,NA,NA,"0001-0559",1,"B",0,120,NA,NA,1,606,3,NA,NA,NA,NA,NA,NA,NA,NA
2011,1,1,29,6,2011-01-29,"UA",19977,"UA","N823UA",142,13930,1393001,30977,"ORD","Chicago, IL","IL",17,"Illinois",41,13871,1387101,33316,"OMA","Omaha, NE","NE",31,"Nebraska",65,1523,1517,-6,0,0,-1,"1500-1559",8,1525,1635,2,1647,1637,-10,0,0,-1,"1600-1659",0,"",0,84,80,70,1,416,2,NA,NA,NA,NA,NA,NA,NA,NA
2011,1,1,12,3,2011-01-12,"YV",20378,"YV","N522LR",7245,13930,1393001,30977,"ORD","Chicago, IL","IL",17,"Illinois",41,14696,1469603,34696,"SBN","South Bend, IN","IN",18,"Indiana",42,1500,1540,40,40,1,2,"1500-1559",14,1554,1717,3,1640,1720,40,40,1,2,"1600-1659",0,"",0,40,40,23,1,84,1,40,0,0,0,0,NA,NA,NA
2011,1,1,14,5,2011-01-14,"MQ",20398,"MQ","N523MQ",3743,13930,1393001,30977,"ORD","Chicago, IL","IL",17,"Illinois",41,13487,1348701,31650,"MSP","Minneapolis, MN","MN",27,"Minnesota",63,1730,1745,15,15,1,1,"1700-1759",17,1802,1926,17,1905,1943,38,38,1,2,"1900-1959",0,"",0,95,118,84,1,334,2,13,0,23,0,2,NA,NA,NA
2011,1,1,27,4,2011-01-27,"XE",20374,"XE","N14542",5920,13930,1393001,30977,"ORD","Chicago, IL","IL",17,"Illinois",41,11146,1114602,31146,"CRW","Charleston/Dunbar, WV","WV",54,"West Virginia",39,1815,1926,71,71,1,4,"1800-1859",10,1936,2139,2,2045,2141,56,56,1,3,"2000-2059",0,"",0,90,75,63,1,416,2,21,0,0,0,35,NA,NA,NA
2011,1,1,19,3,2011-01-19,"DL",19790,"DL","N785NC",2877,13930,1393001,30977,"ORD","Chicago, IL","IL",17,"Illinois",41,10397,1039703,30397,"ATL","Atlanta, GA","GA",13,"Georgia",34,1236,1236,0,0,0,0,"1200-1259",19,1255,1525,7,1533,1532,-1,0,0,-1,"1500-1559",0,"",0,117,116,90,1,606,3,NA,NA,NA,NA,NA,NA,NA,NA
2011,1,1,5,3,2011-01-05,"AA",19805,"AA","N3DXAA",2099,13930,1393001,30977,"ORD","Chicago, IL","IL",17,"Illinois",41,12892,1289201,32575,"LAX","Los Angeles, CA","CA",6,"California",91,720,721,1,1,0,0,"0700-0759",17,738,929,11,945,940,-5,0,0,-1,"0900-0959",0,"",0,265,259,231,1,1745,7,NA,NA,NA,NA,NA,NA,NA,NA
2011,1,1,26,3,2011-01-26,"MQ",20398,"MQ","N829MQ",4281,13930,1393001,30977,"ORD","Chicago, IL","IL",17,"Illinois",41,11612,1161202,31612,"EVV","Evansville, IN","IN",18,"Indiana",42,1155,1158,3,3,0,0,"1100-1159",52,1250,1338,3,1300,1341,41,41,1,2,"1300-1359",0,"",0,65,103,48,1,273,2,0,0,41,0,0,NA,NA,NA
2011,1,1,2,7,2011-01-02,"MQ",20398,"MQ","N925MQ",4094,13930,1393001,30977,"ORD","Chicago, IL","IL",17,"Illinois",41,15096,1509601,35096,"SYR","Syracuse, NY","NY",36,"New York",22,845,846,1,1,0,0,"0800-0859",10,856,1118,6,1135,1124,-11,0,0,-1,"1100-1159",0,"",0,110,98,82,1,607,3,NA,NA,NA,NA,NA,NA,NA,NA
2011,1,1,17,1,2011-01-17,"XE",20374,"XE","N14568",5937,13930,1393001,30977,"ORD","Chicago, IL","IL",17,"Illinois",41,12278,1227801,30928,"ICT","Wichita, KS","KS",20,"Kansas",62,815,1021,126,126,1,8,"0800-0859",36,1057,1224,4,1010,1228,138,138,1,9,"1000-1059",0,"",0,115,127,87,1,588,3,126,0,12,0,0,NA,NA,NA
2011,1,1,5,3,2011-01-05,"CO",19704,"CO","N87527",1547,13930,1393001,30977,"ORD","Chicago, IL","IL",17,"Illinois",41,12266,1226602,31453,"IAH","Houston, TX","TX",48,"Texas",74,1515,1527,12,12,0,0,"1500-1559",15,1542,1753,19,1801,1812,11,11,0,0,"1800-1859",0,"",0,166,165,131,1,925,4,NA,NA,NA,NA,NA,NA,NA,NA
2011,1,1,16,7,2011-01-16,"DL",19790,"DL","N768NC",2232,13930,1393001,30977,"ORD","Chicago, IL","IL",17,"Illinois",41,13487,1348701,31650,"MSP","Minneapolis, MN","MN",27,"Minnesota",63,740,732,-8,0,0,-1,"0700-0759",12,744,849,8,916,857,-19,0,0,-2,"0900-0959",0,"",0,96,85,65,1,334,2,NA,NA,NA,NA,NA,NA,NA,NA
2011,1,1,6,4,2011-01-06,"OO",20304,"OO","N783SK",6391,13930,1393001,30977,"ORD","Chicago, IL","IL",17,"Illinois",41,13871,1387101,33316,"OMA","Omaha, NE","NE",31,"Nebraska",65,1653,1650,-3,0,0,-1,"1600-1659",15,1705,1811,4,1818,1815,-3,0,0,-1,"1800-1859",0,"",0,85,85,66,1,416,2,NA,NA,NA,NA,NA,NA,NA,NA
2011,1,1,21,5,2011-01-21,"MQ",20398,"MQ","N829MQ",3947,13930,1393001,30977,"ORD","Chicago, IL","IL",17,"Illinois",41,15412,1541201,35412,"TYS","Knoxville, TN","TN",47,"Tennessee",54,1230,1221,-9,0,0,-1,"1200-1259",17,1238,1443,3,1500,1446,-14,0,0,-1,"1500-1559",0,"",0,90,85,65,1,475,2,NA,NA,NA,NA,NA,NA,NA,NA
2011,1,1,3,1,2011-01-03,"MQ",20398,"MQ","N939MQ",4360,13930,1393001,30977,"ORD","Chicago, IL","IL",17,"Illinois",41,11433,1143301,31295,"DTW","Detroit, MI","MI",26,"Michigan",43,940,937,-3,0,0,-1,"0900-0959",9,946,1132,3,1205,1135,-30,0,0,-2,"1200-1259",0,"",0,85,58,46,1,235,1,NA,NA,NA,NA,NA,NA,NA,NA
2011,1,1,29,6,2011-01-29,"AA",19805,"AA","N5FFAA",2050,13930,1393001,30977,"ORD","Chicago, IL","IL",17,"Illinois",41,13303,1330302,32467,"MIA","Miami, FL","FL",12,"Florida",33,1055,1056,1,1,0,0,"1000-1059",12,1108,1433,3,1500,1436,-24,0,0,-2,"1500-1559",0,"",0,185,160,145,1,1197,5,NA,NA,NA,NA,NA,NA,NA,NA
2011,1,1,7,5,2011-01-07,"MQ",20398,"MQ","N680MQ",4335,13930,1393001,30977,"ORD","Chicago, IL","IL",17,"Illinois",41,11986,1198602,31986,"GRR","Grand Rapids, MI","MI",26,"Michigan",43,830,851,21,21,1,1,"0800-0859",33,924,1050,5,1025,1055,30,30,1,2,"1000-1059",0,"",0,55,64,26,1,137,1,0,15,9,0,6,NA,NA,NA
2011,1,1,14,5,2011-01-14,"UA",19977,"UA","N812UA",761,13930,1393001,30977,"ORD","Chicago, IL","IL",17,"Illinois",41,14771,1477101,32457,"SFO","San Francisco, CA","CA",6,"California",91,805,846,41,41,1,2,"0800-0859",10,856,1103,10,1050,1113,23,23,1,1,"1000-1059",0,"",0,285,267,247,1,1846,8,19,0,0,0,4,NA,NA,NA
2011,1,1,21,5,2011-01-21,"CO",19704,"CO","N75433",256,13930,1393001,30977,"ORD","Chicago, IL","IL",17,"Illinois",41,11618,1161801,31703,"EWR","Newark, NJ","NJ",34,"New Jersey",21,1700,1747,47,47,1,3,"1700-1759",42,1829,2059,8,2021,2107,46,46,1,3,"2000-2059",0,"",0,141,140,90,1,719,3,0,0,46,0,0,NA,NA,NA
2011,1,1,14,5,2011-01-14,"AA",19805,"AA","N4WRAA",366,13930,1393001,30977,"ORD","Chicago, IL","IL",17,"Illinois",41,12953,1295301,31703,"LGA","New York, NY","NY",36,"New York",22,1415,1418,3,3,0,0,"1400-1459",8,1426,1657,6,1720,1703,-17,0,0,-2,"1700-1759",0,"",0,125,105,91,1,733,3,NA,NA,NA,NA,NA,NA,NA,NA
2011,1,1,18,2,2011-01-18,"OO",20304,"OO","N679SA",6424,13930,1393001,30977,"ORD","Chicago, IL","IL",17,"Illinois",41,13342,1334202,33342,"MKE","Milwaukee, WI","WI",55,"Wisconsin",45,1153,1224,31,31,1,2,"1100-1159",20,1244,1307,4,1234,1311,37,37,1,2,"1200-1259",0,"",0,41,47,23,1,67,1,31,0,6,0,0,NA,NA,NA
2011,1,1,11,2,2011-01-11,"MQ",20398,"MQ","N686MQ",4165,13930,1393001,30977,"ORD","Chicago, IL","IL",17,"Illinois",41,11066,1106601,31066,"CMH","Columbus, OH","OH",39,"Ohio",44,2145,2141,-4,0,0,-1,"2100-2159",77,2258,48,5,2355,53,58,58,1,3,"2300-2359",0,"",0,70,132,50,1,296,2,0,0,58,0,0,NA,NA,NA
2011,1,1,2,7,2011-01-02,"EV",20366,"EV","N877AS",7136,13930,1393001,30977,"ORD","Chicago, IL","IL",17,"Illinois",41,11193,1119301,33105,"CVG","Cincinnati, OH","KY",21,"Kentucky",52,903,900,-3,0,0,-1,"0900-0959",21,921,1109,4,1113,1113,0,0,0,0,"1100-1159",0,"",0,70,73,48,1,264,2,NA,NA,NA,NA,NA,NA,NA,NA
2011,1,1,4,2,2011-01-04,"OO",20304,"OO","N943SW",6955,13930,1393001,30977,"ORD","Chicago, IL","IL",17,"Illinois",41,13342,1334202,33342,"MKE","Milwaukee, WI","WI",55,"Wisconsin",45,1817,1817,0,0,0,0,"1800-1859",11,1828,1849,7,1901,1856,-5,0,0,-1,"1900-1959",0,"",0,44,39,21,1,67,1,NA,NA,NA,NA,NA,NA,NA,NA
2011,1,1,25,2,2011-01-25,"CO",19704,"CO","N24715",204,13930,1393001,30977,"ORD","Chicago, IL","IL",17,"Illinois",41,11618,1161801,31703,"EWR","Newark, NJ","NJ",34,"New Jersey",21,1000,950,-10,0,0,-1,"1000-1059",10,1000,1244,9,1326,1253,-33,0,0,-2,"1300-1359",0,"",0,146,123,104,1,719,3,NA,NA,NA,NA,NA,NA,NA,NA
2011,1,1,29,6,2011-01-29,"OO",20304,"OO","N975SW",6862,13930,1393001,30977,"ORD","Chicago, IL","IL",17,"Illinois",41,13342,1334202,33342,"MKE","Milwaukee, WI","WI",55,"Wisconsin",45,1624,1617,-7,0,0,-1,"1600-1659",9,1626,1642,4,1705,1646,-19,0,0,-2,"1700-1759",0,"",0,41,29,16,1,67,1,NA,NA,NA,NA,NA,NA,NA,NA
2011,1,1,13,4,2011-01-13,"MQ",20398,"MQ","N812MQ",4340,13930,1393001,30977,"ORD","Chicago, IL","IL",17,"Illinois",41,11423,1142302,31423,"DSM","Des Moines, IA","IA",19,"Iowa",61,1655,1651,-4,0,0,-1,"1600-1659",14,1705,1756,5,1815,1801,-14,0,0,-1,"1800-1859",0,"",0,80,70,51,1,299,2,NA,NA,NA,NA,NA,NA,NA,NA
2011,1,1,21,5,2011-01-21,"MQ",20398,"MQ","N829MQ",3947,13930,1393001,30977,"ORD","Chicago, IL","IL",17,"Illinois",41,15412,1541201,35412,"TYS","Knoxville, TN","TN",47,"Tennessee",54,1230,1221,-9,0,0,-1,"1200-1259",17,1238,1443,3,1500,1446,-14,0,0,-1,"1500-1559",0,"",0,90,85,65,1,475,2,NA,NA,NA,NA,NA,NA,NA,NA
2011,1,1,28,5,2011-01-28,"MQ",20398,"MQ","N827MQ",3954,13930,1393001,30977,"ORD","Chicago, IL","IL",17,"Illinois",41,11977,1197701,31977,"GRB","Green Bay, WI","WI",55,"Wisconsin",45,905,900,-5,0,0,-1,"0900-0959",10,910,942,2,1000,944,-16,0,0,-2,"1000-1059",0,"",0,55,44,32,1,174,1,NA,NA,NA,NA,NA,NA,NA,NA
2011,1,1,12,3,2011-01-12,"MQ",20398,"MQ","N685MQ",4090,13930,1393001,30977,"ORD","Chicago, IL","IL",17,"Illinois",41,13851,1385102,33851,"OKC","Oklahoma City, OK","OK",40,"Oklahoma",73,2105,2101,-4,0,0,-1,"2100-2159",15,2116,2253,3,2315,2256,-19,0,0,-2,"2300-2359",0,"",0,130,115,97,1,693,3,NA,NA,NA,NA,NA,NA,NA,NA
2011,1,1,20,4,2011-01-20,"UA",19977,"UA","N471UA",600,13930,1393001,30977,"ORD","Chicago, IL","IL",17,"Illinois",41,11278,1127801,30852,"DCA","Washington, DC","VA",51,"Virginia",38,605,602,-3,0,0,-1,"0600-0659",13,615,832,5,844,837,-7,0,0,-1,"0800-0859",0,"",0,99,95,77,1,612,3,NA,NA,NA,NA,NA,NA,NA,NA
2011,1,1,2,7,2011-01-02,"OO",20304,"OO","N824SK",4695,13930,1393001,30977,"ORD","Chicago, IL","IL",17,"Illinois",41,14869,1486902,34614,"SLC","Salt Lake City, UT","UT",49,"Utah",87,1325,1324,-1,0,0,-1,"1300-1359",9,1333,1548,7,1557,1555,-2,0,0,-1,"1500-1559",0,"",0,212,211,195,1,1249,5,NA,NA,NA,NA,NA,NA,NA,NA
2011,1,1,8,6,2011-01-08,"AS",19930,"AS","N563AS",139,13930,1393001,30977,"ORD","Chicago, IL","IL",17,"Illinois",41,10299,1029902,30299,"ANC","Anchorage, AK","AK",2,"Alaska",1,930,926,-4,0,0,-1,"0900-0959",19,945,1254,4,1323,1258,-25,0,0,-2,"1300-1359",0,"",0,413,392,369,1,2846,11,NA,NA,NA,NA,NA,NA,NA,NA
2011,1,1,27,4,2011-01-27,"XE",20374,"XE","N14186",5995,13930,1393001,30977,"ORD","Chicago, IL","IL",17,"Illinois",41,10627,1062701,30627,"BIS","Bismarck/Mandan, ND","ND",38,"North Dakota",66,1157,1153,-4,0,0,-1,"1100-1159",29,1222,1411,2,1404,1413,9,9,0,0,"1400-1459",0,"",0,127,140,109,1,716,3,NA,NA,NA,NA,NA,NA,NA,NA
2011,1,1,10,1,2011-01-10,"AA",19805,"AA","N259AA",485,13930,1393001,30977,"ORD","Chicago, IL","IL",17,"Illinois",41,15370,1537001,34653,"TUL","Tulsa, OK","OK",40,"Oklahoma",73,2035,2027,-8,0,0,-1,"2000-2059",12,2039,2217,4,2230,2221,-9,0,0,-1,"2200-2259",0,"",0,115,114,98,1,585,3,NA,NA,NA,NA,NA,NA,NA,NA
2011,1,1,14,5,2011-01-14,"MQ",20398,"MQ","N600MQ",4144,13930,1393001,30977,"ORD","Chicago, IL","IL",17,"Illinois",41,11067,1106701,31067,"CMI","Champaign/Urbana, IL","IL",17,"Illinois",41,1545,1607,22,22,1,1,"1500-1559",16,1623,1649,6,1635,1655,20,20,1,1,"1600-1659",0,"",0,50,48,26,1,135,1,20,0,0,0,0,NA,NA,NA
2011,1,1,30,7,2011-01-30,"OO",20304,"OO","N788SK",6395,13930,1393001,30977,"ORD","Chicago, IL","IL",17,"Illinois",41,10713,1071301,30713,"BOI","Boise, ID","ID",16,"Idaho",83,2100,2151,51,51,1,3,"2100-2159",9,2200,19,5,2337,24,47,47,1,3,"2300-2359",0,"",0,217,213,199,1,1437,6,47,0,0,0,0,NA,NA,NA
2011,1,1,13,4,2011-01-13,"AA",19805,"AA","N3BMAA",556,13930,1393001,30977,"ORD","Chicago, IL","IL",17,"Illinois",41,11697,1169702,32467,"FLL","Fort Lauderdale, FL","FL",12,"Florida",33,1910,1925,15,15,1,1,"1900-1959",16,1941,2307,5,2305,2312,7,7,0,0,"2300-2359",0,"",0,175,167,146,1,1182,5,NA,NA,NA,NA,NA,NA,NA,NA
2011,1,1,6,4,2011-01-06,"MQ",20398,"MQ","N600MQ",4341,13930,1393001,30977,"ORD","Chicago, IL","IL",17,"Illinois",41,14524,1452401,34524,"RIC","Richmond, VA","VA",51,"Virginia",38,700,654,-6,0,0,-1,"0700-0759",32,726,953,2,955,955,0,0,0,0,"0900-0959",0,"",0,115,121,87,1,642,3,NA,NA,NA,NA,NA,NA,NA,NA
2011,1,1,15,6,2011-01-15,"UA",19977,"UA","N565UA",551,13930,1393001,30977,"ORD","Chicago, IL","IL",17,"Illinois",41,12889,1288902,32211,"LAS","Las Vegas, NV","NV",32,"Nevada",85,1230,1225,-5,0,0,-1,"1200-1259",10,1235,1414,6,1422,1420,-2,0,0,-1,"1400-1459",0,"",0,232,235,219,1,1515,7,NA,NA,NA,NA,NA,NA,NA,NA
2011,1,1,18,2,2011-01-18,"XE",20374,"XE","N14562",5919,13930,1393001,30977,"ORD","Chicago, IL","IL",17,"Illinois",41,11977,1197701,31977,"GRB","Green Bay, WI","WI",55,"Wisconsin",45,1658,1850,112,112,1,7,"1600-1659",13,1903,1934,4,1751,1938,107,107,1,7,"1700-1759",0,"",0,53,48,31,1,174,1,0,45,0,0,62,NA,NA,NA
2011,1,1,5,3,2011-01-05,"MQ",20398,"MQ","N657MQ",3982,13930,1393001,30977,"ORD","Chicago, IL","IL",17,"Illinois",41,10693,1069301,30693,"BNA","Nashville, TN","TN",47,"Tennessee",54,1645,1639,-6,0,0,-1,"1600-1659",10,1649,1759,16,1815,1815,0,0,0,0,"1800-1859",0,"",0,90,96,70,1,409,2,NA,NA,NA,NA,NA,NA,NA,NA
2011,1,1,8,6,2011-01-08,"AS",19930,"AS","N563AS",139,13930,1393001,30977,"ORD","Chicago, IL","IL",17,"Illinois",41,10299,1029902,30299,"ANC","Anchorage, AK","AK",2,"Alaska",1,930,926,-4,0,0,-1,"0900-0959",19,945,1254,4,1323,1258,-25,0,0,-2,"1300-1359",0,"",0,413,392,369,1,2846,11,NA,NA,NA,NA,NA,NA,NA,NA
