"Year","Quarter","Month","DayofMonth","DayOfWeek","FlightDate","UniqueCarrier","AirlineID","Carrier","TailNum","FlightNum","OriginAirportID","OriginAirportSeqID","OriginCityMarketID","Origin","OriginCityName","OriginState","OriginStateFips","OriginStateName","OriginWac","DestAirportID","DestAirportSeqID","DestCityMarketID","Dest","DestCityName","DestState","DestStateFips","DestStateName","DestWac","CRSDepTime","DepTime","DepDelay","DepDelayMinutes","DepDel15","DepartureDelayGroups","DepTimeBlk","TaxiOut","WheelsOff","WheelsOn","TaxiIn","CRSArrTime","ArrTime","ArrDelay","ArrDelayMinutes","ArrDel15","ArrivalDelayGroups","ArrTimeBlk","Cancelled","CancellationCode","Diverted","CRSElapsedTime","ActualElapsedTime","AirTime","Flights","Distance","DistanceGroup","CarrierDelay","WeatherDelay","NASDelay","SecurityDelay","LateAircraftDelay","FirstDepTime","TotalAddGTime","LongestAddGTime"
2010,3,7,29,4,2010-07-29,"WN",19393,"WN","N468WN",810,10821,1082103,30852,"BWI","Baltimore, MD","MD",24,"Maryland",35,11292,1129202,30325,"DEN","Denver, CO","CO",8,"Colorado",82,1530,1840,190,190,1,12,"1500-1559",10,1850,2010,10,1740,2020,160,160,1,10,"1700-1759",0,"",0,250,220,200,1,1491,6,6,0,0,0,154,NA,NA,NA
2010,3,7,22,4,2010-07-22,"WN",19393,"WN","N605SW",949,10821,1082103,30852,"BWI","Baltimore, MD","MD",24,"Maryland",35,10599,1059903,30599,"BHM","Birmingham, AL","AL",1,"Alabama",51,705,706,1,1,0,0,"0700-0759",11,717,754,2,805,756,-9,0,0,-1,"0800-0859",0,"",0,120,110,97,1,682,3,NA,NA,NA,NA,NA,NA,NA,NA
2010,3,7,4,7,2010-07-04,"WN",19393,"WN","N750SA",219,10821,1082103,30852,"BWI","Baltimore, MD","MD",24,"Maryland",35,12391,1239101,31703,"ISP","Islip, NY","NY",36,"New York",22,1640,1645,5,5,0,0,"1600-1659",9,1654,1737,4,1740,1741,1,1,0,0,"1700-1759",0,"",0,60,56,43,1,220,1,NA,NA,NA,NA,NA,NA,NA,NA
2010,3,7,8,4,2010-07-08,"FL",20437,"FL","N934AT",755,10821,1082103,30852,"BWI","Baltimore, MD","MD",24,"Maryland",35,12217,1221701,30255,"HSV","Huntsville, AL","AL",1,"Alabama",51,1040,1037,-3,0,0,-1,"1000-1059",14,1051,1118,4,1130,1122,-8,0,0,-1,"1100-1159",0,"",0,110,105,87,1,640,3,NA,NA,NA,NA,NA,NA,NA,NA
2010,3,7,7,3,2010-07-07,"WN",19393,"WN","N274WN",1010,10821,1082103,30852,"BWI","Baltimore, MD","MD",24,"Maryland",35,10721,1072101,30721,"BOS","Boston, MA","MA",25,"Massachusetts",13,1245,1249,4,4,0,0,"1200-1259",9,1258,1358,9,1410,1407,-3,0,0,-1,"1400-1459",0,"",0,85,78,60,1,370,2,NA,NA,NA,NA,NA,NA,NA,NA
2010,3,7,2,5,2010-07-02,"WN",19393,"WN","N724SW",715,10821,1082103,30852,"BWI","Baltimore, MD","MD",24,"Maryland",35,10792,1079202,30792,"BUF","Buffalo, NY","NY",36,"New York",22,2135,2147,12,12,0,0,"2100-2159",11,2158,2246,3,2240,2249,9,9,0,0,"2200-2259",0,"",0,65,62,48,1,281,2,NA,NA,NA,NA,NA,NA,NA,NA
2010,3,7,8,4,2010-07-08,"WN",19393,"WN","N716SW",1016,10821,1082103,30852,"BWI","Baltimore, MD","MD",24,"Maryland",35,14635,1463501,31714,"RSW","Fort Myers, FL","FL",12,"Florida",33,950,959,9,9,0,0,"0900-0959",8,1007,1217,3,1225,1220,-5,0,0,-1,"1200-1259",0,"",0,155,141,130,1,919,4,NA,NA,NA,NA,NA,NA,NA,NA
2010,3,7,17,6,2010-07-17,"WN",19393,"WN","N921WN",2846,10821,1082103,30852,"BWI","Baltimore, MD","MD",24,"Maryland",35,10693,1069301,30693,"BNA","Nashville, TN","TN",47,"Tennessee",54,1150,1210,20,20,1,1,"1100-1159",12,1222,1253,6,1240,1259,19,19,1,1,"1200-1259",0,"",0,110,109,91,1,588,3,16,0,0,0,3,NA,NA,NA
2010,3,7,11,7,2010-07-11,"WN",19393,"WN","N325SW",1757,10821,1082103,30852,"BWI","Baltimore, MD","MD",24,"Maryland",35,11066,1106601,31066,"CMH","Columbus, OH","OH",39,"Ohio",44,1625,1713,48,48,1,3,"1600-1659",10,1723,1814,4,1740,1818,38,38,1,2,"1700-1759",0,"",0,75,65,51,1,336,2,0,0,0,0,38,NA,NA,NA
2010,3,7,9,5,2010-07-09,"WN",19393,"WN","N420WN",662,10821,1082103,30852,"BWI","Baltimore, MD","MD",24,"Maryland",35,12191,1219101,31453,"HOU","Houston, TX","TX",48,"Texas",74,1320,1323,3,3,0,0,"1300-1359",9,1332,1516,6,1540,1522,-18,0,0,-2,"1500-1559",0,"",0,200,179,164,1,1246,5,NA,NA,NA,NA,NA,NA,NA,NA
2010,3,7,25,7,2010-07-25,"XE",20374,"XE","N17984",2342,10821,1082103,30852,"BWI","Baltimore, MD","MD",24,"Maryland",35,11618,1161801,31703,"EWR","Newark, NJ","NJ",34,"New Jersey",21,1249,1314,25,25,1,1,"1200-1259",63,1417,1451,11,1411,1502,51,51,1,3,"1400-1459",0,"",0,82,108,34,1,169,1,0,0,51,0,0,NA,NA,NA
2010,3,7,22,4,2010-07-22,"FL",20437,"FL","N899AT",752,10821,1082103,30852,"BWI","Baltimore, MD","MD",24,"Maryland",35,12339,1233903,32337,"IND","Indianapolis, IN","IN",18,"Indiana",42,2015,2013,-2,0,0,-1,"2000-2059",10,2023,2140,7,2200,2147,-13,0,0,-1,"2200-2259",0,"",0,105,94,77,1,515,3,NA,NA,NA,NA,NA,NA,NA,NA
2010,3,7,12,1,2010-07-12,"WN",19393,"WN","N611SW",2441,10821,1082103,30852,"BWI","Baltimore, MD","MD",24,"Maryland",35,13204,1320401,31454,"MCO","Orlando, FL","FL",12,"Florida",33,735,736,1,1,0,0,"0700-0759",12,748,939,5,950,944,-6,0,0,-1,"0900-0959",0,"",0,135,128,111,1,787,4,NA,NA,NA,NA,NA,NA,NA,NA
2010,3,7,13,2,2010-07-13,"WN",19393,"WN","N503SW",3937,10821,1082103,30852,"BWI","Baltimore, MD","MD",24,"Maryland",35,10792,1079202,30792,"BUF","Buffalo, NY","NY",36,"New York",22,1640,1648,8,8,0,0,"1600-1659",14,1702,1747,3,1745,1750,5,5,0,0,"1700-1759",0,"",0,65,62,45,1,281,2,NA,NA,NA,NA,NA,NA,NA,NA
2010,3,7,30,5,2010-07-30,"B6",20409,"B6","N307JB",1326,10821,1082103,30852,"BWI","Baltimore, MD","MD",24,"Maryland",35,10721,1072101,30721,"BOS","Boston, MA","MA",25,"Massachusetts",13,1630,1628,-2,0,0,-1,"1600-1659",14,1642,1740,12,1801,1752,-9,0,0,-1,"1800-1859",0,"",0,91,84,58,1,370,2,NA,NA,NA,NA,NA,NA,NA,NA
2010,3,7,9,5,2010-07-09,"WN",19393,"WN","N685SW",647,10821,1082103,30852,"BWI","Baltimore, MD","MD",24,"Maryland",35,14307,1430701,30721,"PVD","Providence, RI","RI",44,"Rhode Island",15,845,844,-1,0,0,-1,"0800-0859",9,853,948,5,1000,953,-7,0,0,-1,"1000-1059",0,"",0,75,69,55,1,328,2,NA,NA,NA,NA,NA,NA,NA,NA
2010,3,7,8,4,2010-07-08,"AA",19805,"AA","N542AA",1309,10821,1082103,30852,"BWI","Baltimore, MD","MD",24,"Maryland",35,11298,1129802,30194,"DFW","Dallas/Fort Worth, TX","TX",48,"Texas",74,1045,1043,-2,0,0,-1,"1000-1059",13,1056,1233,6,1255,1239,-16,0,0,-2,"1200-1259",0,"",0,190,176,157,1,1217,5,NA,NA,NA,NA,NA,NA,NA,NA
2010,3,7,21,3,2010-07-21,"UA",19977,"UA","N440UA",445,10821,1082103,30852,"BWI","Baltimore, MD","MD",24,"Maryland",35,11292,1129202,30325,"DEN","Denver, CO","CO",8,"Colorado",82,734,728,-6,0,0,-1,"0700-0759",15,743,911,9,929,920,-9,0,0,-1,"0900-0959",0,"",0,235,232,208,1,1491,6,NA,NA,NA,NA,NA,NA,NA,NA
2010,3,7,26,1,2010-07-26,"WN",19393,"WN","N363SW",3659,10821,1082103,30852,"BWI","Baltimore, MD","MD",24,"Maryland",35,15016,1501602,31123,"STL","St. Louis, MO","MO",29,"Missouri",64,730,727,-3,0,0,-1,"0700-0759",13,740,834,3,845,837,-8,0,0,-1,"0800-0859",0,"",0,135,130,114,1,737,3,NA,NA,NA,NA,NA,NA,NA,NA
2010,3,7,8,4,2010-07-08,"FL",20437,"FL","N937AT",321,10821,1082103,30852,"BWI","Baltimore, MD","MD",24,"Maryland",35,11057,1105702,31057,"CLT","Charlotte, NC","NC",37,"North Carolina",36,2125,2125,0,0,0,0,"2100-2159",14,2139,2231,7,2249,2238,-11,0,0,-1,"2200-2259",0,"",0,84,73,52,1,361,2,NA,NA,NA,NA,NA,NA,NA,NA
2010,3,7,27,2,2010-07-27,"WN",19393,"WN","N388SW",221,10821,1082103,30852,"BWI","Baltimore, MD","MD",24,"Maryland",35,10792,1079202,30792,"BUF","Buffalo, NY","NY",36,"New York",22,1530,1531,1,1,0,0,"1500-1559",10,1541,1629,17,1635,1646,11,11,0,0,"1600-1659",0,"",0,65,75,48,1,281,2,NA,NA,NA,NA,NA,NA,NA,NA
2010,3,7,15,4,2010-07-15,"UA",19977,"UA","N487UA",445,10821,1082103,30852,"BWI","Baltimore, MD","MD",24,"Maryland",35,11292,1129202,30325,"DEN","Denver, CO","CO",8,"Colorado",82,734,734,0,0,0,0,"0700-0759",12,746,902,10,929,912,-17,0,0,-2,"0900-0959",0,"",0,235,218,196,1,1491,6,NA,NA,NA,NA,NA,NA,NA,NA
2010,3,7,16,5,2010-07-16,"AA",19805,"AA","N540AA",1719,10821,1082103,30852,"BWI","Baltimore, MD","MD",24,"Maryland",35,11298,1129802,30194,"DFW","Dallas/Fort Worth, TX","TX",48,"Texas",74,1900,1917,17,17,1,1,"1900-1959",18,1935,2114,3,2110,2117,7,7,0,0,"2100-2159",0,"",0,190,180,159,1,1217,5,NA,NA,NA,NA,NA,NA,NA,NA
2010,3,7,27,2,2010-07-27,"DL",19790,"DL","N977DL",1925,10821,1082103,30852,"BWI","Baltimore, MD","MD",24,"Maryland",35,10397,1039703,30397,"ATL","Atlanta, GA","GA",13,"Georgia",34,959,958,-1,0,0,-1,"0900-0959",29,1027,1146,6,1150,1152,2,2,0,0,"1100-1159",0,"",0,111,114,79,1,576,3,NA,NA,NA,NA,NA,NA,NA,NA
2010,3,7,24,6,2010-07-24,"WN",19393,"WN","N643SW",1542,10821,1082103,30852,"BWI","Baltimore, MD","MD",24,"Maryland",35,13495,1349501,33495,"MSY","New Orleans, LA","LA",22,"Louisiana",72,915,922,7,7,0,0,"0900-0959",17,939,1058,2,1055,1100,5,5,0,0,"1000-1059",0,"",0,160,158,139,1,998,4,NA,NA,NA,NA,NA,NA,NA,NA
2010,3,7,21,3,2010-07-21,"WN",19393,"WN","N277WN",230,10821,1082103,30852,"BWI","Baltimore, MD","MD",24,"Maryland",35,12191,1219101,31453,"HOU","Houston, TX","TX",48,"Texas",74,820,829,9,9,0,0,"0800-0859",14,843,1030,6,1040,1036,-4,0,0,-1,"1000-1059",0,"",0,200,187,167,1,1246,5,NA,NA,NA,NA,NA,NA,NA,NA
2010,3,7,2,5,2010-07-02,"WN",19393,"WN","N304SW",158,10821,1082103,30852,"BWI","Baltimore, MD","MD",24,"Maryland",35,14307,1430701,30721,"PVD","Providence, RI","RI",44,"Rhode Island",15,1855,1929,34,34,1,2,"1800-1859",9,1938,2036,5,2010,2041,31,31,1,2,"2000-2059",0,"",0,75,72,58,1,328,2,25,0,0,0,6,NA,NA,NA
2010,3,7,20,2,2010-07-20,"WN",19393,"WN","N797MX",1052,10821,1082103,30852,"BWI","Baltimore, MD","MD",24,"Maryland",35,12451,1245101,31136,"JAX","Jacksonville, FL","FL",12,"Florida",33,820,840,20,20,1,1,"0800-0859",14,854,1026,4,1020,1030,10,10,0,0,"1000-1059",0,"",0,120,110,92,1,663,3,NA,NA,NA,NA,NA,NA,NA,NA
2010,3,7,9,5,2010-07-09,"MQ",20398,"MQ","N518MQ",3837,10821,1082103,30852,"BWI","Baltimore, MD","MD",24,"Maryland",35,13930,1393001,30977,"ORD","Chicago, IL","IL",17,"Illinois",41,940,938,-2,0,0,-1,"0900-0959",13,951,1021,4,1040,1025,-15,0,0,-1,"1000-1059",0,"",0,120,107,90,1,622,3,NA,NA,NA,NA,NA,NA,NA,NA
2010,3,7,20,2,2010-07-20,"DL",19790,"DL","N917DE",2425,10821,1082103,30852,"BWI","Baltimore, MD","MD",24,"Maryland",35,10397,1039703,30397,"ATL","Atlanta, GA","GA",13,"Georgia",34,1730,2041,191,191,1,12,"1700-1759",33,2114,2235,7,1933,2242,189,189,1,12,"1900-1959",0,"",0,123,121,81,1,576,3,180,0,0,0,9,NA,NA,NA
2010,3,7,7,3,2010-07-07,"WN",19393,"WN","N222WN",246,10821,1082103,30852,"BWI","Baltimore, MD","MD",24,"Maryland",35,10693,1069301,30693,"BNA","Nashville, TN","TN",47,"Tennessee",54,855,854,-1,0,0,-1,"0800-0859",9,903,925,6,945,931,-14,0,0,-1,"0900-0959",0,"",0,110,97,82,1,588,3,NA,NA,NA,NA,NA,NA,NA,NA
2010,3,7,10,6,2010-07-10,"WN",19393,"WN","N246LV",3200,10821,1082103,30852,"BWI","Baltimore, MD","MD",24,"Maryland",35,13232,1323201,30977,"MDW","Chicago, IL","IL",17,"Illinois",41,930,931,1,1,0,0,"0900-0959",11,942,1015,7,1030,1022,-8,0,0,-1,"1000-1059",0,"",0,120,111,93,1,611,3,NA,NA,NA,NA,NA,NA,NA,NA
2010,3,7,10,6,2010-07-10,"WN",19393,"WN","N728SW",1453,10821,1082103,30852,"BWI","Baltimore, MD","MD",24,"Maryland",35,10792,1079202,30792,"BUF","Buffalo, NY","NY",36,"New York",22,1940,2000,20,20,1,1,"1900-1959",17,2017,2103,3,2045,2106,21,21,1,1,"2000-2059",0,"",0,65,66,46,1,281,2,8,0,1,0,12,NA,NA,NA
2010,3,7,11,7,2010-07-11,"WN",19393,"WN","N691WN",1763,10821,1082103,30852,"BWI","Baltimore, MD","MD",24,"Maryland",35,14730,1473002,33044,"SDF","Louisville, KY","KY",21,"Kentucky",52,1210,1207,-3,0,0,-1,"1200-1259",9,1216,1333,5,1350,1338,-12,0,0,-1,"1300-1359",0,"",0,100,91,77,1,495,2,NA,NA,NA,NA,NA,NA,NA,NA
2010,3,7,17,6,2010-07-17,"AA",19805,"AA","N4WLAA",547,10821,1082103,30852,"BWI","Baltimore, MD","MD",24,"Maryland",35,11298,1129802,30194,"DFW","Dallas/Fort Worth, TX","TX",48,"Texas",74,930,923,-7,0,0,-1,"0900-0959",13,936,1128,12,1140,1140,0,0,0,0,"1100-1159",0,"",0,190,197,172,1,1217,5,NA,NA,NA,NA,NA,NA,NA,NA
2010,3,7,20,2,2010-07-20,"WN",19393,"WN","N430WN",1227,10821,1082103,30852,"BWI","Baltimore, MD","MD",24,"Maryland",35,10257,1025701,30257,"ALB","Albany, NY","NY",36,"New York",22,725,722,-3,0,0,-1,"0700-0759",12,734,824,5,835,829,-6,0,0,-1,"0800-0859",0,"",0,70,67,50,1,288,2,NA,NA,NA,NA,NA,NA,NA,NA
2010,3,7,19,1,2010-07-19,"UA",19977,"UA","N567UA",641,10821,1082103,30852,"BWI","Baltimore, MD","MD",24,"Maryland",35,13930,1393001,30977,"ORD","Chicago, IL","IL",17,"Illinois",41,903,858,-5,0,0,-1,"0900-0959",13,911,939,8,1005,947,-18,0,0,-2,"1000-1059",0,"",0,122,109,88,1,622,3,NA,NA,NA,NA,NA,NA,NA,NA
2010,3,7,5,1,2010-07-05,"WN",19393,"WN","N691WN",1263,10821,1082103,30852,"BWI","Baltimore, MD","MD",24,"Maryland",35,13296,1329603,30721,"MHT","Manchester, NH","NH",33,"New Hampshire",14,1640,1808,88,88,1,5,"1600-1659",10,1818,1924,3,1800,1927,87,87,1,5,"1800-1859",0,"",0,80,79,66,1,377,2,87,0,0,0,0,NA,NA,NA
2010,3,7,26,1,2010-07-26,"AA",19805,"AA","N3ATAA",993,10821,1082103,30852,"BWI","Baltimore, MD","MD",24,"Maryland",35,13303,1330302,32467,"MIA","Miami, FL","FL",12,"Florida",33,610,634,24,24,1,1,"0600-0659",29,703,910,10,840,920,40,40,1,2,"0800-0859",0,"",0,150,166,127,1,946,4,24,0,16,0,0,NA,NA,NA
2010,3,7,13,2,2010-07-13,"FL",20437,"FL","N899AT",315,10821,1082103,30852,"BWI","Baltimore, MD","MD",24,"Maryland",35,11057,1105702,31057,"CLT","Charlotte, NC","NC",37,"North Carolina",36,842,839,-3,0,0,-1,"0800-0859",11,850,952,10,1008,1002,-6,0,0,-1,"1000-1059",0,"",0,86,83,62,1,361,2,NA,NA,NA,NA,NA,NA,NA,NA
2010,3,7,5,1,2010-07-05,"XE",20374,"XE","N16918",3129,10821,1082103,30852,"BWI","Baltimore, MD","MD",24,"Maryland",35,11042,1104201,30647,"CLE","Cleveland, OH","OH",39,"Ohio",44,1840,1837,-3,0,0,-1,"1800-1859",9,1846,1935,6,1950,1941,-9,0,0,-1,"1900-1959",0,"",0,70,64,49,1,314,2,NA,NA,NA,NA,NA,NA,NA,NA
2010,3,7,15,4,2010-07-15,"WN",19393,"WN","N400WN",177,10821,1082103,30852,"BWI","Baltimore, MD","MD",24,"Maryland",35,10721,1072101,30721,"BOS","Boston, MA","MA",25,"Massachusetts",13,640,637,-3,0,0,-1,"0600-0659",7,644,801,7,805,808,3,3,0,0,"0800-0859",0,"",0,85,91,77,1,370,2,NA,NA,NA,NA,NA,NA,NA,NA
2010,3,7,15,4,2010-07-15,"US",20355,"US","N944UW",1716,10821,1082103,30852,"BWI","Baltimore, MD","MD",24,"Maryland",35,14100,1410001,34100,"PHL","Philadelphia, PA","PA",42,"Pennsylvania",23,730,759,29,29,1,1,"0700-0759",9,808,844,4,822,848,26,26,1,1,"0800-0859",0,"",0,52,49,36,1,90,1,26,0,0,0,0,NA,NA,NA
2010,3,7,29,4,2010-07-29,"WN",19393,"WN","N522SW",193,10821,1082103,30852,"BWI","Baltimore, MD","MD",24,"Maryland",35,13204,1320401,31454,"MCO","Orlando, FL","FL",12,"Florida",33,2020,NA,NA,NA,NA,NA,"2000-2059",NA,NA,NA,NA,2235,NA,NA,NA,NA,NA,"2200-2259",1,"A",0,135,NA,NA,1,787,4,NA,NA,NA,NA,NA,NA,NA,NA
2010,3,7,19,1,2010-07-19,"UA",19977,"UA","N821UA",307,10821,1082103,30852,"BWI","Baltimore, MD","MD",24,"Maryland",35,12892,1289201,32575,"LAX","Los Angeles, CA","CA",6,"California",91,1855,1844,-11,0,0,-1,"1800-1859",16,1900,2051,6,2133,2057,-36,0,0,-2,"2100-2159",0,"",0,338,313,291,1,2329,10,NA,NA,NA,NA,NA,NA,NA,NA
2010,3,7,17,6,2010-07-17,"FL",20437,"FL","N974AT",436,10821,1082103,30852,"BWI","Baltimore, MD","MD",24,"Maryland",35,10397,1039703,30397,"ATL","Atlanta, GA","GA",13,"Georgia",34,1431,1425,-6,0,0,-1,"1400-1459",12,1437,1602,10,1622,1612,-10,0,0,-1,"1600-1659",0,"",0,111,107,85,1,576,3,NA,NA,NA,NA,NA,NA,NA,NA
2010,3,7,26,1,2010-07-26,"WN",19393,"WN","N662SW",784,10821,1082103,30852,"BWI","Baltimore, MD","MD",24,"Maryland",35,10721,1072101,30721,"BOS","Boston, MA","MA",25,"Massachusetts",13,1755,1823,28,28,1,1,"1700-1759",12,1835,1935,7,1920,1942,22,22,1,1,"1900-1959",0,"",0,85,79,60,1,370,2,3,0,0,0,19,NA,NA,NA
2010,3,7,15,4,2010-07-15,"WN",19393,"WN","N430WN",3397,10821,1082103,30852,"BWI","Baltimore, MD","MD",24,"Maryland",35,12391,1239101,31703,"ISP","Islip, NY","NY",36,"New York",22,745,747,2,2,0,0,"0700-0759",8,755,848,5,845,853,8,8,0,0,"0800-0859",0,"",0,60,66,53,1,220,1,NA,NA,NA,NA,NA,NA,NA,NA
2010,3,7,25,7,2010-07-25,"FL",20437,"FL","N970AT",815,10821,1082103,30852,"BWI","Baltimore, MD","MD",24,"Maryland",35,10721,1072101,30721,"BOS","Boston, MA","MA",25,"Massachusetts",13,1230,1227,-3,0,0,-1,"1200-1259",8,1235,1333,5,1355,1338,-17,0,0,-2,"1300-1359",0,"",0,85,71,58,1,370,2,NA,NA,NA,NA,NA,NA,NA,NA
2010,3,7,2,5,2010-07-02,"WN",19393,"WN","N644SW",392,10821,1082103,30852,"BWI","Baltimore, MD","MD",24,"Maryland",35,10693,1069301,30693,"BNA","Nashville, TN","TN",47,"Tennessee",54,640,641,1,1,0,0,"0600-0659",12,653,720,5,735,725,-10,0,0,-1,"0700-0759",0,"",0,115,104,87,1,588,3,NA,NA,NA,NA,NA,NA,NA,NA
2010,3,7,19,1,2010-07-19,"WN",19393,"WN","N775SW",246,10821,1082103,30852,"BWI","Baltimore, MD","MD",24,"Maryland",35,10693,1069301,30693,"BNA","Nashville, TN","TN",47,"Tennessee",54,855,905,10,10,0,0,"0800-0859",11,916,942,5,945,947,2,2,0,0,"0900-0959",0,"",0,110,102,86,1,588,3,NA,NA,NA,NA,NA,NA,NA,NA
2010,3,7,7,3,2010-07-07,"WN",19393,"WN","N713SW",630,10821,1082103,30852,"BWI","Baltimore, MD","MD",24,"Maryland",35,11292,1129202,30325,"DEN","Denver, CO","CO",8,"Colorado",82,1100,1059,-1,0,0,-1,"1100-1159",9,1108,1229,4,1300,1233,-27,0,0,-2,"1300-1359",0,"",0,240,214,201,1,1491,6,NA,NA,NA,NA,NA,NA,NA,NA
2010,3,7,21,3,2010-07-21,"UA",19977,"UA","N481UA",297,10821,1082103,30852,"BWI","Baltimore, MD","MD",24,"Maryland",35,14771,1477101,32457,"SFO","San Francisco, CA","CA",6,"California",91,835,835,0,0,0,0,"0800-0859",18,853,1124,5,1127,1129,2,2,0,0,"1100-1159",0,"",0,352,354,331,1,2457,10,NA,NA,NA,NA,NA,NA,NA,NA
2010,3,7,13,2,2010-07-13,"FL",20437,"FL","N899AT",315,10821,1082103,30852,"BWI","Baltimore, MD","MD",24,"Maryland",35,11057,1105702,31057,"CLT","Charlotte, NC","NC",37,"North Carolina",36,842,839,-3,0,0,-1,"0800-0859",11,850,952,10,1008,1002,-6,0,0,-1,"1000-1059",0,"",0,86,83,62,1,361,2,NA,NA,NA,NA,NA,NA,NA,NA
2010,3,7,16,5,2010-07-16,"WN",19393,"WN","N694SW",313,10821,1082103,30852,"BWI","Baltimore, MD","MD",24,"Maryland",35,11042,1104201,30647,"CLE","Cleveland, OH","OH",39,"Ohio",44,1545,1541,-4,0,0,-1,"1500-1559",10,1551,1641,4,1655,1645,-10,0,0,-1,"1600-1659",0,"",0,70,64,50,1,314,2,NA,NA,NA,NA,NA,NA,NA,NA
2010,3,7,13,2,2010-07-13,"WN",19393,"WN","N230WN",1148,10821,1082103,30852,"BWI","Baltimore, MD","MD",24,"Maryland",35,13204,1320401,31454,"MCO","Orlando, FL","FL",12,"Florida",33,2120,2313,113,113,1,7,"2100-2159",9,2322,107,4,2335,111,96,96,1,6,"2300-2359",0,"",0,135,118,105,1,787,4,0,0,0,0,96,NA,NA,NA
2010,3,7,17,6,2010-07-17,"WN",19393,"WN","N921WN",2846,10821,1082103,30852,"BWI","Baltimore, MD","MD",24,"Maryland",35,10693,1069301,30693,"BNA","Nashville, TN","TN",47,"Tennessee",54,1150,1210,20,20,1,1,"1100-1159",12,1222,1253,6,1240,1259,19,19,1,1,"1200-1259",0,"",0,110,109,91,1,588,3,16,0,0,0,3,NA,NA,NA
2010,3,7,5,1,2010-07-05,"XE",20374,"XE","N16918",3129,10821,1082103,30852,"BWI","Baltimore, MD","MD",24,"Maryland",35,11042,1104201,30647,"CLE","Cleveland, OH","OH",39,"Ohio",44,1840,1837,-3,0,0,-1,"1800-1859",9,1846,1935,6,1950,1941,-9,0,0,-1,"1900-1959",0,"",0,70,64,49,1,314,2,NA,NA,NA,NA,NA,NA,NA,NA
2010,3,7,24,6,2010-07-24,"WN",19393,"WN","N213WN",2359,10821,1082103,30852,"BWI","Baltimore, MD","MD",24,"Maryland",35,11042,1104201,30647,"CLE","Cleveland, OH","OH",39,"Ohio",44,1025,1126,61,61,1,4,"1000-1059",9,1135,1228,8,1135,1236,61,61,1,4,"1100-1159",0,"",0,70,70,53,1,314,2,12,0,0,0,49,NA,NA,NA
2010,3,7,6,2,2010-07-06,"WN",19393,"WN","N649SW",3137,10821,1082103,30852,"BWI","Baltimore, MD","MD",24,"Maryland",35,14492,1449201,34492,"RDU","Raleigh/Durham, NC","NC",37,"North Carolina",36,635,629,-6,0,0,-1,"0600-0659",10,639,721,4,740,725,-15,0,0,-1,"0700-0759",0,"",0,65,56,42,1,255,2,NA,NA,NA,NA,NA,NA,NA,NA
2010,3,7,13,2,2010-07-13,"WN",19393,"WN","N273WN",921,10821,1082103,30852,"BWI","Baltimore, MD","MD",24,"Maryland",35,11697,1169702,32467,"FLL","Fort Lauderdale, FL","FL",12,"Florida",33,1210,1213,3,3,0,0,"1200-1259",8,1221,1432,4,1440,1436,-4,0,0,-1,"1400-1459",0,"",0,150,143,131,1,925,4,NA,NA,NA,NA,NA,NA,NA,NA
2010,3,7,10,6,2010-07-10,"WN",19393,"WN","N772SW",2252,10821,1082103,30852,"BWI","Baltimore, MD","MD",24,"Maryland",35,12391,1239101,31703,"ISP","Islip, NY","NY",36,"New York",22,730,729,-1,0,0,-1,"0700-0759",14,743,832,4,835,836,1,1,0,0,"0800-0859",0,"",0,65,67,49,1,220,1,NA,NA,NA,NA,NA,NA,NA,NA
2010,3,7,8,4,2010-07-08,"WN",19393,"WN","N758SW",3576,10821,1082103,30852,"BWI","Baltimore, MD","MD",24,"Maryland",35,14635,1463501,31714,"RSW","Fort Myers, FL","FL",12,"Florida",33,1900,1911,11,11,0,0,"1900-1959",7,1918,2116,2,2135,2118,-17,0,0,-2,"2100-2159",0,"",0,155,127,118,1,919,4,NA,NA,NA,NA,NA,NA,NA,NA
2010,3,7,10,6,2010-07-10,"WN",19393,"WN","N601WN",2217,10821,1082103,30852,"BWI","Baltimore, MD","MD",24,"Maryland",35,10792,1079202,30792,"BUF","Buffalo, NY","NY",36,"New York",22,755,754,-1,0,0,-1,"0700-0759",10,804,852,2,900,854,-6,0,0,-1,"0900-0959",0,"",0,65,60,48,1,281,2,NA,NA,NA,NA,NA,NA,NA,NA
2010,3,7,12,1,2010-07-12,"WN",19393,"WN","N757LV",246,10821,1082103,30852,"BWI","Baltimore, MD","MD",24,"Maryland",35,10693,1069301,30693,"BNA","Nashville, TN","TN",47,"Tennessee",54,855,855,0,0,0,0,"0800-0859",12,907,938,5,945,943,-2,0,0,-1,"0900-0959",0,"",0,110,108,91,1,588,3,NA,NA,NA,NA,NA,NA,NA,NA
2010,3,7,12,1,2010-07-12,"WN",19393,"WN","N259WN",1020,10821,1082103,30852,"BWI","Baltimore, MD","MD",24,"Maryland",35,14107,1410701,30466,"PHX","Phoenix, AZ","AZ",4,"Arizona",81,935,932,-3,0,0,-1,"0900-0959",14,946,1125,6,1135,1131,-4,0,0,-1,"1100-1159",0,"",0,300,299,279,1,1999,8,NA,NA,NA,NA,NA,NA,NA,NA
2010,3,7,3,6,2010-07-03,"WN",19393,"WN","N396SW",2039,10821,1082103,30852,"BWI","Baltimore, MD","MD",24,"Maryland",35,13495,1349501,33495,"MSY","New Orleans, LA","LA",22,"Louisiana",72,1600,1633,33,33,1,2,"1600-1659",9,1642,1751,3,1745,1754,9,9,0,0,"1700-1759",0,"",0,165,141,129,1,998,4,NA,NA,NA,NA,NA,NA,NA,NA
2010,3,7,2,5,2010-07-02,"WN",19393,"WN","N399WN",265,10821,1082103,30852,"BWI","Baltimore, MD","MD",24,"Maryland",35,13204,1320401,31454,"MCO","Orlando, FL","FL",12,"Florida",33,615,615,0,0,0,0,"0600-0659",12,627,812,6,825,818,-7,0,0,-1,"0800-0859",0,"",0,130,123,105,1,787,4,NA,NA,NA,NA,NA,NA,NA,NA
2010,3,7,30,5,2010-07-30,"WN",19393,"WN","N523SW",110,10821,1082103,30852,"BWI","Baltimore, MD","MD",24,"Maryland",35,11042,1104201,30647,"CLE","Cleveland, OH","OH",39,"Ohio",44,2000,2005,5,5,0,0,"2000-2059",13,2018,2110,4,2110,2114,4,4,0,0,"2100-2159",0,"",0,70,69,52,1,314,2,NA,NA,NA,NA,NA,NA,NA,NA
2010,3,7,18,7,2010-07-18,"DL",19790,"DL","N911DL",563,10821,1082103,30852,"BWI","Baltimore, MD","MD",24,"Maryland",35,10397,1039703,30397,"ATL","Atlanta, GA","GA",13,"Georgia",34,830,825,-5,0,0,-1,"0800-0859",20,845,1009,8,1027,1017,-10,0,0,-1,"1000-1059",0,"",0,117,112,84,1,576,3,NA,NA,NA,NA,NA,NA,NA,NA
2010,3,7,5,1,2010-07-05,"UA",19977,"UA","N482UA",473,10821,1082103,30852,"BWI","Baltimore, MD","MD",24,"Maryland",35,13930,1393001,30977,"ORD","Chicago, IL","IL",17,"Illinois",41,1659,1703,4,4,0,0,"1600-1659",9,1712,1741,6,1807,1747,-20,0,0,-2,"1800-1859",0,"",0,128,104,89,1,622,3,NA,NA,NA,NA,NA,NA,NA,NA
2010,3,7,31,6,2010-07-31,"FL",20437,"FL","N964AT",959,10821,1082103,30852,"BWI","Baltimore, MD","MD",24,"Maryland",35,11697,1169702,32467,"FLL","Fort Lauderdale, FL","FL",12,"Florida",33,1549,1545,-4,0,0,-1,"1500-1559",12,1557,1802,5,1819,1807,-12,0,0,-1,"1800-1859",0,"",0,150,142,125,1,925,4,NA,NA,NA,NA,NA,NA,NA,NA
2010,3,7,31,6,2010-07-31,"US",20355,"US","N454UW",1291,10821,1082103,30852,"BWI","Baltimore, MD","MD",24,"Maryland",35,11057,1105702,31057,"CLT","Charlotte, NC","NC",37,"North Carolina",36,1355,1403,8,8,0,0,"1300-1359",12,1415,1526,5,1523,1531,8,8,0,0,"1500-1559",0,"",0,88,88,71,1,361,2,NA,NA,NA,NA,NA,NA,NA,NA
2010,3,7,30,5,2010-07-30,"WN",19393,"WN","N523SW",110,10821,1082103,30852,"BWI","Baltimore, MD","MD",24,"Maryland",35,11042,1104201,30647,"CLE","Cleveland, OH","OH",39,"Ohio",44,2000,2005,5,5,0,0,"2000-2059",13,2018,2110,4,2110,2114,4,4,0,0,"2100-2159",0,"",0,70,69,52,1,314,2,NA,NA,NA,NA,NA,NA,NA,NA
2010,3,7,12,1,2010-07-12,"WN",19393,"WN","N202WN",155,10821,1082103,30852,"BWI","Baltimore, MD","MD",24,"Maryland",35,13296,1329603,30721,"MHT","Manchester, NH","NH",33,"New Hampshire",14,640,638,-2,0,0,-1,"0600-0659",9,647,751,4,800,755,-5,0,0,-1,"0800-0859",0,"",0,80,77,64,1,377,2,NA,NA,NA,NA,NA,NA,NA,NA
2010,3,7,23,5,2010-07-23,"XE",20374,"XE","N17108",2714,10821,1082103,30852,"BWI","Baltimore, MD","MD",24,"Maryland",35,11618,1161801,31703,"EWR","Newark, NJ","NJ",34,"New Jersey",21,1805,2121,196,196,1,12,"1800-1859",21,2142,2225,10,1923,2235,192,192,1,12,"1900-1959",0,"",0,78,74,43,1,169,1,0,0,192,0,0,1929,66,66
2010,3,7,27,2,2010-07-27,"UA",19977,"UA","N845UA",441,10821,1082103,30852,"BWI","Baltimore, MD","MD",24,"Maryland",35,11292,1129202,30325,"DEN","Denver, CO","CO",8,"Colorado",82,954,947,-7,0,0,-1,"0900-0959",24,1011,1128,5,1149,1133,-16,0,0,-2,"1100-1159",0,"",0,235,226,197,1,1491,6,NA,NA,NA,NA,NA,NA,NA,NA
2010,3,7,1,4,2010-07-01,"FL",20437,"FL","N173AT",499,10821,1082103,30852,"BWI","Baltimore, MD","MD",24,"Maryland",35,13204,1320401,31454,"MCO","Orlando, FL","FL",12,"Florida",33,2012,2008,-4,0,0,-1,"2000-2059",16,2024,2209,9,2224,2218,-6,0,0,-1,"2200-2259",0,"",0,132,130,105,1,787,4,NA,NA,NA,NA,NA,NA,NA,NA
2010,3,7,13,2,2010-07-13,"WN",19393,"WN","N375SW",2985,10821,1082103,30852,"BWI","Baltimore, MD","MD",24,"Maryland",35,13296,1329603,30721,"MHT","Manchester, NH","NH",33,"New Hampshire",14,2135,2341,126,126,1,8,"2100-2159",32,13,112,4,2255,116,141,141,1,9,"2200-2259",0,"",0,80,95,59,1,377,2,0,5,15,0,121,NA,NA,NA
2010,3,7,21,3,2010-07-21,"WN",19393,"WN","N921WN",272,10821,1082103,30852,"BWI","Baltimore, MD","MD",24,"Maryland",35,10529,1052902,30529,"BDL","Hartford, CT","CT",9,"Connecticut",11,1120,1138,18,18,1,1,"1100-1159",35,1213,1257,4,1225,1301,36,36,1,2,"1200-1259",0,"",0,65,83,44,1,283,2,18,0,18,0,0,NA,NA,NA
2010,3,7,17,6,2010-07-17,"FL",20437,"FL","N974AT",436,10821,1082103,30852,"BWI","Baltimore, MD","MD",24,"Maryland",35,10397,1039703,30397,"ATL","Atlanta, GA","GA",13,"Georgia",34,1431,1425,-6,0,0,-1,"1400-1459",12,1437,1602,10,1622,1612,-10,0,0,-1,"1600-1659",0,"",0,111,107,85,1,576,3,NA,NA,NA,NA,NA,NA,NA,NA
2010,3,7,23,5,2010-07-23,"WN",19393,"WN","N372SW",384,10821,1082103,30852,"BWI","Baltimore, MD","MD",24,"Maryland",35,12448,1244802,32448,"JAN","Jackson/Vicksburg, MS","MS",28,"Mississippi",53,1540,1607,27,27,1,1,"1500-1559",9,1616,1715,3,1710,1718,8,8,0,0,"1700-1759",0,"",0,150,131,119,1,888,4,NA,NA,NA,NA,NA,NA,NA,NA
2010,3,7,5,1,2010-07-05,"DL",19790,"DL","N773NC",2137,10821,1082103,30852,"BWI","Baltimore, MD","MD",24,"Maryland",35,11433,1143301,31295,"DTW","Detroit, MI","MI",26,"Michigan",43,730,727,-3,0,0,-1,"0700-0759",16,743,847,13,909,900,-9,0,0,-1,"0900-0959",0,"",0,99,93,64,1,408,2,NA,NA,NA,NA,NA,NA,NA,NA
2010,3,7,8,4,2010-07-08,"AA",19805,"AA","N592AA",1719,10821,1082103,30852,"BWI","Baltimore, MD","MD",24,"Maryland",35,11298,1129802,30194,"DFW","Dallas/Fort Worth, TX","TX",48,"Texas",74,1900,1925,25,25,1,1,"1900-1959",12,1937,2126,11,2110,2137,27,27,1,1,"2100-2159",0,"",0,190,192,169,1,1217,5,0,0,2,0,25,NA,NA,NA
2010,3,7,6,2,2010-07-06,"FL",20437,"FL","N937AT",752,10821,1082103,30852,"BWI","Baltimore, MD","MD",24,"Maryland",35,12339,1233903,32337,"IND","Indianapolis, IN","IN",18,"Indiana",42,2015,2009,-6,0,0,-1,"2000-2059",8,2017,2126,7,2200,2133,-27,0,0,-2,"2200-2259",0,"",0,105,84,69,1,515,3,NA,NA,NA,NA,NA,NA,NA,NA
2010,3,7,31,6,2010-07-31,"US",20355,"US","N806AW",365,10821,1082103,30852,"BWI","Baltimore, MD","MD",24,"Maryland",35,14107,1410701,30466,"PHX","Phoenix, AZ","AZ",4,"Arizona",81,720,742,22,22,1,1,"0700-0759",10,752,902,23,916,925,9,9,0,0,"0900-0959",0,"",0,296,283,250,1,1999,8,NA,NA,NA,NA,NA,NA,NA,NA
2010,3,7,5,1,2010-07-05,"DL",19790,"DL","N773NC",2137,10821,1082103,30852,"BWI","Baltimore, MD","MD",24,"Maryland",35,11433,1143301,31295,"DTW","Detroit, MI","MI",26,"Michigan",43,730,727,-3,0,0,-1,"0700-0759",16,743,847,13,909,900,-9,0,0,-1,"0900-0959",0,"",0,99,93,64,1,408,2,NA,NA,NA,NA,NA,NA,NA,NA
2010,3,7,1,4,2010-07-01,"WN",19393,"WN","N460WN",885,10821,1082103,30852,"BWI","Baltimore, MD","MD",24,"Maryland",35,14107,1410701,30466,"PHX","Phoenix, AZ","AZ",4,"Arizona",81,1850,1851,1,1,0,0,"1800-1859",10,1901,2023,6,2055,2029,-26,0,0,-2,"2000-2059",0,"",0,305,278,262,1,1999,8,NA,NA,NA,NA,NA,NA,NA,NA
2010,3,7,29,4,2010-07-29,"FL",20437,"FL","N899AT",449,10821,1082103,30852,"BWI","Baltimore, MD","MD",24,"Maryland",35,10397,1039703,30397,"ATL","Atlanta, GA","GA",13,"Georgia",34,1915,2138,143,143,1,9,"1900-1959",16,2154,2310,5,2101,2315,134,134,1,8,"2100-2159",0,"",0,106,97,76,1,576,3,0,0,0,0,134,NA,NA,NA
2010,3,7,28,3,2010-07-28,"WN",19393,"WN","N737JW",1065,10821,1082103,30852,"BWI","Baltimore, MD","MD",24,"Maryland",35,10599,1059903,30599,"BHM","Birmingham, AL","AL",1,"Alabama",51,1340,1344,4,4,0,0,"1300-1359",7,1351,1424,2,1440,1426,-14,0,0,-1,"1400-1459",0,"",0,120,102,93,1,682,3,NA,NA,NA,NA,NA,NA,NA,NA
2010,3,7,3,6,2010-07-03,"DL",19790,"DL","N912DN",2901,10821,1082103,30852,"BWI","Baltimore, MD","MD",24,"Maryland",35,13487,1348701,31650,"MSP","Minneapolis, MN","MN",27,"Minnesota",63,1755,1928,93,93,1,6,"1700-1759",19,1947,2048,6,1941,2054,73,73,1,4,"1900-1959",0,"",0,166,146,121,1,936,4,73,0,0,0,0,NA,NA,NA
2010,3,7,17,6,2010-07-17,"WN",19393,"WN","N685SW",2487,10821,1082103,30852,"BWI","Baltimore, MD","MD",24,"Maryland",35,11042,1104201,30647,"CLE","Cleveland, OH","OH",39,"Ohio",44,1905,2034,89,89,1,5,"1900-1959",8,2042,2134,2,2015,2136,81,81,1,5,"2000-2059",0,"",0,70,62,52,1,314,2,15,0,0,0,66,NA,NA,NA
2010,3,7,2,5,2010-07-02,"WN",19393,"WN","N448WN",1008,10821,1082103,30852,"BWI","Baltimore, MD","MD",24,"Maryland",35,10721,1072101,30721,"BOS","Boston, MA","MA",25,"Massachusetts",13,1050,1048,-2,0,0,-1,"1000-1059",8,1056,1200,6,1215,1206,-9,0,0,-1,"1200-1259",0,"",0,85,78,64,1,370,2,NA,NA,NA,NA,NA,NA,NA,NA
2010,3,7,20,2,2010-07-20,"FL",20437,"FL","N285AT",150,10821,1082103,30852,"BWI","Baltimore, MD","MD",24,"Maryland",35,13303,1330302,32467,"MIA","Miami, FL","FL",12,"Florida",33,900,858,-2,0,0,-1,"0900-0959",20,918,1140,15,1131,1155,24,24,1,1,"1100-1159",0,"",0,151,177,142,1,946,4,0,0,24,0,0,NA,NA,NA
2010,3,7,5,1,2010-07-05,"WN",19393,"WN","N935WN",363,10821,1082103,30852,"BWI","Baltimore, MD","MD",24,"Maryland",35,14307,1430701,30721,"PVD","Providence, RI","RI",44,"Rhode Island",15,2135,2149,14,14,0,0,"2100-2159",9,2158,2251,3,2245,2254,9,9,0,0,"2200-2259",0,"",0,70,65,53,1,328,2,NA,NA,NA,NA,NA,NA,NA,NA
2010,3,7,13,2,2010-07-13,"FL",20437,"FL","N899AT",315,10821,1082103,30852,"BWI","Baltimore, MD","MD",24,"Maryland",35,11057,1105702,31057,"CLT","Charlotte, NC","NC",37,"North Carolina",36,842,839,-3,0,0,-1,"0800-0859",11,850,952,10,1008,1002,-6,0,0,-1,"1000-1059",0,"",0,86,83,62,1,361,2,NA,NA,NA,NA,NA,NA,NA,NA
2010,3,7,21,3,2010-07-21,"WN",19393,"WN","N318SW",164,10821,1082103,30852,"BWI","Baltimore, MD","MD",24,"Maryland",35,10792,1079202,30792,"BUF","Buffalo, NY","NY",36,"New York",22,725,723,-2,0,0,-1,"0700-0759",12,735,838,2,830,840,10,10,0,0,"0800-0859",0,"",0,65,77,63,1,281,2,NA,NA,NA,NA,NA,NA,NA,NA
2010,3,7,30,5,2010-07-30,"FL",20437,"FL","N336AT",605,10821,1082103,30852,"BWI","Baltimore, MD","MD",24,"Maryland",35,10721,1072101,30721,"BOS","Boston, MA","MA",25,"Massachusetts",13,2120,2114,-6,0,0,-1,"2100-2159",8,2122,2219,9,2244,2228,-16,0,0,-2,"2200-2259",0,"",0,84,74,57,1,370,2,NA,NA,NA,NA,NA,NA,NA,NA
2010,3,7,3,6,2010-07-03,"OH",20417,"OH","N371CA",6294,10821,1082103,30852,"BWI","Baltimore, MD","MD",24,"Maryland",35,13244,1324401,33244,"MEM","Memphis, TN","TN",47,"Tennessee",54,640,640,0,0,0,0,"0600-0659",8,648,737,16,800,753,-7,0,0,-1,"0800-0859",0,"",0,140,133,109,1,787,4,NA,NA,NA,NA,NA,NA,NA,NA
2010,3,7,27,2,2010-07-27,"WN",19393,"WN","N233LV",2342,10821,1082103,30852,"BWI","Baltimore, MD","MD",24,"Maryland",35,14730,1473002,33044,"SDF","Louisville, KY","KY",21,"Kentucky",52,905,904,-1,0,0,-1,"0900-0959",17,921,1041,4,1045,1045,0,0,0,0,"1000-1059",0,"",0,100,101,80,1,495,2,NA,NA,NA,NA,NA,NA,NA,NA
