"Year","Quarter","Month","DayofMonth","DayOfWeek","FlightDate","UniqueCarrier","AirlineID","Carrier","TailNum","FlightNum","OriginAirportID","OriginAirportSeqID","OriginCityMarketID","Origin","OriginCityName","OriginState","OriginStateFips","OriginStateName","OriginWac","DestAirportID","DestAirportSeqID","DestCityMarketID","Dest","DestCityName","DestState","DestStateFips","DestStateName","DestWac","CRSDepTime","DepTime","DepDelay","DepDelayMinutes","DepDel15","DepartureDelayGroups","DepTimeBlk","TaxiOut","WheelsOff","WheelsOn","TaxiIn","CRSArrTime","ArrTime","ArrDelay","ArrDelayMinutes","ArrDel15","ArrivalDelayGroups","ArrTimeBlk","Cancelled","CancellationCode","Diverted","CRSElapsedTime","ActualElapsedTime","AirTime","Flights","Distance","DistanceGroup","CarrierDelay","WeatherDelay","NASDelay","SecurityDelay","LateAircraftDelay","FirstDepTime","TotalAddGTime","LongestAddGTime"
2011,2,6,29,3,2011-06-29,"FL",20437,"FL","N957AT",812,10721,1072101,30721,"BOS","Boston, MA","MA",25,"Massachusetts",13,10821,1082103,30852,"BWI","Baltimore, MD","MD",24,"Maryland",35,854,847,-7,0,0,-1,"0800-0859",9,856,959,6,1021,1005,-16,0,0,-2,"1000-1059",0,"",0,87,78,63,1,370,2,NA,NA,NA,NA,NA,NA,NA,NA
2011,2,6,25,6,2011-06-25,"DL",19790,"DL","N3735D",1723,10721,1072101,30721,"BOS","Boston, MA","MA",25,"Massachusetts",13,11433,1143301,31295,"DTW","Detroit, MI","MI",26,"Michigan",43,1415,1414,-1,0,0,-1,"1400-1459",13,1427,1606,9,1624,1615,-9,0,0,-1,"1600-1659",0,"",0,129,121,99,1,632,3,NA,NA,NA,NA,NA,NA,NA,NA
2011,2,6,2,4,2011-06-02,"US",20355,"US","N432US",1291,10721,1072101,30721,"BOS","Boston, MA","MA",25,"Massachusetts",13,11057,1105702,31057,"CLT","Charlotte, NC","NC",37,"North Carolina",36,1255,1252,-3,0,0,-1,"1200-1259",13,1305,1450,11,1506,1501,-5,0,0,-1,"1500-1559",0,"",0,131,129,105,1,728,3,NA,NA,NA,NA,NA,NA,NA,NA
2011,2,6,13,1,2011-06-13,"US",20355,"US","N745VJ",2039,10721,1072101,30721,"BOS","Boston, MA","MA",25,"Massachusetts",13,11278,1127801,30852,"DCA","Washington, DC","VA",51,"Virginia",38,1500,1453,-7,0,0,-1,"1500-1559",15,1508,1623,6,1633,1629,-4,0,0,-1,"1600-1659",0,"",0,93,96,75,1,399,2,NA,NA,NA,NA,NA,NA,NA,NA
2011,2,6,2,4,2011-06-02,"UA",19977,"UA","N808UA",864,10721,1072101,30721,"BOS","Boston, MA","MA",25,"Massachusetts",13,12264,1226401,30852,"IAD","Washington, DC","VA",51,"Virginia",38,1643,2033,230,230,1,12,"1600-1659",14,2047,2156,7,1825,2203,218,218,1,12,"1800-1859",0,"",0,102,90,69,1,413,2,0,0,0,0,218,NA,NA,NA
2011,2,6,5,7,2011-06-05,"US",20355,"US","N752US",2033,10721,1072101,30721,"BOS","Boston, MA","MA",25,"Massachusetts",13,11278,1127801,30852,"DCA","Washington, DC","VA",51,"Virginia",38,1200,1200,0,0,0,0,"1200-1259",10,1210,1313,2,1326,1315,-11,0,0,-1,"1300-1359",0,"",0,86,75,63,1,399,2,NA,NA,NA,NA,NA,NA,NA,NA
2011,2,6,7,2,2011-06-07,"FL",20437,"FL","N947AT",1430,10721,1072101,30721,"BOS","Boston, MA","MA",25,"Massachusetts",13,14098,1409802,33667,"PHF","Newport News/Williamsburg, VA","VA",51,"Virginia",38,2005,2000,-5,0,0,-1,"2000-2059",24,2024,2129,4,2137,2133,-4,0,0,-1,"2100-2159",0,"",0,92,93,65,1,464,2,NA,NA,NA,NA,NA,NA,NA,NA
2011,2,6,11,6,2011-06-11,"B6",20409,"B6","N239JB",1227,10721,1072101,30721,"BOS","Boston, MA","MA",25,"Massachusetts",13,14492,1449201,34492,"RDU","Raleigh/Durham, NC","NC",37,"North Carolina",36,1045,1045,0,0,0,0,"1000-1059",21,1106,1236,4,1241,1240,-1,0,0,-1,"1200-1259",0,"",0,116,115,90,1,612,3,NA,NA,NA,NA,NA,NA,NA,NA
2011,2,6,8,3,2011-06-08,"DL",19790,"DL","N366NB",1371,10721,1072101,30721,"BOS","Boston, MA","MA",25,"Massachusetts",13,12953,1295301,31703,"LGA","New York, NY","NY",36,"New York",22,545,544,-1,0,0,-1,"0001-0559",10,554,630,2,659,632,-27,0,0,-2,"0600-0659",0,"",0,74,48,36,1,185,1,NA,NA,NA,NA,NA,NA,NA,NA
2011,2,6,23,4,2011-06-23,"AA",19805,"AA","N3DJAA",451,10721,1072101,30721,"BOS","Boston, MA","MA",25,"Massachusetts",13,13930,1393001,30977,"ORD","Chicago, IL","IL",17,"Illinois",41,700,705,5,5,0,0,"0700-0759",32,737,851,16,850,907,17,17,1,1,"0800-0859",0,"",0,170,182,134,1,867,4,0,0,17,0,0,NA,NA,NA
2011,2,6,8,3,2011-06-08,"MQ",20398,"MQ","N505MQ",3834,10721,1072101,30721,"BOS","Boston, MA","MA",25,"Massachusetts",13,12478,1247801,31703,"JFK","New York, NY","NY",36,"New York",22,1415,1407,-8,0,0,-1,"1400-1459",20,1427,1510,7,1540,1517,-23,0,0,-2,"1500-1559",0,"",0,85,70,43,1,187,1,NA,NA,NA,NA,NA,NA,NA,NA
2011,2,6,27,1,2011-06-27,"UA",19977,"UA","N821UA",568,10721,1072101,30721,"BOS","Boston, MA","MA",25,"Massachusetts",13,12264,1226401,30852,"IAD","Washington, DC","VA",51,"Virginia",38,1720,1718,-2,0,0,-1,"1700-1759",10,1728,1837,5,1858,1842,-16,0,0,-2,"1800-1859",0,"",0,98,84,69,1,413,2,NA,NA,NA,NA,NA,NA,NA,NA
2011,2,6,10,5,2011-06-10,"B6",20409,"B6","N709JB",973,10721,1072101,30721,"BOS","Boston, MA","MA",25,"Massachusetts",13,11697,1169702,32467,"FLL","Fort Lauderdale, FL","FL",12,"Florida",33,1700,1721,21,21,1,1,"1700-1759",19,1740,2046,5,2024,2051,27,27,1,1,"2000-2059",0,"",0,204,210,186,1,1237,5,14,0,6,0,7,NA,NA,NA
2011,2,6,5,7,2011-06-05,"US",20355,"US","N752US",2033,10721,1072101,30721,"BOS","Boston, MA","MA",25,"Massachusetts",13,11278,1127801,30852,"DCA","Washington, DC","VA",51,"Virginia",38,1200,1200,0,0,0,0,"1200-1259",10,1210,1313,2,1326,1315,-11,0,0,-1,"1300-1359",0,"",0,86,75,63,1,399,2,NA,NA,NA,NA,NA,NA,NA,NA
2011,2,6,2,4,2011-06-02,"DL",19790,"DL","N371DA",189,10721,1072101,30721,"BOS","Boston, MA","MA",25,"Massachusetts",13,11433,1143301,31295,"DTW","Detroit, MI","MI",26,"Michigan",43,1417,1412,-5,0,0,-1,"1400-1459",20,1432,1611,9,1629,1620,-9,0,0,-1,"1600-1659",0,"",0,132,128,99,1,632,3,NA,NA,NA,NA,NA,NA,NA,NA
2011,2,6,21,2,2011-06-21,"B6",20409,"B6","N586JB",471,10721,1072101,30721,"BOS","Boston, MA","MA",25,"Massachusetts",13,14831,1483102,32457,"SJC","San Jose, CA","CA",6,"California",91,1635,1653,18,18,1,1,"1600-1659",13,1706,2003,3,1958,2006,8,8,0,0,"1900-1959",0,"",0,383,373,357,1,2689,11,NA,NA,NA,NA,NA,NA,NA,NA
2011,2,6,7,2,2011-06-07,"B6",20409,"B6","N306JB",1173,10721,1072101,30721,"BOS","Boston, MA","MA",25,"Massachusetts",13,11618,1161801,31703,"EWR","Newark, NJ","NJ",34,"New Jersey",21,615,648,33,33,1,2,"0600-0659",15,703,747,7,731,754,23,23,1,1,"0700-0759",0,"",0,76,66,44,1,200,1,23,0,0,0,0,NA,NA,NA
2011,2,6,27,1,2011-06-27,"CO",19704,"CO","N37273",183,10721,1072101,30721,"BOS","Boston, MA","MA",25,"Massachusetts",13,12266,1226602,31453,"IAH","Houston, TX","TX",48,"Texas",74,1845,1845,0,0,0,0,"1800-1859",12,1857,2128,13,2150,2141,-9,0,0,-1,"2100-2159",0,"",0,245,236,211,1,1597,7,NA,NA,NA,NA,NA,NA,NA,NA
2011,2,6,10,5,2011-06-10,"DL",19790,"DL","N317NB",1467,10721,1072101,30721,"BOS","Boston, MA","MA",25,"Massachusetts",13,11433,1143301,31295,"DTW","Detroit, MI","MI",26,"Michigan",43,900,854,-6,0,0,-1,"0900-0959",21,915,1057,6,1117,1103,-14,0,0,-1,"1100-1159",0,"",0,137,129,102,1,632,3,NA,NA,NA,NA,NA,NA,NA,NA
2011,2,6,7,2,2011-06-07,"FL",20437,"FL","N947AT",1430,10721,1072101,30721,"BOS","Boston, MA","MA",25,"Massachusetts",13,14098,1409802,33667,"PHF","Newport News/Williamsburg, VA","VA",51,"Virginia",38,2005,2000,-5,0,0,-1,"2000-2059",24,2024,2129,4,2137,2133,-4,0,0,-1,"2100-2159",0,"",0,92,93,65,1,464,2,NA,NA,NA,NA,NA,NA,NA,NA
2011,2,6,23,4,2011-06-23,"UA",19977,"UA","N415UA",593,10721,1072101,30721,"BOS","Boston, MA","MA",25,"Massachusetts",13,11292,1129202,30325,"DEN","Denver, CO","CO",8,"Colorado",82,1712,1829,77,77,1,5,"1700-1759",26,1855,2101,8,1949,2109,80,80,1,5,"1900-1959",0,"",0,277,280,246,1,1754,8,26,0,3,0,51,NA,NA,NA
2011,2,6,26,7,2011-06-26,"AA",19805,"AA","N3FNAA",475,10721,1072101,30721,"BOS","Boston, MA","MA",25,"Massachusetts",13,11298,1129802,30194,"DFW","Dallas/Fort Worth, TX","TX",48,"Texas",74,1225,1219,-6,0,0,-1,"1200-1259",12,1231,1514,5,1520,1519,-1,0,0,-1,"1500-1559",0,"",0,235,240,223,1,1562,7,NA,NA,NA,NA,NA,NA,NA,NA
2011,2,6,29,3,2011-06-29,"US",20355,"US","N955UW",1727,10721,1072101,30721,"BOS","Boston, MA","MA",25,"Massachusetts",13,14100,1410001,34100,"PHL","Philadelphia, PA","PA",42,"Pennsylvania",23,1230,1225,-5,0,0,-1,"1200-1259",23,1248,1351,5,1359,1356,-3,0,0,-1,"1300-1359",0,"",0,89,91,63,1,280,2,NA,NA,NA,NA,NA,NA,NA,NA
2011,2,6,12,7,2011-06-12,"WN",19393,"WN","N267WN",2801,10721,1072101,30721,"BOS","Boston, MA","MA",25,"Massachusetts",13,10821,1082103,30852,"BWI","Baltimore, MD","MD",24,"Maryland",35,2100,2200,60,60,1,4,"2100-2159",14,2214,2319,4,2230,2323,53,53,1,3,"2200-2259",0,"",0,90,83,65,1,370,2,0,0,15,0,38,NA,NA,NA
2011,2,6,10,5,2011-06-10,"B6",20409,"B6","N536JB",471,10721,1072101,30721,"BOS","Boston, MA","MA",25,"Massachusetts",13,14831,1483102,32457,"SJC","San Jose, CA","CA",6,"California",91,1635,1630,-5,0,0,-1,"1600-1659",21,1651,2003,6,2008,2009,1,1,0,0,"2000-2059",0,"",0,393,399,372,1,2689,11,NA,NA,NA,NA,NA,NA,NA,NA
2011,2,6,7,2,2011-06-07,"UA",19977,"UA","N498UA",848,10721,1072101,30721,"BOS","Boston, MA","MA",25,"Massachusetts",13,13930,1393001,30977,"ORD","Chicago, IL","IL",17,"Illinois",41,1055,1055,0,0,0,0,"1000-1059",8,1103,1210,3,1236,1213,-23,0,0,-2,"1200-1259",0,"",0,161,138,127,1,867,4,NA,NA,NA,NA,NA,NA,NA,NA
2011,2,6,10,5,2011-06-10,"US",20355,"US","N832AW",524,10721,1072101,30721,"BOS","Boston, MA","MA",25,"Massachusetts",13,14107,1410701,30466,"PHX","Phoenix, AZ","AZ",4,"Arizona",81,1000,1001,1,1,0,0,"1000-1059",20,1021,1230,3,1233,1233,0,0,0,0,"1200-1259",0,"",0,333,332,309,1,2300,10,NA,NA,NA,NA,NA,NA,NA,NA
2011,2,6,1,3,2011-06-01,"US",20355,"US","N952UW",1727,10721,1072101,30721,"BOS","Boston, MA","MA",25,"Massachusetts",13,14100,1410001,34100,"PHL","Philadelphia, PA","PA",42,"Pennsylvania",23,1230,1221,-9,0,0,-1,"1200-1259",26,1247,1348,3,1400,1351,-9,0,0,-1,"1400-1459",0,"",0,90,90,61,1,280,2,NA,NA,NA,NA,NA,NA,NA,NA
2011,2,6,11,6,2011-06-11,"UA",19977,"UA","N468UA",823,10721,1072101,30721,"BOS","Boston, MA","MA",25,"Massachusetts",13,12264,1226401,30852,"IAD","Washington, DC","VA",51,"Virginia",38,1341,1340,-1,0,0,-1,"1300-1359",22,1402,1510,8,1526,1518,-8,0,0,-1,"1500-1559",0,"",0,105,98,68,1,413,2,NA,NA,NA,NA,NA,NA,NA,NA
2011,2,6,9,4,2011-06-09,"B6",20409,"B6","N236JB",925,10721,1072101,30721,"BOS","Boston, MA","MA",25,"Massachusetts",13,13930,1393001,30977,"ORD","Chicago, IL","IL",17,"Illinois",41,1717,2206,289,289,1,12,"1700-1759",19,2225,2340,6,1910,2346,276,276,1,12,"1900-1959",0,"",0,173,160,135,1,867,4,77,0,17,0,182,NA,NA,NA
2011,2,6,13,1,2011-06-13,"AA",19805,"AA","N3CLAA",1339,10721,1072101,30721,"BOS","Boston, MA","MA",25,"Massachusetts",13,13930,1393001,30977,"ORD","Chicago, IL","IL",17,"Illinois",41,1745,1741,-4,0,0,-1,"1700-1759",12,1753,1906,29,1940,1935,-5,0,0,-1,"1900-1959",0,"",0,175,174,133,1,867,4,NA,NA,NA,NA,NA,NA,NA,NA
2011,2,6,2,4,2011-06-02,"DL",19790,"DL","N3732J",986,10721,1072101,30721,"BOS","Boston, MA","MA",25,"Massachusetts",13,11433,1143301,31295,"DTW","Detroit, MI","MI",26,"Michigan",43,1225,1222,-3,0,0,-1,"1200-1259",14,1236,1424,8,1439,1432,-7,0,0,-1,"1400-1459",0,"",0,134,130,108,1,632,3,NA,NA,NA,NA,NA,NA,NA,NA
2011,2,6,24,5,2011-06-24,"UA",19977,"UA","N565UA",893,10721,1072101,30721,"BOS","Boston, MA","MA",25,"Massachusetts",13,14771,1477101,32457,"SFO","San Francisco, CA","CA",6,"California",91,610,611,1,1,0,0,"0600-0659",14,625,916,5,938,921,-17,0,0,-2,"0900-0959",0,"",0,388,370,351,1,2704,11,NA,NA,NA,NA,NA,NA,NA,NA
2011,2,6,3,5,2011-06-03,"US",20355,"US","N957UW",2135,10721,1072101,30721,"BOS","Boston, MA","MA",25,"Massachusetts",13,12953,1295301,31703,"LGA","New York, NY","NY",36,"New York",22,1600,1555,-5,0,0,-1,"1600-1659",31,1626,1712,5,1716,1717,1,1,0,0,"1700-1759",0,"",0,76,82,46,1,185,1,NA,NA,NA,NA,NA,NA,NA,NA
2011,2,6,16,4,2011-06-16,"US",20355,"US","N758US",2021,10721,1072101,30721,"BOS","Boston, MA","MA",25,"Massachusetts",13,11278,1127801,30852,"DCA","Washington, DC","VA",51,"Virginia",38,600,551,-9,0,0,-1,"0600-0659",15,606,712,4,726,716,-10,0,0,-1,"0700-0759",0,"",0,86,85,66,1,399,2,NA,NA,NA,NA,NA,NA,NA,NA
2011,2,6,16,4,2011-06-16,"WN",19393,"WN","N450WN",1216,10721,1072101,30721,"BOS","Boston, MA","MA",25,"Massachusetts",13,10821,1082103,30852,"BWI","Baltimore, MD","MD",24,"Maryland",35,1630,1653,23,23,1,1,"1600-1659",16,1709,1811,5,1805,1816,11,11,0,0,"1800-1859",0,"",0,95,83,62,1,370,2,NA,NA,NA,NA,NA,NA,NA,NA
2011,2,6,28,2,2011-06-28,"B6",20409,"B6","N309JB",1295,10721,1072101,30721,"BOS","Boston, MA","MA",25,"Massachusetts",13,14122,1412201,30198,"PIT","Pittsburgh, PA","PA",42,"Pennsylvania",23,1030,1036,6,6,0,0,"1000-1059",15,1051,1212,4,1211,1216,5,5,0,0,"1200-1259",0,"",0,101,100,81,1,496,2,NA,NA,NA,NA,NA,NA,NA,NA
2011,2,6,3,5,2011-06-03,"B6",20409,"B6","N197JB",687,10721,1072101,30721,"BOS","Boston, MA","MA",25,"Massachusetts",13,11278,1127801,30852,"DCA","Washington, DC","VA",51,"Virginia",38,1525,1518,-7,0,0,-1,"1500-1559",21,1539,1643,7,1709,1650,-19,0,0,-2,"1700-1759",0,"",0,104,92,64,1,399,2,NA,NA,NA,NA,NA,NA,NA,NA
2011,2,6,17,5,2011-06-17,"B6",20409,"B6","N559JB",497,10721,1072101,30721,"BOS","Boston, MA","MA",25,"Massachusetts",13,14747,1474702,30559,"SEA","Seattle, WA","WA",53,"Washington",93,2055,2123,28,28,1,1,"2000-2059",22,2145,17,6,2359,23,24,24,1,1,"2300-2359",0,"",0,364,360,332,1,2496,10,0,0,0,0,24,NA,NA,NA
2011,2,6,17,5,2011-06-17,"WN",19393,"WN","N610WN",1428,10721,1072101,30721,"BOS","Boston, MA","MA",25,"Massachusetts",13,14100,1410001,34100,"PHL","Philadelphia, PA","PA",42,"Pennsylvania",23,2125,2140,15,15,1,1,"2100-2159",11,2151,2255,4,2300,2259,-1,0,0,-1,"2300-2359",0,"",0,95,79,64,1,280,2,NA,NA,NA,NA,NA,NA,NA,NA
2011,2,6,20,1,2011-06-20,"US",20355,"US","N952UW",1759,10721,1072101,30721,"BOS","Boston, MA","MA",25,"Massachusetts",13,14100,1410001,34100,"PHL","Philadelphia, PA","PA",42,"Pennsylvania",23,1730,1727,-3,0,0,-1,"1700-1759",15,1742,1838,4,1905,1842,-23,0,0,-2,"1900-1959",0,"",0,95,75,56,1,280,2,NA,NA,NA,NA,NA,NA,NA,NA
2011,2,6,27,1,2011-06-27,"DL",19790,"DL","N309US",1901,10721,1072101,30721,"BOS","Boston, MA","MA",25,"Massachusetts",13,10397,1039703,30397,"ATL","Atlanta, GA","GA",13,"Georgia",34,830,834,4,4,0,0,"0800-0859",14,848,1051,6,1117,1057,-20,0,0,-2,"1100-1159",0,"",0,167,143,123,1,946,4,NA,NA,NA,NA,NA,NA,NA,NA
2011,2,6,20,1,2011-06-20,"B6",20409,"B6","N258JB",467,10721,1072101,30721,"BOS","Boston, MA","MA",25,"Massachusetts",13,14635,1463501,31714,"RSW","Fort Myers, FL","FL",12,"Florida",33,1645,1708,23,23,1,1,"1600-1659",17,1725,2006,1,2009,2007,-2,0,0,-1,"2000-2059",0,"",0,204,179,161,1,1249,5,NA,NA,NA,NA,NA,NA,NA,NA
2011,2,6,16,4,2011-06-16,"UA",19977,"UA","N477UA",568,10721,1072101,30721,"BOS","Boston, MA","MA",25,"Massachusetts",13,12264,1226401,30852,"IAD","Washington, DC","VA",51,"Virginia",38,1720,1753,33,33,1,2,"1700-1759",19,1812,1918,12,1858,1930,32,32,1,2,"1800-1859",0,"",0,98,97,66,1,413,2,8,0,0,0,24,NA,NA,NA
2011,2,6,23,4,2011-06-23,"US",20355,"US","N825AW",524,10721,1072101,30721,"BOS","Boston, MA","MA",25,"Massachusetts",13,14107,1410701,30466,"PHX","Phoenix, AZ","AZ",4,"Arizona",81,1000,1019,19,19,1,1,"1000-1059",27,1046,1250,4,1233,1254,21,21,1,1,"1200-1259",0,"",0,333,335,304,1,2300,10,0,19,2,0,0,NA,NA,NA
2011,2,6,26,7,2011-06-26,"B6",20409,"B6","N329JB",683,10721,1072101,30721,"BOS","Boston, MA","MA",25,"Massachusetts",13,11278,1127801,30852,"DCA","Washington, DC","VA",51,"Virginia",38,1100,1050,-10,0,0,-1,"1100-1159",13,1103,1212,6,1235,1218,-17,0,0,-2,"1200-1259",0,"",0,95,88,69,1,399,2,NA,NA,NA,NA,NA,NA,NA,NA
2011,2,6,22,3,2011-06-22,"AA",19805,"AA","N5CPAA",527,10721,1072101,30721,"BOS","Boston, MA","MA",25,"Massachusetts",13,13303,1330302,32467,"MIA","Miami, FL","FL",12,"Florida",33,1115,1110,-5,0,0,-1,"1100-1159",30,1140,1428,5,1435,1433,-2,0,0,-1,"1400-1459",0,"",0,200,203,168,1,1258,6,NA,NA,NA,NA,NA,NA,NA,NA
2011,2,6,10,5,2011-06-10,"AS",19930,"AS","N520AS",15,10721,1072101,30721,"BOS","Boston, MA","MA",25,"Massachusetts",13,14747,1474702,30559,"SEA","Seattle, WA","WA",53,"Washington",93,1810,1808,-2,0,0,-1,"1800-1859",23,1831,2103,5,2129,2108,-21,0,0,-2,"2100-2159",0,"",0,379,360,332,1,2496,10,NA,NA,NA,NA,NA,NA,NA,NA
2011,2,6,28,2,2011-06-28,"US",20355,"US","N423US",1487,10721,1072101,30721,"BOS","Boston, MA","MA",25,"Massachusetts",13,11057,1105702,31057,"CLT","Charlotte, NC","NC",37,"North Carolina",36,1905,1922,17,17,1,1,"1900-1959",23,1945,2207,58,2135,2305,90,90,1,6,"2100-2159",0,"",0,150,223,142,1,728,3,16,0,73,0,1,NA,NA,NA
2011,2,6,7,2,2011-06-07,"FL",20437,"FL","N947AT",1430,10721,1072101,30721,"BOS","Boston, MA","MA",25,"Massachusetts",13,14098,1409802,33667,"PHF","Newport News/Williamsburg, VA","VA",51,"Virginia",38,2005,2000,-5,0,0,-1,"2000-2059",24,2024,2129,4,2137,2133,-4,0,0,-1,"2100-2159",0,"",0,92,93,65,1,464,2,NA,NA,NA,NA,NA,NA,NA,NA
2011,2,6,21,2,2011-06-21,"WN",19393,"WN","N417WN",2874,10721,1072101,30721,"BOS","Boston, MA","MA",25,"Massachusetts",13,10821,1082103,30852,"BWI","Baltimore, MD","MD",24,"Maryland",35,655,651,-4,0,0,-1,"0600-0659",20,711,811,5,830,816,-14,0,0,-1,"0800-0859",0,"",0,95,85,60,1,370,2,NA,NA,NA,NA,NA,NA,NA,NA
2011,2,6,8,3,2011-06-08,"WN",19393,"WN","N418WN",584,10721,1072101,30721,"BOS","Boston, MA","MA",25,"Massachusetts",13,10821,1082103,30852,"BWI","Baltimore, MD","MD",24,"Maryland",35,2100,2105,5,5,0,0,"2100-2159",17,2122,2229,3,2230,2232,2,2,0,0,"2200-2259",0,"",0,90,87,67,1,370,2,NA,NA,NA,NA,NA,NA,NA,NA
2011,2,6,20,1,2011-06-20,"UA",19977,"UA","N851UA",609,10721,1072101,30721,"BOS","Boston, MA","MA",25,"Massachusetts",13,11292,1129202,30325,"DEN","Denver, CO","CO",8,"Colorado",82,1524,1611,47,47,1,3,"1500-1559",16,1627,1844,8,1756,1852,56,56,1,3,"1700-1759",0,"",0,272,281,257,1,1754,8,18,0,9,0,29,NA,NA,NA
2011,2,6,3,5,2011-06-03,"B6",20409,"B6","N316JB",1249,10721,1072101,30721,"BOS","Boston, MA","MA",25,"Massachusetts",13,12264,1226401,30852,"IAD","Washington, DC","VA",51,"Virginia",38,615,613,-2,0,0,-1,"0600-0659",14,627,736,4,753,740,-13,0,0,-1,"0700-0759",0,"",0,98,87,69,1,413,2,NA,NA,NA,NA,NA,NA,NA,NA
2011,2,6,22,3,2011-06-22,"B6",20409,"B6","N586JB",947,10721,1072101,30721,"BOS","Boston, MA","MA",25,"Massachusetts",13,13204,1320401,31454,"MCO","Orlando, FL","FL",12,"Florida",33,630,634,4,4,0,0,"0600-0659",17,651,916,7,927,923,-4,0,0,-1,"0900-0959",0,"",0,177,169,145,1,1121,5,NA,NA,NA,NA,NA,NA,NA,NA
2011,2,6,21,2,2011-06-21,"B6",20409,"B6","N284JB",1253,10721,1072101,30721,"BOS","Boston, MA","MA",25,"Massachusetts",13,12264,1226401,30852,"IAD","Washington, DC","VA",51,"Virginia",38,1024,1023,-1,0,0,-1,"1000-1059",14,1037,1145,5,1200,1150,-10,0,0,-1,"1200-1259",0,"",0,96,87,68,1,413,2,NA,NA,NA,NA,NA,NA,NA,NA
2011,2,6,4,6,2011-06-04,"UA",19977,"UA","N583UA",893,10721,1072101,30721,"BOS","Boston, MA","MA",25,"Massachusetts",13,14771,1477101,32457,"SFO","San Francisco, CA","CA",6,"California",91,603,601,-2,0,0,-1,"0600-0659",14,615,926,11,941,937,-4,0,0,-1,"0900-0959",0,"",0,398,396,371,1,2704,11,NA,NA,NA,NA,NA,NA,NA,NA
2011,2,6,23,4,2011-06-23,"DL",19790,"DL","N328NB",1375,10721,1072101,30721,"BOS","Boston, MA","MA",25,"Massachusetts",13,12953,1295301,31703,"LGA","New York, NY","NY",36,"New York",22,730,NA,NA,NA,NA,NA,"0700-0759",NA,NA,NA,NA,845,NA,NA,NA,NA,NA,"0800-0859",1,"C",0,75,NA,NA,1,185,1,NA,NA,NA,NA,NA,NA,NA,NA
2011,2,6,5,7,2011-06-05,"B6",20409,"B6","N274JB",1219,10721,1072101,30721,"BOS","Boston, MA","MA",25,"Massachusetts",13,10792,1079202,30792,"BUF","Buffalo, NY","NY",36,"New York",22,2005,1952,-13,0,0,-1,"2000-2059",20,2012,2112,3,2136,2115,-21,0,0,-2,"2100-2159",0,"",0,91,83,60,1,396,2,NA,NA,NA,NA,NA,NA,NA,NA
2011,2,6,16,4,2011-06-16,"AA",19805,"AA","N634AA",2297,10721,1072101,30721,"BOS","Boston, MA","MA",25,"Massachusetts",13,13303,1330302,32467,"MIA","Miami, FL","FL",12,"Florida",33,530,529,-1,0,0,-1,"0001-0559",12,541,857,5,840,902,22,22,1,1,"0800-0859",0,"",0,190,213,196,1,1258,6,0,0,22,0,0,NA,NA,NA
2011,2,6,22,3,2011-06-22,"UA",19977,"UA","N564UA",529,10721,1072101,30721,"BOS","Boston, MA","MA",25,"Massachusetts",13,14771,1477101,32457,"SFO","San Francisco, CA","CA",6,"California",91,742,741,-1,0,0,-1,"0700-0759",18,759,1105,9,1120,1114,-6,0,0,-1,"1100-1159",0,"",0,398,393,366,1,2704,11,NA,NA,NA,NA,NA,NA,NA,NA
2011,2,6,9,4,2011-06-09,"US",20355,"US","N951UW",2145,10721,1072101,30721,"BOS","Boston, MA","MA",25,"Massachusetts",13,12953,1295301,31703,"LGA","New York, NY","NY",36,"New York",22,645,638,-7,0,0,-1,"0600-0659",62,740,819,6,750,825,35,35,1,2,"0700-0759",0,"",0,65,107,39,1,185,1,0,0,35,0,0,NA,NA,NA
2011,2,6,23,4,2011-06-23,"CO",19704,"CO","N76254",9,10721,1072101,30721,"BOS","Boston, MA","MA",25,"Massachusetts",13,11618,1161801,31703,"EWR","Newark, NJ","NJ",34,"New Jersey",21,730,723,-7,0,0,-1,"0700-0759",16,739,832,9,848,841,-7,0,0,-1,"0800-0859",0,"",0,78,78,53,1,200,1,NA,NA,NA,NA,NA,NA,NA,NA
2011,2,6,16,4,2011-06-16,"MQ",20398,"MQ","N829MQ",4415,10721,1072101,30721,"BOS","Boston, MA","MA",25,"Massachusetts",13,12478,1247801,31703,"JFK","New York, NY","NY",36,"New York",22,600,554,-6,0,0,-1,"0600-0659",16,610,652,6,715,658,-17,0,0,-2,"0700-0759",0,"",0,75,64,42,1,187,1,NA,NA,NA,NA,NA,NA,NA,NA
2011,2,6,10,5,2011-06-10,"DL",19790,"DL","N634DL",1501,10721,1072101,30721,"BOS","Boston, MA","MA",25,"Massachusetts",13,10397,1039703,30397,"ATL","Atlanta, GA","GA",13,"Georgia",34,715,713,-2,0,0,-1,"0700-0759",20,733,944,10,1008,954,-14,0,0,-1,"1000-1059",0,"",0,173,161,131,1,946,4,NA,NA,NA,NA,NA,NA,NA,NA
2011,2,6,24,5,2011-06-24,"B6",20409,"B6","N526JB",959,10721,1072101,30721,"BOS","Boston, MA","MA",25,"Massachusetts",13,13204,1320401,31454,"MCO","Orlando, FL","FL",12,"Florida",33,2130,22,172,172,1,11,"2100-2159",13,35,314,7,23,321,178,178,1,11,"0001-0559",0,"",0,173,179,159,1,1121,5,63,0,6,0,109,NA,NA,NA
2011,2,6,13,1,2011-06-13,"AA",19805,"AA","N3CLAA",1339,10721,1072101,30721,"BOS","Boston, MA","MA",25,"Massachusetts",13,13930,1393001,30977,"ORD","Chicago, IL","IL",17,"Illinois",41,1745,1741,-4,0,0,-1,"1700-1759",12,1753,1906,29,1940,1935,-5,0,0,-1,"1900-1959",0,"",0,175,174,133,1,867,4,NA,NA,NA,NA,NA,NA,NA,NA
2011,2,6,27,1,2011-06-27,"AA",19805,"AA","N3DJAA",549,10721,1072101,30721,"BOS","Boston, MA","MA",25,"Massachusetts",13,13930,1393001,30977,"ORD","Chicago, IL","IL",17,"Illinois",41,800,757,-3,0,0,-1,"0800-0859",16,813,919,10,945,929,-16,0,0,-2,"0900-0959",0,"",0,165,152,126,1,867,4,NA,NA,NA,NA,NA,NA,NA,NA
2011,2,6,23,4,2011-06-23,"US",20355,"US","N944UW",2137,10721,1072101,30721,"BOS","Boston, MA","MA",25,"Massachusetts",13,12953,1295301,31703,"LGA","New York, NY","NY",36,"New York",22,1700,1656,-4,0,0,-1,"1700-1759",24,1720,1809,5,1816,1814,-2,0,0,-1,"1800-1859",0,"",0,76,78,49,1,185,1,NA,NA,NA,NA,NA,NA,NA,NA
2011,2,6,10,5,2011-06-10,"EV",20366,"EV","N713EV",5069,10721,1072101,30721,"BOS","Boston, MA","MA",25,"Massachusetts",13,12339,1233903,32337,"IND","Indianapolis, IN","IN",18,"Indiana",42,855,903,8,8,0,0,"0800-0859",18,921,1118,4,1130,1122,-8,0,0,-1,"1100-1159",0,"",0,155,139,117,1,817,4,NA,NA,NA,NA,NA,NA,NA,NA
2011,2,6,16,4,2011-06-16,"B6",20409,"B6","N653JB",407,10721,1072101,30721,"BOS","Boston, MA","MA",25,"Massachusetts",13,14107,1410701,30466,"PHX","Phoenix, AZ","AZ",4,"Arizona",81,1845,1842,-3,0,0,-1,"1800-1859",28,1910,2118,8,2115,2126,11,11,0,0,"2100-2159",0,"",0,330,344,308,1,2300,10,NA,NA,NA,NA,NA,NA,NA,NA
2011,2,6,4,6,2011-06-04,"UA",19977,"UA","N583UA",893,10721,1072101,30721,"BOS","Boston, MA","MA",25,"Massachusetts",13,14771,1477101,32457,"SFO","San Francisco, CA","CA",6,"California",91,603,601,-2,0,0,-1,"0600-0659",14,615,926,11,941,937,-4,0,0,-1,"0900-0959",0,"",0,398,396,371,1,2704,11,NA,NA,NA,NA,NA,NA,NA,NA
2011,2,6,16,4,2011-06-16,"US",20355,"US","N758US",2021,10721,1072101,30721,"BOS","Boston, MA","MA",25,"Massachusetts",13,11278,1127801,30852,"DCA","Washington, DC","VA",51,"Virginia",38,600,551,-9,0,0,-1,"0600-0659",15,606,712,4,726,716,-10,0,0,-1,"0700-0759",0,"",0,86,85,66,1,399,2,NA,NA,NA,NA,NA,NA,NA,NA
2011,2,6,2,4,2011-06-02,"AA",19805,"AA","N3EUAA",1697,10721,1072101,30721,"BOS","Boston, MA","MA",25,"Massachusetts",13,13930,1393001,30977,"ORD","Chicago, IL","IL",17,"Illinois",41,1205,1159,-6,0,0,-1,"1200-1259",23,1222,1339,7,1350,1346,-4,0,0,-1,"1300-1359",0,"",0,165,167,137,1,867,4,NA,NA,NA,NA,NA,NA,NA,NA
2011,2,6,5,7,2011-06-05,"AA",19805,"AA","N5BTAA",1771,10721,1072101,30721,"BOS","Boston, MA","MA",25,"Massachusetts",13,11298,1129802,30194,"DFW","Dallas/Fort Worth, TX","TX",48,"Texas",74,1720,1716,-4,0,0,-1,"1700-1759",12,1728,2025,5,2035,2030,-5,0,0,-1,"2000-2059",0,"",0,255,254,237,1,1562,7,NA,NA,NA,NA,NA,NA,NA,NA
2011,2,6,14,2,2011-06-14,"DL",19790,"DL","N343NB",1467,10721,1072101,30721,"BOS","Boston, MA","MA",25,"Massachusetts",13,11433,1143301,31295,"DTW","Detroit, MI","MI",26,"Michigan",43,900,855,-5,0,0,-1,"0900-0959",15,910,1043,5,1117,1048,-29,0,0,-2,"1100-1159",0,"",0,137,113,93,1,632,3,NA,NA,NA,NA,NA,NA,NA,NA
2011,2,6,2,4,2011-06-02,"MQ",20398,"MQ","N824MQ",4415,10721,1072101,30721,"BOS","Boston, MA","MA",25,"Massachusetts",13,12478,1247801,31703,"JFK","New York, NY","NY",36,"New York",22,600,554,-6,0,0,-1,"0600-0659",21,615,659,6,715,705,-10,0,0,-1,"0700-0759",0,"",0,75,71,44,1,187,1,NA,NA,NA,NA,NA,NA,NA,NA
2011,2,6,8,3,2011-06-08,"DL",19790,"DL","N329NB",1377,10721,1072101,30721,"BOS","Boston, MA","MA",25,"Massachusetts",13,12953,1295301,31703,"LGA","New York, NY","NY",36,"New York",22,830,830,0,0,0,0,"0800-0859",27,857,936,1,948,937,-11,0,0,-1,"0900-0959",0,"",0,78,67,39,1,185,1,NA,NA,NA,NA,NA,NA,NA,NA
2011,2,6,16,4,2011-06-16,"US",20355,"US","N949UW",714,10721,1072101,30721,"BOS","Boston, MA","MA",25,"Massachusetts",13,14100,1410001,34100,"PHL","Philadelphia, PA","PA",42,"Pennsylvania",23,1530,1524,-6,0,0,-1,"1500-1559",30,1554,1656,3,1718,1659,-19,0,0,-2,"1700-1759",0,"",0,108,95,62,1,280,2,NA,NA,NA,NA,NA,NA,NA,NA
2011,2,6,29,3,2011-06-29,"DL",19790,"DL","N950DL",1623,10721,1072101,30721,"BOS","Boston, MA","MA",25,"Massachusetts",13,11433,1143301,31295,"DTW","Detroit, MI","MI",26,"Michigan",43,1826,1826,0,0,0,0,"1800-1859",23,1849,2026,6,2042,2032,-10,0,0,-1,"2000-2059",0,"",0,136,126,97,1,632,3,NA,NA,NA,NA,NA,NA,NA,NA
2011,2,6,25,6,2011-06-25,"US",20355,"US","N813AW",506,10721,1072101,30721,"BOS","Boston, MA","MA",25,"Massachusetts",13,14107,1410701,30466,"PHX","Phoenix, AZ","AZ",4,"Arizona",81,625,620,-5,0,0,-1,"0600-0659",13,633,842,39,911,921,10,10,0,0,"0900-0959",0,"",0,346,361,309,1,2300,10,NA,NA,NA,NA,NA,NA,NA,NA
2011,2,6,11,6,2011-06-11,"FL",20437,"FL","N968AT",283,10721,1072101,30721,"BOS","Boston, MA","MA",25,"Massachusetts",13,10397,1039703,30397,"ATL","Atlanta, GA","GA",13,"Georgia",34,1813,1820,7,7,0,0,"1800-1859",12,1832,2044,6,2045,2050,5,5,0,0,"2000-2059",0,"",0,152,150,132,1,946,4,NA,NA,NA,NA,NA,NA,NA,NA
2011,2,6,1,3,2011-06-01,"US",20355,"US","N105UW",1467,10721,1072101,30721,"BOS","Boston, MA","MA",25,"Massachusetts",13,14100,1410001,34100,"PHL","Philadelphia, PA","PA",42,"Pennsylvania",23,930,1003,33,33,1,2,"0900-0959",51,1054,1157,3,1100,1200,60,60,1,4,"1100-1159",0,"",0,90,117,63,1,280,2,0,10,27,0,23,NA,NA,NA
2011,2,6,10,5,2011-06-10,"CO",19704,"CO","N38424",397,10721,1072101,30721,"BOS","Boston, MA","MA",25,"Massachusetts",13,12266,1226602,31453,"IAH","Houston, TX","TX",48,"Texas",74,1325,1341,16,16,1,1,"1300-1359",16,1357,1622,8,1629,1630,1,1,0,0,"1600-1659",0,"",0,244,229,205,1,1597,7,NA,NA,NA,NA,NA,NA,NA,NA
2011,2,6,27,1,2011-06-27,"CO",19704,"CO","N37273",183,10721,1072101,30721,"BOS","Boston, MA","MA",25,"Massachusetts",13,12266,1226602,31453,"IAH","Houston, TX","TX",48,"Texas",74,1845,1845,0,0,0,0,"1800-1859",12,1857,2128,13,2150,2141,-9,0,0,-1,"2100-2159",0,"",0,245,236,211,1,1597,7,NA,NA,NA,NA,NA,NA,NA,NA
2011,2,6,21,2,2011-06-21,"US",20355,"US","N954UW",750,10721,1072101,30721,"BOS","Boston, MA","MA",25,"Massachusetts",13,14100,1410001,34100,"PHL","Philadelphia, PA","PA",42,"Pennsylvania",23,1430,1429,-1,0,0,-1,"1400-1459",26,1455,1553,7,1606,1600,-6,0,0,-1,"1600-1659",0,"",0,96,91,58,1,280,2,NA,NA,NA,NA,NA,NA,NA,NA
2011,2,6,18,6,2011-06-18,"F9",20436,"F9","N929FR",329,10721,1072101,30721,"BOS","Boston, MA","MA",25,"Massachusetts",13,13342,1334202,33342,"MKE","Milwaukee, WI","WI",55,"Wisconsin",45,1150,1149,-1,0,0,-1,"1100-1159",16,1205,1314,8,1326,1322,-4,0,0,-1,"1300-1359",0,"",0,156,153,129,1,860,4,NA,NA,NA,NA,NA,NA,NA,NA
2011,2,6,17,5,2011-06-17,"B6",20409,"B6","N662JB",485,10721,1072101,30721,"BOS","Boston, MA","MA",25,"Massachusetts",13,12892,1289201,32575,"LAX","Los Angeles, CA","CA",6,"California",91,1930,2043,73,73,1,4,"1900-1959",29,2112,2,6,2250,8,78,78,1,5,"2200-2259",0,"",0,380,385,350,1,2611,11,12,0,5,0,61,NA,NA,NA
2011,2,6,11,6,2011-06-11,"B6",20409,"B6","N534JB",777,10721,1072101,30721,"BOS","Boston, MA","MA",25,"Massachusetts",13,12889,1288902,32211,"LAS","Las Vegas, NV","NV",32,"Nevada",85,2005,2019,14,14,0,0,"2000-2059",13,2032,2302,5,2303,2307,4,4,0,0,"2300-2359",0,"",0,358,348,330,1,2381,10,NA,NA,NA,NA,NA,NA,NA,NA
2011,2,6,1,3,2011-06-01,"AA",19805,"AA","N3GFAA",411,10721,1072101,30721,"BOS","Boston, MA","MA",25,"Massachusetts",13,11298,1129802,30194,"DFW","Dallas/Fort Worth, TX","TX",48,"Texas",74,925,944,19,19,1,1,"0900-0959",40,1024,1252,4,1240,1256,16,16,1,1,"1200-1259",0,"",0,255,252,208,1,1562,7,0,16,0,0,0,NA,NA,NA
2011,2,6,25,6,2011-06-25,"B6",20409,"B6","N639JB",415,10721,1072101,30721,"BOS","Boston, MA","MA",25,"Massachusetts",13,14679,1467902,33570,"SAN","San Diego, CA","CA",6,"California",91,945,1026,41,41,1,2,"0900-0959",9,1035,1314,3,1249,1317,28,28,1,1,"1200-1259",0,"",0,364,351,339,1,2588,11,15,0,0,0,13,NA,NA,NA
2011,2,6,20,1,2011-06-20,"US",20355,"US","N107US",1555,10721,1072101,30721,"BOS","Boston, MA","MA",25,"Massachusetts",13,14100,1410001,34100,"PHL","Philadelphia, PA","PA",42,"Pennsylvania",23,715,711,-4,0,0,-1,"0700-0759",17,728,828,7,856,835,-21,0,0,-2,"0800-0859",0,"",0,101,84,60,1,280,2,NA,NA,NA,NA,NA,NA,NA,NA
2011,2,6,13,1,2011-06-13,"FL",20437,"FL","N940AT",804,10721,1072101,30721,"BOS","Boston, MA","MA",25,"Massachusetts",13,10821,1082103,30852,"BWI","Baltimore, MD","MD",24,"Maryland",35,1913,1939,26,26,1,1,"1900-1959",19,1958,2101,7,2040,2108,28,28,1,1,"2000-2059",0,"",0,87,89,63,1,370,2,0,0,2,0,26,NA,NA,NA
2011,2,6,28,2,2011-06-28,"FL",20437,"FL","N982AT",962,10721,1072101,30721,"BOS","Boston, MA","MA",25,"Massachusetts",13,10874,1087401,30647,"CAK","Akron, OH","OH",39,"Ohio",44,2029,2020,-9,0,0,-1,"2000-2059",10,2030,2204,5,2210,2209,-1,0,0,-1,"2200-2259",0,"",0,101,109,94,1,549,3,NA,NA,NA,NA,NA,NA,NA,NA
2011,2,6,13,1,2011-06-13,"B6",20409,"B6","N517JB",851,10721,1072101,30721,"BOS","Boston, MA","MA",25,"Massachusetts",13,14843,1484302,34819,"SJU","San Juan, PR","PR",72,"Puerto Rico",3,600,558,-2,0,0,-1,"0600-0659",35,633,1007,6,952,1013,21,21,1,1,"0900-0959",0,"",0,232,255,214,1,1674,7,0,0,21,0,0,NA,NA,NA
2011,2,6,20,1,2011-06-20,"B6",20409,"B6","N203JB",1329,10721,1072101,30721,"BOS","Boston, MA","MA",25,"Massachusetts",13,10821,1082103,30852,"BWI","Baltimore, MD","MD",24,"Maryland",35,1030,1136,66,66,1,4,"1000-1059",17,1153,1254,5,1158,1259,61,61,1,4,"1100-1159",0,"",0,88,83,61,1,370,2,61,0,0,0,0,NA,NA,NA
2011,2,6,27,1,2011-06-27,"US",20355,"US","N732US",2047,10721,1072101,30721,"BOS","Boston, MA","MA",25,"Massachusetts",13,11278,1127801,30852,"DCA","Washington, DC","VA",51,"Virginia",38,1900,1851,-9,0,0,-1,"1900-1959",16,1907,2016,7,2034,2023,-11,0,0,-1,"2000-2059",0,"",0,94,92,69,1,399,2,NA,NA,NA,NA,NA,NA,NA,NA
2011,2,6,17,5,2011-06-17,"WN",19393,"WN","N736SA",178,10721,1072101,30721,"BOS","Boston, MA","MA",25,"Massachusetts",13,15016,1501602,31123,"STL","St. Louis, MO","MO",29,"Missouri",64,710,707,-3,0,0,-1,"0700-0759",23,730,903,6,920,909,-11,0,0,-1,"0900-0959",0,"",0,190,182,153,1,1046,5,NA,NA,NA,NA,NA,NA,NA,NA
2011,2,6,16,4,2011-06-16,"UA",19977,"UA","N573UA",449,10721,1072101,30721,"BOS","Boston, MA","MA",25,"Massachusetts",13,14771,1477101,32457,"SFO","San Francisco, CA","CA",6,"California",91,1455,1620,85,85,1,5,"1400-1459",9,1629,1914,7,1820,1921,61,61,1,4,"1800-1859",0,"",0,385,361,345,1,2704,11,0,0,0,0,61,NA,NA,NA
2011,2,6,5,7,2011-06-05,"B6",20409,"B6","N708JB",407,10721,1072101,30721,"BOS","Boston, MA","MA",25,"Massachusetts",13,14107,1410701,30466,"PHX","Phoenix, AZ","AZ",4,"Arizona",81,730,724,-6,0,0,-1,"0700-0759",12,736,949,8,1007,957,-10,0,0,-1,"1000-1059",0,"",0,337,333,313,1,2300,10,NA,NA,NA,NA,NA,NA,NA,NA
