"Year","Quarter","Month","DayofMonth","DayOfWeek","FlightDate","UniqueCarrier","AirlineID","Carrier","TailNum","FlightNum","OriginAirportID","OriginAirportSeqID","OriginCityMarketID","Origin","OriginCityName","OriginState","OriginStateFips","OriginStateName","OriginWac","DestAirportID","DestAirportSeqID","DestCityMarketID","Dest","DestCityName","DestState","DestStateFips","DestStateName","DestWac","CRSDepTime","DepTime","DepDelay","DepDelayMinutes","DepDel15","DepartureDelayGroups","DepTimeBlk","TaxiOut","WheelsOff","WheelsOn","TaxiIn","CRSArrTime","ArrTime","ArrDelay","ArrDelayMinutes","ArrDel15","ArrivalDelayGroups","ArrTimeBlk","Cancelled","CancellationCode","Diverted","CRSElapsedTime","ActualElapsedTime","AirTime","Flights","Distance","DistanceGroup","CarrierDelay","WeatherDelay","NASDelay","SecurityDelay","LateAircraftDelay","FirstDepTime","TotalAddGTime","LongestAddGTime"
2011,3,8,20,6,2011-08-20,"DL",19790,"DL","N321NB",809,10721,1072102,30721,"BOS","Boston, MA","MA",25,"Massachusetts",13,13487,1348702,31650,"MSP","Minneapolis, MN","MN",27,"Minnesota",63,610,610,0,0,0,0,"0600-0659",21,631,815,4,829,819,-10,0,0,-1,"0800-0859",0,"",0,199,189,164,1,1124,5,NA,NA,NA,NA,NA,NA,NA,NA
2011,3,8,26,5,2011-08-26,"US",20355,"US","N746UW",2045,10721,1072102,30721,"BOS","Boston, MA","MA",25,"Massachusetts",13,11278,1127802,30852,"DCA","Washington, DC","VA",51,"Virginia",38,1800,1757,-3,0,0,-1,"1800-1859",24,1821,1930,8,1933,1938,5,5,0,0,"1900-1959",0,"",0,93,101,69,1,399,2,NA,NA,NA,NA,NA,NA,NA,NA
2011,3,8,9,2,2011-08-09,"AA",19805,"AA","N629AA",2297,10721,1072102,30721,"BOS","Boston, MA","MA",25,"Massachusetts",13,13303,1330303,32467,"MIA","Miami, FL","FL",12,"Florida",33,530,529,-1,0,0,-1,"0001-0559",14,543,823,6,840,829,-11,0,0,-1,"0800-0859",0,"",0,190,180,160,1,1258,6,NA,NA,NA,NA,NA,NA,NA,NA
2011,3,8,18,4,2011-08-18,"US",20355,"US","N948UW",750,10721,1072102,30721,"BOS","Boston, MA","MA",25,"Massachusetts",13,14100,1410002,34100,"PHL","Philadelphia, PA","PA",42,"Pennsylvania",23,1430,1436,6,6,0,0,"1400-1459",34,1510,1613,9,1606,1622,16,16,1,1,"1600-1659",0,"",0,96,106,63,1,280,2,0,0,16,0,0,NA,NA,NA
2011,3,8,1,1,2011-08-01,"CO",19704,"CO","N14237",1888,10721,1072102,30721,"BOS","Boston, MA","MA",25,"Massachusetts",13,14771,1477101,32457,"SFO","San Francisco, CA","CA",6,"California",91,1900,2134,154,154,1,10,"1900-1959",13,2147,30,6,2225,36,131,131,1,8,"2200-2259",0,"",0,385,362,343,1,2704,11,0,0,6,0,125,NA,NA,NA
2011,3,8,23,2,2011-08-23,"B6",20409,"B6","N562JB",421,10721,1072102,30721,"BOS","Boston, MA","MA",25,"Massachusetts",13,14027,1402702,34027,"PBI","West Palm Beach/Palm Beach, FL","FL",12,"Florida",33,1725,1718,-7,0,0,-1,"1700-1759",28,1746,2019,3,2032,2022,-10,0,0,-1,"2000-2059",0,"",0,187,184,153,1,1197,5,NA,NA,NA,NA,NA,NA,NA,NA
2011,3,8,21,7,2011-08-21,"FL",20437,"FL","N240AT",390,10721,1072102,30721,"BOS","Boston, MA","MA",25,"Massachusetts",13,10821,1082103,30852,"BWI","Baltimore, MD","MD",24,"Maryland",35,600,556,-4,0,0,-1,"0600-0659",13,609,713,8,726,721,-5,0,0,-1,"0700-0759",0,"",0,86,85,64,1,369,2,NA,NA,NA,NA,NA,NA,NA,NA
2011,3,8,15,1,2011-08-15,"US",20355,"US","N744P",2047,10721,1072102,30721,"BOS","Boston, MA","MA",25,"Massachusetts",13,11278,1127802,30852,"DCA","Washington, DC","VA",51,"Virginia",38,1900,2024,84,84,1,5,"1900-1959",11,2035,2141,3,2034,2144,70,70,1,4,"2000-2059",0,"",0,94,80,66,1,399,2,0,0,0,0,70,NA,NA,NA
2011,3,8,14,7,2011-08-14,"DL",19790,"DL","N329NW",1635,10721,1072102,30721,"BOS","Boston, MA","MA",25,"Massachusetts",13,11433,1143302,31295,"DTW","Detroit, MI","MI",26,"Michigan",43,645,642,-3,0,0,-1,"0600-0659",18,700,840,9,901,849,-12,0,0,-1,"0900-0959",0,"",0,136,127,100,1,632,3,NA,NA,NA,NA,NA,NA,NA,NA
2011,3,8,15,1,2011-08-15,"B6",20409,"B6","N324JB",687,10721,1072102,30721,"BOS","Boston, MA","MA",25,"Massachusetts",13,11278,1127802,30852,"DCA","Washington, DC","VA",51,"Virginia",38,1551,1608,17,17,1,1,"1500-1559",17,1625,1757,5,1732,1802,30,30,1,2,"1700-1759",0,"",0,101,114,92,1,399,2,17,0,13,0,0,NA,NA,NA
2011,3,8,13,6,2011-08-13,"B6",20409,"B6","N334JB",1243,10721,1072102,30721,"BOS","Boston, MA","MA",25,"Massachusetts",13,11057,1105703,31057,"CLT","Charlotte, NC","NC",37,"North Carolina",36,1500,1504,4,4,0,0,"1500-1559",34,1538,1745,8,1720,1753,33,33,1,2,"1700-1759",0,"",0,140,169,127,1,728,3,4,0,29,0,0,NA,NA,NA
2011,3,8,19,5,2011-08-19,"US",20355,"US","N952UW",2141,10721,1072102,30721,"BOS","Boston, MA","MA",25,"Massachusetts",13,12953,1295302,31703,"LGA","New York, NY","NY",36,"New York",22,1900,1903,3,3,0,0,"1900-1959",126,2109,2152,7,2018,2159,101,101,1,6,"2000-2059",0,"",0,78,176,43,1,184,1,0,0,101,0,0,NA,NA,NA
2011,3,8,13,6,2011-08-13,"XE",20374,"XE","N14950",2196,10721,1072102,30721,"BOS","Boston, MA","MA",25,"Massachusetts",13,11042,1104202,30647,"CLE","Cleveland, OH","OH",39,"Ohio",44,940,935,-5,0,0,-1,"0900-0959",11,946,1119,7,1139,1126,-13,0,0,-1,"1100-1159",0,"",0,119,111,93,1,563,3,NA,NA,NA,NA,NA,NA,NA,NA
2011,3,8,6,6,2011-08-06,"AA",19805,"AA","N5CLAA",2511,10721,1072102,30721,"BOS","Boston, MA","MA",25,"Massachusetts",13,13303,1330303,32467,"MIA","Miami, FL","FL",12,"Florida",33,905,900,-5,0,0,-1,"0900-0959",15,915,1157,6,1225,1203,-22,0,0,-2,"1200-1259",0,"",0,200,183,162,1,1258,6,NA,NA,NA,NA,NA,NA,NA,NA
2011,3,8,6,6,2011-08-06,"EV",20366,"EV","N379CA",5278,10721,1072102,30721,"BOS","Boston, MA","MA",25,"Massachusetts",13,11278,1127802,30852,"DCA","Washington, DC","VA",51,"Virginia",38,1715,2127,252,252,1,12,"1700-1759",14,2141,2255,4,1859,2259,240,240,1,12,"1800-1859",0,"",0,104,92,74,1,399,2,0,0,0,0,240,NA,NA,NA
2011,3,8,16,2,2011-08-16,"US",20355,"US","N406US",1265,10721,1072102,30721,"BOS","Boston, MA","MA",25,"Massachusetts",13,14100,1410002,34100,"PHL","Philadelphia, PA","PA",42,"Pennsylvania",23,1130,1134,4,4,0,0,"1100-1159",28,1202,1314,9,1259,1323,24,24,1,1,"1200-1259",0,"",0,89,109,72,1,280,2,4,0,20,0,0,NA,NA,NA
2011,3,8,2,2,2011-08-02,"US",20355,"US","N947UW",1097,10721,1072102,30721,"BOS","Boston, MA","MA",25,"Massachusetts",13,14100,1410002,34100,"PHL","Philadelphia, PA","PA",42,"Pennsylvania",23,2045,2051,6,6,0,0,"2000-2059",29,2120,2223,4,2209,2227,18,18,1,1,"2200-2259",0,"",0,84,96,63,1,280,2,0,0,12,0,6,NA,NA,NA
2011,3,8,4,4,2011-08-04,"WN",19393,"WN","N424WN",909,10721,1072102,30721,"BOS","Boston, MA","MA",25,"Massachusetts",13,10821,1082103,30852,"BWI","Baltimore, MD","MD",24,"Maryland",35,600,559,-1,0,0,-1,"0600-0659",20,619,722,5,745,727,-18,0,0,-2,"0700-0759",0,"",0,105,88,63,1,369,2,NA,NA,NA,NA,NA,NA,NA,NA
2011,3,8,31,3,2011-08-31,"B6",20409,"B6","N307JB",689,10721,1072102,30721,"BOS","Boston, MA","MA",25,"Massachusetts",13,11278,1127802,30852,"DCA","Washington, DC","VA",51,"Virginia",38,1750,1745,-5,0,0,-1,"1700-1759",17,1802,1909,3,1928,1912,-16,0,0,-2,"1900-1959",0,"",0,98,87,67,1,399,2,NA,NA,NA,NA,NA,NA,NA,NA
2011,3,8,2,2,2011-08-02,"DL",19790,"DL","N342NB",1375,10721,1072102,30721,"BOS","Boston, MA","MA",25,"Massachusetts",13,12953,1295302,31703,"LGA","New York, NY","NY",36,"New York",22,730,725,-5,0,0,-1,"0700-0759",16,741,826,6,845,832,-13,0,0,-1,"0800-0859",0,"",0,75,67,45,1,184,1,NA,NA,NA,NA,NA,NA,NA,NA
2011,3,8,21,7,2011-08-21,"US",20355,"US","N742PS",1829,10721,1072102,30721,"BOS","Boston, MA","MA",25,"Massachusetts",13,14100,1410002,34100,"PHL","Philadelphia, PA","PA",42,"Pennsylvania",23,1930,2046,76,76,1,5,"1900-1959",18,2104,2210,4,2101,2214,73,73,1,4,"2100-2159",0,"",0,91,88,66,1,280,2,0,6,0,0,67,NA,NA,NA
2011,3,8,18,4,2011-08-18,"B6",20409,"B6","N592JB",777,10721,1072102,30721,"BOS","Boston, MA","MA",25,"Massachusetts",13,12889,1288903,32211,"LAS","Las Vegas, NV","NV",32,"Nevada",85,1955,2013,18,18,1,1,"1900-1959",19,2032,2248,7,2243,2255,12,12,0,0,"2200-2259",0,"",0,348,342,316,1,2381,10,NA,NA,NA,NA,NA,NA,NA,NA
2011,3,8,13,6,2011-08-13,"AA",19805,"AA","N5EBAA",1171,10721,1072102,30721,"BOS","Boston, MA","MA",25,"Massachusetts",13,13303,1330303,32467,"MIA","Miami, FL","FL",12,"Florida",33,700,656,-4,0,0,-1,"0700-0759",24,720,1006,7,1020,1013,-7,0,0,-1,"1000-1059",0,"",0,200,197,166,1,1258,6,NA,NA,NA,NA,NA,NA,NA,NA
2011,3,8,14,7,2011-08-14,"B6",20409,"B6","N569JB",1217,10721,1072102,30721,"BOS","Boston, MA","MA",25,"Massachusetts",13,10792,1079203,30792,"BUF","Buffalo, NY","NY",36,"New York",22,1110,1228,78,78,1,5,"1100-1159",12,1240,1344,32,1234,1416,102,102,1,6,"1200-1259",0,"",0,84,108,64,1,396,2,78,0,24,0,0,NA,NA,NA
2011,3,8,31,3,2011-08-31,"US",20355,"US","N754UW",2035,10721,1072102,30721,"BOS","Boston, MA","MA",25,"Massachusetts",13,11278,1127802,30852,"DCA","Washington, DC","VA",51,"Virginia",38,1300,1251,-9,0,0,-1,"1300-1359",11,1302,1406,3,1429,1409,-20,0,0,-2,"1400-1459",0,"",0,89,78,64,1,399,2,NA,NA,NA,NA,NA,NA,NA,NA
2011,3,8,1,1,2011-08-01,"DL",19790,"DL","N329NW",1601,10721,1072102,30721,"BOS","Boston, MA","MA",25,"Massachusetts",13,10397,1039704,30397,"ATL","Atlanta, GA","GA",13,"Georgia",34,1445,1451,6,6,0,0,"1400-1459",40,1531,1747,13,1732,1800,28,28,1,1,"1700-1759",0,"",0,167,189,136,1,946,4,0,0,28,0,0,NA,NA,NA
2011,3,8,30,2,2011-08-30,"US",20355,"US","N709UW",1153,10721,1072102,30721,"BOS","Boston, MA","MA",25,"Massachusetts",13,14100,1410002,34100,"PHL","Philadelphia, PA","PA",42,"Pennsylvania",23,630,620,-10,0,0,-1,"0600-0659",17,637,731,7,755,738,-17,0,0,-2,"0700-0759",0,"",0,85,78,54,1,280,2,NA,NA,NA,NA,NA,NA,NA,NA
2011,3,8,2,2,2011-08-02,"DL",19790,"DL","N342NB",1375,10721,1072102,30721,"BOS","Boston, MA","MA",25,"Massachusetts",13,12953,1295302,31703,"LGA","New York, NY","NY",36,"New York",22,730,725,-5,0,0,-1,"0700-0759",16,741,826,6,845,832,-13,0,0,-1,"0800-0859",0,"",0,75,67,45,1,184,1,NA,NA,NA,NA,NA,NA,NA,NA
2011,3,8,28,7,2011-08-28,"UA",19977,"UA","",360,10721,1072102,30721,"BOS","Boston, MA","MA",25,"Massachusetts",13,12264,1226402,30852,"IAD","Washington, DC","VA",51,"Virginia",38,1705,NA,NA,NA,NA,NA,"1700-1759",NA,NA,NA,NA,1845,NA,NA,NA,NA,NA,"1800-1859",1,"B",0,100,NA,NA,1,413,2,NA,NA,NA,NA,NA,NA,NA,NA
2011,3,8,24,3,2011-08-24,"B6",20409,"B6","N652JB",447,10721,1072102,30721,"BOS","Boston, MA","MA",25,"Massachusetts",13,15304,1530402,33195,"TPA","Tampa, FL","FL",12,"Florida",33,1505,1518,13,13,0,0,"1500-1559",19,1537,1817,4,1816,1821,5,5,0,0,"1800-1859",0,"",0,191,183,160,1,1185,5,NA,NA,NA,NA,NA,NA,NA,NA
2011,3,8,9,2,2011-08-09,"EV",20366,"EV","N605QX",5002,10721,1072102,30721,"BOS","Boston, MA","MA",25,"Massachusetts",13,11278,1127802,30852,"DCA","Washington, DC","VA",51,"Virginia",38,1115,1142,27,27,1,1,"1100-1159",25,1207,1325,3,1300,1328,28,28,1,1,"1300-1359",0,"",0,105,106,78,1,399,2,0,0,1,0,27,NA,NA,NA
2011,3,8,6,6,2011-08-06,"US",20355,"US","N702UW",1963,10721,1072102,30721,"BOS","Boston, MA","MA",25,"Massachusetts",13,11057,1105703,31057,"CLT","Charlotte, NC","NC",37,"North Carolina",36,500,456,-4,0,0,-1,"0001-0559",27,523,704,4,705,708,3,3,0,0,"0700-0759",0,"",0,125,132,101,1,728,3,NA,NA,NA,NA,NA,NA,NA,NA
2011,3,8,29,1,2011-08-29,"US",20355,"US","",450,10721,1072102,30721,"BOS","Boston, MA","MA",25,"Massachusetts",13,14107,1410702,30466,"PHX","Phoenix, AZ","AZ",4,"Arizona",81,1000,NA,NA,NA,NA,NA,"1000-1059",NA,NA,NA,NA,1233,NA,NA,NA,NA,NA,"1200-1259",1,"B",0,333,NA,NA,1,2300,10,NA,NA,NA,NA,NA,NA,NA,NA
2011,3,8,9,2,2011-08-09,"B6",20409,"B6","N216JB",1223,10721,1072102,30721,"BOS","Boston, MA","MA",25,"Massachusetts",13,14492,1449202,34492,"RDU","Raleigh/Durham, NC","NC",37,"North Carolina",36,700,656,-4,0,0,-1,"0700-0759",26,722,853,5,858,858,0,0,0,0,"0800-0859",0,"",0,118,122,91,1,612,3,NA,NA,NA,NA,NA,NA,NA,NA
2011,3,8,7,7,2011-08-07,"B6",20409,"B6","N598JB",481,10721,1072102,30721,"BOS","Boston, MA","MA",25,"Massachusetts",13,12892,1289202,32575,"LAX","Los Angeles, CA","CA",6,"California",91,759,759,0,0,0,0,"0700-0759",25,824,1113,10,1101,1123,22,22,1,1,"1100-1159",0,"",0,362,384,349,1,2611,11,0,0,22,0,0,NA,NA,NA
2011,3,8,20,6,2011-08-20,"AA",19805,"AA","N5CMAA",1939,10721,1072102,30721,"BOS","Boston, MA","MA",25,"Massachusetts",13,13303,1330303,32467,"MIA","Miami, FL","FL",12,"Florida",33,1735,1816,41,41,1,2,"1700-1759",13,1829,2108,6,2110,2114,4,4,0,0,"2100-2159",0,"",0,215,178,159,1,1258,6,NA,NA,NA,NA,NA,NA,NA,NA
2011,3,8,19,5,2011-08-19,"B6",20409,"B6","N324JB",1289,10721,1072102,30721,"BOS","Boston, MA","MA",25,"Massachusetts",13,14524,1452401,34524,"RIC","Richmond, VA","VA",51,"Virginia",38,1959,2359,240,240,1,12,"1900-1959",11,10,123,3,2141,126,225,225,1,12,"2100-2159",0,"",0,102,87,73,1,474,2,11,0,0,0,214,NA,NA,NA
2011,3,8,9,2,2011-08-09,"AA",19805,"AA","N3ATAA",1339,10721,1072102,30721,"BOS","Boston, MA","MA",25,"Massachusetts",13,13930,1393002,30977,"ORD","Chicago, IL","IL",17,"Illinois",41,1745,1741,-4,0,0,-1,"1700-1759",23,1804,1917,15,1940,1932,-8,0,0,-1,"1900-1959",0,"",0,175,171,133,1,867,4,NA,NA,NA,NA,NA,NA,NA,NA
2011,3,8,1,1,2011-08-01,"B6",20409,"B6","N190JB",945,10721,1072102,30721,"BOS","Boston, MA","MA",25,"Massachusetts",13,13204,1320402,31454,"MCO","Orlando, FL","FL",12,"Florida",33,1420,1430,10,10,0,0,"1400-1459",15,1445,1715,5,1722,1720,-2,0,0,-1,"1700-1759",0,"",0,182,170,150,1,1121,5,NA,NA,NA,NA,NA,NA,NA,NA
2011,3,8,3,3,2011-08-03,"DL",19790,"DL","N370NW",1315,10721,1072102,30721,"BOS","Boston, MA","MA",25,"Massachusetts",13,13204,1320402,31454,"MCO","Orlando, FL","FL",12,"Florida",33,700,658,-2,0,0,-1,"0700-0759",18,716,934,5,1000,939,-21,0,0,-2,"1000-1059",0,"",0,180,161,138,1,1121,5,NA,NA,NA,NA,NA,NA,NA,NA
2011,3,8,1,1,2011-08-01,"DL",19790,"DL","N334NB",1377,10721,1072102,30721,"BOS","Boston, MA","MA",25,"Massachusetts",13,12953,1295302,31703,"LGA","New York, NY","NY",36,"New York",22,830,827,-3,0,0,-1,"0800-0859",29,856,944,7,949,951,2,2,0,0,"0900-0959",0,"",0,79,84,48,1,184,1,NA,NA,NA,NA,NA,NA,NA,NA
2011,3,8,26,5,2011-08-26,"CO",19704,"CO","N14613",1556,10721,1072102,30721,"BOS","Boston, MA","MA",25,"Massachusetts",13,11618,1161802,31703,"EWR","Newark, NJ","NJ",34,"New Jersey",21,1750,1744,-6,0,0,-1,"1700-1759",17,1801,1848,42,1925,1930,5,5,0,0,"1900-1959",0,"",0,95,106,47,1,200,1,NA,NA,NA,NA,NA,NA,NA,NA
2011,3,8,22,1,2011-08-22,"B6",20409,"B6","N562JB",951,10721,1072102,30721,"BOS","Boston, MA","MA",25,"Massachusetts",13,13204,1320402,31454,"MCO","Orlando, FL","FL",12,"Florida",33,1152,1152,0,0,0,0,"1100-1159",16,1208,1448,8,1453,1456,3,3,0,0,"1400-1459",0,"",0,181,184,160,1,1121,5,NA,NA,NA,NA,NA,NA,NA,NA
2011,3,8,14,7,2011-08-14,"B6",20409,"B6","N634JB",447,10721,1072102,30721,"BOS","Boston, MA","MA",25,"Massachusetts",13,15304,1530402,33195,"TPA","Tampa, FL","FL",12,"Florida",33,1505,1625,80,80,1,5,"1500-1559",15,1640,1933,3,1816,1936,80,80,1,5,"1800-1859",0,"",0,191,191,173,1,1185,5,9,0,0,0,71,NA,NA,NA
2011,3,8,8,1,2011-08-08,"US",20355,"US","N953UW",1605,10721,1072102,30721,"BOS","Boston, MA","MA",25,"Massachusetts",13,14100,1410002,34100,"PHL","Philadelphia, PA","PA",42,"Pennsylvania",23,1330,1326,-4,0,0,-1,"1300-1359",28,1354,1505,3,1512,1508,-4,0,0,-1,"1500-1559",0,"",0,102,102,71,1,280,2,NA,NA,NA,NA,NA,NA,NA,NA
2011,3,8,16,2,2011-08-16,"AA",19805,"AA","N5EAAA",527,10721,1072102,30721,"BOS","Boston, MA","MA",25,"Massachusetts",13,13303,1330303,32467,"MIA","Miami, FL","FL",12,"Florida",33,1115,1112,-3,0,0,-1,"1100-1159",22,1134,1418,5,1435,1423,-12,0,0,-1,"1400-1459",0,"",0,200,191,164,1,1258,6,NA,NA,NA,NA,NA,NA,NA,NA
2011,3,8,29,1,2011-08-29,"DL",19790,"DL","N371NB",829,10721,1072102,30721,"BOS","Boston, MA","MA",25,"Massachusetts",13,13487,1348702,31650,"MSP","Minneapolis, MN","MN",27,"Minnesota",63,1130,1125,-5,0,0,-1,"1100-1159",15,1140,1313,6,1345,1319,-26,0,0,-2,"1300-1359",0,"",0,195,174,153,1,1124,5,NA,NA,NA,NA,NA,NA,NA,NA
2011,3,8,5,5,2011-08-05,"DL",19790,"DL","N783NC",1922,10721,1072102,30721,"BOS","Boston, MA","MA",25,"Massachusetts",13,11433,1143302,31295,"DTW","Detroit, MI","MI",26,"Michigan",43,1240,1236,-4,0,0,-1,"1200-1259",18,1254,1438,11,1450,1449,-1,0,0,-1,"1400-1459",0,"",0,130,133,104,1,632,3,NA,NA,NA,NA,NA,NA,NA,NA
2011,3,8,4,4,2011-08-04,"B6",20409,"B6","N184JB",685,10721,1072102,30721,"BOS","Boston, MA","MA",25,"Massachusetts",13,11278,1127802,30852,"DCA","Washington, DC","VA",51,"Virginia",38,1205,1200,-5,0,0,-1,"1200-1259",11,1211,1321,5,1340,1326,-14,0,0,-1,"1300-1359",0,"",0,95,86,70,1,399,2,NA,NA,NA,NA,NA,NA,NA,NA
2011,3,8,18,4,2011-08-18,"US",20355,"US","N951UW",1811,10721,1072102,30721,"BOS","Boston, MA","MA",25,"Massachusetts",13,14100,1410002,34100,"PHL","Philadelphia, PA","PA",42,"Pennsylvania",23,830,831,1,1,0,0,"0800-0859",52,923,1040,16,959,1056,57,57,1,3,"0900-0959",0,"",0,89,145,77,1,280,2,0,0,57,0,0,NA,NA,NA
2011,3,8,17,3,2011-08-17,"B6",20409,"B6","N309JB",945,10721,1072102,30721,"BOS","Boston, MA","MA",25,"Massachusetts",13,13204,1320402,31454,"MCO","Orlando, FL","FL",12,"Florida",33,1420,1414,-6,0,0,-1,"1400-1459",17,1431,1655,25,1722,1720,-2,0,0,-1,"1700-1759",0,"",0,182,186,144,1,1121,5,NA,NA,NA,NA,NA,NA,NA,NA
2011,3,8,21,7,2011-08-21,"US",20355,"US","N944UW",2131,10721,1072102,30721,"BOS","Boston, MA","MA",25,"Massachusetts",13,12953,1295302,31703,"LGA","New York, NY","NY",36,"New York",22,1400,1350,-10,0,0,-1,"1400-1459",69,1459,1544,6,1516,1550,34,34,1,2,"1500-1559",0,"",0,76,120,45,1,184,1,0,0,34,0,0,NA,NA,NA
2011,3,8,12,5,2011-08-12,"UA",19977,"UA","N436UA",881,10721,1072102,30721,"BOS","Boston, MA","MA",25,"Massachusetts",13,13930,1393002,30977,"ORD","Chicago, IL","IL",17,"Illinois",41,755,753,-2,0,0,-1,"0700-0759",12,805,914,2,930,916,-14,0,0,-1,"0900-0959",0,"",0,155,143,129,1,867,4,NA,NA,NA,NA,NA,NA,NA,NA
2011,3,8,22,1,2011-08-22,"DL",19790,"DL","N919DE",1701,10721,1072102,30721,"BOS","Boston, MA","MA",25,"Massachusetts",13,10397,1039704,30397,"ATL","Atlanta, GA","GA",13,"Georgia",34,945,944,-1,0,0,-1,"0900-0959",28,1012,1229,11,1233,1240,7,7,0,0,"1200-1259",0,"",0,168,176,137,1,946,4,NA,NA,NA,NA,NA,NA,NA,NA
2011,3,8,21,7,2011-08-21,"UA",19977,"UA","N520UA",887,10721,1072102,30721,"BOS","Boston, MA","MA",25,"Massachusetts",13,14771,1477101,32457,"SFO","San Francisco, CA","CA",6,"California",91,747,745,-2,0,0,-1,"0700-0759",12,757,1115,10,1114,1125,11,11,0,0,"1100-1159",0,"",0,387,400,378,1,2704,11,NA,NA,NA,NA,NA,NA,NA,NA
2011,3,8,19,5,2011-08-19,"B6",20409,"B6","N627JB",777,10721,1072102,30721,"BOS","Boston, MA","MA",25,"Massachusetts",13,12889,1288903,32211,"LAS","Las Vegas, NV","NV",32,"Nevada",85,1955,2000,5,5,0,0,"1900-1959",24,2024,2241,11,2243,2252,9,9,0,0,"2200-2259",0,"",0,348,352,317,1,2381,10,NA,NA,NA,NA,NA,NA,NA,NA
2011,3,8,31,3,2011-08-31,"DL",19790,"DL","N319NB",1387,10721,1072102,30721,"BOS","Boston, MA","MA",25,"Massachusetts",13,12953,1295302,31703,"LGA","New York, NY","NY",36,"New York",22,1330,1327,-3,0,0,-1,"1300-1359",18,1345,1424,9,1442,1433,-9,0,0,-1,"1400-1459",0,"",0,72,66,39,1,184,1,NA,NA,NA,NA,NA,NA,NA,NA
2011,3,8,18,4,2011-08-18,"B6",20409,"B6","N281JB",945,10721,1072102,30721,"BOS","Boston, MA","MA",25,"Massachusetts",13,13204,1320402,31454,"MCO","Orlando, FL","FL",12,"Florida",33,1420,1413,-7,0,0,-1,"1400-1459",15,1428,1710,11,1722,1721,-1,0,0,-1,"1700-1759",0,"",0,182,188,162,1,1121,5,NA,NA,NA,NA,NA,NA,NA,NA
2011,3,8,5,5,2011-08-05,"WN",19393,"WN","N960WN",1385,10721,1072102,30721,"BOS","Boston, MA","MA",25,"Massachusetts",13,11292,1129202,30325,"DEN","Denver, CO","CO",8,"Colorado",82,1540,1552,12,12,0,0,"1500-1559",14,1606,1809,7,1820,1816,-4,0,0,-1,"1800-1859",0,"",0,280,264,243,1,1754,8,NA,NA,NA,NA,NA,NA,NA,NA
2011,3,8,16,2,2011-08-16,"MQ",20398,"MQ","N822MQ",4441,10721,1072102,30721,"BOS","Boston, MA","MA",25,"Massachusetts",13,12478,1247802,31703,"JFK","New York, NY","NY",36,"New York",22,1650,1818,88,88,1,5,"1600-1659",29,1847,1932,14,1825,1946,81,81,1,5,"1800-1859",0,"",0,95,88,45,1,187,1,0,0,0,0,81,NA,NA,NA
2011,3,8,22,1,2011-08-22,"WN",19393,"WN","N952WN",1273,10721,1072102,30721,"BOS","Boston, MA","MA",25,"Massachusetts",13,14100,1410002,34100,"PHL","Philadelphia, PA","PA",42,"Pennsylvania",23,1845,1841,-4,0,0,-1,"1800-1859",14,1855,1956,4,2025,2000,-25,0,0,-2,"2000-2059",0,"",0,100,79,61,1,280,2,NA,NA,NA,NA,NA,NA,NA,NA
2011,3,8,27,6,2011-08-27,"B6",20409,"B6","N284JB",1323,10721,1072102,30721,"BOS","Boston, MA","MA",25,"Massachusetts",13,10821,1082103,30852,"BWI","Baltimore, MD","MD",24,"Maryland",35,805,855,50,50,1,3,"0800-0859",17,912,1018,5,931,1023,52,52,1,3,"0900-0959",0,"",0,86,88,66,1,369,2,50,0,2,0,0,NA,NA,NA
2011,3,8,2,2,2011-08-02,"WN",19393,"WN","N962WN",3744,10721,1072102,30721,"BOS","Boston, MA","MA",25,"Massachusetts",13,14100,1410002,34100,"PHL","Philadelphia, PA","PA",42,"Pennsylvania",23,630,631,1,1,0,0,"0600-0659",19,650,746,4,810,750,-20,0,0,-2,"0800-0859",0,"",0,100,79,56,1,280,2,NA,NA,NA,NA,NA,NA,NA,NA
2011,3,8,24,3,2011-08-24,"DL",19790,"DL","N314NB",1395,10721,1072102,30721,"BOS","Boston, MA","MA",25,"Massachusetts",13,12953,1295302,31703,"LGA","New York, NY","NY",36,"New York",22,1730,1730,0,0,0,0,"1700-1759",40,1810,1856,1,1846,1857,11,11,0,0,"1800-1859",0,"",0,76,87,46,1,184,1,NA,NA,NA,NA,NA,NA,NA,NA
2011,3,8,25,4,2011-08-25,"DL",19790,"DL","N360NW",859,10721,1072102,30721,"BOS","Boston, MA","MA",25,"Massachusetts",13,13487,1348702,31650,"MSP","Minneapolis, MN","MN",27,"Minnesota",63,1425,1436,11,11,0,0,"1400-1459",19,1455,1626,5,1635,1631,-4,0,0,-1,"1600-1659",0,"",0,190,175,151,1,1124,5,NA,NA,NA,NA,NA,NA,NA,NA
2011,3,8,31,3,2011-08-31,"WN",19393,"WN","N947WN",3599,10721,1072102,30721,"BOS","Boston, MA","MA",25,"Massachusetts",13,15016,1501603,31123,"STL","St. Louis, MO","MO",29,"Missouri",64,1700,1700,0,0,0,0,"1700-1759",15,1715,1841,4,1900,1845,-15,0,0,-1,"1900-1959",0,"",0,180,165,146,1,1047,5,NA,NA,NA,NA,NA,NA,NA,NA
2011,3,8,5,5,2011-08-05,"MQ",20398,"MQ","N528MQ",3834,10721,1072102,30721,"BOS","Boston, MA","MA",25,"Massachusetts",13,12478,1247802,31703,"JFK","New York, NY","NY",36,"New York",22,1425,1421,-4,0,0,-1,"1400-1459",8,1429,1509,10,1550,1519,-31,0,0,-2,"1500-1559",0,"",0,85,58,40,1,187,1,NA,NA,NA,NA,NA,NA,NA,NA
2011,3,8,8,1,2011-08-08,"B6",20409,"B6","N193JB",925,10721,1072102,30721,"BOS","Boston, MA","MA",25,"Massachusetts",13,13930,1393002,30977,"ORD","Chicago, IL","IL",17,"Illinois",41,1725,2016,171,171,1,11,"1700-1759",34,2050,2155,6,1907,2201,174,174,1,11,"1900-1959",0,"",0,162,165,125,1,867,4,9,0,3,0,162,NA,NA,NA
2011,3,8,31,3,2011-08-31,"US",20355,"US","N424US",1610,10721,1072102,30721,"BOS","Boston, MA","MA",25,"Massachusetts",13,11057,1105703,31057,"CLT","Charlotte, NC","NC",37,"North Carolina",36,1255,1256,1,1,0,0,"1200-1259",11,1307,1445,9,1506,1454,-12,0,0,-1,"1500-1559",0,"",0,131,118,98,1,728,3,NA,NA,NA,NA,NA,NA,NA,NA
2011,3,8,24,3,2011-08-24,"FL",20437,"FL","N175AT",390,10721,1072102,30721,"BOS","Boston, MA","MA",25,"Massachusetts",13,10821,1082103,30852,"BWI","Baltimore, MD","MD",24,"Maryland",35,600,551,-9,0,0,-1,"0600-0659",11,602,705,6,726,711,-15,0,0,-1,"0700-0759",0,"",0,86,80,63,1,369,2,NA,NA,NA,NA,NA,NA,NA,NA
2011,3,8,5,5,2011-08-05,"EV",20366,"EV","N138EV",4886,10721,1072102,30721,"BOS","Boston, MA","MA",25,"Massachusetts",13,14492,1449202,34492,"RDU","Raleigh/Durham, NC","NC",37,"North Carolina",36,1002,1048,46,46,1,3,"1000-1059",10,1058,1225,4,1214,1229,15,15,1,1,"1200-1259",0,"",0,132,101,87,1,612,3,15,0,0,0,0,NA,NA,NA
2011,3,8,18,4,2011-08-18,"B6",20409,"B6","N231JB",1215,10721,1072102,30721,"BOS","Boston, MA","MA",25,"Massachusetts",13,10792,1079203,30792,"BUF","Buffalo, NY","NY",36,"New York",22,1320,1345,25,25,1,1,"1300-1359",15,1400,1505,2,1444,1507,23,23,1,1,"1400-1459",0,"",0,84,82,65,1,396,2,6,0,0,0,17,NA,NA,NA
2011,3,8,14,7,2011-08-14,"US",20355,"US","N751UW",2025,10721,1072102,30721,"BOS","Boston, MA","MA",25,"Massachusetts",13,11278,1127802,30852,"DCA","Washington, DC","VA",51,"Virginia",38,800,819,19,19,1,1,"0800-0859",13,832,947,4,933,951,18,18,1,1,"0900-0959",0,"",0,93,92,75,1,399,2,18,0,0,0,0,NA,NA,NA
2011,3,8,21,7,2011-08-21,"B6",20409,"B6","N568JB",637,10721,1072102,30721,"BOS","Boston, MA","MA",25,"Massachusetts",13,14771,1477101,32457,"SFO","San Francisco, CA","CA",6,"California",91,1959,2200,121,121,1,8,"1900-1959",25,2225,127,7,2332,134,122,122,1,8,"2300-2359",0,"",0,393,394,362,1,2704,11,121,0,1,0,0,NA,NA,NA
2011,3,8,15,1,2011-08-15,"B6",20409,"B6","N324JB",687,10721,1072102,30721,"BOS","Boston, MA","MA",25,"Massachusetts",13,11278,1127802,30852,"DCA","Washington, DC","VA",51,"Virginia",38,1551,1608,17,17,1,1,"1500-1559",17,1625,1757,5,1732,1802,30,30,1,2,"1700-1759",0,"",0,101,114,92,1,399,2,17,0,13,0,0,NA,NA,NA
2011,3,8,29,1,2011-08-29,"FL",20437,"FL","N961AT",907,10721,1072102,30721,"BOS","Boston, MA","MA",25,"Massachusetts",13,14098,1409803,33667,"PHF","Newport News/Williamsburg, VA","VA",51,"Virginia",38,1158,1151,-7,0,0,-1,"1100-1159",10,1201,1316,6,1328,1322,-6,0,0,-1,"1300-1359",0,"",0,90,91,75,1,464,2,NA,NA,NA,NA,NA,NA,NA,NA
2011,3,8,14,7,2011-08-14,"FL",20437,"FL","N952AT",283,10721,1072102,30721,"BOS","Boston, MA","MA",25,"Massachusetts",13,10397,1039704,30397,"ATL","Atlanta, GA","GA",13,"Georgia",34,1813,1932,79,79,1,5,"1800-1859",9,1941,2158,13,2045,2211,86,86,1,5,"2000-2059",0,"",0,152,159,137,1,946,4,0,0,7,0,79,NA,NA,NA
2011,3,8,26,5,2011-08-26,"UA",19977,"UA","N548UA",897,10721,1072102,30721,"BOS","Boston, MA","MA",25,"Massachusetts",13,12264,1226402,30852,"IAD","Washington, DC","VA",51,"Virginia",38,943,950,7,7,0,0,"0900-0959",30,1020,1129,7,1120,1136,16,16,1,1,"1100-1159",0,"",0,97,106,69,1,413,2,7,0,9,0,0,NA,NA,NA
2011,3,8,16,2,2011-08-16,"UA",19977,"UA","N823UA",823,10721,1072102,30721,"BOS","Boston, MA","MA",25,"Massachusetts",13,12264,1226402,30852,"IAD","Washington, DC","VA",51,"Virginia",38,1400,1414,14,14,0,0,"1400-1459",23,1437,1549,3,1545,1552,7,7,0,0,"1500-1559",0,"",0,105,98,72,1,413,2,NA,NA,NA,NA,NA,NA,NA,NA
2011,3,8,11,4,2011-08-11,"WN",19393,"WN","N449WN",1135,10721,1072102,30721,"BOS","Boston, MA","MA",25,"Massachusetts",13,10821,1082103,30852,"BWI","Baltimore, MD","MD",24,"Maryland",35,1335,1342,7,7,0,0,"1300-1359",9,1351,1458,2,1510,1500,-10,0,0,-1,"1500-1559",0,"",0,95,78,67,1,369,2,NA,NA,NA,NA,NA,NA,NA,NA
2011,3,8,28,7,2011-08-28,"B6",20409,"B6","N238JB",1243,10721,1072102,30721,"BOS","Boston, MA","MA",25,"Massachusetts",13,11057,1105703,31057,"CLT","Charlotte, NC","NC",37,"North Carolina",36,1500,NA,NA,NA,NA,NA,"1500-1559",NA,NA,NA,NA,1720,NA,NA,NA,NA,NA,"1700-1759",1,"B",0,140,NA,NA,1,728,3,NA,NA,NA,NA,NA,NA,NA,NA
2011,3,8,16,2,2011-08-16,"B6",20409,"B6","N323JB",687,10721,1072102,30721,"BOS","Boston, MA","MA",25,"Massachusetts",13,11278,1127802,30852,"DCA","Washington, DC","VA",51,"Virginia",38,1551,1547,-4,0,0,-1,"1500-1559",13,1600,1708,5,1732,1713,-19,0,0,-2,"1700-1759",0,"",0,101,86,68,1,399,2,NA,NA,NA,NA,NA,NA,NA,NA
2011,3,8,10,3,2011-08-10,"AA",19805,"AA","N632AA",2511,10721,1072102,30721,"BOS","Boston, MA","MA",25,"Massachusetts",13,13303,1330303,32467,"MIA","Miami, FL","FL",12,"Florida",33,905,901,-4,0,0,-1,"0900-0959",21,922,1243,10,1225,1253,28,28,1,1,"1200-1259",0,"",0,200,232,201,1,1258,6,0,0,28,0,0,NA,NA,NA
2011,3,8,15,1,2011-08-15,"XE",20374,"XE","N12957",2229,10721,1072102,30721,"BOS","Boston, MA","MA",25,"Massachusetts",13,11042,1104202,30647,"CLE","Cleveland, OH","OH",39,"Ohio",44,945,944,-1,0,0,-1,"0900-0959",18,1002,1137,4,1145,1141,-4,0,0,-1,"1100-1159",0,"",0,120,117,95,1,563,3,NA,NA,NA,NA,NA,NA,NA,NA
2011,3,8,29,1,2011-08-29,"XE",20374,"XE","N12924",2144,10721,1072102,30721,"BOS","Boston, MA","MA",25,"Massachusetts",13,11042,1104202,30647,"CLE","Cleveland, OH","OH",39,"Ohio",44,945,940,-5,0,0,-1,"0900-0959",13,953,1126,5,1148,1131,-17,0,0,-2,"1100-1159",0,"",0,123,111,93,1,563,3,NA,NA,NA,NA,NA,NA,NA,NA
2011,3,8,18,4,2011-08-18,"B6",20409,"B6","N298JB",927,10721,1072102,30721,"BOS","Boston, MA","MA",25,"Massachusetts",13,13930,1393002,30977,"ORD","Chicago, IL","IL",17,"Illinois",41,2005,2005,0,0,0,0,"2000-2059",19,2024,2128,8,2138,2136,-2,0,0,-1,"2100-2159",0,"",0,153,151,124,1,867,4,NA,NA,NA,NA,NA,NA,NA,NA
2011,3,8,1,1,2011-08-01,"B6",20409,"B6","N508JB",851,10721,1072102,30721,"BOS","Boston, MA","MA",25,"Massachusetts",13,14843,1484303,34819,"SJU","San Juan, PR","PR",72,"Puerto Rico",3,648,756,68,68,1,4,"0600-0659",29,825,1156,7,1045,1203,78,78,1,5,"1000-1059",0,"",0,237,247,211,1,1674,7,68,0,10,0,0,NA,NA,NA
2011,3,8,24,3,2011-08-24,"B6",20409,"B6","N652JB",447,10721,1072102,30721,"BOS","Boston, MA","MA",25,"Massachusetts",13,15304,1530402,33195,"TPA","Tampa, FL","FL",12,"Florida",33,1505,1518,13,13,0,0,"1500-1559",19,1537,1817,4,1816,1821,5,5,0,0,"1800-1859",0,"",0,191,183,160,1,1185,5,NA,NA,NA,NA,NA,NA,NA,NA
2011,3,8,30,2,2011-08-30,"WN",19393,"WN","N901WN",2726,10721,1072102,30721,"BOS","Boston, MA","MA",25,"Massachusetts",13,14100,1410002,34100,"PHL","Philadelphia, PA","PA",42,"Pennsylvania",23,1550,1550,0,0,0,0,"1500-1559",18,1608,1704,5,1725,1709,-16,0,0,-2,"1700-1759",0,"",0,95,79,56,1,280,2,NA,NA,NA,NA,NA,NA,NA,NA
2011,3,8,29,1,2011-08-29,"DL",19790,"DL","N919DL",1623,10721,1072102,30721,"BOS","Boston, MA","MA",25,"Massachusetts",13,11433,1143302,31295,"DTW","Detroit, MI","MI",26,"Michigan",43,1820,1820,0,0,0,0,"1800-1859",21,1841,2017,15,2037,2032,-5,0,0,-1,"2000-2059",0,"",0,137,132,96,1,632,3,NA,NA,NA,NA,NA,NA,NA,NA
2011,3,8,2,2,2011-08-02,"US",20355,"US","N951UW",1811,10721,1072102,30721,"BOS","Boston, MA","MA",25,"Massachusetts",13,14100,1410002,34100,"PHL","Philadelphia, PA","PA",42,"Pennsylvania",23,830,824,-6,0,0,-1,"0800-0859",18,842,939,9,959,948,-11,0,0,-1,"0900-0959",0,"",0,89,84,57,1,280,2,NA,NA,NA,NA,NA,NA,NA,NA
2011,3,8,18,4,2011-08-18,"B6",20409,"B6","N304JB",1179,10721,1072102,30721,"BOS","Boston, MA","MA",25,"Massachusetts",13,11618,1161802,31703,"EWR","Newark, NJ","NJ",34,"New Jersey",21,1834,1845,11,11,0,0,"1800-1859",24,1909,1959,8,1959,2007,8,8,0,0,"1900-1959",0,"",0,85,82,50,1,200,1,NA,NA,NA,NA,NA,NA,NA,NA
2011,3,8,16,2,2011-08-16,"DL",19790,"DL","N335NB",1391,10721,1072102,30721,"BOS","Boston, MA","MA",25,"Massachusetts",13,12953,1295302,31703,"LGA","New York, NY","NY",36,"New York",22,1530,1529,-1,0,0,-1,"1500-1559",14,1543,1630,8,1643,1638,-5,0,0,-1,"1600-1659",0,"",0,73,69,47,1,184,1,NA,NA,NA,NA,NA,NA,NA,NA
2011,3,8,31,3,2011-08-31,"B6",20409,"B6","N258JB",1179,10721,1072102,30721,"BOS","Boston, MA","MA",25,"Massachusetts",13,11618,1161802,31703,"EWR","Newark, NJ","NJ",34,"New Jersey",21,1834,1826,-8,0,0,-1,"1800-1859",18,1844,1929,7,1959,1936,-23,0,0,-2,"1900-1959",0,"",0,85,70,45,1,200,1,NA,NA,NA,NA,NA,NA,NA,NA
2011,3,8,26,5,2011-08-26,"CO",19704,"CO","N24729",1588,10721,1072102,30721,"BOS","Boston, MA","MA",25,"Massachusetts",13,11618,1161802,31703,"EWR","Newark, NJ","NJ",34,"New Jersey",21,945,943,-2,0,0,-1,"0900-0959",23,1006,1055,7,1059,1102,3,3,0,0,"1000-1059",0,"",0,74,79,49,1,200,1,NA,NA,NA,NA,NA,NA,NA,NA
2011,3,8,15,1,2011-08-15,"US",20355,"US","N748UW",1853,10721,1072102,30721,"BOS","Boston, MA","MA",25,"Massachusetts",13,14100,1410002,34100,"PHL","Philadelphia, PA","PA",42,"Pennsylvania",23,1830,2243,253,253,1,12,"1800-1859",14,2257,2,4,2004,6,242,242,1,12,"2000-2059",0,"",0,94,83,65,1,280,2,0,137,0,0,105,2028,84,84
2011,3,8,8,1,2011-08-08,"B6",20409,"B6","N646JB",411,10721,1072102,30721,"BOS","Boston, MA","MA",25,"Massachusetts",13,14679,1467903,33570,"SAN","San Diego, CA","CA",6,"California",91,1610,1722,72,72,1,4,"1600-1659",14,1736,2021,2,1912,2023,71,71,1,4,"1900-1959",0,"",0,362,361,345,1,2588,11,19,0,0,0,52,NA,NA,NA
2011,3,8,7,7,2011-08-07,"FL",20437,"FL","N939AT",818,10721,1072102,30721,"BOS","Boston, MA","MA",25,"Massachusetts",13,10821,1082103,30852,"BWI","Baltimore, MD","MD",24,"Maryland",35,1715,1907,112,112,1,7,"1700-1759",14,1921,2031,9,1844,2040,116,116,1,7,"1800-1859",0,"",0,89,93,70,1,369,2,0,0,4,0,112,NA,NA,NA
2011,3,8,18,4,2011-08-18,"B6",20409,"B6","N216JB",1211,10721,1072102,30721,"BOS","Boston, MA","MA",25,"Massachusetts",13,10792,1079203,30792,"BUF","Buffalo, NY","NY",36,"New York",22,800,755,-5,0,0,-1,"0800-0859",13,808,913,2,928,915,-13,0,0,-1,"0900-0959",0,"",0,88,80,65,1,396,2,NA,NA,NA,NA,NA,NA,NA,NA
2011,3,8,24,3,2011-08-24,"DL",19790,"DL","N341NW",1901,10721,1072102,30721,"BOS","Boston, MA","MA",25,"Massachusetts",13,10397,1039704,30397,"ATL","Atlanta, GA","GA",13,"Georgia",34,830,824,-6,0,0,-1,"0800-0859",18,842,1054,6,1118,1100,-18,0,0,-2,"1100-1159",0,"",0,168,156,132,1,946,4,NA,NA,NA,NA,NA,NA,NA,NA
