"Year","Quarter","Month","DayofMonth","DayOfWeek","FlightDate","UniqueCarrier","AirlineID","Carrier","TailNum","FlightNum","OriginAirportID","OriginAirportSeqID","OriginCityMarketID","Origin","OriginCityName","OriginState","OriginStateFips","OriginStateName","OriginWac","DestAirportID","DestAirportSeqID","DestCityMarketID","Dest","DestCityName","DestState","DestStateFips","DestStateName","DestWac","CRSDepTime","DepTime","DepDelay","DepDelayMinutes","DepDel15","DepartureDelayGroups","DepTimeBlk","TaxiOut","WheelsOff","WheelsOn","TaxiIn","CRSArrTime","ArrTime","ArrDelay","ArrDelayMinutes","ArrDel15","ArrivalDelayGroups","ArrTimeBlk","Cancelled","CancellationCode","Diverted","CRSElapsedTime","ActualElapsedTime","AirTime","Flights","Distance","DistanceGroup","CarrierDelay","WeatherDelay","NASDelay","SecurityDelay","LateAircraftDelay","FirstDepTime","TotalAddGTime","LongestAddGTime"
2010,1,2,3,3,2010-02-03,"DL",19790,"DL","N3748Y",1220,14869,1486902,34614,"SLC","Salt Lake City, UT","UT",49,"Utah",87,11884,1188401,31884,"GEG","Spokane, WA","WA",53,"Washington",93,1122,1116,-6,0,0,-1,"1100-1159",18,1134,1149,4,1219,1153,-26,0,0,-2,"1200-1259",0,"",0,117,97,75,1,546,3,NA,NA,NA,NA,NA,NA,NA,NA
2010,1,2,14,7,2010-02-14,"OO",20304,"OO","N445SW",4710,14869,1486902,34614,"SLC","Salt Lake City, UT","UT",49,"Utah",87,13502,1350201,33502,"MTJ","Montrose/Delta, CO","CO",8,"Colorado",82,1120,1117,-3,0,0,-1,"1100-1159",11,1128,1215,6,1233,1221,-12,0,0,-1,"1200-1259",0,"",0,73,64,47,1,268,2,NA,NA,NA,NA,NA,NA,NA,NA
2010,1,2,6,6,2010-02-06,"OO",20304,"OO","N561SW",7803,14869,1486902,34614,"SLC","Salt Lake City, UT","UT",49,"Utah",87,15389,1538901,35389,"TWF","Twin Falls, ID","ID",16,"Idaho",83,1655,1647,-8,0,0,-1,"1600-1659",17,1704,1744,3,1759,1747,-12,0,0,-1,"1700-1759",0,"",0,64,60,40,1,175,1,NA,NA,NA,NA,NA,NA,NA,NA
2010,1,2,1,1,2010-02-01,"OO",20304,"OO","N406SW",4770,14869,1486902,34614,"SLC","Salt Lake City, UT","UT",49,"Utah",87,11122,1112201,31122,"CPR","Casper, WY","WY",56,"Wyoming",88,2143,2245,62,62,1,4,"2100-2159",19,2304,2348,4,2257,2352,55,55,1,3,"2200-2259",0,"",0,74,67,44,1,320,2,55,0,0,0,0,NA,NA,NA
2010,1,2,22,1,2010-02-22,"B6",20409,"B6","N630JB",231,14869,1486902,34614,"SLC","Salt Lake City, UT","UT",49,"Utah",87,12954,1295401,32575,"LGB","Long Beach, CA","CA",6,"California",91,1045,1050,5,5,0,0,"1000-1059",8,1058,1125,16,1143,1141,-2,0,0,-1,"1100-1159",0,"",0,118,111,87,1,589,3,NA,NA,NA,NA,NA,NA,NA,NA
2010,1,2,19,5,2010-02-19,"F9",20436,"F9","N924FR",570,14869,1486902,34614,"SLC","Salt Lake City, UT","UT",49,"Utah",87,11292,1129202,30325,"DEN","Denver, CO","CO",8,"Colorado",82,1030,1018,-12,0,0,-1,"1000-1059",22,1040,1139,5,1154,1144,-10,0,0,-1,"1100-1159",0,"",0,84,86,59,1,390,2,NA,NA,NA,NA,NA,NA,NA,NA
2010,1,2,5,5,2010-02-05,"OO",20304,"OO","N812SK",4547,14869,1486902,34614,"SLC","Salt Lake City, UT","UT",49,"Utah",87,14831,1483102,32457,"SJC","San Jose, CA","CA",6,"California",91,2130,2123,-7,0,0,-1,"2100-2159",18,2141,2217,4,2230,2221,-9,0,0,-1,"2200-2259",0,"",0,120,118,96,1,585,3,NA,NA,NA,NA,NA,NA,NA,NA
2010,1,2,23,2,2010-02-23,"DL",19790,"DL","N354NW",2290,14869,1486902,34614,"SLC","Salt Lake City, UT","UT",49,"Utah",87,11433,1143301,31295,"DTW","Detroit, MI","MI",26,"Michigan",43,1525,1529,4,4,0,0,"1500-1559",14,1543,2048,15,2059,2103,4,4,0,0,"2000-2059",0,"",0,214,214,185,1,1481,6,NA,NA,NA,NA,NA,NA,NA,NA
2010,1,2,7,7,2010-02-07,"OO",20304,"OO","N611SK",4743,14869,1486902,34614,"SLC","Salt Lake City, UT","UT",49,"Utah",87,13796,1379601,32457,"OAK","Oakland, CA","CA",6,"California",91,1505,1503,-2,0,0,-1,"1500-1559",27,1530,1604,5,1611,1609,-2,0,0,-1,"1600-1659",0,"",0,126,126,94,1,589,3,NA,NA,NA,NA,NA,NA,NA,NA
2010,1,2,23,2,2010-02-23,"DL",19790,"DL","N363NW",2501,14869,1486902,34614,"SLC","Salt Lake City, UT","UT",49,"Utah",87,13487,1348701,31650,"MSP","Minneapolis, MN","MN",27,"Minnesota",63,1355,1356,1,1,0,0,"1300-1359",17,1413,1725,8,1734,1733,-1,0,0,-1,"1700-1759",0,"",0,159,157,132,1,991,4,NA,NA,NA,NA,NA,NA,NA,NA
2010,1,2,12,5,2010-02-12,"WN",19393,"WN","N419WN",745,14869,1486902,34614,"SLC","Salt Lake City, UT","UT",49,"Utah",87,10713,1071301,30713,"BOI","Boise, ID","ID",16,"Idaho",83,1150,1146,-4,0,0,-1,"1100-1159",13,1159,1245,3,1300,1248,-12,0,0,-1,"1300-1359",0,"",0,70,62,46,1,291,2,NA,NA,NA,NA,NA,NA,NA,NA
2010,1,2,7,7,2010-02-07,"AA",19805,"AA","N547AA",1488,14869,1486902,34614,"SLC","Salt Lake City, UT","UT",49,"Utah",87,11298,1129802,30194,"DFW","Dallas/Fort Worth, TX","TX",48,"Texas",74,820,811,-9,0,0,-1,"0800-0859",25,836,1141,9,1205,1150,-15,0,0,-1,"1200-1259",0,"",0,165,159,125,1,988,4,NA,NA,NA,NA,NA,NA,NA,NA
2010,1,2,22,1,2010-02-22,"OO",20304,"OO","N410SW",4665,14869,1486902,34614,"SLC","Salt Lake City, UT","UT",49,"Utah",87,11638,1163802,31638,"FAT","Fresno, CA","CA",6,"California",91,2130,2124,-6,0,0,-1,"2100-2159",37,2201,2210,3,2208,2213,5,5,0,0,"2200-2259",0,"",0,98,109,69,1,501,3,NA,NA,NA,NA,NA,NA,NA,NA
2010,1,2,27,6,2010-02-27,"OO",20304,"OO","N824SK",4497,14869,1486902,34614,"SLC","Salt Lake City, UT","UT",49,"Utah",87,14747,1474702,30559,"SEA","Seattle, WA","WA",53,"Washington",93,1945,1941,-4,0,0,-1,"1900-1959",14,1955,2029,5,2048,2034,-14,0,0,-1,"2000-2059",0,"",0,123,113,94,1,689,3,NA,NA,NA,NA,NA,NA,NA,NA
2010,1,2,7,7,2010-02-07,"OO",20304,"OO","N608SK",4549,14869,1486902,34614,"SLC","Salt Lake City, UT","UT",49,"Utah",87,13796,1379601,32457,"OAK","Oakland, CA","CA",6,"California",91,1113,1121,8,8,0,0,"1100-1159",24,1145,1217,4,1219,1221,2,2,0,0,"1200-1259",0,"",0,126,120,92,1,589,3,NA,NA,NA,NA,NA,NA,NA,NA
2010,1,2,25,4,2010-02-25,"OO",20304,"OO","N603SK",4764,14869,1486902,34614,"SLC","Salt Lake City, UT","UT",49,"Utah",87,12441,1244101,32441,"JAC","Jackson, WY","WY",56,"Wyoming",88,2000,2000,0,0,0,0,"2000-2059",14,2014,2055,4,2104,2059,-5,0,0,-1,"2100-2159",0,"",0,64,59,41,1,205,1,NA,NA,NA,NA,NA,NA,NA,NA
2010,1,2,6,6,2010-02-06,"OO",20304,"OO","N607SK",4662,14869,1486902,34614,"SLC","Salt Lake City, UT","UT",49,"Utah",87,12441,1244101,32441,"JAC","Jackson, WY","WY",56,"Wyoming",88,2027,2027,0,0,0,0,"2000-2059",17,2044,2121,5,2131,2126,-5,0,0,-1,"2100-2159",0,"",0,64,59,37,1,205,1,NA,NA,NA,NA,NA,NA,NA,NA
2010,1,2,14,7,2010-02-14,"OO",20304,"OO","N408SW",4709,14869,1486902,34614,"SLC","Salt Lake City, UT","UT",49,"Utah",87,14489,1448901,34489,"RDM","Bend/Redmond, OR","OR",41,"Oregon",92,1106,1057,-9,0,0,-1,"1100-1159",10,1107,1132,4,1155,1136,-19,0,0,-2,"1100-1159",0,"",0,109,99,85,1,526,3,NA,NA,NA,NA,NA,NA,NA,NA
2010,1,2,15,1,2010-02-15,"F9",20436,"F9","N812FR",584,14869,1486902,34614,"SLC","Salt Lake City, UT","UT",49,"Utah",87,11292,1129202,30325,"DEN","Denver, CO","CO",8,"Colorado",82,1411,1408,-3,0,0,-1,"1400-1459",33,1441,1537,6,1528,1543,15,15,1,1,"1500-1559",0,"",0,77,95,56,1,390,2,0,0,15,0,0,NA,NA,NA
2010,1,2,5,5,2010-02-05,"OO",20304,"OO","N435SW",4666,14869,1486902,34614,"SLC","Salt Lake City, UT","UT",49,"Utah",87,10849,1084901,30849,"BZN","Bozeman, MT","MT",30,"Montana",84,1708,1711,3,3,0,0,"1700-1759",24,1735,1829,5,1830,1834,4,4,0,0,"1800-1859",0,"",0,82,83,54,1,347,2,NA,NA,NA,NA,NA,NA,NA,NA
2010,1,2,11,4,2010-02-11,"OO",20304,"OO","N805SK",4445,14869,1486902,34614,"SLC","Salt Lake City, UT","UT",49,"Utah",87,14747,1474702,30559,"SEA","Seattle, WA","WA",53,"Washington",93,1712,1707,-5,0,0,-1,"1700-1759",15,1722,1805,4,1815,1809,-6,0,0,-1,"1800-1859",0,"",0,123,122,103,1,689,3,NA,NA,NA,NA,NA,NA,NA,NA
2010,1,2,9,2,2010-02-09,"F9",20436,"F9","N931FR",570,14869,1486902,34614,"SLC","Salt Lake City, UT","UT",49,"Utah",87,11292,1129202,30325,"DEN","Denver, CO","CO",8,"Colorado",82,1030,1020,-10,0,0,-1,"1000-1059",18,1038,1136,7,1154,1143,-11,0,0,-1,"1100-1159",0,"",0,84,83,58,1,390,2,NA,NA,NA,NA,NA,NA,NA,NA
2010,1,2,12,5,2010-02-12,"OO",20304,"OO","N816SK",4696,14869,1486902,34614,"SLC","Salt Lake City, UT","UT",49,"Utah",87,10693,1069301,30693,"BNA","Nashville, TN","TN",47,"Tennessee",54,1707,1705,-2,0,0,-1,"1700-1759",19,1724,2110,8,2138,2118,-20,0,0,-2,"2100-2159",0,"",0,211,193,166,1,1403,6,NA,NA,NA,NA,NA,NA,NA,NA
2010,1,2,1,1,2010-02-01,"OO",20304,"OO","N738SK",6465,14869,1486902,34614,"SLC","Salt Lake City, UT","UT",49,"Utah",87,12892,1289201,32575,"LAX","Los Angeles, CA","CA",6,"California",91,600,559,-1,0,0,-1,"0600-0659",28,627,659,6,655,705,10,10,0,0,"0600-0659",0,"",0,115,126,92,1,590,3,NA,NA,NA,NA,NA,NA,NA,NA
2010,1,2,25,4,2010-02-25,"OO",20304,"OO","N463SW",4791,14869,1486902,34614,"SLC","Salt Lake City, UT","UT",49,"Utah",87,14908,1490802,32575,"SNA","Santa Ana, CA","CA",6,"California",91,1356,1353,-3,0,0,-1,"1300-1359",12,1405,1429,8,1449,1437,-12,0,0,-1,"1400-1459",0,"",0,113,104,84,1,588,3,NA,NA,NA,NA,NA,NA,NA,NA
2010,1,2,3,3,2010-02-03,"WN",19393,"WN","N930WN",381,14869,1486902,34614,"SLC","Salt Lake City, UT","UT",49,"Utah",87,12892,1289201,32575,"LAX","Los Angeles, CA","CA",6,"California",91,710,703,-7,0,0,-1,"0700-0759",16,719,750,8,820,758,-22,0,0,-2,"0800-0859",0,"",0,130,115,91,1,590,3,NA,NA,NA,NA,NA,NA,NA,NA
2010,1,2,4,4,2010-02-04,"OO",20304,"OO","N299SW",7760,14869,1486902,34614,"SLC","Salt Lake City, UT","UT",49,"Utah",87,11525,1152501,31525,"EKO","Elko, NV","NV",32,"Nevada",85,1115,1106,-9,0,0,-1,"1100-1159",11,1117,1227,6,1130,1233,NA,NA,NA,NA,"1100-1159",0,"",1,75,NA,NA,1,200,1,NA,NA,NA,NA,NA,NA,NA,NA
2010,1,2,5,5,2010-02-05,"WN",19393,"WN","N775SW",2080,14869,1486902,34614,"SLC","Salt Lake City, UT","UT",49,"Utah",87,11292,1129202,30325,"DEN","Denver, CO","CO",8,"Colorado",82,1240,1242,2,2,0,0,"1200-1259",10,1252,1346,7,1405,1353,-12,0,0,-1,"1400-1459",0,"",0,85,71,54,1,390,2,NA,NA,NA,NA,NA,NA,NA,NA
2010,1,2,4,4,2010-02-04,"WN",19393,"WN","N254WN",3056,14869,1486902,34614,"SLC","Salt Lake City, UT","UT",49,"Utah",87,12889,1288902,32211,"LAS","Las Vegas, NV","NV",32,"Nevada",85,1540,1539,-1,0,0,-1,"1500-1559",9,1548,1547,8,1610,1555,-15,0,0,-1,"1600-1659",0,"",0,90,76,59,1,368,2,NA,NA,NA,NA,NA,NA,NA,NA
2010,1,2,10,3,2010-02-10,"OO",20304,"OO","N614SK",4682,14869,1486902,34614,"SLC","Salt Lake City, UT","UT",49,"Utah",87,12441,1244101,32441,"JAC","Jackson, WY","WY",56,"Wyoming",88,1111,1108,-3,0,0,-1,"1100-1159",13,1121,1159,3,1215,1202,-13,0,0,-1,"1200-1259",0,"",0,64,54,38,1,205,1,NA,NA,NA,NA,NA,NA,NA,NA
2010,1,2,15,1,2010-02-15,"OO",20304,"OO","N432SW",4778,14869,1486902,34614,"SLC","Salt Lake City, UT","UT",49,"Utah",87,14252,1425201,34252,"PSC","Pasco/Kennewick/Richland, WA","WA",53,"Washington",93,1715,1712,-3,0,0,-1,"1700-1759",24,1736,1751,5,1800,1756,-4,0,0,-1,"1800-1859",0,"",0,105,104,75,1,521,3,NA,NA,NA,NA,NA,NA,NA,NA
2010,1,2,6,6,2010-02-06,"OO",20304,"OO","N803SK",4656,14869,1486902,34614,"SLC","Salt Lake City, UT","UT",49,"Utah",87,14107,1410701,30466,"PHX","Phoenix, AZ","AZ",4,"Arizona",81,1512,1523,11,11,0,0,"1500-1559",14,1537,1650,3,1654,1653,-1,0,0,-1,"1600-1659",0,"",0,102,90,73,1,507,3,NA,NA,NA,NA,NA,NA,NA,NA
2010,1,2,15,1,2010-02-15,"DL",19790,"DL","N905DA",1176,14869,1486902,34614,"SLC","Salt Lake City, UT","UT",49,"Utah",87,15016,1501602,31123,"STL","St. Louis, MO","MO",29,"Missouri",64,1355,1430,35,35,1,2,"1300-1359",27,1457,1827,5,1749,1832,43,43,1,2,"1700-1759",0,"",0,174,182,150,1,1156,5,35,0,8,0,0,NA,NA,NA
2010,1,2,13,6,2010-02-13,"OO",20304,"OO","N611SK",4524,14869,1486902,34614,"SLC","Salt Lake City, UT","UT",49,"Utah",87,12441,1244101,32441,"JAC","Jackson, WY","WY",56,"Wyoming",88,1645,1645,0,0,0,0,"1600-1659",18,1703,1736,5,1749,1741,-8,0,0,-1,"1700-1759",0,"",0,64,56,33,1,205,1,NA,NA,NA,NA,NA,NA,NA,NA
2010,1,2,28,7,2010-02-28,"DL",19790,"DL","N903DA",1241,14869,1486902,34614,"SLC","Salt Lake City, UT","UT",49,"Utah",87,13796,1379601,32457,"OAK","Oakland, CA","CA",6,"California",91,1946,1944,-2,0,0,-1,"1900-1959",21,2005,2036,5,2056,2041,-15,0,0,-1,"2000-2059",0,"",0,130,117,91,1,589,3,NA,NA,NA,NA,NA,NA,NA,NA
2010,1,2,25,4,2010-02-25,"DL",19790,"DL","N375DA",1707,14869,1486902,34614,"SLC","Salt Lake City, UT","UT",49,"Utah",87,11884,1188401,31884,"GEG","Spokane, WA","WA",53,"Washington",93,1121,1115,-6,0,0,-1,"1100-1159",17,1132,1158,3,1216,1201,-15,0,0,-1,"1200-1259",0,"",0,115,106,86,1,546,3,NA,NA,NA,NA,NA,NA,NA,NA
2010,1,2,14,7,2010-02-14,"OO",20304,"OO","N817SK",4767,14869,1486902,34614,"SLC","Salt Lake City, UT","UT",49,"Utah",87,11298,1129802,30194,"DFW","Dallas/Fort Worth, TX","TX",48,"Texas",74,1415,1415,0,0,0,0,"1400-1459",12,1427,1727,6,1752,1733,-19,0,0,-2,"1700-1759",0,"",0,157,138,120,1,988,4,NA,NA,NA,NA,NA,NA,NA,NA
2010,1,2,5,5,2010-02-05,"OO",20304,"OO","N905SW",6595,14869,1486902,34614,"SLC","Salt Lake City, UT","UT",49,"Utah",87,11292,1129202,30325,"DEN","Denver, CO","CO",8,"Colorado",82,854,850,-4,0,0,-1,"0800-0859",16,906,1010,12,1029,1022,-7,0,0,-1,"1000-1059",0,"",0,95,92,64,1,390,2,NA,NA,NA,NA,NA,NA,NA,NA
2010,1,2,15,1,2010-02-15,"OO",20304,"OO","N814SK",4529,14869,1486902,34614,"SLC","Salt Lake City, UT","UT",49,"Utah",87,14252,1425201,34252,"PSC","Pasco/Kennewick/Richland, WA","WA",53,"Washington",93,2147,2138,-9,0,0,-1,"2100-2159",12,2150,2207,4,2231,2211,-20,0,0,-2,"2200-2259",0,"",0,104,93,77,1,521,3,NA,NA,NA,NA,NA,NA,NA,NA
2010,1,2,26,5,2010-02-26,"OO",20304,"OO","N448SW",4716,14869,1486902,34614,"SLC","Salt Lake City, UT","UT",49,"Utah",87,14908,1490802,32575,"SNA","Santa Ana, CA","CA",6,"California",91,1005,1000,-5,0,0,-1,"1000-1059",29,1029,1053,5,1058,1058,0,0,0,0,"1000-1059",0,"",0,113,118,84,1,588,3,NA,NA,NA,NA,NA,NA,NA,NA
2010,1,2,26,5,2010-02-26,"DL",19790,"DL","N379DA",1729,14869,1486902,34614,"SLC","Salt Lake City, UT","UT",49,"Utah",87,11193,1119301,33105,"CVG","Cincinnati, OH","KY",21,"Kentucky",52,750,745,-5,0,0,-1,"0700-0759",25,810,1308,4,1316,1312,-4,0,0,-1,"1300-1359",0,"",0,206,207,178,1,1449,6,NA,NA,NA,NA,NA,NA,NA,NA
2010,1,2,24,3,2010-02-24,"OO",20304,"OO","N614SK",4781,14869,1486902,34614,"SLC","Salt Lake City, UT","UT",49,"Utah",87,14570,1457001,34570,"RNO","Reno, NV","NV",32,"Nevada",85,847,842,-5,0,0,-1,"0800-0859",26,908,919,6,919,925,6,6,0,0,"0900-0959",0,"",0,92,103,71,1,422,2,NA,NA,NA,NA,NA,NA,NA,NA
2010,1,2,4,4,2010-02-04,"DL",19790,"DL","N371DA",1185,14869,1486902,34614,"SLC","Salt Lake City, UT","UT",49,"Utah",87,12892,1289201,32575,"LAX","Los Angeles, CA","CA",6,"California",91,2145,2135,-10,0,0,-1,"2100-2159",18,2153,2221,11,2249,2232,-17,0,0,-2,"2200-2259",0,"",0,124,117,88,1,590,3,NA,NA,NA,NA,NA,NA,NA,NA
2010,1,2,21,7,2010-02-21,"OO",20304,"OO","N822SK",4529,14869,1486902,34614,"SLC","Salt Lake City, UT","UT",49,"Utah",87,14252,1425201,34252,"PSC","Pasco/Kennewick/Richland, WA","WA",53,"Washington",93,2147,2147,0,0,0,0,"2100-2159",22,2209,2215,4,2231,2219,-12,0,0,-1,"2200-2259",0,"",0,104,92,66,1,521,3,NA,NA,NA,NA,NA,NA,NA,NA
2010,1,2,28,7,2010-02-28,"OO",20304,"OO","N823SK",4607,14869,1486902,34614,"SLC","Salt Lake City, UT","UT",49,"Utah",87,12954,1295401,32575,"LGB","Long Beach, CA","CA",6,"California",91,1115,1114,-1,0,0,-1,"1100-1159",22,1136,1158,5,1209,1203,-6,0,0,-1,"1200-1259",0,"",0,114,109,82,1,589,3,NA,NA,NA,NA,NA,NA,NA,NA
2010,1,2,17,3,2010-02-17,"OO",20304,"OO","N865AS",4707,14869,1486902,34614,"SLC","Salt Lake City, UT","UT",49,"Utah",87,14489,1448901,34489,"RDM","Bend/Redmond, OR","OR",41,"Oregon",92,2144,2140,-4,0,0,-1,"2100-2159",17,2157,2214,3,2230,2217,-13,0,0,-1,"2200-2259",0,"",0,106,97,77,1,526,3,NA,NA,NA,NA,NA,NA,NA,NA
2010,1,2,26,5,2010-02-26,"WN",19393,"WN","N651SW",154,14869,1486902,34614,"SLC","Salt Lake City, UT","UT",49,"Utah",87,12889,1288902,32211,"LAS","Las Vegas, NV","NV",32,"Nevada",85,1050,1048,-2,0,0,-1,"1000-1059",7,1055,1054,4,1115,1058,-17,0,0,-2,"1100-1159",0,"",0,85,70,59,1,368,2,NA,NA,NA,NA,NA,NA,NA,NA
2010,1,2,24,3,2010-02-24,"WN",19393,"WN","N473WN",751,14869,1486902,34614,"SLC","Salt Lake City, UT","UT",49,"Utah",87,13796,1379601,32457,"OAK","Oakland, CA","CA",6,"California",91,1230,1227,-3,0,0,-1,"1200-1259",6,1233,1311,4,1335,1315,-20,0,0,-2,"1300-1359",0,"",0,125,108,98,1,589,3,NA,NA,NA,NA,NA,NA,NA,NA
2010,1,2,8,1,2010-02-08,"OO",20304,"OO","N740SK",6465,14869,1486902,34614,"SLC","Salt Lake City, UT","UT",49,"Utah",87,12892,1289201,32575,"LAX","Los Angeles, CA","CA",6,"California",91,600,557,-3,0,0,-1,"0600-0659",18,615,642,7,655,649,-6,0,0,-1,"0600-0659",0,"",0,115,112,87,1,590,3,NA,NA,NA,NA,NA,NA,NA,NA
2010,1,2,16,2,2010-02-16,"WN",19393,"WN","N477WN",578,14869,1486902,34614,"SLC","Salt Lake City, UT","UT",49,"Utah",87,13796,1379601,32457,"OAK","Oakland, CA","CA",6,"California",91,1905,2053,108,108,1,7,"1900-1959",6,2059,2127,5,2010,2132,82,82,1,5,"2000-2059",0,"",0,125,99,88,1,589,3,82,0,0,0,0,NA,NA,NA
2010,1,2,22,1,2010-02-22,"OO",20304,"OO","N804SK",4746,14869,1486902,34614,"SLC","Salt Lake City, UT","UT",49,"Utah",87,13930,1393001,30977,"ORD","Chicago, IL","IL",17,"Illinois",41,1340,1504,84,84,1,5,"1300-1359",14,1518,1857,11,1750,1908,78,78,1,5,"1700-1759",0,"",0,190,184,159,1,1249,5,0,0,78,0,0,NA,NA,NA
2010,1,2,1,1,2010-02-01,"DL",19790,"DL","N37700",1114,14869,1486902,34614,"SLC","Salt Lake City, UT","UT",49,"Utah",87,14100,1410001,34100,"PHL","Philadelphia, PA","PA",42,"Pennsylvania",23,1012,1011,-1,0,0,-1,"1000-1059",20,1031,1606,7,1631,1613,-18,0,0,-2,"1600-1659",0,"",0,259,242,215,1,1926,8,NA,NA,NA,NA,NA,NA,NA,NA
2010,1,2,3,3,2010-02-03,"OO",20304,"OO","N754SK",6184,14869,1486902,34614,"SLC","Salt Lake City, UT","UT",49,"Utah",87,13930,1393001,30977,"ORD","Chicago, IL","IL",17,"Illinois",41,1038,1045,7,7,0,0,"1000-1059",14,1059,1423,11,1441,1434,-7,0,0,-1,"1400-1459",0,"",0,183,169,144,1,1249,5,NA,NA,NA,NA,NA,NA,NA,NA
2010,1,2,13,6,2010-02-13,"WN",19393,"WN","N304SW",18,14869,1486902,34614,"SLC","Salt Lake City, UT","UT",49,"Utah",87,12892,1289201,32575,"LAX","Los Angeles, CA","CA",6,"California",91,1610,1611,1,1,0,0,"1600-1659",8,1619,1643,5,1710,1648,-22,0,0,-2,"1700-1759",0,"",0,120,97,84,1,590,3,NA,NA,NA,NA,NA,NA,NA,NA
2010,1,2,17,3,2010-02-17,"DL",19790,"DL","N3748Y",1222,14869,1486902,34614,"SLC","Salt Lake City, UT","UT",49,"Utah",87,10397,1039703,30397,"ATL","Atlanta, GA","GA",13,"Georgia",34,1700,1653,-7,0,0,-1,"1700-1759",16,1709,2207,9,2235,2216,-19,0,0,-2,"2200-2259",0,"",0,215,203,178,1,1589,7,NA,NA,NA,NA,NA,NA,NA,NA
2010,1,2,4,4,2010-02-04,"DL",19790,"DL","N343NB",2424,14869,1486902,34614,"SLC","Salt Lake City, UT","UT",49,"Utah",87,11433,1143301,31295,"DTW","Detroit, MI","MI",26,"Michigan",43,950,954,4,4,0,0,"0900-0959",24,1018,1516,13,1533,1529,-4,0,0,-1,"1500-1559",0,"",0,223,215,178,1,1481,6,NA,NA,NA,NA,NA,NA,NA,NA
2010,1,2,10,3,2010-02-10,"DL",19790,"DL","N6704Z",1512,14869,1486902,34614,"SLC","Salt Lake City, UT","UT",49,"Utah",87,10397,1039703,30397,"ATL","Atlanta, GA","GA",13,"Georgia",34,1100,1057,-3,0,0,-1,"1100-1159",19,1116,1610,7,1640,1617,-23,0,0,-2,"1600-1659",0,"",0,220,200,174,1,1589,7,NA,NA,NA,NA,NA,NA,NA,NA
2010,1,2,1,1,2010-02-01,"OO",20304,"OO","N800SK",4533,14869,1486902,34614,"SLC","Salt Lake City, UT","UT",49,"Utah",87,14107,1410701,30466,"PHX","Phoenix, AZ","AZ",4,"Arizona",81,835,829,-6,0,0,-1,"0800-0859",21,850,1006,3,1015,1009,-6,0,0,-1,"1000-1059",0,"",0,100,100,76,1,507,3,NA,NA,NA,NA,NA,NA,NA,NA
2010,1,2,20,6,2010-02-20,"DL",19790,"DL","N670DN",1668,14869,1486902,34614,"SLC","Salt Lake City, UT","UT",49,"Utah",87,12953,1295301,31703,"LGA","New York, NY","NY",36,"New York",22,1342,1501,79,79,1,5,"1300-1359",14,1515,2058,13,2008,2111,63,63,1,4,"2000-2059",0,"",0,266,250,223,1,1982,8,63,0,0,0,0,NA,NA,NA
2010,1,2,7,7,2010-02-07,"DL",19790,"DL","N3747D",1236,14869,1486902,34614,"SLC","Salt Lake City, UT","UT",49,"Utah",87,12478,1247801,31703,"JFK","New York, NY","NY",36,"New York",22,1655,1656,1,1,0,0,"1600-1659",15,1711,2303,14,2326,2317,-9,0,0,-1,"2300-2359",0,"",0,271,261,232,1,1989,8,NA,NA,NA,NA,NA,NA,NA,NA
2010,1,2,27,6,2010-02-27,"DL",19790,"DL","N330NW",2290,14869,1486902,34614,"SLC","Salt Lake City, UT","UT",49,"Utah",87,11433,1143301,31295,"DTW","Detroit, MI","MI",26,"Michigan",43,1525,1600,35,35,1,2,"1500-1559",19,1619,2120,10,2059,2130,31,31,1,2,"2000-2059",0,"",0,214,210,181,1,1481,6,10,0,0,0,21,NA,NA,NA
2010,1,2,18,4,2010-02-18,"OO",20304,"OO","N301YV",7811,14869,1486902,34614,"SLC","Salt Lake City, UT","UT",49,"Utah",87,11865,1186501,31865,"GCC","Gillette, WY","WY",56,"Wyoming",88,1100,1059,-1,0,0,-1,"1100-1159",12,1111,1236,4,1246,1240,-6,0,0,-1,"1200-1259",0,"",0,106,101,85,1,410,2,NA,NA,NA,NA,NA,NA,NA,NA
2010,1,2,19,5,2010-02-19,"OO",20304,"OO","N408SW",4574,14869,1486902,34614,"SLC","Salt Lake City, UT","UT",49,"Utah",87,12156,1215601,32156,"HLN","Helena, MT","MT",30,"Montana",84,1545,1543,-2,0,0,-1,"1500-1559",22,1605,1710,5,1713,1715,2,2,0,0,"1700-1759",0,"",0,88,92,65,1,402,2,NA,NA,NA,NA,NA,NA,NA,NA
2010,1,2,25,4,2010-02-25,"OO",20304,"OO","N822SK",4767,14869,1486902,34614,"SLC","Salt Lake City, UT","UT",49,"Utah",87,11298,1129802,30194,"DFW","Dallas/Fort Worth, TX","TX",48,"Texas",74,1415,1413,-2,0,0,-1,"1400-1459",23,1436,1739,11,1752,1750,-2,0,0,-1,"1700-1759",0,"",0,157,157,123,1,988,4,NA,NA,NA,NA,NA,NA,NA,NA
2010,1,2,20,6,2010-02-20,"OO",20304,"OO","N301YV",7775,14869,1486902,34614,"SLC","Salt Lake City, UT","UT",49,"Utah",87,14794,1479401,34794,"SGU","St. George, UT","UT",49,"Utah",87,2150,2148,-2,0,0,-1,"2100-2159",12,2200,2308,4,2310,2312,2,2,0,0,"2300-2359",0,"",0,80,84,68,1,269,2,NA,NA,NA,NA,NA,NA,NA,NA
2010,1,2,20,6,2010-02-20,"WN",19393,"WN","N373SW",1690,14869,1486902,34614,"SLC","Salt Lake City, UT","UT",49,"Utah",87,11292,1129202,30325,"DEN","Denver, CO","CO",8,"Colorado",82,1510,1514,4,4,0,0,"1500-1559",8,1522,1633,10,1635,1643,8,8,0,0,"1600-1659",0,"",0,85,89,71,1,390,2,NA,NA,NA,NA,NA,NA,NA,NA
2010,1,2,23,2,2010-02-23,"OO",20304,"OO","N449SW",4776,14869,1486902,34614,"SLC","Salt Lake City, UT","UT",49,"Utah",87,14252,1425201,34252,"PSC","Pasco/Kennewick/Richland, WA","WA",53,"Washington",93,1510,1459,-11,0,0,-1,"1500-1559",15,1514,1535,4,1555,1539,-16,0,0,-2,"1500-1559",0,"",0,105,100,81,1,521,3,NA,NA,NA,NA,NA,NA,NA,NA
2010,1,2,15,1,2010-02-15,"DL",19790,"DL","N905DA",1176,14869,1486902,34614,"SLC","Salt Lake City, UT","UT",49,"Utah",87,15016,1501602,31123,"STL","St. Louis, MO","MO",29,"Missouri",64,1355,1430,35,35,1,2,"1300-1359",27,1457,1827,5,1749,1832,43,43,1,2,"1700-1759",0,"",0,174,182,150,1,1156,5,35,0,8,0,0,NA,NA,NA
2010,1,2,9,2,2010-02-09,"OO",20304,"OO","N442SW",4762,14869,1486902,34614,"SLC","Salt Lake City, UT","UT",49,"Utah",87,13871,1387101,33316,"OMA","Omaha, NE","NE",31,"Nebraska",65,1003,956,-7,0,0,-1,"1000-1059",31,1027,1322,4,1315,1326,11,11,0,0,"1300-1359",0,"",0,132,150,115,1,839,4,NA,NA,NA,NA,NA,NA,NA,NA
2010,1,2,27,6,2010-02-27,"OO",20304,"OO","N913EV",4648,14869,1486902,34614,"SLC","Salt Lake City, UT","UT",49,"Utah",87,12280,1228001,32280,"IDA","Idaho Falls, ID","ID",16,"Idaho",83,2140,2134,-6,0,0,-1,"2100-2159",13,2147,2217,3,2242,2220,-22,0,0,-2,"2200-2259",0,"",0,62,46,30,1,188,1,NA,NA,NA,NA,NA,NA,NA,NA
2010,1,2,19,5,2010-02-19,"DL",19790,"DL","N387DA",1751,14869,1486902,34614,"SLC","Salt Lake City, UT","UT",49,"Utah",87,14908,1490802,32575,"SNA","Santa Ana, CA","CA",6,"California",91,1118,1116,-2,0,0,-1,"1100-1159",21,1137,1209,6,1215,1215,0,0,0,0,"1200-1259",0,"",0,117,119,92,1,588,3,NA,NA,NA,NA,NA,NA,NA,NA
2010,1,2,3,3,2010-02-03,"OO",20304,"OO","N910EV",4519,14869,1486902,34614,"SLC","Salt Lake City, UT","UT",49,"Utah",87,14831,1483102,32457,"SJC","San Jose, CA","CA",6,"California",91,1130,1121,-9,0,0,-1,"1100-1159",20,1141,1215,4,1238,1219,-19,0,0,-2,"1200-1259",0,"",0,128,118,94,1,585,3,NA,NA,NA,NA,NA,NA,NA,NA
2010,1,2,20,6,2010-02-20,"WN",19393,"WN","N243WN",769,14869,1486902,34614,"SLC","Salt Lake City, UT","UT",49,"Utah",87,14107,1410701,30466,"PHX","Phoenix, AZ","AZ",4,"Arizona",81,1100,1102,2,2,0,0,"1100-1159",10,1112,1233,5,1245,1238,-7,0,0,-1,"1200-1259",0,"",0,105,96,81,1,507,3,NA,NA,NA,NA,NA,NA,NA,NA
2010,1,2,10,3,2010-02-10,"US",20355,"US","N647AW",12,14869,1486902,34614,"SLC","Salt Lake City, UT","UT",49,"Utah",87,14107,1410701,30466,"PHX","Phoenix, AZ","AZ",4,"Arizona",81,715,708,-7,0,0,-1,"0700-0759",27,735,847,5,859,852,-7,0,0,-1,"0800-0859",0,"",0,104,104,72,1,507,3,NA,NA,NA,NA,NA,NA,NA,NA
2010,1,2,6,6,2010-02-06,"OO",20304,"OO","N803SK",4656,14869,1486902,34614,"SLC","Salt Lake City, UT","UT",49,"Utah",87,14107,1410701,30466,"PHX","Phoenix, AZ","AZ",4,"Arizona",81,1512,1523,11,11,0,0,"1500-1559",14,1537,1650,3,1654,1653,-1,0,0,-1,"1600-1659",0,"",0,102,90,73,1,507,3,NA,NA,NA,NA,NA,NA,NA,NA
2010,1,2,24,3,2010-02-24,"OO",20304,"OO","N668CA",4662,14869,1486902,34614,"SLC","Salt Lake City, UT","UT",49,"Utah",87,10140,1014001,30140,"ABQ","Albuquerque, NM","NM",35,"New Mexico",86,1956,1957,1,1,0,0,"1900-1959",28,2025,2133,4,2134,2137,3,3,0,0,"2100-2159",0,"",0,98,100,68,1,493,2,NA,NA,NA,NA,NA,NA,NA,NA
2010,1,2,15,1,2010-02-15,"OO",20304,"OO","N431SW",4769,14869,1486902,34614,"SLC","Salt Lake City, UT","UT",49,"Utah",87,14893,1489301,33192,"SMF","Sacramento, CA","CA",6,"California",91,1515,1521,6,6,0,0,"1500-1559",22,1543,1605,4,1601,1609,8,8,0,0,"1600-1659",0,"",0,106,108,82,1,532,3,NA,NA,NA,NA,NA,NA,NA,NA
2010,1,2,8,1,2010-02-08,"OO",20304,"OO","N803SK",4766,14869,1486902,34614,"SLC","Salt Lake City, UT","UT",49,"Utah",87,11292,1129202,30325,"DEN","Denver, CO","CO",8,"Colorado",82,1948,2015,27,27,1,1,"1900-1959",25,2040,2143,6,2120,2149,29,29,1,1,"2100-2159",0,"",0,92,94,63,1,390,2,27,0,2,0,0,NA,NA,NA
2010,1,2,3,3,2010-02-03,"DL",19790,"DL","N397DA",1209,14869,1486902,34614,"SLC","Salt Lake City, UT","UT",49,"Utah",87,14057,1405701,34057,"PDX","Portland, OR","OR",41,"Oregon",92,1115,1110,-5,0,0,-1,"1100-1159",26,1136,1204,6,1222,1210,-12,0,0,-1,"1200-1259",0,"",0,127,120,88,1,630,3,NA,NA,NA,NA,NA,NA,NA,NA
2010,1,2,4,4,2010-02-04,"OO",20304,"OO","N427SW",4740,14869,1486902,34614,"SLC","Salt Lake City, UT","UT",49,"Utah",87,10620,1062001,30620,"BIL","Billings, MT","MT",30,"Montana",84,1400,1453,53,53,1,3,"1400-1459",12,1505,1606,4,1520,1610,50,50,1,3,"1500-1559",0,"",0,80,77,61,1,387,2,46,0,0,0,4,NA,NA,NA
2010,1,2,17,3,2010-02-17,"WN",19393,"WN","N331SW",1947,14869,1486902,34614,"SLC","Salt Lake City, UT","UT",49,"Utah",87,12892,1289201,32575,"LAX","Los Angeles, CA","CA",6,"California",91,700,700,0,0,0,0,"0700-0759",14,714,745,4,810,749,-21,0,0,-2,"0800-0859",0,"",0,130,109,91,1,590,3,NA,NA,NA,NA,NA,NA,NA,NA
2010,1,2,8,1,2010-02-08,"OO",20304,"OO","N461SW",4519,14869,1486902,34614,"SLC","Salt Lake City, UT","UT",49,"Utah",87,14831,1483102,32457,"SJC","San Jose, CA","CA",6,"California",91,1130,1125,-5,0,0,-1,"1100-1159",18,1143,1216,11,1238,1227,-11,0,0,-1,"1200-1259",0,"",0,128,122,93,1,585,3,NA,NA,NA,NA,NA,NA,NA,NA
2010,1,2,24,3,2010-02-24,"DL",19790,"DL","N143DA",1105,14869,1486902,34614,"SLC","Salt Lake City, UT","UT",49,"Utah",87,12173,1217301,32134,"HNL","Honolulu, HI","HI",15,"Hawaii",2,1140,1135,-5,0,0,-1,"1100-1159",21,1156,1539,12,1529,1551,22,22,1,1,"1500-1559",0,"",0,409,436,403,1,2994,11,0,0,22,0,0,NA,NA,NA
2010,1,2,12,5,2010-02-12,"DL",19790,"DL","N901DA",1133,14869,1486902,34614,"SLC","Salt Lake City, UT","UT",49,"Utah",87,14679,1467902,33570,"SAN","San Diego, CA","CA",6,"California",91,1122,1218,56,56,1,3,"1100-1159",19,1237,1301,6,1220,1307,47,47,1,3,"1200-1259",0,"",0,118,109,84,1,626,3,2,0,0,0,45,NA,NA,NA
2010,1,2,20,6,2010-02-20,"OO",20304,"OO","N803SK",4450,14869,1486902,34614,"SLC","Salt Lake City, UT","UT",49,"Utah",87,11292,1129202,30325,"DEN","Denver, CO","CO",8,"Colorado",82,1653,1651,-2,0,0,-1,"1600-1659",16,1707,1814,17,1825,1831,6,6,0,0,"1800-1859",0,"",0,92,100,67,1,390,2,NA,NA,NA,NA,NA,NA,NA,NA
2010,1,2,13,6,2010-02-13,"WN",19393,"WN","N304SW",18,14869,1486902,34614,"SLC","Salt Lake City, UT","UT",49,"Utah",87,12892,1289201,32575,"LAX","Los Angeles, CA","CA",6,"California",91,1610,1611,1,1,0,0,"1600-1659",8,1619,1643,5,1710,1648,-22,0,0,-2,"1700-1759",0,"",0,120,97,84,1,590,3,NA,NA,NA,NA,NA,NA,NA,NA
2010,1,2,11,4,2010-02-11,"OO",20304,"OO","N465SW",4768,14869,1486902,34614,"SLC","Salt Lake City, UT","UT",49,"Utah",87,13486,1348601,33486,"MSO","Missoula, MT","MT",30,"Montana",84,1350,1349,-1,0,0,-1,"1300-1359",24,1413,1525,4,1523,1529,6,6,0,0,"1500-1559",0,"",0,93,100,72,1,436,2,NA,NA,NA,NA,NA,NA,NA,NA
2010,1,2,12,5,2010-02-12,"WN",19393,"WN","N282WN",2624,14869,1486902,34614,"SLC","Salt Lake City, UT","UT",49,"Utah",87,12889,1288902,32211,"LAS","Las Vegas, NV","NV",32,"Nevada",85,1300,1304,4,4,0,0,"1300-1359",8,1312,1310,4,1325,1314,-11,0,0,-1,"1300-1359",0,"",0,85,70,58,1,368,2,NA,NA,NA,NA,NA,NA,NA,NA
2010,1,2,11,4,2010-02-11,"OO",20304,"OO","N216SW",7804,14869,1486902,34614,"SLC","Salt Lake City, UT","UT",49,"Utah",87,15389,1538901,35389,"TWF","Twin Falls, ID","ID",16,"Idaho",83,2150,2145,-5,0,0,-1,"2100-2159",8,2153,2232,4,2252,2236,-16,0,0,-2,"2200-2259",0,"",0,62,51,39,1,175,1,NA,NA,NA,NA,NA,NA,NA,NA
2010,1,2,14,7,2010-02-14,"OO",20304,"OO","N237SW",7779,14869,1486902,34614,"SLC","Salt Lake City, UT","UT",49,"Utah",87,14794,1479401,34794,"SGU","St. George, UT","UT",49,"Utah",87,1655,1657,2,2,0,0,"1600-1659",9,1706,1801,4,1819,1805,-14,0,0,-1,"1800-1859",0,"",0,84,68,55,1,269,2,NA,NA,NA,NA,NA,NA,NA,NA
2010,1,2,11,4,2010-02-11,"OO",20304,"OO","N411SW",4778,14869,1486902,34614,"SLC","Salt Lake City, UT","UT",49,"Utah",87,14252,1425201,34252,"PSC","Pasco/Kennewick/Richland, WA","WA",53,"Washington",93,1715,1707,-8,0,0,-1,"1700-1759",17,1724,1744,5,1800,1749,-11,0,0,-1,"1800-1859",0,"",0,105,102,80,1,521,3,NA,NA,NA,NA,NA,NA,NA,NA
2010,1,2,25,4,2010-02-25,"OO",20304,"OO","N296SW",7770,14869,1486902,34614,"SLC","Salt Lake City, UT","UT",49,"Utah",87,14794,1479401,34794,"SGU","St. George, UT","UT",49,"Utah",87,729,729,0,0,0,0,"0700-0759",17,746,849,3,855,852,-3,0,0,-1,"0800-0859",0,"",0,86,83,63,1,269,2,NA,NA,NA,NA,NA,NA,NA,NA
2010,1,2,1,1,2010-02-01,"OO",20304,"OO","N427SW",4775,14869,1486902,34614,"SLC","Salt Lake City, UT","UT",49,"Utah",87,14262,1426201,34262,"PSP","Palm Springs, CA","CA",6,"California",91,2132,2126,-6,0,0,-1,"2100-2159",21,2147,2203,4,2214,2207,-7,0,0,-1,"2200-2259",0,"",0,102,101,76,1,541,3,NA,NA,NA,NA,NA,NA,NA,NA
2010,1,2,2,2,2010-02-02,"AA",19805,"AA","N497AA",578,14869,1486902,34614,"SLC","Salt Lake City, UT","UT",49,"Utah",87,11298,1129802,30194,"DFW","Dallas/Fort Worth, TX","TX",48,"Texas",74,1650,1646,-4,0,0,-1,"1600-1659",8,1654,2008,10,2025,2018,-7,0,0,-1,"2000-2059",0,"",0,155,152,134,1,988,4,NA,NA,NA,NA,NA,NA,NA,NA
2010,1,2,16,2,2010-02-16,"OO",20304,"OO","N988CA",6095,14869,1486902,34614,"SLC","Salt Lake City, UT","UT",49,"Utah",87,14771,1477101,32457,"SFO","San Francisco, CA","CA",6,"California",91,1716,1724,8,8,0,0,"1700-1759",22,1746,1830,4,1824,1834,10,10,0,0,"1800-1859",0,"",0,128,130,104,1,599,3,NA,NA,NA,NA,NA,NA,NA,NA
2010,1,2,28,7,2010-02-28,"WN",19393,"WN","N646SW",485,14869,1486902,34614,"SLC","Salt Lake City, UT","UT",49,"Utah",87,14747,1474702,30559,"SEA","Seattle, WA","WA",53,"Washington",93,1710,1712,2,2,0,0,"1700-1759",11,1723,1810,4,1825,1814,-11,0,0,-1,"1800-1859",0,"",0,135,122,107,1,689,3,NA,NA,NA,NA,NA,NA,NA,NA
2010,1,2,3,3,2010-02-03,"OO",20304,"OO","N270YV",7790,14869,1486902,34614,"SLC","Salt Lake City, UT","UT",49,"Utah",87,15041,1504101,35041,"SUN","Sun Valley/Hailey/Ketchum, ID","ID",16,"Idaho",83,1340,1338,-2,0,0,-1,"1300-1359",8,1346,1432,3,1451,1435,-16,0,0,-2,"1400-1459",0,"",0,71,57,46,1,223,1,NA,NA,NA,NA,NA,NA,NA,NA
2010,1,2,24,3,2010-02-24,"OO",20304,"OO","N453SW",4791,14869,1486902,34614,"SLC","Salt Lake City, UT","UT",49,"Utah",87,14908,1490802,32575,"SNA","Santa Ana, CA","CA",6,"California",91,1356,1352,-4,0,0,-1,"1300-1359",23,1415,1447,8,1449,1455,6,6,0,0,"1400-1459",0,"",0,113,123,92,1,588,3,NA,NA,NA,NA,NA,NA,NA,NA
2010,1,2,25,4,2010-02-25,"OO",20304,"OO","N367CA",4732,14869,1486902,34614,"SLC","Salt Lake City, UT","UT",49,"Utah",87,15370,1537001,34653,"TUL","Tulsa, OK","OK",40,"Oklahoma",73,1348,1346,-2,0,0,-1,"1300-1359",12,1358,1652,5,1711,1657,-14,0,0,-1,"1700-1759",0,"",0,143,131,114,1,926,4,NA,NA,NA,NA,NA,NA,NA,NA
2010,1,2,4,4,2010-02-04,"OO",20304,"OO","N297SW",7787,14869,1486902,34614,"SLC","Salt Lake City, UT","UT",49,"Utah",87,14113,1411301,34113,"PIH","Pocatello, ID","ID",16,"Idaho",83,2148,2142,-6,0,0,-1,"2100-2159",23,2205,2238,4,2243,2242,-1,0,0,-1,"2200-2259",0,"",0,55,60,33,1,150,1,NA,NA,NA,NA,NA,NA,NA,NA
