"Year","Quarter","Month","DayofMonth","DayOfWeek","FlightDate","UniqueCarrier","AirlineID","Carrier","TailNum","FlightNum","OriginAirportID","OriginAirportSeqID","OriginCityMarketID","Origin","OriginCityName","OriginState","OriginStateFips","OriginStateName","OriginWac","DestAirportID","DestAirportSeqID","DestCityMarketID","Dest","DestCityName","DestState","DestStateFips","DestStateName","DestWac","CRSDepTime","DepTime","DepDelay","DepDelayMinutes","DepDel15","DepartureDelayGroups","DepTimeBlk","TaxiOut","WheelsOff","WheelsOn","TaxiIn","CRSArrTime","ArrTime","ArrDelay","ArrDelayMinutes","ArrDel15","ArrivalDelayGroups","ArrTimeBlk","Cancelled","CancellationCode","Diverted","CRSElapsedTime","ActualElapsedTime","AirTime","Flights","Distance","DistanceGroup","CarrierDelay","WeatherDelay","NASDelay","SecurityDelay","LateAircraftDelay","FirstDepTime","TotalAddGTime","LongestAddGTime"
2010,1,1,6,3,2010-01-06,"OO",20304,"OO","N435SW",4793,14869,1486902,34614,"SLC","Salt Lake City, UT","UT",49,"Utah",87,14689,1468901,34689,"SBA","Santa Barbara, CA","CA",6,"California",91,2135,2128,-7,0,0,-1,"2100-2159",13,2141,2210,5,2241,2215,-26,0,0,-2,"2200-2259",0,"",0,126,107,89,1,615,3,NA,NA,NA,NA,NA,NA,NA,NA
2010,1,1,9,6,2010-01-09,"OO",20304,"OO","N340CA",4653,14869,1486902,34614,"SLC","Salt Lake City, UT","UT",49,"Utah",87,14747,1474702,30559,"SEA","Seattle, WA","WA",53,"Washington",93,1353,1351,-2,0,0,-1,"1300-1359",12,1403,1449,6,1506,1455,-11,0,0,-1,"1500-1559",0,"",0,133,124,106,1,689,3,NA,NA,NA,NA,NA,NA,NA,NA
2010,1,1,7,4,2010-01-07,"US",20355,"US","N649AW",12,14869,1486902,34614,"SLC","Salt Lake City, UT","UT",49,"Utah",87,14107,1410701,30466,"PHX","Phoenix, AZ","AZ",4,"Arizona",81,715,707,-8,0,0,-1,"0700-0759",24,731,844,6,859,850,-9,0,0,-1,"0800-0859",0,"",0,104,103,73,1,507,3,NA,NA,NA,NA,NA,NA,NA,NA
2010,1,1,26,2,2010-01-26,"OO",20304,"OO","N607SK",4715,14869,1486902,34614,"SLC","Salt Lake City, UT","UT",49,"Utah",87,14679,1467902,33570,"SAN","San Diego, CA","CA",6,"California",91,1355,1356,1,1,0,0,"1300-1359",27,1423,1457,3,1450,1500,10,10,0,0,"1400-1459",0,"",0,115,124,94,1,626,3,NA,NA,NA,NA,NA,NA,NA,NA
2010,1,1,6,3,2010-01-06,"OO",20304,"OO","N803SK",4547,14869,1486902,34614,"SLC","Salt Lake City, UT","UT",49,"Utah",87,14831,1483102,32457,"SJC","San Jose, CA","CA",6,"California",91,2130,2132,2,2,0,0,"2100-2159",15,2147,2218,6,2230,2224,-6,0,0,-1,"2200-2259",0,"",0,120,112,91,1,585,3,NA,NA,NA,NA,NA,NA,NA,NA
2010,1,1,3,7,2010-01-03,"OO",20304,"OO","N730SK",5780,14869,1486902,34614,"SLC","Salt Lake City, UT","UT",49,"Utah",87,13930,1393001,30977,"ORD","Chicago, IL","IL",17,"Illinois",41,1532,1536,4,4,0,0,"1500-1559",12,1548,1925,13,1937,1938,1,1,0,0,"1900-1959",0,"",0,185,182,157,1,1249,5,NA,NA,NA,NA,NA,NA,NA,NA
2010,1,1,26,2,2010-01-26,"OO",20304,"OO","N609SK",4682,14869,1486902,34614,"SLC","Salt Lake City, UT","UT",49,"Utah",87,12441,1244101,32441,"JAC","Jackson, WY","WY",56,"Wyoming",88,1111,1332,141,141,1,9,"1100-1159",18,1350,1440,3,1215,1443,148,148,1,9,"1200-1259",0,"",0,64,71,50,1,205,1,131,0,7,0,10,1130,37,37
2010,1,1,22,5,2010-01-22,"OO",20304,"OO","N806SK",4736,14869,1486902,34614,"SLC","Salt Lake City, UT","UT",49,"Utah",87,10693,1069301,30693,"BNA","Nashville, TN","TN",47,"Tennessee",54,1815,1818,3,3,0,0,"1800-1859",20,1838,2224,6,2246,2230,-16,0,0,-2,"2200-2259",0,"",0,211,192,166,1,1403,6,NA,NA,NA,NA,NA,NA,NA,NA
2010,1,1,21,4,2010-01-21,"DL",19790,"DL","N3737C",1746,14869,1486902,34614,"SLC","Salt Lake City, UT","UT",49,"Utah",87,11193,1119301,33105,"CVG","Cincinnati, OH","KY",21,"Kentucky",52,1710,1653,-17,0,0,-2,"1700-1759",21,1714,2156,4,2230,2200,-30,0,0,-2,"2200-2259",0,"",0,200,187,162,1,1449,6,NA,NA,NA,NA,NA,NA,NA,NA
2010,1,1,8,5,2010-01-08,"OO",20304,"OO","N804SK",4717,14869,1486902,34614,"SLC","Salt Lake City, UT","UT",49,"Utah",87,12954,1295401,32575,"LGB","Long Beach, CA","CA",6,"California",91,1116,1116,0,0,0,0,"1100-1159",15,1131,1200,3,1210,1203,-7,0,0,-1,"1200-1259",0,"",0,114,107,89,1,589,3,NA,NA,NA,NA,NA,NA,NA,NA
2010,1,1,10,7,2010-01-10,"OO",20304,"OO","N614SK",4557,14869,1486902,34614,"SLC","Salt Lake City, UT","UT",49,"Utah",87,11648,1164801,31648,"FCA","Kalispell, MT","MT",30,"Montana",84,2000,1954,-6,0,0,-1,"2000-2059",18,2012,2124,5,2135,2129,-6,0,0,-1,"2100-2159",0,"",0,95,95,72,1,532,3,NA,NA,NA,NA,NA,NA,NA,NA
2010,1,1,16,6,2010-01-16,"OO",20304,"OO","N224SW",7755,14869,1486902,34614,"SLC","Salt Lake City, UT","UT",49,"Utah",87,10918,1091801,30918,"CDC","Cedar City, UT","UT",49,"Utah",87,746,740,-6,0,0,-1,"0700-0759",29,809,858,1,901,859,-2,0,0,-1,"0900-0959",0,"",0,75,79,49,1,221,1,NA,NA,NA,NA,NA,NA,NA,NA
2010,1,1,9,6,2010-01-09,"DL",19790,"DL","N3754A",1158,14869,1486902,34614,"SLC","Salt Lake City, UT","UT",49,"Utah",87,13204,1320401,31454,"MCO","Orlando, FL","FL",12,"Florida",33,943,939,-4,0,0,-1,"0900-0959",17,956,1540,4,1605,1544,-21,0,0,-2,"1600-1659",0,"",0,262,245,224,1,1929,8,NA,NA,NA,NA,NA,NA,NA,NA
2010,1,1,17,7,2010-01-17,"US",20355,"US","N648AW",548,14869,1486902,34614,"SLC","Salt Lake City, UT","UT",49,"Utah",87,14107,1410701,30466,"PHX","Phoenix, AZ","AZ",4,"Arizona",81,1700,1658,-2,0,0,-1,"1700-1759",12,1710,1826,5,1841,1831,-10,0,0,-1,"1800-1859",0,"",0,101,93,76,1,507,3,NA,NA,NA,NA,NA,NA,NA,NA
2010,1,1,18,1,2010-01-18,"OO",20304,"OO","N408SW",4740,14869,1486902,34614,"SLC","Salt Lake City, UT","UT",49,"Utah",87,10620,1062001,30620,"BIL","Billings, MT","MT",30,"Montana",84,1400,1358,-2,0,0,-1,"1400-1459",27,1425,1523,3,1520,1526,6,6,0,0,"1500-1559",0,"",0,80,88,58,1,387,2,NA,NA,NA,NA,NA,NA,NA,NA
2010,1,1,10,7,2010-01-10,"OO",20304,"OO","N432SW",4536,14869,1486902,34614,"SLC","Salt Lake City, UT","UT",49,"Utah",87,11637,1163702,31637,"FAR","Fargo, ND","ND",38,"North Dakota",66,1708,1704,-4,0,0,-1,"1700-1759",21,1725,2029,4,2027,2033,6,6,0,0,"2000-2059",0,"",0,139,149,124,1,865,4,NA,NA,NA,NA,NA,NA,NA,NA
2010,1,1,11,1,2010-01-11,"XE",20374,"XE","N10156",3108,14869,1486902,34614,"SLC","Salt Lake City, UT","UT",49,"Utah",87,12266,1226602,31453,"IAH","Houston, TX","TX",48,"Texas",74,1420,1414,-6,0,0,-1,"1400-1459",17,1431,1816,7,1814,1823,9,9,0,0,"1800-1859",0,"",0,174,189,165,1,1195,5,NA,NA,NA,NA,NA,NA,NA,NA
2010,1,1,17,7,2010-01-17,"DL",19790,"DL","N373DA",1158,14869,1486902,34614,"SLC","Salt Lake City, UT","UT",49,"Utah",87,13204,1320401,31454,"MCO","Orlando, FL","FL",12,"Florida",33,1000,1004,4,4,0,0,"1000-1059",22,1026,1612,6,1622,1618,-4,0,0,-1,"1600-1659",0,"",0,262,254,226,1,1929,8,NA,NA,NA,NA,NA,NA,NA,NA
2010,1,1,1,5,2010-01-01,"DL",19790,"DL","N902DA",1650,14869,1486902,34614,"SLC","Salt Lake City, UT","UT",49,"Utah",87,11433,1143301,31295,"DTW","Detroit, MI","MI",26,"Michigan",43,1645,1652,7,7,0,0,"1600-1659",15,1707,2207,14,2232,2221,-11,0,0,-1,"2200-2259",0,"",0,227,209,180,1,1481,6,NA,NA,NA,NA,NA,NA,NA,NA
2010,1,1,4,1,2010-01-04,"DL",19790,"DL","N3756",160,14869,1486902,34614,"SLC","Salt Lake City, UT","UT",49,"Utah",87,12478,1247801,31703,"JFK","New York, NY","NY",36,"New York",22,1000,958,-2,0,0,-1,"1000-1059",25,1023,1633,10,1659,1643,-16,0,0,-2,"1600-1659",0,"",0,299,285,250,1,1989,8,NA,NA,NA,NA,NA,NA,NA,NA
2010,1,1,3,7,2010-01-03,"OO",20304,"OO","N468CA",6612,14869,1486902,34614,"SLC","Salt Lake City, UT","UT",49,"Utah",87,11292,1129202,30325,"DEN","Denver, CO","CO",8,"Colorado",82,600,618,18,18,1,1,"0600-0659",19,637,732,8,729,740,11,11,0,0,"0700-0759",0,"",0,89,82,55,1,390,2,NA,NA,NA,NA,NA,NA,NA,NA
2010,1,1,31,7,2010-01-31,"OO",20304,"OO","N427SW",4568,14869,1486902,34614,"SLC","Salt Lake City, UT","UT",49,"Utah",87,12003,1200301,31895,"GTF","Great Falls, MT","MT",30,"Montana",84,1520,1515,-5,0,0,-1,"1500-1559",27,1542,1652,4,1655,1656,1,1,0,0,"1600-1659",0,"",0,95,101,70,1,463,2,NA,NA,NA,NA,NA,NA,NA,NA
2010,1,1,30,6,2010-01-30,"OO",20304,"OO","N429SW",4560,14869,1486902,34614,"SLC","Salt Lake City, UT","UT",49,"Utah",87,11921,1192101,31921,"GJT","Grand Junction, CO","CO",8,"Colorado",82,1125,1117,-8,0,0,-1,"1100-1159",20,1137,1220,5,1234,1225,-9,0,0,-1,"1200-1259",0,"",0,69,68,43,1,217,1,NA,NA,NA,NA,NA,NA,NA,NA
2010,1,1,17,7,2010-01-17,"OO",20304,"OO","N607SK",4790,14869,1486902,34614,"SLC","Salt Lake City, UT","UT",49,"Utah",87,15370,1537001,34653,"TUL","Tulsa, OK","OK",40,"Oklahoma",73,1345,1416,31,31,1,2,"1300-1359",15,1431,1726,4,1708,1730,22,22,1,1,"1700-1759",0,"",0,143,134,115,1,926,4,22,0,0,0,0,NA,NA,NA
2010,1,1,3,7,2010-01-03,"OO",20304,"OO","N814SK",4720,14869,1486902,34614,"SLC","Salt Lake City, UT","UT",49,"Utah",87,12339,1233903,32337,"IND","Indianapolis, IN","IN",18,"Indiana",42,1710,1706,-4,0,0,-1,"1700-1759",17,1723,2213,6,2230,2219,-11,0,0,-1,"2200-2259",0,"",0,200,193,170,1,1355,6,NA,NA,NA,NA,NA,NA,NA,NA
2010,1,1,7,4,2010-01-07,"OO",20304,"OO","N817SK",4736,14869,1486902,34614,"SLC","Salt Lake City, UT","UT",49,"Utah",87,10693,1069301,30693,"BNA","Nashville, TN","TN",47,"Tennessee",54,1815,1810,-5,0,0,-1,"1800-1859",13,1823,2203,9,2246,2212,-34,0,0,-2,"2200-2259",0,"",0,211,182,160,1,1403,6,NA,NA,NA,NA,NA,NA,NA,NA
2010,1,1,30,6,2010-01-30,"DL",19790,"DL","N912DN",1225,14869,1486902,34614,"SLC","Salt Lake City, UT","UT",49,"Utah",87,14908,1490802,32575,"SNA","Santa Ana, CA","CA",6,"California",91,1507,1503,-4,0,0,-1,"1500-1559",17,1520,1551,7,1609,1558,-11,0,0,-1,"1600-1659",0,"",0,122,115,91,1,588,3,NA,NA,NA,NA,NA,NA,NA,NA
2010,1,1,26,2,2010-01-26,"OO",20304,"OO","N604SK",4633,14869,1486902,34614,"SLC","Salt Lake City, UT","UT",49,"Utah",87,12892,1289201,32575,"LAX","Los Angeles, CA","CA",6,"California",91,1356,1354,-2,0,0,-1,"1300-1359",20,1414,1456,7,1450,1503,13,13,0,0,"1400-1459",0,"",0,114,129,102,1,590,3,NA,NA,NA,NA,NA,NA,NA,NA
2010,1,1,16,6,2010-01-16,"OO",20304,"OO","N464SW",4710,14869,1486902,34614,"SLC","Salt Lake City, UT","UT",49,"Utah",87,13502,1350201,33502,"MTJ","Montrose/Delta, CO","CO",8,"Colorado",82,1120,1117,-3,0,0,-1,"1100-1159",23,1140,1225,3,1233,1228,-5,0,0,-1,"1200-1259",0,"",0,73,71,45,1,268,2,NA,NA,NA,NA,NA,NA,NA,NA
2010,1,1,2,6,2010-01-02,"DL",19790,"DL","N3730B",1260,14869,1486902,34614,"SLC","Salt Lake City, UT","UT",49,"Utah",87,11618,1161801,31703,"EWR","Newark, NJ","NJ",34,"New Jersey",21,950,1053,63,63,1,4,"0900-0959",33,1126,1715,11,1628,1726,58,58,1,3,"1600-1659",0,"",0,278,273,229,1,1968,8,0,0,43,0,15,NA,NA,NA
2010,1,1,27,3,2010-01-27,"OO",20304,"OO","N367CA",4567,14869,1486902,34614,"SLC","Salt Lake City, UT","UT",49,"Utah",87,14679,1467902,33570,"SAN","San Diego, CA","CA",6,"California",91,1945,1945,0,0,0,0,"1900-1959",29,2014,2032,8,2040,2040,0,0,0,0,"2000-2059",0,"",0,115,115,78,1,626,3,NA,NA,NA,NA,NA,NA,NA,NA
2010,1,1,30,6,2010-01-30,"DL",19790,"DL","N903DA",1261,14869,1486902,34614,"SLC","Salt Lake City, UT","UT",49,"Utah",87,14747,1474702,30559,"SEA","Seattle, WA","WA",53,"Washington",93,1105,1104,-1,0,0,-1,"1100-1159",16,1120,1151,7,1232,1158,-34,0,0,-2,"1200-1259",0,"",0,147,114,91,1,689,3,NA,NA,NA,NA,NA,NA,NA,NA
2010,1,1,17,7,2010-01-17,"DL",19790,"DL","N6716C",1110,14869,1486902,34614,"SLC","Salt Lake City, UT","UT",49,"Utah",87,10299,1029902,30299,"ANC","Anchorage, AK","AK",2,"Alaska",1,2112,2109,-3,0,0,-1,"2100-2159",23,2132,2346,5,25,2351,-34,0,0,-2,"0001-0559",0,"",0,313,282,254,1,2125,9,NA,NA,NA,NA,NA,NA,NA,NA
2010,1,1,13,3,2010-01-13,"OO",20304,"OO","N738SK",6465,14869,1486902,34614,"SLC","Salt Lake City, UT","UT",49,"Utah",87,12892,1289201,32575,"LAX","Los Angeles, CA","CA",6,"California",91,600,558,-2,0,0,-1,"0600-0659",28,626,659,10,655,709,14,14,0,0,"0600-0659",0,"",0,115,131,93,1,590,3,NA,NA,NA,NA,NA,NA,NA,NA
2010,1,1,14,4,2010-01-14,"OO",20304,"OO","N459SW",4726,14869,1486902,34614,"SLC","Salt Lake City, UT","UT",49,"Utah",87,13264,1326402,33264,"MFR","Medford, OR","OR",41,"Oregon",92,2138,6,148,148,1,9,"2100-2159",23,29,100,3,2238,103,145,145,1,9,"2200-2259",0,"",0,120,117,91,1,575,3,145,0,0,0,0,2132,44,44
2010,1,1,22,5,2010-01-22,"OO",20304,"OO","N368CA",4708,14869,1486902,34614,"SLC","Salt Lake City, UT","UT",49,"Utah",87,10713,1071301,30713,"BOI","Boise, ID","ID",16,"Idaho",83,2145,2145,0,0,0,0,"2100-2159",24,2209,2252,6,2258,2258,0,0,0,0,"2200-2259",0,"",0,73,73,43,1,291,2,NA,NA,NA,NA,NA,NA,NA,NA
2010,1,1,4,1,2010-01-04,"DL",19790,"DL","N669DN",1837,14869,1486902,34614,"SLC","Salt Lake City, UT","UT",49,"Utah",87,14679,1467902,33570,"SAN","San Diego, CA","CA",6,"California",91,1120,1141,21,21,1,1,"1100-1159",14,1155,1223,3,1219,1226,7,7,0,0,"1200-1259",0,"",0,119,105,88,1,626,3,NA,NA,NA,NA,NA,NA,NA,NA
2010,1,1,5,2,2010-01-05,"OO",20304,"OO","N988CA",4454,14869,1486902,34614,"SLC","Salt Lake City, UT","UT",49,"Utah",87,10713,1071301,30713,"BOI","Boise, ID","ID",16,"Idaho",83,1513,1511,-2,0,0,-1,"1500-1559",24,1535,1628,5,1623,1633,10,10,0,0,"1600-1659",0,"",0,70,82,53,1,291,2,NA,NA,NA,NA,NA,NA,NA,NA
2010,1,1,6,3,2010-01-06,"OO",20304,"OO","N862AS",4543,14869,1486902,34614,"SLC","Salt Lake City, UT","UT",49,"Utah",87,12280,1228001,32280,"IDA","Idaho Falls, ID","ID",16,"Idaho",83,1128,1120,-8,0,0,-1,"1100-1159",17,1137,1210,3,1230,1213,-17,0,0,-2,"1200-1259",0,"",0,62,53,33,1,188,1,NA,NA,NA,NA,NA,NA,NA,NA
2010,1,1,13,3,2010-01-13,"OO",20304,"OO","N915EV",4665,14869,1486902,34614,"SLC","Salt Lake City, UT","UT",49,"Utah",87,11638,1163802,31638,"FAT","Fresno, CA","CA",6,"California",91,2133,2127,-6,0,0,-1,"2100-2159",22,2149,2159,5,2211,2204,-7,0,0,-1,"2200-2259",0,"",0,98,97,70,1,501,3,NA,NA,NA,NA,NA,NA,NA,NA
2010,1,1,3,7,2010-01-03,"WN",19393,"WN","N210WN",1625,14869,1486902,34614,"SLC","Salt Lake City, UT","UT",49,"Utah",87,12889,1288902,32211,"LAS","Las Vegas, NV","NV",32,"Nevada",85,1440,1448,8,8,0,0,"1400-1459",7,1455,1451,6,1505,1457,-8,0,0,-1,"1500-1559",0,"",0,85,69,56,1,368,2,NA,NA,NA,NA,NA,NA,NA,NA
2010,1,1,10,7,2010-01-10,"DL",19790,"DL","N3737C",1185,14869,1486902,34614,"SLC","Salt Lake City, UT","UT",49,"Utah",87,12892,1289201,32575,"LAX","Los Angeles, CA","CA",6,"California",91,2145,2138,-7,0,0,-1,"2100-2159",31,2209,2229,10,2249,2239,-10,0,0,-1,"2200-2259",0,"",0,124,121,80,1,590,3,NA,NA,NA,NA,NA,NA,NA,NA
2010,1,1,24,7,2010-01-24,"DL",19790,"DL","N912DN",1235,14869,1486902,34614,"SLC","Salt Lake City, UT","UT",49,"Utah",87,14107,1410701,30466,"PHX","Phoenix, AZ","AZ",4,"Arizona",81,1950,1943,-7,0,0,-1,"1900-1959",19,2002,2113,4,2136,2117,-19,0,0,-2,"2100-2159",0,"",0,106,94,71,1,507,3,NA,NA,NA,NA,NA,NA,NA,NA
2010,1,1,5,2,2010-01-05,"DL",19790,"DL","N613DL",2049,14869,1486902,34614,"SLC","Salt Lake City, UT","UT",49,"Utah",87,10397,1039703,30397,"ATL","Atlanta, GA","GA",13,"Georgia",34,1340,1342,2,2,0,0,"1300-1359",14,1356,1856,7,1922,1903,-19,0,0,-2,"1900-1959",0,"",0,222,201,180,1,1589,7,NA,NA,NA,NA,NA,NA,NA,NA
2010,1,1,28,4,2010-01-28,"OO",20304,"OO","N581SW",7798,14869,1486902,34614,"SLC","Salt Lake City, UT","UT",49,"Utah",87,11097,1109701,31097,"COD","Cody, WY","WY",56,"Wyoming",88,2135,2131,-4,0,0,-1,"2100-2159",18,2149,2304,3,2304,2307,3,3,0,0,"2300-2359",0,"",0,89,96,75,1,298,2,NA,NA,NA,NA,NA,NA,NA,NA
2010,1,1,6,3,2010-01-06,"US",20355,"US","N673AW",12,14869,1486902,34614,"SLC","Salt Lake City, UT","UT",49,"Utah",87,14107,1410701,30466,"PHX","Phoenix, AZ","AZ",4,"Arizona",81,715,709,-6,0,0,-1,"0700-0759",11,720,829,15,859,844,-15,0,0,-1,"0800-0859",0,"",0,104,95,69,1,507,3,NA,NA,NA,NA,NA,NA,NA,NA
2010,1,1,17,7,2010-01-17,"OO",20304,"OO","N432SW",4663,14869,1486902,34614,"SLC","Salt Lake City, UT","UT",49,"Utah",87,11638,1163802,31638,"FAT","Fresno, CA","CA",6,"California",91,1123,1121,-2,0,0,-1,"1100-1159",21,1142,1200,4,1207,1204,-3,0,0,-1,"1200-1259",0,"",0,104,103,78,1,501,3,NA,NA,NA,NA,NA,NA,NA,NA
2010,1,1,2,6,2010-01-02,"OO",20304,"OO","N816SK",4700,14869,1486902,34614,"SLC","Salt Lake City, UT","UT",49,"Utah",87,14057,1405701,34057,"PDX","Portland, OR","OR",41,"Oregon",92,1518,1550,32,32,1,2,"1500-1559",13,1603,1641,4,1617,1645,28,28,1,1,"1600-1659",0,"",0,119,115,98,1,630,3,0,0,0,0,28,NA,NA,NA
2010,1,1,11,1,2010-01-11,"OO",20304,"OO","N607SK",4790,14869,1486902,34614,"SLC","Salt Lake City, UT","UT",49,"Utah",87,15370,1537001,34653,"TUL","Tulsa, OK","OK",40,"Oklahoma",73,1345,1343,-2,0,0,-1,"1300-1359",19,1402,1713,5,1708,1718,10,10,0,0,"1700-1759",0,"",0,143,155,131,1,926,4,NA,NA,NA,NA,NA,NA,NA,NA
2010,1,1,1,5,2010-01-01,"US",20355,"US","N837EX",451,14869,1486902,34614,"SLC","Salt Lake City, UT","UT",49,"Utah",87,14107,1410701,30466,"PHX","Phoenix, AZ","AZ",4,"Arizona",81,1025,1025,0,0,0,0,"1000-1059",14,1039,1148,2,1202,1150,-12,0,0,-1,"1200-1259",0,"",0,97,85,69,1,507,3,NA,NA,NA,NA,NA,NA,NA,NA
2010,1,1,8,5,2010-01-08,"OO",20304,"OO","N815SK",4701,14869,1486902,34614,"SLC","Salt Lake City, UT","UT",49,"Utah",87,12892,1289201,32575,"LAX","Los Angeles, CA","CA",6,"California",91,946,1009,23,23,1,1,"0900-0959",24,1033,1057,7,1050,1104,14,14,0,0,"1000-1059",0,"",0,124,115,84,1,590,3,NA,NA,NA,NA,NA,NA,NA,NA
2010,1,1,16,6,2010-01-16,"OO",20304,"OO","N820SK",4661,14869,1486902,34614,"SLC","Salt Lake City, UT","UT",49,"Utah",87,14771,1477101,32457,"SFO","San Francisco, CA","CA",6,"California",91,2029,2025,-4,0,0,-1,"2000-2059",31,2056,2139,3,2137,2142,5,5,0,0,"2100-2159",0,"",0,128,137,103,1,599,3,NA,NA,NA,NA,NA,NA,NA,NA
2010,1,1,15,5,2010-01-15,"WN",19393,"WN","N755SA",1509,14869,1486902,34614,"SLC","Salt Lake City, UT","UT",49,"Utah",87,12889,1288902,32211,"LAS","Las Vegas, NV","NV",32,"Nevada",85,635,646,11,11,0,0,"0600-0659",32,718,715,3,705,718,13,13,0,0,"0700-0759",0,"",0,90,92,57,1,368,2,NA,NA,NA,NA,NA,NA,NA,NA
2010,1,1,27,3,2010-01-27,"OO",20304,"OO","N812SK",4617,14869,1486902,34614,"SLC","Salt Lake City, UT","UT",49,"Utah",87,12892,1289201,32575,"LAX","Los Angeles, CA","CA",6,"California",91,1356,1355,-1,0,0,-1,"1300-1359",18,1413,1437,8,1456,1445,-11,0,0,-1,"1400-1459",0,"",0,120,110,84,1,590,3,NA,NA,NA,NA,NA,NA,NA,NA
2010,1,1,5,2,2010-01-05,"DL",19790,"DL","N903DA",1226,14869,1486902,34614,"SLC","Salt Lake City, UT","UT",49,"Utah",87,10713,1071301,30713,"BOI","Boise, ID","ID",16,"Idaho",83,2046,2042,-4,0,0,-1,"2000-2059",17,2059,2151,5,2206,2156,-10,0,0,-1,"2200-2259",0,"",0,80,74,52,1,291,2,NA,NA,NA,NA,NA,NA,NA,NA
2010,1,1,17,7,2010-01-17,"WN",19393,"WN","N669SW",1072,14869,1486902,34614,"SLC","Salt Lake City, UT","UT",49,"Utah",87,12892,1289201,32575,"LAX","Los Angeles, CA","CA",6,"California",91,750,750,0,0,0,0,"0700-0759",20,810,837,7,900,844,-16,0,0,-2,"0900-0959",0,"",0,130,114,87,1,590,3,NA,NA,NA,NA,NA,NA,NA,NA
2010,1,1,12,2,2010-01-12,"OO",20304,"OO","N913EV",4596,14869,1486902,34614,"SLC","Salt Lake City, UT","UT",49,"Utah",87,12280,1228001,32280,"IDA","Idaho Falls, ID","ID",16,"Idaho",83,2043,2034,-9,0,0,-1,"2000-2059",27,2101,2131,3,2145,2134,-11,0,0,-1,"2100-2159",0,"",0,62,60,30,1,188,1,NA,NA,NA,NA,NA,NA,NA,NA
2010,1,1,17,7,2010-01-17,"UA",19977,"UA","N422UA",416,14869,1486902,34614,"SLC","Salt Lake City, UT","UT",49,"Utah",87,11292,1129202,30325,"DEN","Denver, CO","CO",8,"Colorado",82,1628,1725,57,57,1,3,"1600-1659",22,1747,1842,4,1755,1846,51,51,1,3,"1700-1759",0,"",0,87,81,55,1,390,2,0,0,0,0,51,NA,NA,NA
2010,1,1,11,1,2010-01-11,"OO",20304,"OO","N308SW",7776,14869,1486902,34614,"SLC","Salt Lake City, UT","UT",49,"Utah",87,14543,1454301,34543,"RKS","Rock Springs, WY","WY",56,"Wyoming",88,1350,1342,-8,0,0,-1,"1300-1359",17,1359,1434,2,1449,1436,-13,0,0,-1,"1400-1459",0,"",0,59,54,35,1,161,1,NA,NA,NA,NA,NA,NA,NA,NA
2010,1,1,7,4,2010-01-07,"OO",20304,"OO","N423SW",4444,14869,1486902,34614,"SLC","Salt Lake City, UT","UT",49,"Utah",87,14457,1445701,34457,"RAP","Rapid City, SD","SD",46,"South Dakota",67,1440,1430,-10,0,0,-1,"1400-1459",20,1450,1606,4,1614,1610,-4,0,0,-1,"1600-1659",0,"",0,94,100,76,1,508,3,NA,NA,NA,NA,NA,NA,NA,NA
2010,1,1,21,4,2010-01-21,"OO",20304,"OO","N454SW",4794,14869,1486902,34614,"SLC","Salt Lake City, UT","UT",49,"Utah",87,11648,1164801,31648,"FCA","Kalispell, MT","MT",30,"Montana",84,1008,1003,-5,0,0,-1,"1000-1059",30,1033,1149,4,1202,1153,-9,0,0,-1,"1200-1259",0,"",0,114,110,76,1,532,3,NA,NA,NA,NA,NA,NA,NA,NA
2010,1,1,27,3,2010-01-27,"OO",20304,"OO","N237SW",7761,14869,1486902,34614,"SLC","Salt Lake City, UT","UT",49,"Utah",87,11525,1152501,31525,"EKO","Elko, NV","NV",32,"Nevada",85,1645,1646,1,1,0,0,"1600-1659",18,1704,1650,6,1654,1656,2,2,0,0,"1600-1659",0,"",0,69,70,46,1,200,1,NA,NA,NA,NA,NA,NA,NA,NA
2010,1,1,9,6,2010-01-09,"OO",20304,"OO","N561SW",7803,14869,1486902,34614,"SLC","Salt Lake City, UT","UT",49,"Utah",87,15389,1538901,35389,"TWF","Twin Falls, ID","ID",16,"Idaho",83,1655,1652,-3,0,0,-1,"1600-1659",22,1714,1756,4,1759,1800,1,1,0,0,"1700-1759",0,"",0,64,68,42,1,175,1,NA,NA,NA,NA,NA,NA,NA,NA
2010,1,1,19,2,2010-01-19,"OO",20304,"OO","N863AS",4618,14869,1486902,34614,"SLC","Salt Lake City, UT","UT",49,"Utah",87,13486,1348601,33486,"MSO","Missoula, MT","MT",30,"Montana",84,1707,1702,-5,0,0,-1,"1700-1759",27,1729,1836,5,1840,1841,1,1,0,0,"1800-1859",0,"",0,93,99,67,1,436,2,NA,NA,NA,NA,NA,NA,NA,NA
2010,1,1,31,7,2010-01-31,"OO",20304,"OO","N418SW",4597,14869,1486902,34614,"SLC","Salt Lake City, UT","UT",49,"Utah",87,13891,1389101,32575,"ONT","Ontario, CA","CA",6,"California",91,1510,1505,-5,0,0,-1,"1500-1559",21,1526,1550,4,1559,1554,-5,0,0,-1,"1500-1559",0,"",0,109,109,84,1,558,3,NA,NA,NA,NA,NA,NA,NA,NA
2010,1,1,13,3,2010-01-13,"DL",19790,"DL","N915DN",1133,14869,1486902,34614,"SLC","Salt Lake City, UT","UT",49,"Utah",87,14679,1467902,33570,"SAN","San Diego, CA","CA",6,"California",91,1120,1114,-6,0,0,-1,"1100-1159",35,1149,1220,4,1220,1224,4,4,0,0,"1200-1259",0,"",0,120,130,91,1,626,3,NA,NA,NA,NA,NA,NA,NA,NA
2010,1,1,15,5,2010-01-15,"OO",20304,"OO","N457SW",4528,14869,1486902,34614,"SLC","Salt Lake City, UT","UT",49,"Utah",87,13127,1312701,33127,"LWS","Lewiston, ID","ID",16,"Idaho",83,2148,2143,-5,0,0,-1,"2100-2159",30,2213,2216,4,2227,2220,-7,0,0,-1,"2200-2259",0,"",0,99,97,63,1,461,2,NA,NA,NA,NA,NA,NA,NA,NA
2010,1,1,10,7,2010-01-10,"DL",19790,"DL","N387DA",1746,14869,1486902,34614,"SLC","Salt Lake City, UT","UT",49,"Utah",87,11193,1119301,33105,"CVG","Cincinnati, OH","KY",21,"Kentucky",52,1710,1701,-9,0,0,-1,"1700-1759",30,1731,2221,7,2230,2228,-2,0,0,-1,"2200-2259",0,"",0,200,207,170,1,1449,6,NA,NA,NA,NA,NA,NA,NA,NA
2010,1,1,13,3,2010-01-13,"OO",20304,"OO","N454SW",4723,14869,1486902,34614,"SLC","Salt Lake City, UT","UT",49,"Utah",87,12954,1295401,32575,"LGB","Long Beach, CA","CA",6,"California",91,1505,1457,-8,0,0,-1,"1500-1559",12,1509,1541,3,1603,1544,-19,0,0,-2,"1600-1659",0,"",0,118,107,92,1,589,3,NA,NA,NA,NA,NA,NA,NA,NA
2010,1,1,14,4,2010-01-14,"OO",20304,"OO","N411SW",4647,14869,1486902,34614,"SLC","Salt Lake City, UT","UT",49,"Utah",87,10800,1080002,32575,"BUR","Burbank, CA","CA",6,"California",91,1121,1121,0,0,0,0,"1100-1159",30,1151,1214,3,1225,1217,-8,0,0,-1,"1200-1259",0,"",0,124,116,83,1,574,3,NA,NA,NA,NA,NA,NA,NA,NA
2010,1,1,4,1,2010-01-04,"OO",20304,"OO","N299SW",7802,14869,1486902,34614,"SLC","Salt Lake City, UT","UT",49,"Utah",87,15389,1538901,35389,"TWF","Twin Falls, ID","ID",16,"Idaho",83,1130,1122,-8,0,0,-1,"1100-1159",11,1133,1212,3,1234,1215,-19,0,0,-2,"1200-1259",0,"",0,64,53,39,1,175,1,NA,NA,NA,NA,NA,NA,NA,NA
2010,1,1,22,5,2010-01-22,"OO",20304,"OO","N909SW",6595,14869,1486902,34614,"SLC","Salt Lake City, UT","UT",49,"Utah",87,11292,1129202,30325,"DEN","Denver, CO","CO",8,"Colorado",82,854,853,-1,0,0,-1,"0800-0859",27,920,1023,12,1029,1035,6,6,0,0,"1000-1059",0,"",0,95,102,63,1,390,2,NA,NA,NA,NA,NA,NA,NA,NA
2010,1,1,5,2,2010-01-05,"OO",20304,"OO","N271YV",7764,14869,1486902,34614,"SLC","Salt Lake City, UT","UT",49,"Utah",87,14113,1411301,34113,"PIH","Pocatello, ID","ID",16,"Idaho",83,807,802,-5,0,0,-1,"0800-0859",25,827,911,6,914,917,3,3,0,0,"0900-0959",0,"",0,67,75,44,1,150,1,NA,NA,NA,NA,NA,NA,NA,NA
2010,1,1,30,6,2010-01-30,"OO",20304,"OO","N807SK",4745,14869,1486902,34614,"SLC","Salt Lake City, UT","UT",49,"Utah",87,14771,1477101,32457,"SFO","San Francisco, CA","CA",6,"California",91,1110,1109,-1,0,0,-1,"1100-1159",21,1130,1203,8,1228,1211,-17,0,0,-2,"1200-1259",0,"",0,138,122,93,1,599,3,NA,NA,NA,NA,NA,NA,NA,NA
2010,1,1,11,1,2010-01-11,"OO",20304,"OO","N951SW",4770,14869,1486902,34614,"SLC","Salt Lake City, UT","UT",49,"Utah",87,11122,1112201,31122,"CPR","Casper, WY","WY",56,"Wyoming",88,2143,2139,-4,0,0,-1,"2100-2159",29,2208,2255,3,2257,2258,1,1,0,0,"2200-2259",0,"",0,74,79,47,1,320,2,NA,NA,NA,NA,NA,NA,NA,NA
2010,1,1,31,7,2010-01-31,"DL",19790,"DL","N3741S",1124,14869,1486902,34614,"SLC","Salt Lake City, UT","UT",49,"Utah",87,12264,1226401,30852,"IAD","Washington, DC","VA",51,"Virginia",38,1705,1701,-4,0,0,-1,"1700-1759",19,1720,2245,6,2255,2251,-4,0,0,-1,"2200-2259",0,"",0,230,230,205,1,1827,8,NA,NA,NA,NA,NA,NA,NA,NA
2010,1,1,13,3,2010-01-13,"OO",20304,"OO","N224SW",7811,14869,1486902,34614,"SLC","Salt Lake City, UT","UT",49,"Utah",87,11865,1186501,31865,"GCC","Gillette, WY","WY",56,"Wyoming",88,1120,1120,0,0,0,0,"1100-1159",17,1137,1257,3,1312,1300,-12,0,0,-1,"1300-1359",0,"",0,112,100,80,1,410,2,NA,NA,NA,NA,NA,NA,NA,NA
2010,1,1,14,4,2010-01-14,"OO",20304,"OO","N724SK",6095,14869,1486902,34614,"SLC","Salt Lake City, UT","UT",49,"Utah",87,14771,1477101,32457,"SFO","San Francisco, CA","CA",6,"California",91,1738,1728,-10,0,0,-1,"1700-1759",41,1809,1853,4,1845,1857,12,12,0,0,"1800-1859",0,"",0,127,149,104,1,599,3,NA,NA,NA,NA,NA,NA,NA,NA
2010,1,1,13,3,2010-01-13,"OO",20304,"OO","N368CA",4692,14869,1486902,34614,"SLC","Salt Lake City, UT","UT",49,"Utah",87,14679,1467902,33570,"SAN","San Diego, CA","CA",6,"California",91,838,834,-4,0,0,-1,"0800-0859",37,911,941,4,933,945,12,12,0,0,"0900-0959",0,"",0,115,131,90,1,626,3,NA,NA,NA,NA,NA,NA,NA,NA
2010,1,1,29,5,2010-01-29,"OO",20304,"OO","N492SW",4513,14869,1486902,34614,"SLC","Salt Lake City, UT","UT",49,"Utah",87,12280,1228001,32280,"IDA","Idaho Falls, ID","ID",16,"Idaho",83,1350,1347,-3,0,0,-1,"1300-1359",28,1415,1447,3,1452,1450,-2,0,0,-1,"1400-1459",0,"",0,62,63,32,1,188,1,NA,NA,NA,NA,NA,NA,NA,NA
2010,1,1,8,5,2010-01-08,"UA",19977,"UA","N422UA",416,14869,1486902,34614,"SLC","Salt Lake City, UT","UT",49,"Utah",87,11292,1129202,30325,"DEN","Denver, CO","CO",8,"Colorado",82,1630,1712,42,42,1,2,"1600-1659",16,1728,1829,5,1754,1834,40,40,1,2,"1700-1759",0,"",0,84,82,61,1,390,2,0,0,0,0,40,NA,NA,NA
2010,1,1,22,5,2010-01-22,"DL",19790,"DL","N901DA",1225,14869,1486902,34614,"SLC","Salt Lake City, UT","UT",49,"Utah",87,14908,1490802,32575,"SNA","Santa Ana, CA","CA",6,"California",91,1357,1350,-7,0,0,-1,"1300-1359",18,1408,1438,7,1458,1445,-13,0,0,-1,"1400-1459",0,"",0,121,115,90,1,588,3,NA,NA,NA,NA,NA,NA,NA,NA
2010,1,1,11,1,2010-01-11,"WN",19393,"WN","N436WN",2031,14869,1486902,34614,"SLC","Salt Lake City, UT","UT",49,"Utah",87,13796,1379601,32457,"OAK","Oakland, CA","CA",6,"California",91,1855,1854,-1,0,0,-1,"1800-1859",9,1903,1931,5,2000,1936,-24,0,0,-2,"2000-2059",0,"",0,125,102,88,1,589,3,NA,NA,NA,NA,NA,NA,NA,NA
2010,1,1,7,4,2010-01-07,"AA",19805,"AA","N528AA",1488,14869,1486902,34614,"SLC","Salt Lake City, UT","UT",49,"Utah",87,11298,1129802,30194,"DFW","Dallas/Fort Worth, TX","TX",48,"Texas",74,820,816,-4,0,0,-1,"0800-0859",22,838,1137,11,1205,1148,-17,0,0,-2,"1200-1259",0,"",0,165,152,119,1,988,4,NA,NA,NA,NA,NA,NA,NA,NA
2010,1,1,16,6,2010-01-16,"OO",20304,"OO","N224SW",7792,14869,1486902,34614,"SLC","Salt Lake City, UT","UT",49,"Utah",87,15041,1504101,35041,"SUN","Sun Valley/Hailey/Ketchum, ID","ID",16,"Idaho",83,1515,1518,3,3,0,0,"1500-1559",17,1535,1625,4,1626,1629,3,3,0,0,"1600-1659",0,"",0,71,71,50,1,223,1,NA,NA,NA,NA,NA,NA,NA,NA
2010,1,1,7,4,2010-01-07,"DL",19790,"DL","N180DN",94,14869,1486902,34614,"SLC","Salt Lake City, UT","UT",49,"Utah",87,12478,1247801,31703,"JFK","New York, NY","NY",36,"New York",22,835,844,9,9,0,0,"0800-0859",27,911,1454,11,1518,1505,-13,0,0,-1,"1500-1559",0,"",0,283,261,223,1,1989,8,NA,NA,NA,NA,NA,NA,NA,NA
2010,1,1,9,6,2010-01-09,"DL",19790,"DL","N3754A",1158,14869,1486902,34614,"SLC","Salt Lake City, UT","UT",49,"Utah",87,13204,1320401,31454,"MCO","Orlando, FL","FL",12,"Florida",33,943,939,-4,0,0,-1,"0900-0959",17,956,1540,4,1605,1544,-21,0,0,-2,"1600-1659",0,"",0,262,245,224,1,1929,8,NA,NA,NA,NA,NA,NA,NA,NA
2010,1,1,9,6,2010-01-09,"DL",19790,"DL","N3739P",1222,14869,1486902,34614,"SLC","Salt Lake City, UT","UT",49,"Utah",87,10397,1039703,30397,"ATL","Atlanta, GA","GA",13,"Georgia",34,1700,1657,-3,0,0,-1,"1700-1759",20,1717,2226,5,2235,2231,-4,0,0,-1,"2200-2259",0,"",0,215,214,189,1,1589,7,NA,NA,NA,NA,NA,NA,NA,NA
2010,1,1,17,7,2010-01-17,"OO",20304,"OO","N445SW",4764,14869,1486902,34614,"SLC","Salt Lake City, UT","UT",49,"Utah",87,11109,1110901,30189,"COS","Colorado Springs, CO","CO",8,"Colorado",82,1953,1944,-9,0,0,-1,"1900-1959",26,2010,2113,4,2128,2117,-11,0,0,-1,"2100-2159",0,"",0,95,93,63,1,410,2,NA,NA,NA,NA,NA,NA,NA,NA
2010,1,1,7,4,2010-01-07,"OO",20304,"OO","N806SK",4676,14869,1486902,34614,"SLC","Salt Lake City, UT","UT",49,"Utah",87,13930,1393001,30977,"ORD","Chicago, IL","IL",17,"Illinois",41,1045,1129,44,44,1,2,"1000-1059",20,1149,1540,17,1455,1557,62,62,1,4,"1400-1459",0,"",0,190,208,171,1,1249,5,44,0,18,0,0,NA,NA,NA
2010,1,1,2,6,2010-01-02,"WN",19393,"WN","N336SW",2327,14869,1486902,34614,"SLC","Salt Lake City, UT","UT",49,"Utah",87,11884,1188401,31884,"GEG","Spokane, WA","WA",53,"Washington",93,1150,1410,140,140,1,9,"1100-1159",15,1425,1456,3,1235,1459,144,144,1,9,"1200-1259",0,"",0,105,109,91,1,546,3,0,0,4,0,140,NA,NA,NA
2010,1,1,22,5,2010-01-22,"DL",19790,"DL","N144DA",1105,14869,1486902,34614,"SLC","Salt Lake City, UT","UT",49,"Utah",87,12173,1217301,32134,"HNL","Honolulu, HI","HI",15,"Hawaii",2,1140,1133,-7,0,0,-1,"1100-1159",32,1205,1549,12,1529,1601,32,32,1,2,"1500-1559",0,"",0,409,448,404,1,2994,11,0,0,32,0,0,NA,NA,NA
2010,1,1,28,4,2010-01-28,"DL",19790,"DL","N357NB",2542,14869,1486902,34614,"SLC","Salt Lake City, UT","UT",49,"Utah",87,13244,1324401,33244,"MEM","Memphis, TN","TN",47,"Tennessee",54,1945,1940,-5,0,0,-1,"1900-1959",20,2000,2345,6,2345,2351,6,6,0,0,"2300-2359",0,"",0,180,191,165,1,1261,6,NA,NA,NA,NA,NA,NA,NA,NA
2010,1,1,12,2,2010-01-12,"OO",20304,"OO","N800SK",4661,14869,1486902,34614,"SLC","Salt Lake City, UT","UT",49,"Utah",87,14771,1477101,32457,"SFO","San Francisco, CA","CA",6,"California",91,2029,2252,143,143,1,9,"2000-2059",19,2311,6,3,2137,9,152,152,1,10,"2100-2159",0,"",0,128,137,115,1,599,3,0,0,151,0,1,NA,NA,NA
2010,1,1,17,7,2010-01-17,"OO",20304,"OO","N464SW",4604,14869,1486902,34614,"SLC","Salt Lake City, UT","UT",49,"Utah",87,13891,1389101,32575,"ONT","Ontario, CA","CA",6,"California",91,1133,1126,-7,0,0,-1,"1100-1159",17,1143,1204,4,1222,1208,-14,0,0,-1,"1200-1259",0,"",0,109,102,81,1,558,3,NA,NA,NA,NA,NA,NA,NA,NA
2010,1,1,21,4,2010-01-21,"UA",19977,"UA","N438UA",252,14869,1486902,34614,"SLC","Salt Lake City, UT","UT",49,"Utah",87,11292,1129202,30325,"DEN","Denver, CO","CO",8,"Colorado",82,1331,1341,10,10,0,0,"1300-1359",11,1352,1449,5,1455,1454,-1,0,0,-1,"1400-1459",0,"",0,84,73,57,1,390,2,NA,NA,NA,NA,NA,NA,NA,NA
2010,1,1,20,3,2010-01-20,"OO",20304,"OO","N614SK",4708,14869,1486902,34614,"SLC","Salt Lake City, UT","UT",49,"Utah",87,10713,1071301,30713,"BOI","Boise, ID","ID",16,"Idaho",83,2145,2151,6,6,0,0,"2100-2159",13,2204,2251,4,2258,2255,-3,0,0,-1,"2200-2259",0,"",0,73,64,47,1,291,2,NA,NA,NA,NA,NA,NA,NA,NA
2010,1,1,21,4,2010-01-21,"OO",20304,"OO","N452SW",4768,14869,1486902,34614,"SLC","Salt Lake City, UT","UT",49,"Utah",87,11109,1110901,30189,"COS","Colorado Springs, CO","CO",8,"Colorado",82,1355,1353,-2,0,0,-1,"1300-1359",28,1421,1526,5,1530,1531,1,1,0,0,"1500-1559",0,"",0,95,98,65,1,410,2,NA,NA,NA,NA,NA,NA,NA,NA
2010,1,1,30,6,2010-01-30,"OO",20304,"OO","N802SK",4533,14869,1486902,34614,"SLC","Salt Lake City, UT","UT",49,"Utah",87,14107,1410701,30466,"PHX","Phoenix, AZ","AZ",4,"Arizona",81,835,829,-6,0,0,-1,"0800-0859",32,901,1017,4,1015,1021,6,6,0,0,"1000-1059",0,"",0,100,112,76,1,507,3,NA,NA,NA,NA,NA,NA,NA,NA
2010,1,1,8,5,2010-01-08,"OO",20304,"OO","N862AS",4740,14869,1486902,34614,"SLC","Salt Lake City, UT","UT",49,"Utah",87,10620,1062001,30620,"BIL","Billings, MT","MT",30,"Montana",84,1400,1357,-3,0,0,-1,"1400-1459",32,1429,1531,3,1520,1534,14,14,0,0,"1500-1559",0,"",0,80,97,62,1,387,2,NA,NA,NA,NA,NA,NA,NA,NA
