"Year","Quarter","Month","DayofMonth","DayOfWeek","FlightDate","UniqueCarrier","AirlineID","Carrier","TailNum","FlightNum","OriginAirportID","OriginAirportSeqID","OriginCityMarketID","Origin","OriginCityName","OriginState","OriginStateFips","OriginStateName","OriginWac","DestAirportID","DestAirportSeqID","DestCityMarketID","Dest","DestCityName","DestState","DestStateFips","DestStateName","DestWac","CRSDepTime","DepTime","DepDelay","DepDelayMinutes","DepDel15","DepartureDelayGroups","DepTimeBlk","TaxiOut","WheelsOff","WheelsOn","TaxiIn","CRSArrTime","ArrTime","ArrDelay","ArrDelayMinutes","ArrDel15","ArrivalDelayGroups","ArrTimeBlk","Cancelled","CancellationCode","Diverted","CRSElapsedTime","ActualElapsedTime","AirTime","Flights","Distance","DistanceGroup","CarrierDelay","WeatherDelay","NASDelay","SecurityDelay","LateAircraftDelay","FirstDepTime","TotalAddGTime","LongestAddGTime"
2011,3,8,23,2,2011-08-23,"US",20355,"US","N405US",1125,11057,1105703,31057,"CLT","Charlotte, NC","NC",37,"North Carolina",36,12266,1226603,31453,"IAH","Houston, TX","TX",48,"Texas",74,930,924,-6,0,0,-1,"0900-0959",16,940,1052,4,1059,1056,-3,0,0,-1,"1000-1059",0,"",0,149,152,132,1,912,4,NA,NA,NA,NA,NA,NA,NA,NA
2011,3,8,23,2,2011-08-23,"MQ",20398,"MQ","N627MQ",4010,11057,1105703,31057,"CLT","Charlotte, NC","NC",37,"North Carolina",36,13930,1393002,30977,"ORD","Chicago, IL","IL",17,"Illinois",41,1735,1727,-8,0,0,-1,"1700-1759",17,1744,1819,5,1850,1824,-26,0,0,-2,"1800-1859",0,"",0,135,117,95,1,599,3,NA,NA,NA,NA,NA,NA,NA,NA
2011,3,8,30,2,2011-08-30,"US",20355,"US","N532AU",1823,11057,1105703,31057,"CLT","Charlotte, NC","NC",37,"North Carolina",36,14027,1402702,34027,"PBI","West Palm Beach/Palm Beach, FL","FL",12,"Florida",33,2011,2002,-9,0,0,-1,"2000-2059",17,2019,2136,4,2203,2140,-23,0,0,-2,"2200-2259",0,"",0,112,98,77,1,590,3,NA,NA,NA,NA,NA,NA,NA,NA
2011,3,8,5,5,2011-08-05,"YV",20378,"YV","N920FJ",2630,11057,1105703,31057,"CLT","Charlotte, NC","NC",37,"North Carolina",36,12264,1226402,30852,"IAD","Washington, DC","VA",51,"Virginia",38,1610,1742,92,92,1,6,"1600-1659",12,1754,1845,4,1733,1849,76,76,1,5,"1700-1759",0,"",0,83,67,51,1,322,2,0,0,0,0,76,NA,NA,NA
2011,3,8,18,4,2011-08-18,"YV",20378,"YV","N928LR",2672,11057,1105703,31057,"CLT","Charlotte, NC","NC",37,"North Carolina",36,14685,1468502,34685,"SAV","Savannah, GA","GA",13,"Georgia",34,1833,1828,-5,0,0,-1,"1800-1859",10,1838,1912,5,1941,1917,-24,0,0,-2,"1900-1959",0,"",0,68,49,34,1,213,1,NA,NA,NA,NA,NA,NA,NA,NA
2011,3,8,1,1,2011-08-01,"US",20355,"US","N574US",1528,11057,1105703,31057,"CLT","Charlotte, NC","NC",37,"North Carolina",36,14100,1410002,34100,"PHL","Philadelphia, PA","PA",42,"Pennsylvania",23,2004,2349,225,225,1,12,"2000-2059",20,9,122,6,2143,128,225,225,1,12,"2100-2159",0,"",0,99,99,73,1,449,2,0,0,0,0,225,NA,NA,NA
2011,3,8,6,6,2011-08-06,"US",20355,"US","N712US",1007,11057,1105703,31057,"CLT","Charlotte, NC","NC",37,"North Carolina",36,14122,1412202,30198,"PIT","Pittsburgh, PA","PA",42,"Pennsylvania",23,2000,2022,22,22,1,1,"2000-2059",14,2036,2132,4,2124,2136,12,12,0,0,"2100-2159",0,"",0,84,74,56,1,366,2,NA,NA,NA,NA,NA,NA,NA,NA
2011,3,8,19,5,2011-08-19,"XE",20374,"XE","N11194",2394,11057,1105703,31057,"CLT","Charlotte, NC","NC",37,"North Carolina",36,12266,1226603,31453,"IAH","Houston, TX","TX",48,"Texas",74,615,607,-8,0,0,-1,"0600-0659",24,631,735,11,745,746,1,1,0,0,"0700-0759",0,"",0,150,159,124,1,912,4,NA,NA,NA,NA,NA,NA,NA,NA
2011,3,8,29,1,2011-08-29,"XE",20374,"XE","N11551",2309,11057,1105703,31057,"CLT","Charlotte, NC","NC",37,"North Carolina",36,11618,1161802,31703,"EWR","Newark, NJ","NJ",34,"New Jersey",21,1200,1156,-4,0,0,-1,"1200-1259",30,1226,1338,8,1348,1346,-2,0,0,-1,"1300-1359",0,"",0,108,110,72,1,529,3,NA,NA,NA,NA,NA,NA,NA,NA
2011,3,8,6,6,2011-08-06,"YV",20378,"YV","N919FJ",2660,11057,1105703,31057,"CLT","Charlotte, NC","NC",37,"North Carolina",36,12264,1226402,30852,"IAD","Washington, DC","VA",51,"Virginia",38,1954,1950,-4,0,0,-1,"1900-1959",16,2006,2114,6,2116,2120,4,4,0,0,"2100-2159",0,"",0,82,90,68,1,322,2,NA,NA,NA,NA,NA,NA,NA,NA
2011,3,8,1,1,2011-08-01,"DL",19790,"DL","N330NW",1652,11057,1105703,31057,"CLT","Charlotte, NC","NC",37,"North Carolina",36,10397,1039704,30397,"ATL","Atlanta, GA","GA",13,"Georgia",34,1405,1409,4,4,0,0,"1400-1459",14,1423,1508,11,1528,1519,-9,0,0,-1,"1500-1559",0,"",0,83,70,45,1,226,1,NA,NA,NA,NA,NA,NA,NA,NA
2011,3,8,29,1,2011-08-29,"US",20355,"US","N530AU",1440,11057,1105703,31057,"CLT","Charlotte, NC","NC",37,"North Carolina",36,11278,1127802,30852,"DCA","Washington, DC","VA",51,"Virginia",38,1000,1011,11,11,0,0,"1000-1059",21,1032,1125,4,1131,1129,-2,0,0,-1,"1100-1159",0,"",0,91,78,53,1,331,2,NA,NA,NA,NA,NA,NA,NA,NA
2011,3,8,10,3,2011-08-10,"US",20355,"US","N430US",1675,11057,1105703,31057,"CLT","Charlotte, NC","NC",37,"North Carolina",36,13303,1330303,32467,"MIA","Miami, FL","FL",12,"Florida",33,1315,1322,7,7,0,0,"1300-1359",21,1343,1513,9,1516,1522,6,6,0,0,"1500-1559",0,"",0,121,120,90,1,650,3,NA,NA,NA,NA,NA,NA,NA,NA
2011,3,8,24,3,2011-08-24,"US",20355,"US","N767UW",1186,11057,1105703,31057,"CLT","Charlotte, NC","NC",37,"North Carolina",36,10821,1082103,30852,"BWI","Baltimore, MD","MD",24,"Maryland",35,1619,1617,-2,0,0,-1,"1600-1659",14,1631,1736,4,1740,1740,0,0,0,0,"1700-1759",0,"",0,81,83,65,1,361,2,NA,NA,NA,NA,NA,NA,NA,NA
2011,3,8,23,2,2011-08-23,"YV",20378,"YV","N935LR",2683,11057,1105703,31057,"CLT","Charlotte, NC","NC",37,"North Carolina",36,14193,1419303,33728,"PNS","Pensacola, FL","FL",12,"Florida",33,940,928,-12,0,0,-1,"0900-0959",31,959,1006,3,1026,1009,-17,0,0,-2,"1000-1059",0,"",0,106,101,67,1,488,2,NA,NA,NA,NA,NA,NA,NA,NA
2011,3,8,21,7,2011-08-21,"US",20355,"US","N749US",1567,11057,1105703,31057,"CLT","Charlotte, NC","NC",37,"North Carolina",36,13495,1349502,33495,"MSY","New Orleans, LA","LA",22,"Louisiana",72,924,914,-10,0,0,-1,"0900-0959",11,925,955,4,1016,959,-17,0,0,-2,"1000-1059",0,"",0,112,105,90,1,651,3,NA,NA,NA,NA,NA,NA,NA,NA
2011,3,8,28,7,2011-08-28,"US",20355,"US","N529AU",948,11057,1105703,31057,"CLT","Charlotte, NC","NC",37,"North Carolina",36,11042,1104202,30647,"CLE","Cleveland, OH","OH",39,"Ohio",44,1949,1946,-3,0,0,-1,"1900-1959",13,1959,2103,5,2121,2108,-13,0,0,-1,"2100-2159",0,"",0,92,82,64,1,430,2,NA,NA,NA,NA,NA,NA,NA,NA
2011,3,8,26,5,2011-08-26,"YV",20378,"YV","N956LR",2704,11057,1105703,31057,"CLT","Charlotte, NC","NC",37,"North Carolina",36,14524,1452401,34524,"RIC","Richmond, VA","VA",51,"Virginia",38,1807,1806,-1,0,0,-1,"1800-1859",22,1828,1914,5,1921,1919,-2,0,0,-1,"1900-1959",0,"",0,74,73,46,1,257,2,NA,NA,NA,NA,NA,NA,NA,NA
2011,3,8,21,7,2011-08-21,"DL",19790,"DL","N912DL",1095,11057,1105703,31057,"CLT","Charlotte, NC","NC",37,"North Carolina",36,10397,1039704,30397,"ATL","Atlanta, GA","GA",13,"Georgia",34,1148,1146,-2,0,0,-1,"1100-1159",33,1219,1258,8,1305,1306,1,1,0,0,"1300-1359",0,"",0,77,80,39,1,226,1,NA,NA,NA,NA,NA,NA,NA,NA
2011,3,8,2,2,2011-08-02,"B6",20409,"B6","N228JB",1244,11057,1105703,31057,"CLT","Charlotte, NC","NC",37,"North Carolina",36,10721,1072102,30721,"BOS","Boston, MA","MA",25,"Massachusetts",13,1805,1800,-5,0,0,-1,"1800-1859",14,1814,2037,12,2020,2049,29,29,1,1,"2000-2059",0,"",0,135,169,143,1,728,3,0,0,29,0,0,NA,NA,NA
2011,3,8,1,1,2011-08-01,"YV",20378,"YV","N908FJ",2679,11057,1105703,31057,"CLT","Charlotte, NC","NC",37,"North Carolina",36,10994,1099402,30994,"CHS","Charleston, SC","SC",45,"South Carolina",37,1805,1800,-5,0,0,-1,"1800-1859",19,1819,1848,6,1908,1854,-14,0,0,-1,"1900-1959",0,"",0,63,54,29,1,168,1,NA,NA,NA,NA,NA,NA,NA,NA
2011,3,8,17,3,2011-08-17,"YV",20378,"YV","N930LR",2635,11057,1105703,31057,"CLT","Charlotte, NC","NC",37,"North Carolina",36,13495,1349502,33495,"MSY","New Orleans, LA","LA",22,"Louisiana",72,1440,1433,-7,0,0,-1,"1400-1459",29,1502,1529,4,1545,1533,-12,0,0,-1,"1500-1559",0,"",0,125,120,87,1,651,3,NA,NA,NA,NA,NA,NA,NA,NA
2011,3,8,4,4,2011-08-04,"B6",20409,"B6","N266JB",1244,11057,1105703,31057,"CLT","Charlotte, NC","NC",37,"North Carolina",36,10721,1072102,30721,"BOS","Boston, MA","MA",25,"Massachusetts",13,1805,1905,60,60,1,4,"1800-1859",17,1922,2101,4,2020,2105,45,45,1,3,"2000-2059",0,"",0,135,120,99,1,728,3,5,0,0,0,40,NA,NA,NA
2011,3,8,28,7,2011-08-28,"US",20355,"US","N538UW",705,11057,1105703,31057,"CLT","Charlotte, NC","NC",37,"North Carolina",36,14107,1410702,30466,"PHX","Phoenix, AZ","AZ",4,"Arizona",81,1751,1806,15,15,1,1,"1700-1759",25,1831,1916,6,1915,1922,7,7,0,0,"1900-1959",0,"",0,264,256,225,1,1773,8,NA,NA,NA,NA,NA,NA,NA,NA
2011,3,8,25,4,2011-08-25,"US",20355,"US","N936UW",1719,11057,1105703,31057,"CLT","Charlotte, NC","NC",37,"North Carolina",36,13204,1320402,31454,"MCO","Orlando, FL","FL",12,"Florida",33,2002,2014,12,12,0,0,"2000-2059",14,2028,2136,5,2135,2141,6,6,0,0,"2100-2159",0,"",0,93,87,68,1,468,2,NA,NA,NA,NA,NA,NA,NA,NA
2011,3,8,18,4,2011-08-18,"US",20355,"US","N765US",1480,11057,1105703,31057,"CLT","Charlotte, NC","NC",37,"North Carolina",36,11433,1143302,31295,"DTW","Detroit, MI","MI",26,"Michigan",43,1629,1628,-1,0,0,-1,"1600-1659",27,1655,1826,16,1819,1842,23,23,1,1,"1800-1859",0,"",0,110,134,91,1,500,3,0,0,23,0,0,NA,NA,NA
2011,3,8,31,3,2011-08-31,"US",20355,"US","N601AW",307,11057,1105703,31057,"CLT","Charlotte, NC","NC",37,"North Carolina",36,12889,1288903,32211,"LAS","Las Vegas, NV","NV",32,"Nevada",85,1804,1805,1,1,0,0,"1800-1859",16,1821,1925,4,1938,1929,-9,0,0,-1,"1900-1959",0,"",0,274,264,244,1,1916,8,NA,NA,NA,NA,NA,NA,NA,NA
2011,3,8,21,7,2011-08-21,"YV",20378,"YV","N912FJ",2620,11057,1105703,31057,"CLT","Charlotte, NC","NC",37,"North Carolina",36,13230,1323002,32070,"MDT","Harrisburg, PA","PA",42,"Pennsylvania",23,2230,2226,-4,0,0,-1,"2200-2259",19,2245,2345,5,6,2350,-16,0,0,-2,"0001-0559",0,"",0,96,84,60,1,413,2,NA,NA,NA,NA,NA,NA,NA,NA
2011,3,8,16,2,2011-08-16,"US",20355,"US","N453UW",1434,11057,1105703,31057,"CLT","Charlotte, NC","NC",37,"North Carolina",36,10821,1082103,30852,"BWI","Baltimore, MD","MD",24,"Maryland",35,955,948,-7,0,0,-1,"0900-0959",34,1022,1119,5,1128,1124,-4,0,0,-1,"1100-1159",0,"",0,93,96,57,1,361,2,NA,NA,NA,NA,NA,NA,NA,NA
2011,3,8,12,5,2011-08-12,"US",20355,"US","N255AY",1512,11057,1105703,31057,"CLT","Charlotte, NC","NC",37,"North Carolina",36,14100,1410002,34100,"PHL","Philadelphia, PA","PA",42,"Pennsylvania",23,920,918,-2,0,0,-1,"0900-0959",15,933,1044,6,1055,1050,-5,0,0,-1,"1000-1059",0,"",0,95,92,71,1,449,2,NA,NA,NA,NA,NA,NA,NA,NA
2011,3,8,16,2,2011-08-16,"YV",20378,"YV","N929LR",2768,11057,1105703,31057,"CLT","Charlotte, NC","NC",37,"North Carolina",36,11042,1104202,30647,"CLE","Cleveland, OH","OH",39,"Ohio",44,1949,1946,-3,0,0,-1,"1900-1959",14,2000,2107,7,2125,2114,-11,0,0,-1,"2100-2159",0,"",0,96,88,67,1,430,2,NA,NA,NA,NA,NA,NA,NA,NA
2011,3,8,8,1,2011-08-08,"EV",20366,"EV","N615QX",4918,11057,1105703,31057,"CLT","Charlotte, NC","NC",37,"North Carolina",36,11433,1143302,31295,"DTW","Detroit, MI","MI",26,"Michigan",43,600,1038,278,278,1,12,"0600-0659",14,1052,1206,6,756,1212,256,256,1,12,"0700-0759",0,"",0,116,94,74,1,500,3,256,0,0,0,0,NA,NA,NA
2011,3,8,22,1,2011-08-22,"AA",19805,"AA","N4YSAA",2395,11057,1105703,31057,"CLT","Charlotte, NC","NC",37,"North Carolina",36,11298,1129803,30194,"DFW","Dallas/Fort Worth, TX","TX",48,"Texas",74,1525,NA,NA,NA,NA,NA,"1500-1559",NA,NA,NA,NA,1710,NA,NA,NA,NA,NA,"1700-1759",1,"A",0,165,NA,NA,1,936,4,NA,NA,NA,NA,NA,NA,NA,NA
2011,3,8,29,1,2011-08-29,"US",20355,"US","N531AU",1940,11057,1105703,31057,"CLT","Charlotte, NC","NC",37,"North Carolina",36,10257,1025702,30257,"ALB","Albany, NY","NY",36,"New York",22,1630,1628,-2,0,0,-1,"1600-1659",17,1645,1814,3,1837,1817,-20,0,0,-2,"1800-1859",0,"",0,127,109,89,1,646,3,NA,NA,NA,NA,NA,NA,NA,NA
2011,3,8,2,2,2011-08-02,"US",20355,"US","N107US",1047,11057,1105703,31057,"CLT","Charlotte, NC","NC",37,"North Carolina",36,13198,1319801,33198,"MCI","Kansas City, MO","MO",29,"Missouri",64,1949,1946,-3,0,0,-1,"1900-1959",19,2005,2101,4,2107,2105,-2,0,0,-1,"2100-2159",0,"",0,138,139,116,1,808,4,NA,NA,NA,NA,NA,NA,NA,NA
2011,3,8,20,6,2011-08-20,"YV",20378,"YV","N932LR",2698,11057,1105703,31057,"CLT","Charlotte, NC","NC",37,"North Carolina",36,12264,1226402,30852,"IAD","Washington, DC","VA",51,"Virginia",38,2235,2233,-2,0,0,-1,"2200-2259",41,2314,7,6,4,13,9,9,0,0,"0001-0559",0,"",0,89,100,53,1,322,2,NA,NA,NA,NA,NA,NA,NA,NA
2011,3,8,26,5,2011-08-26,"US",20355,"US","N452UW",1576,11057,1105703,31057,"CLT","Charlotte, NC","NC",37,"North Carolina",36,11618,1161802,31703,"EWR","Newark, NJ","NJ",34,"New Jersey",21,1124,1124,0,0,0,0,"1100-1159",17,1141,1303,5,1319,1308,-11,0,0,-1,"1300-1359",0,"",0,115,104,82,1,529,3,NA,NA,NA,NA,NA,NA,NA,NA
2011,3,8,23,2,2011-08-23,"MQ",20398,"MQ","N693MQ",4325,11057,1105703,31057,"CLT","Charlotte, NC","NC",37,"North Carolina",36,13930,1393002,30977,"ORD","Chicago, IL","IL",17,"Illinois",41,2040,2033,-7,0,0,-1,"2000-2059",15,2048,2120,5,2150,2125,-25,0,0,-2,"2100-2159",0,"",0,130,112,92,1,599,3,NA,NA,NA,NA,NA,NA,NA,NA
2011,3,8,18,4,2011-08-18,"YV",20378,"YV","N956LR",2635,11057,1105703,31057,"CLT","Charlotte, NC","NC",37,"North Carolina",36,13495,1349502,33495,"MSY","New Orleans, LA","LA",22,"Louisiana",72,1440,1435,-5,0,0,-1,"1400-1459",31,1506,1533,3,1545,1536,-9,0,0,-1,"1500-1559",0,"",0,125,121,87,1,651,3,NA,NA,NA,NA,NA,NA,NA,NA
2011,3,8,10,3,2011-08-10,"YV",20378,"YV","N913FJ",2619,11057,1105703,31057,"CLT","Charlotte, NC","NC",37,"North Carolina",36,13244,1324402,33244,"MEM","Memphis, TN","TN",47,"Tennessee",54,925,921,-4,0,0,-1,"0900-0959",19,940,953,3,1007,956,-11,0,0,-1,"1000-1059",0,"",0,102,95,73,1,511,3,NA,NA,NA,NA,NA,NA,NA,NA
2011,3,8,4,4,2011-08-04,"US",20355,"US","N755US",1809,11057,1105703,31057,"CLT","Charlotte, NC","NC",37,"North Carolina",36,14635,1463502,31714,"RSW","Fort Myers, FL","FL",12,"Florida",33,1150,1149,-1,0,0,-1,"1100-1159",32,1221,1347,4,1346,1351,5,5,0,0,"1300-1359",0,"",0,116,122,86,1,600,3,NA,NA,NA,NA,NA,NA,NA,NA
2011,3,8,12,5,2011-08-12,"US",20355,"US","N713UW",1534,11057,1105703,31057,"CLT","Charlotte, NC","NC",37,"North Carolina",36,15096,1509602,35096,"SYR","Syracuse, NY","NY",36,"New York",22,2209,2200,-9,0,0,-1,"2200-2259",14,2214,2338,2,2352,2340,-12,0,0,-1,"2300-2359",0,"",0,103,100,84,1,603,3,NA,NA,NA,NA,NA,NA,NA,NA
2011,3,8,27,6,2011-08-27,"US",20355,"US","",1458,11057,1105703,31057,"CLT","Charlotte, NC","NC",37,"North Carolina",36,12478,1247802,31703,"JFK","New York, NY","NY",36,"New York",22,2224,NA,NA,NA,NA,NA,"2200-2259",NA,NA,NA,NA,9,NA,NA,NA,NA,NA,"0001-0559",1,"B",0,105,NA,NA,1,541,3,NA,NA,NA,NA,NA,NA,NA,NA
2011,3,8,10,3,2011-08-10,"YV",20378,"YV","N913FJ",2618,11057,1105703,31057,"CLT","Charlotte, NC","NC",37,"North Carolina",36,11193,1119302,33105,"CVG","Cincinnati, OH","KY",21,"Kentucky",52,1425,1424,-1,0,0,-1,"1400-1459",15,1439,1537,4,1545,1541,-4,0,0,-1,"1500-1559",0,"",0,80,77,58,1,335,2,NA,NA,NA,NA,NA,NA,NA,NA
2011,3,8,1,1,2011-08-01,"US",20355,"US","N178US",1539,11057,1105703,31057,"CLT","Charlotte, NC","NC",37,"North Carolina",36,14747,1474703,30559,"SEA","Seattle, WA","WA",53,"Washington",93,945,943,-2,0,0,-1,"0900-0959",12,955,1135,6,1218,1141,-37,0,0,-2,"1200-1259",0,"",0,333,298,280,1,2279,10,NA,NA,NA,NA,NA,NA,NA,NA
2011,3,8,31,3,2011-08-31,"US",20355,"US","N640AW",575,11057,1105703,31057,"CLT","Charlotte, NC","NC",37,"North Carolina",36,14747,1474703,30559,"SEA","Seattle, WA","WA",53,"Washington",93,1810,2029,139,139,1,9,"1800-1859",24,2053,2246,5,2054,2251,117,117,1,7,"2000-2059",0,"",0,344,322,293,1,2279,10,117,0,0,0,0,NA,NA,NA
2011,3,8,25,4,2011-08-25,"US",20355,"US","N749US",1899,11057,1105703,31057,"CLT","Charlotte, NC","NC",37,"North Carolina",36,14683,1468302,33214,"SAT","San Antonio, TX","TX",48,"Texas",74,1753,1802,9,9,0,0,"1700-1759",18,1820,1945,4,1940,1949,9,9,0,0,"1900-1959",0,"",0,167,167,145,1,1095,5,NA,NA,NA,NA,NA,NA,NA,NA
2011,3,8,23,2,2011-08-23,"YV",20378,"YV","N917FJ",2603,11057,1105703,31057,"CLT","Charlotte, NC","NC",37,"North Carolina",36,11193,1119302,33105,"CVG","Cincinnati, OH","KY",21,"Kentucky",52,1005,957,-8,0,0,-1,"1000-1059",24,1021,1116,5,1140,1121,-19,0,0,-2,"1100-1159",0,"",0,95,84,55,1,335,2,NA,NA,NA,NA,NA,NA,NA,NA
2011,3,8,18,4,2011-08-18,"YV",20378,"YV","N935LR",2616,11057,1105703,31057,"CLT","Charlotte, NC","NC",37,"North Carolina",36,14524,1452401,34524,"RIC","Richmond, VA","VA",51,"Virginia",38,733,733,0,0,0,0,"0700-0759",29,802,849,3,850,852,2,2,0,0,"0800-0859",0,"",0,77,79,47,1,257,2,NA,NA,NA,NA,NA,NA,NA,NA
2011,3,8,5,5,2011-08-05,"US",20355,"US","N204UW",1719,11057,1105703,31057,"CLT","Charlotte, NC","NC",37,"North Carolina",36,13204,1320402,31454,"MCO","Orlando, FL","FL",12,"Florida",33,1957,2027,30,30,1,2,"1900-1959",10,2037,2152,6,2127,2158,31,31,1,2,"2100-2159",0,"",0,90,91,75,1,468,2,0,0,1,17,13,NA,NA,NA
2011,3,8,29,1,2011-08-29,"US",20355,"US","N601AW",374,11057,1105703,31057,"CLT","Charlotte, NC","NC",37,"North Carolina",36,12478,1247802,31703,"JFK","New York, NY","NY",36,"New York",22,1306,1316,10,10,0,0,"1300-1359",31,1347,1503,5,1505,1508,3,3,0,0,"1500-1559",0,"",0,119,112,76,1,541,3,NA,NA,NA,NA,NA,NA,NA,NA
2011,3,8,31,3,2011-08-31,"US",20355,"US","N201UU",1079,11057,1105703,31057,"CLT","Charlotte, NC","NC",37,"North Carolina",36,15024,1502403,34945,"STT","Charlotte Amalie, VI","VI",78,"U.S. Virgin Islands",4,1145,1138,-7,0,0,-1,"1100-1159",33,1211,1517,5,1530,1522,-8,0,0,-1,"1500-1559",0,"",0,225,224,186,1,1520,7,NA,NA,NA,NA,NA,NA,NA,NA
2011,3,8,11,4,2011-08-11,"US",20355,"US","N753US",1462,11057,1105703,31057,"CLT","Charlotte, NC","NC",37,"North Carolina",36,14524,1452401,34524,"RIC","Richmond, VA","VA",51,"Virginia",38,1611,1609,-2,0,0,-1,"1600-1659",21,1630,1712,4,1712,1716,4,4,0,0,"1700-1759",0,"",0,61,67,42,1,257,2,NA,NA,NA,NA,NA,NA,NA,NA
2011,3,8,6,6,2011-08-06,"B6",20409,"B6","N216JB",1244,11057,1105703,31057,"CLT","Charlotte, NC","NC",37,"North Carolina",36,10721,1072102,30721,"BOS","Boston, MA","MA",25,"Massachusetts",13,1805,1757,-8,0,0,-1,"1800-1859",22,1819,2003,7,2020,2010,-10,0,0,-1,"2000-2059",0,"",0,135,133,104,1,728,3,NA,NA,NA,NA,NA,NA,NA,NA
2011,3,8,31,3,2011-08-31,"US",20355,"US","N420US",1675,11057,1105703,31057,"CLT","Charlotte, NC","NC",37,"North Carolina",36,13303,1330303,32467,"MIA","Miami, FL","FL",12,"Florida",33,1315,1310,-5,0,0,-1,"1300-1359",17,1327,1455,7,1518,1502,-16,0,0,-2,"1500-1559",0,"",0,123,112,88,1,650,3,NA,NA,NA,NA,NA,NA,NA,NA
2011,3,8,18,4,2011-08-18,"US",20355,"US","N456UW",1827,11057,1105703,31057,"CLT","Charlotte, NC","NC",37,"North Carolina",36,14027,1402702,34027,"PBI","West Palm Beach/Palm Beach, FL","FL",12,"Florida",33,2226,2223,-3,0,0,-1,"2200-2259",11,2234,2351,4,10,2355,-15,0,0,-1,"0001-0559",0,"",0,104,92,77,1,590,3,NA,NA,NA,NA,NA,NA,NA,NA
2011,3,8,17,3,2011-08-17,"US",20355,"US","N449US",1982,11057,1105703,31057,"CLT","Charlotte, NC","NC",37,"North Carolina",36,10721,1072102,30721,"BOS","Boston, MA","MA",25,"Massachusetts",13,755,755,0,0,0,0,"0700-0759",13,808,959,7,1010,1006,-4,0,0,-1,"1000-1059",0,"",0,135,131,111,1,728,3,NA,NA,NA,NA,NA,NA,NA,NA
2011,3,8,21,7,2011-08-21,"MQ",20398,"MQ","N648MQ",4325,11057,1105703,31057,"CLT","Charlotte, NC","NC",37,"North Carolina",36,13930,1393002,30977,"ORD","Chicago, IL","IL",17,"Illinois",41,2030,2031,1,1,0,0,"2000-2059",17,2048,2116,5,2145,2121,-24,0,0,-2,"2100-2159",0,"",0,135,110,88,1,599,3,NA,NA,NA,NA,NA,NA,NA,NA
2011,3,8,29,1,2011-08-29,"US",20355,"US","N530AU",930,11057,1105703,31057,"CLT","Charlotte, NC","NC",37,"North Carolina",36,13931,1393102,33667,"ORF","Norfolk, VA","VA",51,"Virginia",38,1949,2000,11,11,0,0,"1900-1959",10,2010,2053,3,2103,2056,-7,0,0,-1,"2100-2159",0,"",0,74,56,43,1,290,2,NA,NA,NA,NA,NA,NA,NA,NA
2011,3,8,12,5,2011-08-12,"US",20355,"US","N192UW",1103,11057,1105703,31057,"CLT","Charlotte, NC","NC",37,"North Carolina",36,11298,1129803,30194,"DFW","Dallas/Fort Worth, TX","TX",48,"Texas",74,1305,1311,6,6,0,0,"1300-1359",17,1328,1433,6,1437,1439,2,2,0,0,"1400-1459",0,"",0,152,148,125,1,936,4,NA,NA,NA,NA,NA,NA,NA,NA
2011,3,8,30,2,2011-08-30,"US",20355,"US","N170US",1915,11057,1105703,31057,"CLT","Charlotte, NC","NC",37,"North Carolina",36,14492,1449202,34492,"RDU","Raleigh/Durham, NC","NC",37,"North Carolina",36,1754,1804,10,10,0,0,"1700-1759",30,1834,1903,6,1844,1909,25,25,1,1,"1800-1859",0,"",0,50,65,29,1,130,1,10,0,15,0,0,NA,NA,NA
2011,3,8,10,3,2011-08-10,"YV",20378,"YV","N930LR",2650,11057,1105703,31057,"CLT","Charlotte, NC","NC",37,"North Carolina",36,14492,1449202,34492,"RDU","Raleigh/Durham, NC","NC",37,"North Carolina",36,745,747,2,2,0,0,"0700-0759",23,810,841,5,840,846,6,6,0,0,"0800-0859",0,"",0,55,59,31,1,130,1,NA,NA,NA,NA,NA,NA,NA,NA
2011,3,8,18,4,2011-08-18,"US",20355,"US","N405US",959,11057,1105703,31057,"CLT","Charlotte, NC","NC",37,"North Carolina",36,11697,1169703,32467,"FLL","Fort Lauderdale, FL","FL",12,"Florida",33,2226,2230,4,4,0,0,"2200-2259",24,2254,23,3,14,26,12,12,0,0,"0001-0559",0,"",0,108,116,89,1,631,3,NA,NA,NA,NA,NA,NA,NA,NA
2011,3,8,18,4,2011-08-18,"MQ",20398,"MQ","N610MQ",4010,11057,1105703,31057,"CLT","Charlotte, NC","NC",37,"North Carolina",36,13930,1393002,30977,"ORD","Chicago, IL","IL",17,"Illinois",41,1740,1737,-3,0,0,-1,"1700-1759",26,1803,1843,9,1855,1852,-3,0,0,-1,"1800-1859",0,"",0,135,135,100,1,599,3,NA,NA,NA,NA,NA,NA,NA,NA
2011,3,8,23,2,2011-08-23,"US",20355,"US","N838AW",680,11057,1105703,31057,"CLT","Charlotte, NC","NC",37,"North Carolina",36,11618,1161802,31703,"EWR","Newark, NJ","NJ",34,"New Jersey",21,1325,1323,-2,0,0,-1,"1300-1359",29,1352,1536,5,1525,1541,16,16,1,1,"1500-1559",0,"",0,120,138,104,1,529,3,0,0,16,0,0,NA,NA,NA
2011,3,8,6,6,2011-08-06,"MQ",20398,"MQ","N663MQ",4105,11057,1105703,31057,"CLT","Charlotte, NC","NC",37,"North Carolina",36,13930,1393002,30977,"ORD","Chicago, IL","IL",17,"Illinois",41,800,754,-6,0,0,-1,"0800-0859",13,807,839,9,915,848,-27,0,0,-2,"0900-0959",0,"",0,135,114,92,1,599,3,NA,NA,NA,NA,NA,NA,NA,NA
2011,3,8,12,5,2011-08-12,"US",20355,"US","N460UW",1890,11057,1105703,31057,"CLT","Charlotte, NC","NC",37,"North Carolina",36,11618,1161802,31703,"EWR","Newark, NJ","NJ",34,"New Jersey",21,1810,1817,7,7,0,0,"1800-1859",8,1825,1953,6,2008,1959,-9,0,0,-1,"2000-2059",0,"",0,118,102,88,1,529,3,NA,NA,NA,NA,NA,NA,NA,NA
2011,3,8,23,2,2011-08-23,"YV",20378,"YV","N935LR",2683,11057,1105703,31057,"CLT","Charlotte, NC","NC",37,"North Carolina",36,14193,1419303,33728,"PNS","Pensacola, FL","FL",12,"Florida",33,940,928,-12,0,0,-1,"0900-0959",31,959,1006,3,1026,1009,-17,0,0,-2,"1000-1059",0,"",0,106,101,67,1,488,2,NA,NA,NA,NA,NA,NA,NA,NA
2011,3,8,14,7,2011-08-14,"US",20355,"US","N453UW",1978,11057,1105703,31057,"CLT","Charlotte, NC","NC",37,"North Carolina",36,11618,1161802,31703,"EWR","Newark, NJ","NJ",34,"New Jersey",21,2005,2058,53,53,1,3,"2000-2059",35,2133,2257,6,2158,2303,65,65,1,4,"2100-2159",0,"",0,113,125,84,1,529,3,0,0,65,0,0,NA,NA,NA
2011,3,8,25,4,2011-08-25,"US",20355,"US","N424US",1220,11057,1105703,31057,"CLT","Charlotte, NC","NC",37,"North Carolina",36,10821,1082103,30852,"BWI","Baltimore, MD","MD",24,"Maryland",35,1315,1325,10,10,0,0,"1300-1359",46,1411,1507,8,1440,1515,35,35,1,2,"1400-1459",0,"",0,85,110,56,1,361,2,0,0,35,0,0,NA,NA,NA
2011,3,8,13,6,2011-08-13,"XE",20374,"XE","N15980",6005,11057,1105703,31057,"CLT","Charlotte, NC","NC",37,"North Carolina",36,12264,1226402,30852,"IAD","Washington, DC","VA",51,"Virginia",38,610,602,-8,0,0,-1,"0600-0659",17,619,727,15,732,742,10,10,0,0,"0700-0759",0,"",0,82,100,68,1,322,2,NA,NA,NA,NA,NA,NA,NA,NA
2011,3,8,22,1,2011-08-22,"US",20355,"US","N422US",1576,11057,1105703,31057,"CLT","Charlotte, NC","NC",37,"North Carolina",36,11618,1161802,31703,"EWR","Newark, NJ","NJ",34,"New Jersey",21,1124,1125,1,1,0,0,"1100-1159",11,1136,1251,9,1319,1300,-19,0,0,-2,"1300-1359",0,"",0,115,95,75,1,529,3,NA,NA,NA,NA,NA,NA,NA,NA
2011,3,8,18,4,2011-08-18,"MQ",20398,"MQ","N542MQ",4580,11057,1105703,31057,"CLT","Charlotte, NC","NC",37,"North Carolina",36,12953,1295302,31703,"LGA","New York, NY","NY",36,"New York",22,1835,1904,29,29,1,1,"1800-1859",NA,NA,NA,NA,2035,NA,NA,NA,NA,NA,"2000-2059",1,"B",0,120,NA,NA,1,544,3,NA,NA,NA,NA,NA,1904,85,85
2011,3,8,27,6,2011-08-27,"US",20355,"US","N161UW",1034,11057,1105703,31057,"CLT","Charlotte, NC","NC",37,"North Carolina",36,14843,1484303,34819,"SJU","San Juan, PR","PR",72,"Puerto Rico",3,1145,1136,-9,0,0,-1,"1100-1159",24,1200,1526,5,1532,1531,-1,0,0,-1,"1500-1559",0,"",0,227,235,206,1,1475,6,NA,NA,NA,NA,NA,NA,NA,NA
2011,3,8,27,6,2011-08-27,"US",20355,"US","N246AY",798,11057,1105703,31057,"CLT","Charlotte, NC","NC",37,"North Carolina",36,14100,1410002,34100,"PHL","Philadelphia, PA","PA",42,"Pennsylvania",23,1436,1446,10,10,0,0,"1400-1459",27,1513,1640,21,1617,1701,44,44,1,2,"1600-1659",0,"",0,101,135,87,1,449,2,0,0,44,0,0,NA,NA,NA
2011,3,8,15,1,2011-08-15,"US",20355,"US","N405US",1978,11057,1105703,31057,"CLT","Charlotte, NC","NC",37,"North Carolina",36,11618,1161802,31703,"EWR","Newark, NJ","NJ",34,"New Jersey",21,2005,2120,75,75,1,5,"2000-2059",27,2147,2301,7,2158,2308,70,70,1,4,"2100-2159",0,"",0,113,108,74,1,529,3,0,0,70,0,0,NA,NA,NA
2011,3,8,19,5,2011-08-19,"FL",20437,"FL","N906AT",311,11057,1105703,31057,"CLT","Charlotte, NC","NC",37,"North Carolina",36,10397,1039704,30397,"ATL","Atlanta, GA","GA",13,"Georgia",34,630,629,-1,0,0,-1,"0600-0659",30,659,740,11,745,751,6,6,0,0,"0700-0759",0,"",0,75,82,41,1,226,1,NA,NA,NA,NA,NA,NA,NA,NA
2011,3,8,24,3,2011-08-24,"DL",19790,"DL","N973DL",1820,11057,1105703,31057,"CLT","Charlotte, NC","NC",37,"North Carolina",36,11433,1143302,31295,"DTW","Detroit, MI","MI",26,"Michigan",43,600,555,-5,0,0,-1,"0600-0659",27,622,752,10,801,802,1,1,0,0,"0800-0859",0,"",0,121,127,90,1,500,3,NA,NA,NA,NA,NA,NA,NA,NA
2011,3,8,6,6,2011-08-06,"US",20355,"US","N423US",1972,11057,1105703,31057,"CLT","Charlotte, NC","NC",37,"North Carolina",36,11618,1161802,31703,"EWR","Newark, NJ","NJ",34,"New Jersey",21,1514,1511,-3,0,0,-1,"1500-1559",7,1518,1639,7,1708,1646,-22,0,0,-2,"1700-1759",0,"",0,114,95,81,1,529,3,NA,NA,NA,NA,NA,NA,NA,NA
2011,3,8,17,3,2011-08-17,"YV",20378,"YV","N521LR",3799,11057,1105703,31057,"CLT","Charlotte, NC","NC",37,"North Carolina",36,12264,1226402,30852,"IAD","Washington, DC","VA",51,"Virginia",38,1435,1426,-9,0,0,-1,"1400-1459",14,1440,1539,5,1558,1544,-14,0,0,-1,"1500-1559",0,"",0,83,78,59,1,322,2,NA,NA,NA,NA,NA,NA,NA,NA
2011,3,8,14,7,2011-08-14,"YV",20378,"YV","N923FJ",2944,11057,1105703,31057,"CLT","Charlotte, NC","NC",37,"North Carolina",36,13931,1393102,33667,"ORF","Norfolk, VA","VA",51,"Virginia",38,1150,1146,-4,0,0,-1,"1100-1159",15,1201,1246,3,1302,1249,-13,0,0,-1,"1300-1359",0,"",0,72,63,45,1,290,2,NA,NA,NA,NA,NA,NA,NA,NA
2011,3,8,12,5,2011-08-12,"YV",20378,"YV","N916FJ",2627,11057,1105703,31057,"CLT","Charlotte, NC","NC",37,"North Carolina",36,15016,1501603,31123,"STL","St. Louis, MO","MO",29,"Missouri",64,740,737,-3,0,0,-1,"0700-0759",28,805,835,4,835,839,4,4,0,0,"0800-0859",0,"",0,115,122,90,1,575,3,NA,NA,NA,NA,NA,NA,NA,NA
2011,3,8,1,1,2011-08-01,"US",20355,"US","N406US",1827,11057,1105703,31057,"CLT","Charlotte, NC","NC",37,"North Carolina",36,14027,1402702,34027,"PBI","West Palm Beach/Palm Beach, FL","FL",12,"Florida",33,2215,2235,20,20,1,1,"2200-2259",18,2253,7,3,2359,10,11,11,0,0,"2300-2359",0,"",0,104,95,74,1,590,3,NA,NA,NA,NA,NA,NA,NA,NA
2011,3,8,17,3,2011-08-17,"AA",19805,"AA","N481AA",2395,11057,1105703,31057,"CLT","Charlotte, NC","NC",37,"North Carolina",36,11298,1129803,30194,"DFW","Dallas/Fort Worth, TX","TX",48,"Texas",74,1525,1521,-4,0,0,-1,"1500-1559",15,1536,1649,10,1710,1659,-11,0,0,-1,"1700-1759",0,"",0,165,158,133,1,936,4,NA,NA,NA,NA,NA,NA,NA,NA
2011,3,8,16,2,2011-08-16,"MQ",20398,"MQ","N535MQ",4578,11057,1105703,31057,"CLT","Charlotte, NC","NC",37,"North Carolina",36,12953,1295302,31703,"LGA","New York, NY","NY",36,"New York",22,905,859,-6,0,0,-1,"0900-0959",14,913,1033,19,1059,1052,-7,0,0,-1,"1000-1059",0,"",0,114,113,80,1,544,3,NA,NA,NA,NA,NA,NA,NA,NA
2011,3,8,25,4,2011-08-25,"YV",20378,"YV","N931LR",2677,11057,1105703,31057,"CLT","Charlotte, NC","NC",37,"North Carolina",36,14730,1473003,33044,"SDF","Louisville, KY","KY",21,"Kentucky",52,1320,1315,-5,0,0,-1,"1300-1359",41,1356,1500,5,1449,1505,16,16,1,1,"1400-1459",0,"",0,89,110,64,1,335,2,0,0,16,0,0,NA,NA,NA
2011,3,8,1,1,2011-08-01,"YV",20378,"YV","N916FJ",2637,11057,1105703,31057,"CLT","Charlotte, NC","NC",37,"North Carolina",36,13198,1319801,33198,"MCI","Kansas City, MO","MO",29,"Missouri",64,1320,1317,-3,0,0,-1,"1300-1359",23,1340,1435,3,1450,1438,-12,0,0,-1,"1400-1459",0,"",0,150,141,115,1,808,4,NA,NA,NA,NA,NA,NA,NA,NA
2011,3,8,10,3,2011-08-10,"US",20355,"US","N409US",1813,11057,1105703,31057,"CLT","Charlotte, NC","NC",37,"North Carolina",36,15304,1530402,33195,"TPA","Tampa, FL","FL",12,"Florida",33,746,959,133,133,1,8,"0700-0759",25,1024,1146,2,921,1148,147,147,1,9,"0900-0959",0,"",0,95,109,82,1,507,3,0,0,147,0,0,744,105,105
2011,3,8,9,2,2011-08-09,"YV",20378,"YV","N934FJ",2709,11057,1105703,31057,"CLT","Charlotte, NC","NC",37,"North Carolina",36,15016,1501603,31123,"STL","St. Louis, MO","MO",29,"Missouri",64,1640,1642,2,2,0,0,"1600-1659",17,1659,1731,4,1739,1735,-4,0,0,-1,"1700-1759",0,"",0,119,113,92,1,575,3,NA,NA,NA,NA,NA,NA,NA,NA
2011,3,8,25,4,2011-08-25,"DL",19790,"DL","N985DL",2251,11057,1105703,31057,"CLT","Charlotte, NC","NC",37,"North Carolina",36,10397,1039704,30397,"ATL","Atlanta, GA","GA",13,"Georgia",34,1025,1022,-3,0,0,-1,"1000-1059",28,1050,1128,10,1140,1138,-2,0,0,-1,"1100-1159",0,"",0,75,76,38,1,226,1,NA,NA,NA,NA,NA,NA,NA,NA
2011,3,8,1,1,2011-08-01,"US",20355,"US","N444US",1510,11057,1105703,31057,"CLT","Charlotte, NC","NC",37,"North Carolina",36,14100,1410002,34100,"PHL","Philadelphia, PA","PA",42,"Pennsylvania",23,731,731,0,0,0,0,"0700-0759",23,754,905,5,907,910,3,3,0,0,"0900-0959",0,"",0,96,99,71,1,449,2,NA,NA,NA,NA,NA,NA,NA,NA
2011,3,8,29,1,2011-08-29,"OO",20304,"OO","N790SK",2013,11057,1105703,31057,"CLT","Charlotte, NC","NC",37,"North Carolina",36,12266,1226603,31453,"IAH","Houston, TX","TX",48,"Texas",74,1420,1410,-10,0,0,-1,"1400-1459",14,1424,1524,8,1607,1532,-35,0,0,-2,"1600-1659",0,"",0,167,142,120,1,912,4,NA,NA,NA,NA,NA,NA,NA,NA
2011,3,8,21,7,2011-08-21,"US",20355,"US","N109UW",1176,11057,1105703,31057,"CLT","Charlotte, NC","NC",37,"North Carolina",36,10721,1072102,30721,"BOS","Boston, MA","MA",25,"Massachusetts",13,1805,1923,78,78,1,5,"1800-1859",27,1950,2137,9,2018,2146,88,88,1,5,"2000-2059",0,"",0,133,143,107,1,728,3,0,0,88,0,0,NA,NA,NA
2011,3,8,23,2,2011-08-23,"MQ",20398,"MQ","N627MQ",4010,11057,1105703,31057,"CLT","Charlotte, NC","NC",37,"North Carolina",36,13930,1393002,30977,"ORD","Chicago, IL","IL",17,"Illinois",41,1735,1727,-8,0,0,-1,"1700-1759",17,1744,1819,5,1850,1824,-26,0,0,-2,"1800-1859",0,"",0,135,117,95,1,599,3,NA,NA,NA,NA,NA,NA,NA,NA
2011,3,8,26,5,2011-08-26,"MQ",20398,"MQ","N651MQ",3532,11057,1105703,31057,"CLT","Charlotte, NC","NC",37,"North Carolina",36,13303,1330303,32467,"MIA","Miami, FL","FL",12,"Florida",33,550,549,-1,0,0,-1,"0001-0559",19,608,754,6,755,800,5,5,0,0,"0700-0759",0,"",0,125,131,106,1,650,3,NA,NA,NA,NA,NA,NA,NA,NA
2011,3,8,9,2,2011-08-09,"US",20355,"US","N171US",1491,11057,1105703,31057,"CLT","Charlotte, NC","NC",37,"North Carolina",36,15304,1530402,33195,"TPA","Tampa, FL","FL",12,"Florida",33,2220,2321,61,61,1,4,"2200-2259",18,2339,58,5,2353,103,70,70,1,4,"2300-2359",0,"",0,93,102,79,1,507,3,61,0,9,0,0,NA,NA,NA
2011,3,8,20,6,2011-08-20,"US",20355,"US","N419US",1019,11057,1105703,31057,"CLT","Charlotte, NC","NC",37,"North Carolina",36,13303,1330303,32467,"MIA","Miami, FL","FL",12,"Florida",33,950,941,-9,0,0,-1,"0900-0959",21,1002,1131,5,1202,1136,-26,0,0,-2,"1200-1259",0,"",0,132,115,89,1,650,3,NA,NA,NA,NA,NA,NA,NA,NA
2011,3,8,8,1,2011-08-08,"MQ",20398,"MQ","N631MQ",4192,11057,1105703,31057,"CLT","Charlotte, NC","NC",37,"North Carolina",36,13930,1393002,30977,"ORD","Chicago, IL","IL",17,"Illinois",41,1355,1350,-5,0,0,-1,"1300-1359",11,1401,1436,8,1510,1444,-26,0,0,-2,"1500-1559",0,"",0,135,114,95,1,599,3,NA,NA,NA,NA,NA,NA,NA,NA
2011,3,8,30,2,2011-08-30,"YV",20378,"YV","N934FJ",2629,11057,1105703,31057,"CLT","Charlotte, NC","NC",37,"North Carolina",36,15016,1501603,31123,"STL","St. Louis, MO","MO",29,"Missouri",64,1436,1431,-5,0,0,-1,"1400-1459",17,1448,1512,4,1536,1516,-20,0,0,-2,"1500-1559",0,"",0,120,105,84,1,575,3,NA,NA,NA,NA,NA,NA,NA,NA
2011,3,8,14,7,2011-08-14,"YV",20378,"YV","N929LR",2618,11057,1105703,31057,"CLT","Charlotte, NC","NC",37,"North Carolina",36,11193,1119302,33105,"CVG","Cincinnati, OH","KY",21,"Kentucky",52,1425,1427,2,2,0,0,"1400-1459",25,1452,1547,4,1545,1551,6,6,0,0,"1500-1559",0,"",0,80,84,55,1,335,2,NA,NA,NA,NA,NA,NA,NA,NA
