"Year","Quarter","Month","DayofMonth","DayOfWeek","FlightDate","UniqueCarrier","AirlineID","Carrier","TailNum","FlightNum","OriginAirportID","OriginAirportSeqID","OriginCityMarketID","Origin","OriginCityName","OriginState","OriginStateFips","OriginStateName","OriginWac","DestAirportID","DestAirportSeqID","DestCityMarketID","Dest","DestCityName","DestState","DestStateFips","DestStateName","DestWac","CRSDepTime","DepTime","DepDelay","DepDelayMinutes","DepDel15","DepartureDelayGroups","DepTimeBlk","TaxiOut","WheelsOff","WheelsOn","TaxiIn","CRSArrTime","ArrTime","ArrDelay","ArrDelayMinutes","ArrDel15","ArrivalDelayGroups","ArrTimeBlk","Cancelled","CancellationCode","Diverted","CRSElapsedTime","ActualElapsedTime","AirTime","Flights","Distance","DistanceGroup","CarrierDelay","WeatherDelay","NASDelay","SecurityDelay","LateAircraftDelay","FirstDepTime","TotalAddGTime","LongestAddGTime"
2011,1,3,18,5,2011-03-18,"US",20355,"US","N186US",1793,11057,1105702,31057,"CLT","Charlotte, NC","NC",37,"North Carolina",36,12889,1288902,32211,"LAS","Las Vegas, NV","NV",32,"Nevada",85,1955,1953,-2,0,0,-1,"1900-1959",14,2007,2134,4,2147,2138,-9,0,0,-1,"2100-2159",0,"",0,292,285,267,1,1916,8,NA,NA,NA,NA,NA,NA,NA,NA
2011,1,3,1,2,2011-03-01,"CO",19704,"CO","N62631",1028,11057,1105702,31057,"CLT","Charlotte, NC","NC",37,"North Carolina",36,12266,1226602,31453,"IAH","Houston, TX","TX",48,"Texas",74,1635,1623,-12,0,0,-1,"1600-1659",12,1635,1759,12,1840,1811,-29,0,0,-2,"1800-1859",0,"",0,185,168,144,1,913,4,NA,NA,NA,NA,NA,NA,NA,NA
2011,1,3,4,5,2011-03-04,"YV",20378,"YV","N903FJ",2607,11057,1105702,31057,"CLT","Charlotte, NC","NC",37,"North Carolina",36,13577,1357701,31135,"MYR","Myrtle Beach, SC","SC",45,"South Carolina",37,940,940,0,0,0,0,"0900-0959",11,951,1024,4,1039,1028,-11,0,0,-1,"1000-1059",0,"",0,59,48,33,1,156,1,NA,NA,NA,NA,NA,NA,NA,NA
2011,1,3,27,7,2011-03-27,"YV",20378,"YV","N929LR",2672,11057,1105702,31057,"CLT","Charlotte, NC","NC",37,"North Carolina",36,12323,1232301,32323,"ILM","Wilmington, NC","NC",37,"North Carolina",36,1840,1837,-3,0,0,-1,"1800-1859",32,1909,1940,5,1935,1945,10,10,0,0,"1900-1959",0,"",0,55,68,31,1,185,1,NA,NA,NA,NA,NA,NA,NA,NA
2011,1,3,19,6,2011-03-19,"US",20355,"US","N753US",1602,11057,1105702,31057,"CLT","Charlotte, NC","NC",37,"North Carolina",36,14492,1449201,34492,"RDU","Raleigh/Durham, NC","NC",37,"North Carolina",36,1959,1959,0,0,0,0,"1900-1959",11,2010,2040,5,2050,2045,-5,0,0,-1,"2000-2059",0,"",0,51,46,30,1,130,1,NA,NA,NA,NA,NA,NA,NA,NA
2011,1,3,16,3,2011-03-16,"US",20355,"US","N713UW",1982,11057,1105702,31057,"CLT","Charlotte, NC","NC",37,"North Carolina",36,10721,1072101,30721,"BOS","Boston, MA","MA",25,"Massachusetts",13,755,747,-8,0,0,-1,"0700-0759",31,818,958,7,1000,1005,5,5,0,0,"1000-1059",0,"",0,125,138,100,1,728,3,NA,NA,NA,NA,NA,NA,NA,NA
2011,1,3,29,2,2011-03-29,"YV",20378,"YV","N905FJ",2630,11057,1105702,31057,"CLT","Charlotte, NC","NC",37,"North Carolina",36,12264,1226401,30852,"IAD","Washington, DC","VA",51,"Virginia",38,1610,1613,3,3,0,0,"1600-1659",19,1632,1722,11,1730,1733,3,3,0,0,"1700-1759",0,"",0,80,80,50,1,321,2,NA,NA,NA,NA,NA,NA,NA,NA
2011,1,3,25,5,2011-03-25,"US",20355,"US","N423US",1700,11057,1105702,31057,"CLT","Charlotte, NC","NC",37,"North Carolina",36,10529,1052902,30529,"BDL","Hartford, CT","CT",9,"Connecticut",11,1430,1423,-7,0,0,-1,"1400-1459",11,1434,1600,4,1619,1604,-15,0,0,-1,"1600-1659",0,"",0,109,101,86,1,644,3,NA,NA,NA,NA,NA,NA,NA,NA
2011,1,3,9,3,2011-03-09,"US",20355,"US","N180US",1753,11057,1105702,31057,"CLT","Charlotte, NC","NC",37,"North Carolina",36,15304,1530401,33195,"TPA","Tampa, FL","FL",12,"Florida",33,1750,1851,61,61,1,4,"1700-1759",22,1913,2035,4,1930,2039,69,69,1,4,"1900-1959",0,"",0,100,108,82,1,508,3,24,0,8,0,37,NA,NA,NA
2011,1,3,3,4,2011-03-03,"US",20355,"US","N732US",1214,11057,1105702,31057,"CLT","Charlotte, NC","NC",37,"North Carolina",36,11433,1143301,31295,"DTW","Detroit, MI","MI",26,"Michigan",43,929,923,-6,0,0,-1,"0900-0959",12,935,1100,12,1115,1112,-3,0,0,-1,"1100-1159",0,"",0,106,109,85,1,500,3,NA,NA,NA,NA,NA,NA,NA,NA
2011,1,3,8,2,2011-03-08,"YV",20378,"YV","N921FJ",2685,11057,1105702,31057,"CLT","Charlotte, NC","NC",37,"North Carolina",36,11193,1119301,33105,"CVG","Cincinnati, OH","KY",21,"Kentucky",52,2225,2230,5,5,0,0,"2200-2259",45,2315,4,6,2357,10,13,13,0,0,"2300-2359",0,"",0,92,100,49,1,335,2,NA,NA,NA,NA,NA,NA,NA,NA
2011,1,3,21,1,2011-03-21,"US",20355,"US","N194UW",1509,11057,1105702,31057,"CLT","Charlotte, NC","NC",37,"North Carolina",36,14107,1410701,30466,"PHX","Phoenix, AZ","AZ",4,"Arizona",81,1121,1144,23,23,1,1,"1100-1159",24,1208,1336,13,1259,1349,50,50,1,3,"1200-1259",0,"",0,278,305,268,1,1774,8,15,0,27,0,8,NA,NA,NA
2011,1,3,17,4,2011-03-17,"US",20355,"US","N104UW",1499,11057,1105702,31057,"CLT","Charlotte, NC","NC",37,"North Carolina",36,12892,1289201,32575,"LAX","Los Angeles, CA","CA",6,"California",91,2010,2209,119,119,1,7,"2000-2059",13,2222,2352,8,2239,2400,81,81,1,5,"2200-2259",0,"",0,329,291,270,1,2125,9,81,0,0,0,0,NA,NA,NA
2011,1,3,18,5,2011-03-18,"US",20355,"US","N460UW",926,11057,1105702,31057,"CLT","Charlotte, NC","NC",37,"North Carolina",36,13930,1393001,30977,"ORD","Chicago, IL","IL",17,"Illinois",41,950,955,5,5,0,0,"0900-0959",28,1023,1100,7,1103,1107,4,4,0,0,"1100-1159",0,"",0,133,132,97,1,599,3,NA,NA,NA,NA,NA,NA,NA,NA
2011,1,3,25,5,2011-03-25,"US",20355,"US","N751UW",1663,11057,1105702,31057,"CLT","Charlotte, NC","NC",37,"North Carolina",36,15016,1501602,31123,"STL","St. Louis, MO","MO",29,"Missouri",64,2010,2024,14,14,0,0,"2000-2059",15,2039,2121,9,2115,2130,15,15,1,1,"2100-2159",0,"",0,125,126,102,1,575,3,14,0,1,0,0,NA,NA,NA
2011,1,3,4,5,2011-03-04,"YV",20378,"YV","N926LR",2612,11057,1105702,31057,"CLT","Charlotte, NC","NC",37,"North Carolina",36,11641,1164101,31641,"FAY","Fayetteville, NC","NC",37,"North Carolina",36,2020,2015,-5,0,0,-1,"2000-2059",34,2049,2115,5,2111,2120,9,9,0,0,"2100-2159",0,"",0,51,65,26,1,118,1,NA,NA,NA,NA,NA,NA,NA,NA
2011,1,3,30,3,2011-03-30,"DL",19790,"DL","N3735D",2032,11057,1105702,31057,"CLT","Charlotte, NC","NC",37,"North Carolina",36,10397,1039703,30397,"ATL","Atlanta, GA","GA",13,"Georgia",34,825,835,10,10,0,0,"0800-0859",35,910,959,10,942,1009,27,27,1,1,"0900-0959",0,"",0,77,94,49,1,227,1,0,0,27,0,0,NA,NA,NA
2011,1,3,4,5,2011-03-04,"EV",20366,"EV","N379CA",5171,11057,1105702,31057,"CLT","Charlotte, NC","NC",37,"North Carolina",36,11433,1143301,31295,"DTW","Detroit, MI","MI",26,"Michigan",43,930,928,-2,0,0,-1,"0900-0959",24,952,1118,9,1125,1127,2,2,0,0,"1100-1159",0,"",0,115,119,86,1,500,3,NA,NA,NA,NA,NA,NA,NA,NA
2011,1,3,25,5,2011-03-25,"US",20355,"US","N712US",1269,11057,1105702,31057,"CLT","Charlotte, NC","NC",37,"North Carolina",36,14492,1449201,34492,"RDU","Raleigh/Durham, NC","NC",37,"North Carolina",36,935,935,0,0,0,0,"0900-0959",12,947,1014,6,1025,1020,-5,0,0,-1,"1000-1059",0,"",0,50,45,27,1,130,1,NA,NA,NA,NA,NA,NA,NA,NA
2011,1,3,30,3,2011-03-30,"EV",20366,"EV","N724EV",5171,11057,1105702,31057,"CLT","Charlotte, NC","NC",37,"North Carolina",36,11433,1143301,31295,"DTW","Detroit, MI","MI",26,"Michigan",43,930,939,9,9,0,0,"0900-0959",19,958,1109,8,1125,1117,-8,0,0,-1,"1100-1159",0,"",0,115,98,71,1,500,3,NA,NA,NA,NA,NA,NA,NA,NA
2011,1,3,31,4,2011-03-31,"US",20355,"US","N452UW",1190,11057,1105702,31057,"CLT","Charlotte, NC","NC",37,"North Carolina",36,14122,1412201,30198,"PIT","Pittsburgh, PA","PA",42,"Pennsylvania",23,1650,1658,8,8,0,0,"1600-1659",10,1708,1801,6,1816,1807,-9,0,0,-1,"1800-1859",0,"",0,86,69,53,1,366,2,NA,NA,NA,NA,NA,NA,NA,NA
2011,1,3,6,7,2011-03-06,"US",20355,"US","N744P",1617,11057,1105702,31057,"CLT","Charlotte, NC","NC",37,"North Carolina",36,13198,1319801,33198,"MCI","Kansas City, MO","MO",29,"Missouri",64,1610,1632,22,22,1,1,"1600-1659",17,1649,1751,3,1739,1754,15,15,1,1,"1700-1759",0,"",0,149,142,122,1,809,4,15,0,0,0,0,NA,NA,NA
2011,1,3,27,7,2011-03-27,"YV",20378,"YV","N931LR",2691,11057,1105702,31057,"CLT","Charlotte, NC","NC",37,"North Carolina",36,14730,1473002,33044,"SDF","Louisville, KY","KY",21,"Kentucky",52,2220,2220,0,0,0,0,"2200-2259",35,2255,2345,6,2352,2351,-1,0,0,-1,"2300-2359",0,"",0,92,91,50,1,336,2,NA,NA,NA,NA,NA,NA,NA,NA
2011,1,3,30,3,2011-03-30,"YV",20378,"YV","N918FJ",2653,11057,1105702,31057,"CLT","Charlotte, NC","NC",37,"North Carolina",36,10423,1042302,30423,"AUS","Austin, TX","TX",48,"Texas",74,1605,1605,0,0,0,0,"1600-1659",19,1624,1807,5,1801,1812,11,11,0,0,"1800-1859",0,"",0,176,187,163,1,1033,5,NA,NA,NA,NA,NA,NA,NA,NA
2011,1,3,24,4,2011-03-24,"YV",20378,"YV","N925FJ",2944,11057,1105702,31057,"CLT","Charlotte, NC","NC",37,"North Carolina",36,13931,1393101,33667,"ORF","Norfolk, VA","VA",51,"Virginia",38,1135,1132,-3,0,0,-1,"1100-1159",20,1152,1233,4,1248,1237,-11,0,0,-1,"1200-1259",0,"",0,73,65,41,1,290,2,NA,NA,NA,NA,NA,NA,NA,NA
2011,1,3,2,3,2011-03-02,"US",20355,"US","N748UW",1430,11057,1105702,31057,"CLT","Charlotte, NC","NC",37,"North Carolina",36,14576,1457602,34576,"ROC","Rochester, NY","NY",36,"New York",22,1954,1950,-4,0,0,-1,"1900-1959",11,2001,2129,4,2138,2133,-5,0,0,-1,"2100-2159",0,"",0,104,103,88,1,573,3,NA,NA,NA,NA,NA,NA,NA,NA
2011,1,3,26,6,2011-03-26,"US",20355,"US","N651AW",497,11057,1105702,31057,"CLT","Charlotte, NC","NC",37,"North Carolina",36,11292,1129202,30325,"DEN","Denver, CO","CO",8,"Colorado",82,2030,2049,19,19,1,1,"2000-2059",25,2114,2303,5,2218,2308,50,50,1,3,"2200-2259",0,"",0,228,259,229,1,1338,6,19,0,31,0,0,NA,NA,NA
2011,1,3,19,6,2011-03-19,"US",20355,"US","N453UW",1411,11057,1105702,31057,"CLT","Charlotte, NC","NC",37,"North Carolina",36,14027,1402701,34027,"PBI","West Palm Beach/Palm Beach, FL","FL",12,"Florida",33,1150,1147,-3,0,0,-1,"1100-1159",45,1232,1359,7,1351,1406,15,15,1,1,"1300-1359",0,"",0,121,139,87,1,590,3,0,0,15,0,0,NA,NA,NA
2011,1,3,22,2,2011-03-22,"US",20355,"US","N170US",1543,11057,1105702,31057,"CLT","Charlotte, NC","NC",37,"North Carolina",36,14747,1474702,30559,"SEA","Seattle, WA","WA",53,"Washington",93,1810,1820,10,10,0,0,"1800-1859",18,1838,2048,5,2100,2053,-7,0,0,-1,"2100-2159",0,"",0,350,333,310,1,2279,10,NA,NA,NA,NA,NA,NA,NA,NA
2011,1,3,27,7,2011-03-27,"YV",20378,"YV","N511MJ",7261,11057,1105702,31057,"CLT","Charlotte, NC","NC",37,"North Carolina",36,13930,1393001,30977,"ORD","Chicago, IL","IL",17,"Illinois",41,600,558,-2,0,0,-1,"0600-0659",30,628,708,7,705,715,10,10,0,0,"0700-0759",0,"",0,125,137,100,1,599,3,NA,NA,NA,NA,NA,NA,NA,NA
2011,1,3,22,2,2011-03-22,"YV",20378,"YV","N917FJ",2670,11057,1105702,31057,"CLT","Charlotte, NC","NC",37,"North Carolina",36,13244,1324401,33244,"MEM","Memphis, TN","TN",47,"Tennessee",54,1949,1945,-4,0,0,-1,"1900-1959",17,2002,2028,7,2039,2035,-4,0,0,-1,"2000-2059",0,"",0,110,110,86,1,512,3,NA,NA,NA,NA,NA,NA,NA,NA
2011,1,3,11,5,2011-03-11,"B6",20409,"B6","N179JB",1244,11057,1105702,31057,"CLT","Charlotte, NC","NC",37,"North Carolina",36,10721,1072101,30721,"BOS","Boston, MA","MA",25,"Massachusetts",13,1800,1902,62,62,1,4,"1800-1859",28,1930,2110,7,2016,2117,61,61,1,4,"2000-2059",0,"",0,136,135,100,1,728,3,60,0,0,0,1,NA,NA,NA
2011,1,3,20,7,2011-03-20,"US",20355,"US","N119US",1490,11057,1105702,31057,"CLT","Charlotte, NC","NC",37,"North Carolina",36,12953,1295301,31703,"LGA","New York, NY","NY",36,"New York",22,1611,1614,3,3,0,0,"1600-1659",23,1637,1802,9,1801,1811,10,10,0,0,"1800-1859",0,"",0,110,117,85,1,544,3,NA,NA,NA,NA,NA,NA,NA,NA
2011,1,3,21,1,2011-03-21,"US",20355,"US","N172US",1769,11057,1105702,31057,"CLT","Charlotte, NC","NC",37,"North Carolina",36,14635,1463501,31714,"RSW","Fort Myers, FL","FL",12,"Florida",33,2209,2208,-1,0,0,-1,"2200-2259",21,2229,2347,7,2359,2354,-5,0,0,-1,"2300-2359",0,"",0,110,106,78,1,600,3,NA,NA,NA,NA,NA,NA,NA,NA
2011,1,3,6,7,2011-03-06,"YV",20378,"YV","N956LR",2608,11057,1105702,31057,"CLT","Charlotte, NC","NC",37,"North Carolina",36,10693,1069301,30693,"BNA","Nashville, TN","TN",47,"Tennessee",54,955,955,0,0,0,0,"0900-0959",36,1031,1029,4,1029,1033,4,4,0,0,"1000-1059",0,"",0,94,98,58,1,329,2,NA,NA,NA,NA,NA,NA,NA,NA
2011,1,3,15,2,2011-03-15,"US",20355,"US","N737US",1480,11057,1105702,31057,"CLT","Charlotte, NC","NC",37,"North Carolina",36,11433,1143301,31295,"DTW","Detroit, MI","MI",26,"Michigan",43,1635,1628,-7,0,0,-1,"1600-1659",16,1644,1812,8,1829,1820,-9,0,0,-1,"1800-1859",0,"",0,114,112,88,1,500,3,NA,NA,NA,NA,NA,NA,NA,NA
2011,1,3,18,5,2011-03-18,"US",20355,"US","N186US",1793,11057,1105702,31057,"CLT","Charlotte, NC","NC",37,"North Carolina",36,12889,1288902,32211,"LAS","Las Vegas, NV","NV",32,"Nevada",85,1955,1953,-2,0,0,-1,"1900-1959",14,2007,2134,4,2147,2138,-9,0,0,-1,"2100-2159",0,"",0,292,285,267,1,1916,8,NA,NA,NA,NA,NA,NA,NA,NA
2011,1,3,5,6,2011-03-05,"US",20355,"US","N768US",1248,11057,1105702,31057,"CLT","Charlotte, NC","NC",37,"North Carolina",36,12953,1295301,31703,"LGA","New York, NY","NY",36,"New York",22,1305,1315,10,10,0,0,"1300-1359",13,1328,1445,7,1447,1452,5,5,0,0,"1400-1459",0,"",0,102,97,77,1,544,3,NA,NA,NA,NA,NA,NA,NA,NA
2011,1,3,7,1,2011-03-07,"US",20355,"US","N756US",1667,11057,1105702,31057,"CLT","Charlotte, NC","NC",37,"North Carolina",36,15016,1501602,31123,"STL","St. Louis, MO","MO",29,"Missouri",64,1810,1807,-3,0,0,-1,"1800-1859",16,1823,1907,4,1914,1911,-3,0,0,-1,"1900-1959",0,"",0,124,124,104,1,575,3,NA,NA,NA,NA,NA,NA,NA,NA
2011,1,3,18,5,2011-03-18,"US",20355,"US","N574US",1129,11057,1105702,31057,"CLT","Charlotte, NC","NC",37,"North Carolina",36,13577,1357701,31135,"MYR","Myrtle Beach, SC","SC",45,"South Carolina",37,2225,2217,-8,0,0,-1,"2200-2259",18,2235,2304,3,2319,2307,-12,0,0,-1,"2300-2359",0,"",0,54,50,29,1,156,1,NA,NA,NA,NA,NA,NA,NA,NA
2011,1,3,28,1,2011-03-28,"US",20355,"US","N162UW",1687,11057,1105702,31057,"CLT","Charlotte, NC","NC",37,"North Carolina",36,11697,1169702,32467,"FLL","Fort Lauderdale, FL","FL",12,"Florida",33,2015,2010,-5,0,0,-1,"2000-2059",30,2040,2231,5,2212,2236,24,24,1,1,"2200-2259",0,"",0,117,146,111,1,631,3,0,0,24,0,0,NA,NA,NA
2011,1,3,6,7,2011-03-06,"US",20355,"US","N125UW",1840,11057,1105702,31057,"CLT","Charlotte, NC","NC",37,"North Carolina",36,14122,1412201,30198,"PIT","Pittsburgh, PA","PA",42,"Pennsylvania",23,1815,1819,4,4,0,0,"1800-1859",21,1840,1934,7,1944,1941,-3,0,0,-1,"1900-1959",0,"",0,89,82,54,1,366,2,NA,NA,NA,NA,NA,NA,NA,NA
2011,1,3,15,2,2011-03-15,"US",20355,"US","N537UW",1032,11057,1105702,31057,"CLT","Charlotte, NC","NC",37,"North Carolina",36,14843,1484302,34819,"SJU","San Juan, PR","PR",72,"Puerto Rico",3,950,953,3,3,0,0,"0900-0959",27,1020,1336,6,1325,1342,17,17,1,1,"1300-1359",0,"",0,215,229,196,1,1474,6,3,0,14,0,0,NA,NA,NA
2011,1,3,23,3,2011-03-23,"US",20355,"US","N117UW",1490,11057,1105702,31057,"CLT","Charlotte, NC","NC",37,"North Carolina",36,12953,1295301,31703,"LGA","New York, NY","NY",36,"New York",22,1611,1622,11,11,0,0,"1600-1659",12,1634,1746,4,1801,1750,-11,0,0,-1,"1800-1859",0,"",0,110,88,72,1,544,3,NA,NA,NA,NA,NA,NA,NA,NA
2011,1,3,6,7,2011-03-06,"DL",19790,"DL","N914DE",2433,11057,1105702,31057,"CLT","Charlotte, NC","NC",37,"North Carolina",36,10397,1039703,30397,"ATL","Atlanta, GA","GA",13,"Georgia",34,1205,1202,-3,0,0,-1,"1200-1259",47,1249,1337,6,1325,1343,18,18,1,1,"1300-1359",0,"",0,80,101,48,1,227,1,0,0,18,0,0,NA,NA,NA
2011,1,3,17,4,2011-03-17,"US",20355,"US","N758US",1298,11057,1105702,31057,"CLT","Charlotte, NC","NC",37,"North Carolina",36,13230,1323001,32070,"MDT","Harrisburg, PA","PA",42,"Pennsylvania",23,1949,1942,-7,0,0,-1,"1900-1959",9,1951,2054,7,2116,2101,-15,0,0,-1,"2100-2159",0,"",0,87,79,63,1,413,2,NA,NA,NA,NA,NA,NA,NA,NA
2011,1,3,24,4,2011-03-24,"US",20355,"US","N405US",1488,11057,1105702,31057,"CLT","Charlotte, NC","NC",37,"North Carolina",36,10721,1072101,30721,"BOS","Boston, MA","MA",25,"Massachusetts",13,1610,1713,63,63,1,4,"1600-1659",12,1725,1909,8,1818,1917,59,59,1,3,"1800-1859",0,"",0,128,124,104,1,728,3,0,0,59,0,0,NA,NA,NA
2011,1,3,31,4,2011-03-31,"YV",20378,"YV","N907FJ",2677,11057,1105702,31057,"CLT","Charlotte, NC","NC",37,"North Carolina",36,14730,1473002,33044,"SDF","Louisville, KY","KY",21,"Kentucky",52,1310,1315,5,5,0,0,"1300-1359",18,1333,1428,7,1438,1435,-3,0,0,-1,"1400-1459",0,"",0,88,80,55,1,336,2,NA,NA,NA,NA,NA,NA,NA,NA
2011,1,3,10,4,2011-03-10,"US",20355,"US","N406US",1457,11057,1105702,31057,"CLT","Charlotte, NC","NC",37,"North Carolina",36,11697,1169702,32467,"FLL","Fort Lauderdale, FL","FL",12,"Florida",33,1320,1331,11,11,0,0,"1300-1359",13,1344,1530,5,1522,1535,13,13,0,0,"1500-1559",0,"",0,122,124,106,1,631,3,NA,NA,NA,NA,NA,NA,NA,NA
2011,1,3,26,6,2011-03-26,"US",20355,"US","N941UW",1857,11057,1105702,31057,"CLT","Charlotte, NC","NC",37,"North Carolina",36,13204,1320401,31454,"MCO","Orlando, FL","FL",12,"Florida",33,2220,2221,1,1,0,0,"2200-2259",18,2239,2344,6,2354,2350,-4,0,0,-1,"2300-2359",0,"",0,94,89,65,1,468,2,NA,NA,NA,NA,NA,NA,NA,NA
2011,1,3,27,7,2011-03-27,"US",20355,"US","N648AW",374,11057,1105702,31057,"CLT","Charlotte, NC","NC",37,"North Carolina",36,12478,1247801,31703,"JFK","New York, NY","NY",36,"New York",22,1305,1304,-1,0,0,-1,"1300-1359",13,1317,1434,7,1503,1441,-22,0,0,-2,"1500-1559",0,"",0,118,97,77,1,541,3,NA,NA,NA,NA,NA,NA,NA,NA
2011,1,3,9,3,2011-03-09,"DL",19790,"DL","N395DN",335,11057,1105702,31057,"CLT","Charlotte, NC","NC",37,"North Carolina",36,10397,1039703,30397,"ATL","Atlanta, GA","GA",13,"Georgia",34,1703,1724,21,21,1,1,"1700-1759",29,1753,1848,16,1830,1904,34,34,1,2,"1800-1859",0,"",0,87,100,55,1,227,1,4,0,13,0,17,NA,NA,NA
2011,1,3,22,2,2011-03-22,"US",20355,"US","N450UW",1488,11057,1105702,31057,"CLT","Charlotte, NC","NC",37,"North Carolina",36,10721,1072101,30721,"BOS","Boston, MA","MA",25,"Massachusetts",13,1610,1608,-2,0,0,-1,"1600-1659",15,1623,1807,11,1818,1818,0,0,0,0,"1800-1859",0,"",0,128,130,104,1,728,3,NA,NA,NA,NA,NA,NA,NA,NA
2011,1,3,10,4,2011-03-10,"YV",20378,"YV","N922FJ",2630,11057,1105702,31057,"CLT","Charlotte, NC","NC",37,"North Carolina",36,12264,1226401,30852,"IAD","Washington, DC","VA",51,"Virginia",38,1610,1625,15,15,1,1,"1600-1659",15,1640,1739,11,1730,1750,20,20,1,1,"1700-1759",0,"",0,80,85,59,1,321,2,15,0,5,0,0,NA,NA,NA
2011,1,3,4,5,2011-03-04,"US",20355,"US","N742PS",846,11057,1105702,31057,"CLT","Charlotte, NC","NC",37,"North Carolina",36,14100,1410001,34100,"PHL","Philadelphia, PA","PA",42,"Pennsylvania",23,1305,1326,21,21,1,1,"1300-1359",10,1336,1446,5,1445,1451,6,6,0,0,"1400-1459",0,"",0,100,85,70,1,448,2,NA,NA,NA,NA,NA,1304,3,3
2011,1,3,24,4,2011-03-24,"YV",20378,"YV","N942LR",2661,11057,1105702,31057,"CLT","Charlotte, NC","NC",37,"North Carolina",36,10423,1042302,30423,"AUS","Austin, TX","TX",48,"Texas",74,2025,2021,-4,0,0,-1,"2000-2059",21,2042,2212,6,2240,2218,-22,0,0,-2,"2200-2259",0,"",0,195,177,150,1,1033,5,NA,NA,NA,NA,NA,NA,NA,NA
2011,1,3,13,7,2011-03-13,"YV",20378,"YV","N910FJ",2615,11057,1105702,31057,"CLT","Charlotte, NC","NC",37,"North Carolina",36,11042,1104201,30647,"CLE","Cleveland, OH","OH",39,"Ohio",44,1130,1126,-4,0,0,-1,"1100-1159",21,1147,1257,7,1316,1304,-12,0,0,-1,"1300-1359",0,"",0,106,98,70,1,430,2,NA,NA,NA,NA,NA,NA,NA,NA
2011,1,3,9,3,2011-03-09,"DL",19790,"DL","N395DN",335,11057,1105702,31057,"CLT","Charlotte, NC","NC",37,"North Carolina",36,10397,1039703,30397,"ATL","Atlanta, GA","GA",13,"Georgia",34,1703,1724,21,21,1,1,"1700-1759",29,1753,1848,16,1830,1904,34,34,1,2,"1800-1859",0,"",0,87,100,55,1,227,1,4,0,13,0,17,NA,NA,NA
2011,1,3,24,4,2011-03-24,"US",20355,"US","N714US",1780,11057,1105702,31057,"CLT","Charlotte, NC","NC",37,"North Carolina",36,11278,1127801,30852,"DCA","Washington, DC","VA",51,"Virginia",38,2210,2216,6,6,0,0,"2200-2259",16,2232,2320,3,2321,2323,2,2,0,0,"2300-2359",0,"",0,71,67,48,1,331,2,NA,NA,NA,NA,NA,NA,NA,NA
2011,1,3,12,6,2011-03-12,"US",20355,"US","N765US",1795,11057,1105702,31057,"CLT","Charlotte, NC","NC",37,"North Carolina",36,13495,1349501,33495,"MSY","New Orleans, LA","LA",22,"Louisiana",72,1640,1634,-6,0,0,-1,"1600-1659",11,1645,1722,2,1748,1724,-24,0,0,-2,"1700-1759",0,"",0,128,110,97,1,651,3,NA,NA,NA,NA,NA,NA,NA,NA
2011,1,3,3,4,2011-03-03,"US",20355,"US","N705UW",1701,11057,1105702,31057,"CLT","Charlotte, NC","NC",37,"North Carolina",36,11278,1127801,30852,"DCA","Washington, DC","VA",51,"Virginia",38,1135,1130,-5,0,0,-1,"1100-1159",38,1208,1305,3,1251,1308,17,17,1,1,"1200-1259",0,"",0,76,98,57,1,331,2,0,0,17,0,0,NA,NA,NA
2011,1,3,24,4,2011-03-24,"US",20355,"US","N123UW",1458,11057,1105702,31057,"CLT","Charlotte, NC","NC",37,"North Carolina",36,12478,1247801,31703,"JFK","New York, NY","NY",36,"New York",22,2208,2203,-5,0,0,-1,"2200-2259",8,2211,2321,16,2359,2337,-22,0,0,-2,"2300-2359",0,"",0,111,94,70,1,541,3,NA,NA,NA,NA,NA,NA,NA,NA
2011,1,3,10,4,2011-03-10,"US",20355,"US","N741UW",938,11057,1105702,31057,"CLT","Charlotte, NC","NC",37,"North Carolina",36,12953,1295301,31703,"LGA","New York, NY","NY",36,"New York",22,1135,1141,6,6,0,0,"1100-1159",33,1214,1334,6,1326,1340,14,14,0,0,"1300-1359",0,"",0,111,119,80,1,544,3,NA,NA,NA,NA,NA,NA,NA,NA
2011,1,3,29,2,2011-03-29,"US",20355,"US","N196UW",1499,11057,1105702,31057,"CLT","Charlotte, NC","NC",37,"North Carolina",36,12892,1289201,32575,"LAX","Los Angeles, CA","CA",6,"California",91,2010,2003,-7,0,0,-1,"2000-2059",11,2014,2205,16,2233,2221,-12,0,0,-1,"2200-2259",0,"",0,323,318,291,1,2125,9,NA,NA,NA,NA,NA,NA,NA,NA
2011,1,3,13,7,2011-03-13,"US",20355,"US","N171US",1081,11057,1105702,31057,"CLT","Charlotte, NC","NC",37,"North Carolina",36,15304,1530401,33195,"TPA","Tampa, FL","FL",12,"Florida",33,1300,1311,11,11,0,0,"1300-1359",12,1323,1435,7,1439,1442,3,3,0,0,"1400-1459",0,"",0,99,91,72,1,508,3,NA,NA,NA,NA,NA,NA,NA,NA
2011,1,3,14,1,2011-03-14,"US",20355,"US","N422US",1203,11057,1105702,31057,"CLT","Charlotte, NC","NC",37,"North Carolina",36,12266,1226602,31453,"IAH","Houston, TX","TX",48,"Texas",74,1815,1816,1,1,0,0,"1800-1859",14,1830,1951,9,2010,2000,-10,0,0,-1,"2000-2059",0,"",0,175,164,141,1,913,4,NA,NA,NA,NA,NA,NA,NA,NA
2011,1,3,21,1,2011-03-21,"YV",20378,"YV","N905FJ",2681,11057,1105702,31057,"CLT","Charlotte, NC","NC",37,"North Carolina",36,14986,1498602,34986,"SRQ","Sarasota/Bradenton, FL","FL",12,"Florida",33,924,1138,134,134,1,8,"0900-0959",25,1203,1319,17,1110,1336,146,146,1,9,"1100-1159",0,"",0,106,118,76,1,547,3,0,0,12,0,134,NA,NA,NA
2011,1,3,2,3,2011-03-02,"US",20355,"US","N540UW",1433,11057,1105702,31057,"CLT","Charlotte, NC","NC",37,"North Carolina",36,12892,1289201,32575,"LAX","Los Angeles, CA","CA",6,"California",91,1000,955,-5,0,0,-1,"1000-1059",13,1008,1209,11,1230,1220,-10,0,0,-1,"1200-1259",0,"",0,330,325,301,1,2125,9,NA,NA,NA,NA,NA,NA,NA,NA
2011,1,3,5,6,2011-03-05,"US",20355,"US","N172US",1511,11057,1105702,31057,"CLT","Charlotte, NC","NC",37,"North Carolina",36,14107,1410701,30466,"PHX","Phoenix, AZ","AZ",4,"Arizona",81,1425,1430,5,5,0,0,"1400-1459",8,1438,1646,2,1703,1648,-15,0,0,-1,"1700-1759",0,"",0,278,258,248,1,1774,8,NA,NA,NA,NA,NA,NA,NA,NA
2011,1,3,28,1,2011-03-28,"US",20355,"US","N441US",1788,11057,1105702,31057,"CLT","Charlotte, NC","NC",37,"North Carolina",36,13930,1393001,30977,"ORD","Chicago, IL","IL",17,"Illinois",41,2225,2311,46,46,1,3,"2200-2259",20,2331,18,6,2323,24,61,61,1,4,"2300-2359",0,"",0,118,133,107,1,599,3,46,0,15,0,0,NA,NA,NA
2011,1,3,9,3,2011-03-09,"YV",20378,"YV","N514MJ",7303,11057,1105702,31057,"CLT","Charlotte, NC","NC",37,"North Carolina",36,12264,1226401,30852,"IAD","Washington, DC","VA",51,"Virginia",38,1444,1527,43,43,1,2,"1400-1459",76,1643,1739,11,1610,1750,100,100,1,6,"1600-1659",0,"",0,86,143,56,1,321,2,0,0,57,0,43,NA,NA,NA
2011,1,3,17,4,2011-03-17,"YV",20378,"YV","N942LR",2656,11057,1105702,31057,"CLT","Charlotte, NC","NC",37,"North Carolina",36,12264,1226401,30852,"IAD","Washington, DC","VA",51,"Virginia",38,1145,1145,0,0,0,0,"1100-1159",38,1223,1316,9,1310,1325,15,15,1,1,"1300-1359",0,"",0,85,100,53,1,321,2,0,0,15,0,0,NA,NA,NA
2011,1,3,17,4,2011-03-17,"US",20355,"US","N104UW",1499,11057,1105702,31057,"CLT","Charlotte, NC","NC",37,"North Carolina",36,12892,1289201,32575,"LAX","Los Angeles, CA","CA",6,"California",91,2010,2209,119,119,1,7,"2000-2059",13,2222,2352,8,2239,2400,81,81,1,5,"2200-2259",0,"",0,329,291,270,1,2125,9,81,0,0,0,0,NA,NA,NA
2011,1,3,26,6,2011-03-26,"US",20355,"US","N649AW",58,11057,1105702,31057,"CLT","Charlotte, NC","NC",37,"North Carolina",36,13487,1348701,31650,"MSP","Minneapolis, MN","MN",27,"Minnesota",63,2215,2222,7,7,0,0,"2200-2259",11,2233,2348,5,2353,2353,0,0,0,0,"2300-2359",0,"",0,158,151,135,1,930,4,NA,NA,NA,NA,NA,NA,NA,NA
2011,1,3,20,7,2011-03-20,"XE",20374,"XE","N14952",3153,11057,1105702,31057,"CLT","Charlotte, NC","NC",37,"North Carolina",36,11618,1161801,31703,"EWR","Newark, NJ","NJ",34,"New Jersey",21,1708,1700,-8,0,0,-1,"1700-1759",15,1715,1845,14,1900,1859,-1,0,0,-1,"1900-1959",0,"",0,112,119,90,1,529,3,NA,NA,NA,NA,NA,NA,NA,NA
2011,1,3,28,1,2011-03-28,"US",20355,"US","N660AW",680,11057,1105702,31057,"CLT","Charlotte, NC","NC",37,"North Carolina",36,11618,1161801,31703,"EWR","Newark, NJ","NJ",34,"New Jersey",21,1320,1315,-5,0,0,-1,"1300-1359",26,1341,1451,7,1516,1458,-18,0,0,-2,"1500-1559",0,"",0,116,103,70,1,529,3,NA,NA,NA,NA,NA,NA,NA,NA
2011,1,3,26,6,2011-03-26,"EV",20366,"EV","N904EV",5452,11057,1105702,31057,"CLT","Charlotte, NC","NC",37,"North Carolina",36,13244,1324401,33244,"MEM","Memphis, TN","TN",47,"Tennessee",54,1150,1222,32,32,1,2,"1100-1159",19,1241,1317,9,1252,1326,34,34,1,2,"1200-1259",0,"",0,122,124,96,1,512,3,0,0,2,0,32,NA,NA,NA
2011,1,3,27,7,2011-03-27,"YV",20378,"YV","N939LR",2614,11057,1105702,31057,"CLT","Charlotte, NC","NC",37,"North Carolina",36,11618,1161801,31703,"EWR","Newark, NJ","NJ",34,"New Jersey",21,2117,2117,0,0,0,0,"2100-2159",21,2138,2247,8,2259,2255,-4,0,0,-1,"2200-2259",0,"",0,102,98,69,1,529,3,NA,NA,NA,NA,NA,NA,NA,NA
2011,1,3,30,3,2011-03-30,"US",20355,"US","N181UW",1631,11057,1105702,31057,"CLT","Charlotte, NC","NC",37,"North Carolina",36,15304,1530401,33195,"TPA","Tampa, FL","FL",12,"Florida",33,930,945,15,15,1,1,"0900-0959",23,1008,1131,3,1109,1134,25,25,1,1,"1100-1159",0,"",0,99,109,83,1,508,3,15,0,10,0,0,NA,NA,NA
2011,1,3,8,2,2011-03-08,"YV",20378,"YV","N934FJ",2944,11057,1105702,31057,"CLT","Charlotte, NC","NC",37,"North Carolina",36,13931,1393101,33667,"ORF","Norfolk, VA","VA",51,"Virginia",38,1135,1133,-2,0,0,-1,"1100-1159",21,1154,1236,4,1248,1240,-8,0,0,-1,"1200-1259",0,"",0,73,67,42,1,290,2,NA,NA,NA,NA,NA,NA,NA,NA
2011,1,3,1,2,2011-03-01,"US",20355,"US","N181UW",1483,11057,1105702,31057,"CLT","Charlotte, NC","NC",37,"North Carolina",36,14771,1477101,32457,"SFO","San Francisco, CA","CA",6,"California",91,735,731,-4,0,0,-1,"0700-0759",12,743,1000,5,1019,1005,-14,0,0,-1,"1000-1059",0,"",0,344,334,317,1,2296,10,NA,NA,NA,NA,NA,NA,NA,NA
2011,1,3,16,3,2011-03-16,"US",20355,"US","N111US",1813,11057,1105702,31057,"CLT","Charlotte, NC","NC",37,"North Carolina",36,15304,1530401,33195,"TPA","Tampa, FL","FL",12,"Florida",33,746,750,4,4,0,0,"0700-0759",19,809,928,3,926,931,5,5,0,0,"0900-0959",0,"",0,100,101,79,1,508,3,NA,NA,NA,NA,NA,NA,NA,NA
2011,1,3,29,2,2011-03-29,"US",20355,"US","N541UW",198,11057,1105702,31057,"CLT","Charlotte, NC","NC",37,"North Carolina",36,14679,1467902,33570,"SAN","San Diego, CA","CA",6,"California",91,1815,1808,-7,0,0,-1,"1800-1859",27,1835,2027,3,2030,2030,0,0,0,0,"2000-2059",0,"",0,315,322,292,1,2077,9,NA,NA,NA,NA,NA,NA,NA,NA
2011,1,3,9,3,2011-03-09,"US",20355,"US","N194UW",1809,11057,1105702,31057,"CLT","Charlotte, NC","NC",37,"North Carolina",36,14635,1463501,31714,"RSW","Fort Myers, FL","FL",12,"Florida",33,1150,1147,-3,0,0,-1,"1100-1159",24,1211,1345,5,1349,1350,1,1,0,0,"1300-1359",0,"",0,119,123,94,1,600,3,NA,NA,NA,NA,NA,NA,NA,NA
2011,1,3,31,4,2011-03-31,"US",20355,"US","N425US",1125,11057,1105702,31057,"CLT","Charlotte, NC","NC",37,"North Carolina",36,12266,1226602,31453,"IAH","Houston, TX","TX",48,"Texas",74,930,930,0,0,0,0,"0900-0959",19,949,1116,6,1109,1122,13,13,0,0,"1100-1159",0,"",0,159,172,147,1,913,4,NA,NA,NA,NA,NA,NA,NA,NA
2011,1,3,16,3,2011-03-16,"US",20355,"US","N738US",1701,11057,1105702,31057,"CLT","Charlotte, NC","NC",37,"North Carolina",36,11278,1127801,30852,"DCA","Washington, DC","VA",51,"Virginia",38,1135,1132,-3,0,0,-1,"1100-1159",41,1213,1309,6,1251,1315,24,24,1,1,"1200-1259",0,"",0,76,103,56,1,331,2,0,0,24,0,0,NA,NA,NA
2011,1,3,1,2,2011-03-01,"YV",20378,"YV","N904FJ",2609,11057,1105702,31057,"CLT","Charlotte, NC","NC",37,"North Carolina",36,10693,1069301,30693,"BNA","Nashville, TN","TN",47,"Tennessee",54,1320,1315,-5,0,0,-1,"1300-1359",31,1346,1341,8,1346,1349,3,3,0,0,"1300-1359",0,"",0,86,94,55,1,329,2,NA,NA,NA,NA,NA,NA,NA,NA
2011,1,3,23,3,2011-03-23,"US",20355,"US","N717UW",945,11057,1105702,31057,"CLT","Charlotte, NC","NC",37,"North Carolina",36,12451,1245101,31136,"JAX","Jacksonville, FL","FL",12,"Florida",33,1140,1233,53,53,1,3,"1100-1159",13,1246,1337,3,1303,1340,37,37,1,2,"1300-1359",0,"",0,83,67,51,1,329,2,37,0,0,0,0,NA,NA,NA
2011,1,3,16,3,2011-03-16,"YV",20378,"YV","N902FJ",2684,11057,1105702,31057,"CLT","Charlotte, NC","NC",37,"North Carolina",36,11193,1119301,33105,"CVG","Cincinnati, OH","KY",21,"Kentucky",52,1606,1626,20,20,1,1,"1600-1659",23,1649,1746,6,1734,1752,18,18,1,1,"1700-1759",0,"",0,88,86,57,1,335,2,18,0,0,0,0,NA,NA,NA
2011,1,3,1,2,2011-03-01,"B6",20409,"B6","N206JB",1080,11057,1105702,31057,"CLT","Charlotte, NC","NC",37,"North Carolina",36,12478,1247801,31703,"JFK","New York, NY","NY",36,"New York",22,600,559,-1,0,0,-1,"0600-0659",26,625,745,6,750,751,1,1,0,0,"0700-0759",0,"",0,110,112,80,1,541,3,NA,NA,NA,NA,NA,NA,NA,NA
2011,1,3,14,1,2011-03-14,"YV",20378,"YV","N920FJ",2944,11057,1105702,31057,"CLT","Charlotte, NC","NC",37,"North Carolina",36,13931,1393101,33667,"ORF","Norfolk, VA","VA",51,"Virginia",38,1135,1133,-2,0,0,-1,"1100-1159",19,1152,1237,2,1248,1239,-9,0,0,-1,"1200-1259",0,"",0,73,66,45,1,290,2,NA,NA,NA,NA,NA,NA,NA,NA
2011,1,3,4,5,2011-03-04,"YV",20378,"YV","N930LR",2681,11057,1105702,31057,"CLT","Charlotte, NC","NC",37,"North Carolina",36,14986,1498602,34986,"SRQ","Sarasota/Bradenton, FL","FL",12,"Florida",33,924,935,11,11,0,0,"0900-0959",21,956,1116,3,1110,1119,9,9,0,0,"1100-1159",0,"",0,106,104,80,1,547,3,NA,NA,NA,NA,NA,NA,NA,NA
2011,1,3,12,6,2011-03-12,"US",20355,"US","N742PS",1124,11057,1105702,31057,"CLT","Charlotte, NC","NC",37,"North Carolina",36,12953,1295301,31703,"LGA","New York, NY","NY",36,"New York",22,2005,2004,-1,0,0,-1,"2000-2059",37,2041,2200,7,2155,2207,12,12,0,0,"2100-2159",0,"",0,110,123,79,1,544,3,NA,NA,NA,NA,NA,NA,NA,NA
2011,1,3,11,5,2011-03-11,"MQ",20398,"MQ","N625MQ",3634,11057,1105702,31057,"CLT","Charlotte, NC","NC",37,"North Carolina",36,13303,1330302,32467,"MIA","Miami, FL","FL",12,"Florida",33,940,1025,45,45,1,3,"0900-0959",14,1039,1214,12,1145,1226,41,41,1,2,"1100-1159",0,"",0,125,121,95,1,650,3,13,0,0,0,28,NA,NA,NA
2011,1,3,28,1,2011-03-28,"MQ",20398,"MQ","N661MQ",4231,11057,1105702,31057,"CLT","Charlotte, NC","NC",37,"North Carolina",36,13930,1393001,30977,"ORD","Chicago, IL","IL",17,"Illinois",41,1745,1738,-7,0,0,-1,"1700-1759",19,1757,1841,9,1905,1850,-15,0,0,-1,"1900-1959",0,"",0,140,132,104,1,599,3,NA,NA,NA,NA,NA,NA,NA,NA
2011,1,3,2,3,2011-03-02,"US",20355,"US","N104UW",1458,11057,1105702,31057,"CLT","Charlotte, NC","NC",37,"North Carolina",36,12478,1247801,31703,"JFK","New York, NY","NY",36,"New York",22,2208,2203,-5,0,0,-1,"2200-2259",13,2216,2336,3,2359,2339,-20,0,0,-2,"2300-2359",0,"",0,111,96,80,1,541,3,NA,NA,NA,NA,NA,NA,NA,NA
2011,1,3,16,3,2011-03-16,"FL",20437,"FL","N906AT",494,11057,1105702,31057,"CLT","Charlotte, NC","NC",37,"North Carolina",36,10821,1082103,30852,"BWI","Baltimore, MD","MD",24,"Maryland",35,701,656,-5,0,0,-1,"0700-0759",12,708,805,7,825,812,-13,0,0,-1,"0800-0859",0,"",0,84,76,57,1,361,2,NA,NA,NA,NA,NA,NA,NA,NA
2011,1,3,5,6,2011-03-05,"US",20355,"US","N708UW",1440,11057,1105702,31057,"CLT","Charlotte, NC","NC",37,"North Carolina",36,11278,1127801,30852,"DCA","Washington, DC","VA",51,"Virginia",38,943,942,-1,0,0,-1,"0900-0959",20,1002,1101,7,1100,1108,8,8,0,0,"1100-1159",0,"",0,77,86,59,1,331,2,NA,NA,NA,NA,NA,NA,NA,NA
2011,1,3,26,6,2011-03-26,"US",20355,"US","N161UW",938,11057,1105702,31057,"CLT","Charlotte, NC","NC",37,"North Carolina",36,12953,1295301,31703,"LGA","New York, NY","NY",36,"New York",22,1135,1147,12,12,0,0,"1100-1159",44,1231,1343,8,1326,1351,25,25,1,1,"1300-1359",0,"",0,111,124,72,1,544,3,12,0,13,0,0,NA,NA,NA
2011,1,3,6,7,2011-03-06,"YV",20378,"YV","N929LR",2656,11057,1105702,31057,"CLT","Charlotte, NC","NC",37,"North Carolina",36,12264,1226401,30852,"IAD","Washington, DC","VA",51,"Virginia",38,1145,1145,0,0,0,0,"1100-1159",45,1230,1330,5,1310,1335,25,25,1,1,"1300-1359",0,"",0,85,110,60,1,321,2,0,0,25,0,0,NA,NA,NA
