"Year","Quarter","Month","DayofMonth","DayOfWeek","FlightDate","UniqueCarrier","AirlineID","Carrier","TailNum","FlightNum","OriginAirportID","OriginAirportSeqID","OriginCityMarketID","Origin","OriginCityName","OriginState","OriginStateFips","OriginStateName","OriginWac","DestAirportID","DestAirportSeqID","DestCityMarketID","Dest","DestCityName","DestState","DestStateFips","DestStateName","DestWac","CRSDepTime","DepTime","DepDelay","DepDelayMinutes","DepDel15","DepartureDelayGroups","DepTimeBlk","TaxiOut","WheelsOff","WheelsOn","TaxiIn","CRSArrTime","ArrTime","ArrDelay","ArrDelayMinutes","ArrDel15","ArrivalDelayGroups","ArrTimeBlk","Cancelled","CancellationCode","Diverted","CRSElapsedTime","ActualElapsedTime","AirTime","Flights","Distance","DistanceGroup","CarrierDelay","WeatherDelay","NASDelay","SecurityDelay","LateAircraftDelay","FirstDepTime","TotalAddGTime","LongestAddGTime"
2011,4,12,28,3,2011-12-28,"FL",20437,"FL","N603AT",111,10397,1039704,30397,"ATL","Atlanta, GA","GA",13,"Georgia",34,12264,1226402,30852,"IAD","Washington, DC","VA",51,"Virginia",38,2115,2107,-8,0,0,-1,"2100-2159",17,2124,2238,6,2257,2244,-13,0,0,-1,"2200-2259",0,"",0,102,97,74,1,534,3,NA,NA,NA,NA,NA,NA,NA,NA
2011,4,12,26,1,2011-12-26,"DL",19790,"DL","N915DL",1021,10397,1039704,30397,"ATL","Atlanta, GA","GA",13,"Georgia",34,13244,1324402,33244,"MEM","Memphis, TN","TN",47,"Tennessee",54,715,712,-3,0,0,-1,"0700-0759",11,723,721,4,745,725,-20,0,0,-2,"0700-0759",0,"",0,90,73,58,1,332,2,NA,NA,NA,NA,NA,NA,NA,NA
2011,4,12,17,6,2011-12-17,"FL",20437,"FL","N994AT",127,10397,1039704,30397,"ATL","Atlanta, GA","GA",13,"Georgia",34,15304,1530402,33195,"TPA","Tampa, FL","FL",12,"Florida",33,1150,1145,-5,0,0,-1,"1100-1159",10,1155,1258,4,1312,1302,-10,0,0,-1,"1300-1359",0,"",0,82,77,63,1,406,2,NA,NA,NA,NA,NA,NA,NA,NA
2011,4,12,18,7,2011-12-18,"EV",20366,"EV","N331CA",5562,10397,1039704,30397,"ATL","Atlanta, GA","GA",13,"Georgia",34,10685,1068502,30685,"BMI","Bloomington/Normal, IL","IL",17,"Illinois",41,1928,1925,-3,0,0,-1,"1900-1959",22,1947,2003,4,2011,2007,-4,0,0,-1,"2000-2059",0,"",0,103,102,76,1,533,3,NA,NA,NA,NA,NA,NA,NA,NA
2011,4,12,3,6,2011-12-03,"DL",19790,"DL","N986DL",1587,10397,1039704,30397,"ATL","Atlanta, GA","GA",13,"Georgia",34,13198,1319801,33198,"MCI","Kansas City, MO","MO",29,"Missouri",64,1909,2112,123,123,1,8,"1900-1959",18,2130,2214,4,2040,2218,98,98,1,6,"2000-2059",0,"",0,151,126,104,1,692,3,98,0,0,0,0,1905,36,36
2011,4,12,9,5,2011-12-09,"EV",20366,"EV","N934EV",5056,10397,1039704,30397,"ATL","Atlanta, GA","GA",13,"Georgia",34,11641,1164102,31641,"FAY","Fayetteville, NC","NC",37,"North Carolina",36,1505,1457,-8,0,0,-1,"1500-1559",17,1514,1600,4,1624,1604,-20,0,0,-2,"1600-1659",0,"",0,79,67,46,1,331,2,NA,NA,NA,NA,NA,NA,NA,NA
2011,4,12,19,1,2011-12-19,"DL",19790,"DL","N612DL",552,10397,1039704,30397,"ATL","Atlanta, GA","GA",13,"Georgia",34,13495,1349502,33495,"MSY","New Orleans, LA","LA",22,"Louisiana",72,2050,2047,-3,0,0,-1,"2000-2059",19,2106,2119,6,2135,2125,-10,0,0,-1,"2100-2159",0,"",0,105,98,73,1,425,2,NA,NA,NA,NA,NA,NA,NA,NA
2011,4,12,16,5,2011-12-16,"US",20355,"US","N103US",1059,10397,1039704,30397,"ATL","Atlanta, GA","GA",13,"Georgia",34,11057,1105703,31057,"CLT","Charlotte, NC","NC",37,"North Carolina",36,900,853,-7,0,0,-1,"0900-0959",21,914,957,13,1034,1010,-24,0,0,-2,"1000-1059",0,"",0,94,77,43,1,226,1,NA,NA,NA,NA,NA,NA,NA,NA
2011,4,12,10,6,2011-12-10,"DL",19790,"DL","N639DL",81,10397,1039704,30397,"ATL","Atlanta, GA","GA",13,"Georgia",34,14869,1486903,34614,"SLC","Salt Lake City, UT","UT",49,"Utah",87,1645,1644,-1,0,0,-1,"1600-1659",27,1711,1835,6,1909,1841,-28,0,0,-2,"1900-1959",0,"",0,264,237,204,1,1590,7,NA,NA,NA,NA,NA,NA,NA,NA
2011,4,12,19,1,2011-12-19,"EV",20366,"EV","N528CA",5337,10397,1039704,30397,"ATL","Atlanta, GA","GA",13,"Georgia",34,13277,1327702,33277,"MGM","Montgomery, AL","AL",1,"Alabama",51,1207,1205,-2,0,0,-1,"1200-1259",17,1222,1156,3,1158,1159,1,1,0,0,"1100-1159",0,"",0,51,54,34,1,147,1,NA,NA,NA,NA,NA,NA,NA,NA
2011,4,12,5,1,2011-12-05,"DL",19790,"DL","N928DN",2060,10397,1039704,30397,"ATL","Atlanta, GA","GA",13,"Georgia",34,10140,1014002,30140,"ABQ","Albuquerque, NM","NM",35,"New Mexico",86,1912,1923,11,11,0,0,"1900-1959",20,1943,2049,5,2054,2054,0,0,0,0,"2000-2059",0,"",0,222,211,186,1,1269,6,NA,NA,NA,NA,NA,NA,NA,NA
2011,4,12,12,1,2011-12-12,"EV",20366,"EV","N937EV",5316,10397,1039704,30397,"ATL","Atlanta, GA","GA",13,"Georgia",34,14574,1457402,34574,"ROA","Roanoke, VA","VA",51,"Virginia",38,2035,2028,-7,0,0,-1,"2000-2059",15,2043,2135,11,2157,2146,-11,0,0,-1,"2100-2159",0,"",0,82,78,52,1,357,2,NA,NA,NA,NA,NA,NA,NA,NA
2011,4,12,15,4,2011-12-15,"DL",19790,"DL","N908DL",1846,10397,1039704,30397,"ATL","Atlanta, GA","GA",13,"Georgia",34,12191,1219102,31453,"HOU","Houston, TX","TX",48,"Texas",74,1403,1401,-2,0,0,-1,"1400-1459",24,1425,1514,5,1519,1519,0,0,0,0,"1500-1559",0,"",0,136,138,109,1,696,3,NA,NA,NA,NA,NA,NA,NA,NA
2011,4,12,1,4,2011-12-01,"DL",19790,"DL","N6709",1527,10397,1039704,30397,"ATL","Atlanta, GA","GA",13,"Georgia",34,11697,1169703,32467,"FLL","Fort Lauderdale, FL","FL",12,"Florida",33,1625,1620,-5,0,0,-1,"1600-1659",18,1638,1758,3,1823,1801,-22,0,0,-2,"1800-1859",0,"",0,118,101,80,1,581,3,NA,NA,NA,NA,NA,NA,NA,NA
2011,4,12,18,7,2011-12-18,"EV",20366,"EV","N937EV",5055,10397,1039704,30397,"ATL","Atlanta, GA","GA",13,"Georgia",34,10990,1099002,30990,"CHO","Charlottesville, VA","VA",51,"Virginia",38,1915,1907,-8,0,0,-1,"1900-1959",15,1922,2027,3,2041,2030,-11,0,0,-1,"2000-2059",0,"",0,86,83,65,1,457,2,NA,NA,NA,NA,NA,NA,NA,NA
2011,4,12,8,4,2011-12-08,"EV",20366,"EV","N752EV",5020,10397,1039704,30397,"ATL","Atlanta, GA","GA",13,"Georgia",34,11973,1197302,31973,"GPT","Gulfport/Biloxi, MS","MS",28,"Mississippi",53,1035,1031,-4,0,0,-1,"1000-1059",18,1049,1045,4,1059,1049,-10,0,0,-1,"1000-1059",0,"",0,84,78,56,1,352,2,NA,NA,NA,NA,NA,NA,NA,NA
2011,4,12,4,7,2011-12-04,"DL",19790,"DL","N997DL",698,10397,1039704,30397,"ATL","Atlanta, GA","GA",13,"Georgia",34,12339,1233904,32337,"IND","Indianapolis, IN","IN",18,"Indiana",42,1905,1928,23,23,1,1,"1900-1959",27,1955,2056,5,2045,2101,16,16,1,1,"2000-2059",0,"",0,100,93,61,1,432,2,16,0,0,0,0,NA,NA,NA
2011,4,12,3,6,2011-12-03,"DL",19790,"DL","N338NB",1412,10397,1039704,30397,"ATL","Atlanta, GA","GA",13,"Georgia",34,10693,1069302,30693,"BNA","Nashville, TN","TN",47,"Tennessee",54,1105,1123,18,18,1,1,"1100-1159",17,1140,1121,8,1119,1129,10,10,0,0,"1100-1159",0,"",0,74,66,41,1,214,1,NA,NA,NA,NA,NA,NA,NA,NA
2011,4,12,1,4,2011-12-01,"EV",20366,"EV","N528CA",5104,10397,1039704,30397,"ATL","Atlanta, GA","GA",13,"Georgia",34,11996,1199603,31871,"GSP","Greer, SC","SC",45,"South Carolina",37,1656,1649,-7,0,0,-1,"1600-1659",18,1707,1739,3,1759,1742,-17,0,0,-2,"1700-1759",0,"",0,63,53,32,1,153,1,NA,NA,NA,NA,NA,NA,NA,NA
2011,4,12,13,2,2011-12-13,"DL",19790,"DL","N544US",1786,10397,1039704,30397,"ATL","Atlanta, GA","GA",13,"Georgia",34,12953,1295302,31703,"LGA","New York, NY","NY",36,"New York",22,940,940,0,0,0,0,"0900-0959",26,1006,1145,20,1207,1205,-2,0,0,-1,"1200-1259",0,"",0,147,145,99,1,762,4,NA,NA,NA,NA,NA,NA,NA,NA
2011,4,12,1,4,2011-12-01,"FL",20437,"FL","N184AT",51,10397,1039704,30397,"ATL","Atlanta, GA","GA",13,"Georgia",34,12892,1289203,32575,"LAX","Los Angeles, CA","CA",6,"California",91,2100,2101,1,1,0,0,"2100-2159",36,2137,2309,4,2314,2313,-1,0,0,-1,"2300-2359",0,"",0,314,312,272,1,1947,8,NA,NA,NA,NA,NA,NA,NA,NA
2011,4,12,5,1,2011-12-05,"EV",20366,"EV","N730EV",5236,10397,1039704,30397,"ATL","Atlanta, GA","GA",13,"Georgia",34,10685,1068502,30685,"BMI","Bloomington/Normal, IL","IL",17,"Illinois",41,1455,1456,1,1,0,0,"1400-1459",14,1510,1522,2,1540,1524,-16,0,0,-2,"1500-1559",0,"",0,105,88,72,1,533,3,NA,NA,NA,NA,NA,NA,NA,NA
2011,4,12,2,5,2011-12-02,"DL",19790,"DL","N379DA",67,10397,1039704,30397,"ATL","Atlanta, GA","GA",13,"Georgia",34,13487,1348702,31650,"MSP","Minneapolis, MN","MN",27,"Minnesota",63,1620,1617,-3,0,0,-1,"1600-1659",25,1642,1805,8,1806,1813,7,7,0,0,"1800-1859",0,"",0,166,176,143,1,907,4,NA,NA,NA,NA,NA,NA,NA,NA
2011,4,12,24,6,2011-12-24,"EV",20366,"EV","N686BR",5190,10397,1039704,30397,"ATL","Atlanta, GA","GA",13,"Georgia",34,11150,1115002,31150,"CSG","Columbus, GA","GA",13,"Georgia",34,1025,1114,49,49,1,3,"1000-1059",26,1140,1159,1,1114,1200,46,46,1,3,"1100-1159",0,"",0,49,46,19,1,83,1,46,0,0,0,0,NA,NA,NA
2011,4,12,25,7,2011-12-25,"DL",19790,"DL","N638DL",784,10397,1039704,30397,"ATL","Atlanta, GA","GA",13,"Georgia",34,13487,1348702,31650,"MSP","Minneapolis, MN","MN",27,"Minnesota",63,830,825,-5,0,0,-1,"0800-0859",25,850,1016,6,1023,1022,-1,0,0,-1,"1000-1059",0,"",0,173,177,146,1,907,4,NA,NA,NA,NA,NA,NA,NA,NA
2011,4,12,10,6,2011-12-10,"DL",19790,"DL","N955DL",955,10397,1039704,30397,"ATL","Atlanta, GA","GA",13,"Georgia",34,12945,1294503,32945,"LEX","Lexington, KY","KY",21,"Kentucky",52,1735,1730,-5,0,0,-1,"1700-1759",18,1748,1848,5,1856,1853,-3,0,0,-1,"1800-1859",0,"",0,81,83,60,1,304,2,NA,NA,NA,NA,NA,NA,NA,NA
2011,4,12,9,5,2011-12-09,"CO",19704,"CO","N16647",1437,10397,1039704,30397,"ATL","Atlanta, GA","GA",13,"Georgia",34,12266,1226603,31453,"IAH","Houston, TX","TX",48,"Texas",74,1645,1644,-1,0,0,-1,"1600-1659",18,1702,1754,12,1813,1806,-7,0,0,-1,"1800-1859",0,"",0,148,142,112,1,689,3,NA,NA,NA,NA,NA,NA,NA,NA
2011,4,12,18,7,2011-12-18,"EV",20366,"EV","N973EV",5301,10397,1039704,30397,"ATL","Atlanta, GA","GA",13,"Georgia",34,13277,1327702,33277,"MGM","Montgomery, AL","AL",1,"Alabama",51,1729,1728,-1,0,0,-1,"1700-1759",14,1742,1711,5,1719,1716,-3,0,0,-1,"1700-1759",0,"",0,50,48,29,1,147,1,NA,NA,NA,NA,NA,NA,NA,NA
2011,4,12,4,7,2011-12-04,"FL",20437,"FL","N997AT",133,10397,1039704,30397,"ATL","Atlanta, GA","GA",13,"Georgia",34,15304,1530402,33195,"TPA","Tampa, FL","FL",12,"Florida",33,845,842,-3,0,0,-1,"0800-0859",15,857,958,4,1010,1002,-8,0,0,-1,"1000-1059",0,"",0,85,80,61,1,406,2,NA,NA,NA,NA,NA,NA,NA,NA
2011,4,12,14,3,2011-12-14,"XE",20374,"XE","N14959",4436,10397,1039704,30397,"ATL","Atlanta, GA","GA",13,"Georgia",34,11042,1104202,30647,"CLE","Cleveland, OH","OH",39,"Ohio",44,2000,1954,-6,0,0,-1,"2000-2059",21,2015,2133,6,2149,2139,-10,0,0,-1,"2100-2159",0,"",0,109,105,78,1,554,3,NA,NA,NA,NA,NA,NA,NA,NA
2011,4,12,30,5,2011-12-30,"DL",19790,"DL","N767NC",2142,10397,1039704,30397,"ATL","Atlanta, GA","GA",13,"Georgia",34,11618,1161802,31703,"EWR","Newark, NJ","NJ",34,"New Jersey",21,1620,1615,-5,0,0,-1,"1600-1659",17,1632,1811,7,1847,1818,-29,0,0,-2,"1800-1859",0,"",0,147,123,99,1,746,3,NA,NA,NA,NA,NA,NA,NA,NA
2011,4,12,20,2,2011-12-20,"OO",20304,"OO","N766SK",5607,10397,1039704,30397,"ATL","Atlanta, GA","GA",13,"Georgia",34,13930,1393002,30977,"ORD","Chicago, IL","IL",17,"Illinois",41,733,752,19,19,1,1,"0700-0759",10,802,835,11,837,846,9,9,0,0,"0800-0859",0,"",0,124,114,93,1,606,3,NA,NA,NA,NA,NA,NA,NA,NA
2011,4,12,9,5,2011-12-09,"FL",20437,"FL","N344AT",144,10397,1039704,30397,"ATL","Atlanta, GA","GA",13,"Georgia",34,11433,1143302,31295,"DTW","Detroit, MI","MI",26,"Michigan",43,2220,2215,-5,0,0,-1,"2200-2259",26,2241,2356,5,24,1,-23,0,0,-2,"0001-0559",0,"",0,124,106,75,1,594,3,NA,NA,NA,NA,NA,NA,NA,NA
2011,4,12,14,3,2011-12-14,"DL",19790,"DL","N914DE",55,10397,1039704,30397,"ATL","Atlanta, GA","GA",13,"Georgia",34,12266,1226603,31453,"IAH","Houston, TX","TX",48,"Texas",74,735,731,-4,0,0,-1,"0700-0759",20,751,835,16,856,851,-5,0,0,-1,"0800-0859",0,"",0,141,140,104,1,689,3,NA,NA,NA,NA,NA,NA,NA,NA
2011,4,12,6,2,2011-12-06,"EV",20366,"EV","N614QX",5075,10397,1039704,30397,"ATL","Atlanta, GA","GA",13,"Georgia",34,12278,1227802,30928,"ICT","Wichita, KS","KS",20,"Kansas",62,2108,2146,38,38,1,2,"2100-2159",15,2201,2253,5,2229,2258,29,29,1,1,"2200-2259",0,"",0,141,132,112,1,782,4,26,0,0,0,3,NA,NA,NA
2011,4,12,17,6,2011-12-17,"EV",20366,"EV","N853AS",5542,10397,1039704,30397,"ATL","Atlanta, GA","GA",13,"Georgia",34,10980,1098002,30980,"CHA","Chattanooga, TN","TN",47,"Tennessee",54,1617,1609,-8,0,0,-1,"1600-1659",12,1621,1643,3,1703,1646,-17,0,0,-2,"1700-1759",0,"",0,46,37,22,1,106,1,NA,NA,NA,NA,NA,NA,NA,NA
2011,4,12,4,7,2011-12-04,"US",20355,"US","N631AW",308,10397,1039704,30397,"ATL","Atlanta, GA","GA",13,"Georgia",34,11057,1105703,31057,"CLT","Charlotte, NC","NC",37,"North Carolina",36,700,656,-4,0,0,-1,"0700-0759",20,716,755,6,818,801,-17,0,0,-2,"0800-0859",0,"",0,78,65,39,1,226,1,NA,NA,NA,NA,NA,NA,NA,NA
2011,4,12,27,2,2011-12-27,"DL",19790,"DL","N957DL",55,10397,1039704,30397,"ATL","Atlanta, GA","GA",13,"Georgia",34,12266,1226603,31453,"IAH","Houston, TX","TX",48,"Texas",74,735,737,2,2,0,0,"0700-0759",21,758,845,6,858,851,-7,0,0,-1,"0800-0859",0,"",0,143,134,107,1,689,3,NA,NA,NA,NA,NA,NA,NA,NA
2011,4,12,8,4,2011-12-08,"US",20355,"US","N945UW",1980,10397,1039704,30397,"ATL","Atlanta, GA","GA",13,"Georgia",34,14100,1410002,34100,"PHL","Philadelphia, PA","PA",42,"Pennsylvania",23,1255,1249,-6,0,0,-1,"1200-1259",22,1311,1445,4,1458,1449,-9,0,0,-1,"1400-1459",0,"",0,123,120,94,1,666,3,NA,NA,NA,NA,NA,NA,NA,NA
2011,4,12,1,4,2011-12-01,"DL",19790,"DL","N984DL",1856,10397,1039704,30397,"ATL","Atlanta, GA","GA",13,"Georgia",34,13360,1336003,33360,"MLB","Melbourne, FL","FL",12,"Florida",33,945,1020,35,35,1,2,"0900-0959",24,1044,1144,7,1124,1151,27,27,1,1,"1100-1159",0,"",0,99,91,60,1,442,2,27,0,0,0,0,NA,NA,NA
2011,4,12,26,1,2011-12-26,"DL",19790,"DL","N997DL",910,10397,1039704,30397,"ATL","Atlanta, GA","GA",13,"Georgia",34,11298,1129803,30194,"DFW","Dallas/Fort Worth, TX","TX",48,"Texas",74,1727,1727,0,0,0,0,"1700-1759",13,1740,1835,6,1905,1841,-24,0,0,-2,"1900-1959",0,"",0,158,134,115,1,731,3,NA,NA,NA,NA,NA,NA,NA,NA
2011,4,12,29,4,2011-12-29,"YV",20378,"YV","N508MJ",3743,10397,1039704,30397,"ATL","Atlanta, GA","GA",13,"Georgia",34,13930,1393002,30977,"ORD","Chicago, IL","IL",17,"Illinois",41,1121,1112,-9,0,0,-1,"1100-1159",20,1132,1206,4,1224,1210,-14,0,0,-1,"1200-1259",0,"",0,123,118,94,1,606,3,NA,NA,NA,NA,NA,NA,NA,NA
2011,4,12,16,5,2011-12-16,"DL",19790,"DL","N695DL",2226,10397,1039704,30397,"ATL","Atlanta, GA","GA",13,"Georgia",34,11697,1169703,32467,"FLL","Fort Lauderdale, FL","FL",12,"Florida",33,730,728,-2,0,0,-1,"0700-0759",18,746,913,3,922,916,-6,0,0,-1,"0900-0959",0,"",0,112,108,87,1,581,3,NA,NA,NA,NA,NA,NA,NA,NA
2011,4,12,4,7,2011-12-04,"EV",20366,"EV","N135EV",5608,10397,1039704,30397,"ATL","Atlanta, GA","GA",13,"Georgia",34,10257,1025702,30257,"ALB","Albany, NY","NY",36,"New York",22,2153,2148,-5,0,0,-1,"2100-2159",10,2158,2331,3,13,2334,-39,0,0,-2,"0001-0559",0,"",0,140,106,93,1,853,4,NA,NA,NA,NA,NA,NA,NA,NA
2011,4,12,8,4,2011-12-08,"DL",19790,"DL","N603DL",1680,10397,1039704,30397,"ATL","Atlanta, GA","GA",13,"Georgia",34,14771,1477101,32457,"SFO","San Francisco, CA","CA",6,"California",91,1100,1100,0,0,0,0,"1100-1159",30,1130,1312,4,1332,1316,-16,0,0,-2,"1300-1359",0,"",0,332,316,282,1,2139,9,NA,NA,NA,NA,NA,NA,NA,NA
2011,4,12,16,5,2011-12-16,"EV",20366,"EV","N842AS",4994,10397,1039704,30397,"ATL","Atlanta, GA","GA",13,"Georgia",34,13795,1379502,33795,"OAJ","Jacksonville/Camp Lejeune, NC","NC",37,"North Carolina",36,1208,1207,-1,0,0,-1,"1200-1259",15,1222,1316,3,1327,1319,-8,0,0,-1,"1300-1359",0,"",0,79,72,54,1,399,2,NA,NA,NA,NA,NA,NA,NA,NA
2011,4,12,27,2,2011-12-27,"DL",19790,"DL","N600TR",2035,10397,1039704,30397,"ATL","Atlanta, GA","GA",13,"Georgia",34,13342,1334204,33342,"MKE","Milwaukee, WI","WI",55,"Wisconsin",45,1435,1534,59,59,1,3,"1400-1459",24,1558,1631,7,1540,1638,58,58,1,3,"1500-1559",0,"",0,125,124,93,1,669,3,0,0,0,0,58,NA,NA,NA
2011,4,12,4,7,2011-12-04,"US",20355,"US","N631AW",308,10397,1039704,30397,"ATL","Atlanta, GA","GA",13,"Georgia",34,11057,1105703,31057,"CLT","Charlotte, NC","NC",37,"North Carolina",36,700,656,-4,0,0,-1,"0700-0759",20,716,755,6,818,801,-17,0,0,-2,"0800-0859",0,"",0,78,65,39,1,226,1,NA,NA,NA,NA,NA,NA,NA,NA
2011,4,12,11,7,2011-12-11,"EV",20366,"EV","N974EV",5301,10397,1039704,30397,"ATL","Atlanta, GA","GA",13,"Georgia",34,13277,1327702,33277,"MGM","Montgomery, AL","AL",1,"Alabama",51,1729,1732,3,3,0,0,"1700-1759",10,1742,1719,2,1722,1721,-1,0,0,-1,"1700-1759",0,"",0,53,49,37,1,147,1,NA,NA,NA,NA,NA,NA,NA,NA
2011,4,12,4,7,2011-12-04,"US",20355,"US","N631AW",308,10397,1039704,30397,"ATL","Atlanta, GA","GA",13,"Georgia",34,11057,1105703,31057,"CLT","Charlotte, NC","NC",37,"North Carolina",36,700,656,-4,0,0,-1,"0700-0759",20,716,755,6,818,801,-17,0,0,-2,"0800-0859",0,"",0,78,65,39,1,226,1,NA,NA,NA,NA,NA,NA,NA,NA
2011,4,12,25,7,2011-12-25,"FL",20437,"FL","N943AT",938,10397,1039704,30397,"ATL","Atlanta, GA","GA",13,"Georgia",34,12451,1245102,31136,"JAX","Jacksonville, FL","FL",12,"Florida",33,2215,2207,-8,0,0,-1,"2200-2259",8,2215,2253,6,2326,2259,-27,0,0,-2,"2300-2359",0,"",0,71,52,38,1,270,2,NA,NA,NA,NA,NA,NA,NA,NA
2011,4,12,17,6,2011-12-17,"EV",20366,"EV","N981EV",5514,10397,1039704,30397,"ATL","Atlanta, GA","GA",13,"Georgia",34,13241,1324102,33241,"MEI","Meridian, MS","MS",28,"Mississippi",53,1356,1445,49,49,1,3,"1300-1359",13,1458,1445,3,1406,1448,42,42,1,2,"1400-1459",0,"",0,70,63,47,1,267,2,0,0,0,0,42,NA,NA,NA
2011,4,12,5,1,2011-12-05,"FL",20437,"FL","N281AT",368,10397,1039704,30397,"ATL","Atlanta, GA","GA",13,"Georgia",34,12953,1295302,31703,"LGA","New York, NY","NY",36,"New York",22,1018,1013,-5,0,0,-1,"1000-1059",46,1059,1244,5,1230,1249,19,19,1,1,"1200-1259",0,"",0,132,156,105,1,762,4,0,0,19,0,0,NA,NA,NA
2011,4,12,20,2,2011-12-20,"OO",20304,"OO","N766SK",5607,10397,1039704,30397,"ATL","Atlanta, GA","GA",13,"Georgia",34,13930,1393002,30977,"ORD","Chicago, IL","IL",17,"Illinois",41,733,752,19,19,1,1,"0700-0759",10,802,835,11,837,846,9,9,0,0,"0800-0859",0,"",0,124,114,93,1,606,3,NA,NA,NA,NA,NA,NA,NA,NA
2011,4,12,30,5,2011-12-30,"DL",19790,"DL","N935DL",1259,10397,1039704,30397,"ATL","Atlanta, GA","GA",13,"Georgia",34,13851,1385103,33851,"OKC","Oklahoma City, OK","OK",40,"Oklahoma",73,2056,2056,0,0,0,0,"2000-2059",21,2117,2210,5,2222,2215,-7,0,0,-1,"2200-2259",0,"",0,146,139,113,1,761,4,NA,NA,NA,NA,NA,NA,NA,NA
2011,4,12,8,4,2011-12-08,"DL",19790,"DL","N3732J",1791,10397,1039704,30397,"ATL","Atlanta, GA","GA",13,"Georgia",34,10994,1099402,30994,"CHS","Charleston, SC","SC",45,"South Carolina",37,1455,1453,-2,0,0,-1,"1400-1459",19,1512,1553,6,1612,1559,-13,0,0,-1,"1600-1659",0,"",0,77,66,41,1,259,2,NA,NA,NA,NA,NA,NA,NA,NA
2011,4,12,3,6,2011-12-03,"EV",20366,"EV","N720EV",5372,10397,1039704,30397,"ATL","Atlanta, GA","GA",13,"Georgia",34,13367,1336702,33367,"MLI","Moline, IL","IL",17,"Illinois",41,2104,2055,-9,0,0,-1,"2100-2159",27,2122,2154,4,2206,2158,-8,0,0,-1,"2200-2259",0,"",0,122,123,92,1,633,3,NA,NA,NA,NA,NA,NA,NA,NA
2011,4,12,7,3,2011-12-07,"EV",20366,"EV","N839AS",5041,10397,1039704,30397,"ATL","Atlanta, GA","GA",13,"Georgia",34,15412,1541202,35412,"TYS","Knoxville, TN","TN",47,"Tennessee",54,1610,1613,3,3,0,0,"1600-1659",17,1630,1659,5,1701,1704,3,3,0,0,"1700-1759",0,"",0,51,51,29,1,152,1,NA,NA,NA,NA,NA,NA,NA,NA
2011,4,12,13,2,2011-12-13,"MQ",20398,"MQ","N539MQ",3827,10397,1039704,30397,"ATL","Atlanta, GA","GA",13,"Georgia",34,13930,1393002,30977,"ORD","Chicago, IL","IL",17,"Illinois",41,1130,1123,-7,0,0,-1,"1100-1159",19,1142,1217,7,1245,1224,-21,0,0,-2,"1200-1259",0,"",0,135,121,95,1,606,3,NA,NA,NA,NA,NA,NA,NA,NA
2011,4,12,14,3,2011-12-14,"EV",20366,"EV","N845AS",5262,10397,1039704,30397,"ATL","Atlanta, GA","GA",13,"Georgia",34,12992,1299203,32600,"LIT","Little Rock, AR","AR",5,"Arkansas",71,810,806,-4,0,0,-1,"0800-0859",18,824,843,6,844,849,5,5,0,0,"0800-0859",0,"",0,94,103,79,1,453,2,NA,NA,NA,NA,NA,NA,NA,NA
2011,4,12,23,5,2011-12-23,"MQ",20398,"MQ","N509MQ",3827,10397,1039704,30397,"ATL","Atlanta, GA","GA",13,"Georgia",34,13930,1393002,30977,"ORD","Chicago, IL","IL",17,"Illinois",41,1130,1125,-5,0,0,-1,"1100-1159",24,1149,1223,8,1245,1231,-14,0,0,-1,"1200-1259",0,"",0,135,126,94,1,606,3,NA,NA,NA,NA,NA,NA,NA,NA
2011,4,12,17,6,2011-12-17,"EV",20366,"EV","N843AS",5263,10397,1039704,30397,"ATL","Atlanta, GA","GA",13,"Georgia",34,11641,1164102,31641,"FAY","Fayetteville, NC","NC",37,"North Carolina",36,1917,1912,-5,0,0,-1,"1900-1959",20,1932,2018,4,2034,2022,-12,0,0,-1,"2000-2059",0,"",0,77,70,46,1,331,2,NA,NA,NA,NA,NA,NA,NA,NA
2011,4,12,20,2,2011-12-20,"DL",19790,"DL","N635DL",1692,10397,1039704,30397,"ATL","Atlanta, GA","GA",13,"Georgia",34,14679,1467903,33570,"SAN","San Diego, CA","CA",6,"California",91,830,831,1,1,0,0,"0800-0859",25,856,958,4,1027,1002,-25,0,0,-2,"1000-1059",0,"",0,297,271,242,1,1892,8,NA,NA,NA,NA,NA,NA,NA,NA
2011,4,12,30,5,2011-12-30,"DL",19790,"DL","N989DL",1736,10397,1039704,30397,"ATL","Atlanta, GA","GA",13,"Georgia",34,11066,1106602,31066,"CMH","Columbus, OH","OH",39,"Ohio",44,2155,2208,13,13,0,0,"2100-2159",25,2233,2333,6,2336,2339,3,3,0,0,"2300-2359",0,"",0,101,91,60,1,447,2,NA,NA,NA,NA,NA,NA,NA,NA
2011,4,12,2,5,2011-12-02,"EV",20366,"EV","N922EV",4968,10397,1039704,30397,"ATL","Atlanta, GA","GA",13,"Georgia",34,15412,1541202,35412,"TYS","Knoxville, TN","TN",47,"Tennessee",54,1505,1503,-2,0,0,-1,"1500-1559",29,1532,1559,3,1600,1602,2,2,0,0,"1600-1659",0,"",0,55,59,27,1,152,1,NA,NA,NA,NA,NA,NA,NA,NA
2011,4,12,16,5,2011-12-16,"FL",20437,"FL","N926AT",902,10397,1039704,30397,"ATL","Atlanta, GA","GA",13,"Georgia",34,14098,1409803,33667,"PHF","Newport News/Williamsburg, VA","VA",51,"Virginia",38,850,845,-5,0,0,-1,"0800-0859",15,900,1015,4,1020,1019,-1,0,0,-1,"1000-1059",0,"",0,90,94,75,1,508,3,NA,NA,NA,NA,NA,NA,NA,NA
2011,4,12,20,2,2011-12-20,"DL",19790,"DL","N659DL",2002,10397,1039704,30397,"ATL","Atlanta, GA","GA",13,"Georgia",34,12889,1288903,32211,"LAS","Las Vegas, NV","NV",32,"Nevada",85,1000,1111,71,71,1,4,"1000-1059",23,1134,1221,8,1142,1229,47,47,1,3,"1100-1159",0,"",0,282,258,227,1,1747,7,47,0,0,0,0,1007,26,26
2011,4,12,10,6,2011-12-10,"DL",19790,"DL","N3749D",1421,10397,1039704,30397,"ATL","Atlanta, GA","GA",13,"Georgia",34,15249,1524902,35249,"TLH","Tallahassee, FL","FL",12,"Florida",33,2216,2206,-10,0,0,-1,"2200-2259",24,2230,2312,3,2325,2315,-10,0,0,-1,"2300-2359",0,"",0,69,69,42,1,223,1,NA,NA,NA,NA,NA,NA,NA,NA
2011,4,12,1,4,2011-12-01,"EV",20366,"EV","N876AS",5597,10397,1039704,30397,"ATL","Atlanta, GA","GA",13,"Georgia",34,12951,1295102,32951,"LFT","Lafayette, LA","LA",22,"Louisiana",72,1025,1018,-7,0,0,-1,"1000-1059",28,1046,1103,9,1115,1112,-3,0,0,-1,"1100-1159",0,"",0,110,114,77,1,503,3,NA,NA,NA,NA,NA,NA,NA,NA
2011,4,12,22,4,2011-12-22,"EV",20366,"EV","N755EV",5395,10397,1039704,30397,"ATL","Atlanta, GA","GA",13,"Georgia",34,13851,1385103,33851,"OKC","Oklahoma City, OK","OK",40,"Oklahoma",73,1335,1411,36,36,1,2,"1300-1359",10,1421,1515,15,1454,1530,36,36,1,2,"1400-1459",0,"",0,139,139,114,1,761,4,18,0,0,0,18,NA,NA,NA
2011,4,12,16,5,2011-12-16,"AA",19805,"AA","N551AA",1445,10397,1039704,30397,"ATL","Atlanta, GA","GA",13,"Georgia",34,11298,1129803,30194,"DFW","Dallas/Fort Worth, TX","TX",48,"Texas",74,1055,1049,-6,0,0,-1,"1000-1059",13,1102,1158,5,1230,1203,-27,0,0,-2,"1200-1259",0,"",0,155,134,116,1,731,3,NA,NA,NA,NA,NA,NA,NA,NA
2011,4,12,6,2,2011-12-06,"DL",19790,"DL","N650DL",1462,10397,1039704,30397,"ATL","Atlanta, GA","GA",13,"Georgia",34,13495,1349502,33495,"MSY","New Orleans, LA","LA",22,"Louisiana",72,1053,1048,-5,0,0,-1,"1000-1059",11,1059,1115,11,1138,1126,-12,0,0,-1,"1100-1159",0,"",0,105,98,76,1,425,2,NA,NA,NA,NA,NA,NA,NA,NA
2011,4,12,8,4,2011-12-08,"FL",20437,"FL","N923AT",318,10397,1039704,30397,"ATL","Atlanta, GA","GA",13,"Georgia",34,11057,1105703,31057,"CLT","Charlotte, NC","NC",37,"North Carolina",36,2225,2223,-2,0,0,-1,"2200-2259",15,2238,2317,4,2337,2321,-16,0,0,-2,"2300-2359",0,"",0,72,58,39,1,226,1,NA,NA,NA,NA,NA,NA,NA,NA
2011,4,12,20,2,2011-12-20,"XE",20374,"XE","N14902",4104,10397,1039704,30397,"ATL","Atlanta, GA","GA",13,"Georgia",34,12266,1226603,31453,"IAH","Houston, TX","TX",48,"Texas",74,600,554,-6,0,0,-1,"0600-0659",15,609,717,9,722,726,4,4,0,0,"0700-0759",0,"",0,142,152,128,1,689,3,NA,NA,NA,NA,NA,NA,NA,NA
2011,4,12,4,7,2011-12-04,"EV",20366,"EV","N355CA",5218,10397,1039704,30397,"ATL","Atlanta, GA","GA",13,"Georgia",34,14122,1412202,30198,"PIT","Pittsburgh, PA","PA",42,"Pennsylvania",23,915,933,18,18,1,1,"0900-0959",7,940,1055,4,1102,1059,-3,0,0,-1,"1100-1159",0,"",0,107,86,75,1,526,3,NA,NA,NA,NA,NA,NA,NA,NA
2011,4,12,23,5,2011-12-23,"DL",19790,"DL","N388DA",744,10397,1039704,30397,"ATL","Atlanta, GA","GA",13,"Georgia",34,13487,1348702,31650,"MSP","Minneapolis, MN","MN",27,"Minnesota",63,1435,1508,33,33,1,2,"1400-1459",23,1531,1642,6,1618,1648,30,30,1,2,"1600-1659",0,"",0,163,160,131,1,907,4,13,0,0,0,17,NA,NA,NA
2011,4,12,19,1,2011-12-19,"FL",20437,"FL","N944AT",988,10397,1039704,30397,"ATL","Atlanta, GA","GA",13,"Georgia",34,14122,1412202,30198,"PIT","Pittsburgh, PA","PA",42,"Pennsylvania",23,2215,2203,-12,0,0,-1,"2200-2259",19,2222,2330,6,2356,2336,-20,0,0,-2,"2300-2359",0,"",0,101,93,68,1,526,3,NA,NA,NA,NA,NA,NA,NA,NA
2011,4,12,1,4,2011-12-01,"DL",19790,"DL","N919DE",1252,10397,1039704,30397,"ATL","Atlanta, GA","GA",13,"Georgia",34,11193,1119302,33105,"CVG","Cincinnati, OH","KY",21,"Kentucky",52,2045,2044,-1,0,0,-1,"2000-2059",16,2100,2154,6,2222,2200,-22,0,0,-2,"2200-2259",0,"",0,97,76,54,1,373,2,NA,NA,NA,NA,NA,NA,NA,NA
2011,4,12,22,4,2011-12-22,"DL",19790,"DL","N384DA",1916,10397,1039704,30397,"ATL","Atlanta, GA","GA",13,"Georgia",34,11292,1129202,30325,"DEN","Denver, CO","CO",8,"Colorado",82,1055,1149,54,54,1,3,"1000-1059",12,1201,1253,16,1227,1309,42,42,1,2,"1200-1259",0,"",0,212,200,172,1,1199,5,0,0,8,0,34,NA,NA,NA
2011,4,12,31,6,2011-12-31,"AA",19805,"AA","N4XSAA",1389,10397,1039704,30397,"ATL","Atlanta, GA","GA",13,"Georgia",34,11298,1129803,30194,"DFW","Dallas/Fort Worth, TX","TX",48,"Texas",74,1210,1204,-6,0,0,-1,"1200-1259",22,1226,1321,18,1345,1339,-6,0,0,-1,"1300-1359",0,"",0,155,155,115,1,731,3,NA,NA,NA,NA,NA,NA,NA,NA
2011,4,12,22,4,2011-12-22,"EV",20366,"EV","N856AS",5524,10397,1039704,30397,"ATL","Atlanta, GA","GA",13,"Georgia",34,11057,1105703,31057,"CLT","Charlotte, NC","NC",37,"North Carolina",36,735,735,0,0,0,0,"0700-0759",33,808,851,9,858,900,2,2,0,0,"0800-0859",0,"",0,83,85,43,1,226,1,NA,NA,NA,NA,NA,NA,NA,NA
2011,4,12,2,5,2011-12-02,"FL",20437,"FL","N891AT",140,10397,1039704,30397,"ATL","Atlanta, GA","GA",13,"Georgia",34,11433,1143302,31295,"DTW","Detroit, MI","MI",26,"Michigan",43,855,851,-4,0,0,-1,"0800-0859",11,902,1030,8,1056,1038,-18,0,0,-2,"1000-1059",0,"",0,121,107,88,1,594,3,NA,NA,NA,NA,NA,NA,NA,NA
2011,4,12,17,6,2011-12-17,"DL",19790,"DL","N853NW",2034,10397,1039704,30397,"ATL","Atlanta, GA","GA",13,"Georgia",34,13487,1348702,31650,"MSP","Minneapolis, MN","MN",27,"Minnesota",63,2035,2037,2,2,0,0,"2000-2059",28,2105,2224,5,2226,2229,3,3,0,0,"2200-2259",0,"",0,171,172,139,1,907,4,NA,NA,NA,NA,NA,NA,NA,NA
2011,4,12,5,1,2011-12-05,"EV",20366,"EV","N978EV",5586,10397,1039704,30397,"ATL","Atlanta, GA","GA",13,"Georgia",34,11641,1164102,31641,"FAY","Fayetteville, NC","NC",37,"North Carolina",36,1640,1638,-2,0,0,-1,"1600-1659",27,1705,1753,3,1758,1756,-2,0,0,-1,"1700-1759",0,"",0,78,78,48,1,331,2,NA,NA,NA,NA,NA,NA,NA,NA
2011,4,12,16,5,2011-12-16,"FL",20437,"FL","N603AT",241,10397,1039704,30397,"ATL","Atlanta, GA","GA",13,"Georgia",34,14524,1452401,34524,"RIC","Richmond, VA","VA",51,"Virginia",38,1742,1747,5,5,0,0,"1700-1759",15,1802,1905,6,1911,1911,0,0,0,0,"1900-1959",0,"",0,89,84,63,1,481,2,NA,NA,NA,NA,NA,NA,NA,NA
2011,4,12,28,3,2011-12-28,"EV",20366,"EV","N868AS",5473,10397,1039704,30397,"ATL","Atlanta, GA","GA",13,"Georgia",34,12951,1295102,32951,"LFT","Lafayette, LA","LA",22,"Louisiana",72,1929,1928,-1,0,0,-1,"1900-1959",22,1950,2007,5,2030,2012,-18,0,0,-2,"2000-2059",0,"",0,121,104,77,1,503,3,NA,NA,NA,NA,NA,NA,NA,NA
2011,4,12,20,2,2011-12-20,"OO",20304,"OO","N766SK",5607,10397,1039704,30397,"ATL","Atlanta, GA","GA",13,"Georgia",34,13930,1393002,30977,"ORD","Chicago, IL","IL",17,"Illinois",41,733,752,19,19,1,1,"0700-0759",10,802,835,11,837,846,9,9,0,0,"0800-0859",0,"",0,124,114,93,1,606,3,NA,NA,NA,NA,NA,NA,NA,NA
2011,4,12,20,2,2011-12-20,"FL",20437,"FL","N991AT",450,10397,1039704,30397,"ATL","Atlanta, GA","GA",13,"Georgia",34,13495,1349502,33495,"MSY","New Orleans, LA","LA",22,"Louisiana",72,1616,1612,-4,0,0,-1,"1600-1659",10,1622,1633,14,1650,1647,-3,0,0,-1,"1600-1659",0,"",0,94,95,71,1,425,2,NA,NA,NA,NA,NA,NA,NA,NA
2011,4,12,4,7,2011-12-04,"EV",20366,"EV","N740EV",5472,10397,1039704,30397,"ATL","Atlanta, GA","GA",13,"Georgia",34,15096,1509602,35096,"SYR","Syracuse, NY","NY",36,"New York",22,905,904,-1,0,0,-1,"0900-0959",26,930,1105,4,1122,1109,-13,0,0,-1,"1100-1159",0,"",0,137,125,95,1,794,4,NA,NA,NA,NA,NA,NA,NA,NA
2011,4,12,16,5,2011-12-16,"DL",19790,"DL","N988DL",2113,10397,1039704,30397,"ATL","Atlanta, GA","GA",13,"Georgia",34,11986,1198603,31986,"GRR","Grand Rapids, MI","MI",26,"Michigan",43,1450,1513,23,23,1,1,"1400-1459",19,1532,1652,3,1651,1655,4,4,0,0,"1600-1659",0,"",0,121,102,80,1,640,3,NA,NA,NA,NA,NA,NA,NA,NA
2011,4,12,23,5,2011-12-23,"DL",19790,"DL","N308DE",1693,10397,1039704,30397,"ATL","Atlanta, GA","GA",13,"Georgia",34,14908,1490803,32575,"SNA","Santa Ana, CA","CA",6,"California",91,1121,1121,0,0,0,0,"1100-1159",26,1147,1321,3,1327,1324,-3,0,0,-1,"1300-1359",0,"",0,306,303,274,1,1919,8,NA,NA,NA,NA,NA,NA,NA,NA
2011,4,12,31,6,2011-12-31,"AA",19805,"AA","N4XSAA",1389,10397,1039704,30397,"ATL","Atlanta, GA","GA",13,"Georgia",34,11298,1129803,30194,"DFW","Dallas/Fort Worth, TX","TX",48,"Texas",74,1210,1204,-6,0,0,-1,"1200-1259",22,1226,1321,18,1345,1339,-6,0,0,-1,"1300-1359",0,"",0,155,155,115,1,731,3,NA,NA,NA,NA,NA,NA,NA,NA
2011,4,12,25,7,2011-12-25,"DL",19790,"DL","N950DL",1695,10397,1039704,30397,"ATL","Atlanta, GA","GA",13,"Georgia",34,11066,1106602,31066,"CMH","Columbus, OH","OH",39,"Ohio",44,1456,1449,-7,0,0,-1,"1400-1459",13,1502,1608,5,1630,1613,-17,0,0,-2,"1600-1659",0,"",0,94,84,66,1,447,2,NA,NA,NA,NA,NA,NA,NA,NA
2011,4,12,22,4,2011-12-22,"FL",20437,"FL","N951AT",968,10397,1039704,30397,"ATL","Atlanta, GA","GA",13,"Georgia",34,10158,1015804,30158,"ACY","Atlantic City, NJ","NJ",34,"New Jersey",21,2100,2236,96,96,1,6,"2100-2159",16,2252,14,3,2255,17,82,82,1,5,"2200-2259",0,"",0,115,101,82,1,679,3,0,0,0,0,82,NA,NA,NA
2011,4,12,23,5,2011-12-23,"EV",20366,"EV","N755EV",5363,10397,1039704,30397,"ATL","Atlanta, GA","GA",13,"Georgia",34,12339,1233904,32337,"IND","Indianapolis, IN","IN",18,"Indiana",42,810,808,-2,0,0,-1,"0800-0859",13,821,923,4,956,927,-29,0,0,-2,"0900-0959",0,"",0,106,79,62,1,432,2,NA,NA,NA,NA,NA,NA,NA,NA
2011,4,12,10,6,2011-12-10,"DL",19790,"DL","N331NB",1412,10397,1039704,30397,"ATL","Atlanta, GA","GA",13,"Georgia",34,10693,1069302,30693,"BNA","Nashville, TN","TN",47,"Tennessee",54,1105,1057,-8,0,0,-1,"1100-1159",22,1119,1057,5,1119,1102,-17,0,0,-2,"1100-1159",0,"",0,74,65,38,1,214,1,NA,NA,NA,NA,NA,NA,NA,NA
2011,4,12,9,5,2011-12-09,"EV",20366,"EV","N686BR",5267,10397,1039704,30397,"ATL","Atlanta, GA","GA",13,"Georgia",34,10135,1013502,30135,"ABE","Allentown/Bethlehem/Easton, PA","PA",42,"Pennsylvania",23,1440,1438,-2,0,0,-1,"1400-1459",22,1500,1623,4,1643,1627,-16,0,0,-2,"1600-1659",0,"",0,123,109,83,1,692,3,NA,NA,NA,NA,NA,NA,NA,NA
2011,4,12,14,3,2011-12-14,"DL",19790,"DL","N770NC",1842,10397,1039704,30397,"ATL","Atlanta, GA","GA",13,"Georgia",34,10693,1069302,30693,"BNA","Nashville, TN","TN",47,"Tennessee",54,1620,1618,-2,0,0,-1,"1600-1659",17,1635,1620,6,1635,1626,-9,0,0,-1,"1600-1659",0,"",0,75,68,45,1,214,1,NA,NA,NA,NA,NA,NA,NA,NA
2011,4,12,24,6,2011-12-24,"FL",20437,"FL","N957AT",968,10397,1039704,30397,"ATL","Atlanta, GA","GA",13,"Georgia",34,10158,1015804,30158,"ACY","Atlantic City, NJ","NJ",34,"New Jersey",21,2100,2051,-9,0,0,-1,"2100-2159",6,2057,2220,4,2255,2224,-31,0,0,-2,"2200-2259",0,"",0,115,93,83,1,679,3,NA,NA,NA,NA,NA,NA,NA,NA
2011,4,12,22,4,2011-12-22,"DL",19790,"DL","N366NW",2238,10397,1039704,30397,"ATL","Atlanta, GA","GA",13,"Georgia",34,11278,1127802,30852,"DCA","Washington, DC","VA",51,"Virginia",38,1315,1350,35,35,1,2,"1300-1359",9,1359,1506,7,1500,1513,13,13,0,0,"1500-1559",0,"",0,105,83,67,1,547,3,NA,NA,NA,NA,NA,NA,NA,NA
