"Year","Quarter","Month","DayofMonth","DayOfWeek","FlightDate","UniqueCarrier","AirlineID","Carrier","TailNum","FlightNum","OriginAirportID","OriginAirportSeqID","OriginCityMarketID","Origin","OriginCityName","OriginState","OriginStateFips","OriginStateName","OriginWac","DestAirportID","DestAirportSeqID","DestCityMarketID","Dest","DestCityName","DestState","DestStateFips","DestStateName","DestWac","CRSDepTime","DepTime","DepDelay","DepDelayMinutes","DepDel15","DepartureDelayGroups","DepTimeBlk","TaxiOut","WheelsOff","WheelsOn","TaxiIn","CRSArrTime","ArrTime","ArrDelay","ArrDelayMinutes","ArrDel15","ArrivalDelayGroups","ArrTimeBlk","Cancelled","CancellationCode","Diverted","CRSElapsedTime","ActualElapsedTime","AirTime","Flights","Distance","DistanceGroup","CarrierDelay","WeatherDelay","NASDelay","SecurityDelay","LateAircraftDelay","FirstDepTime","TotalAddGTime","LongestAddGTime"
2011,1,1,25,2,2011-01-25,"EV",20366,"EV","N600QX",4954,10397,1039703,30397,"ATL","Atlanta, GA","GA",13,"Georgia",34,13367,1336701,33367,"MLI","Moline, IL","IL",17,"Illinois",41,830,826,-4,0,0,-1,"0800-0859",15,841,913,3,933,916,-17,0,0,-2,"0900-0959",0,"",0,123,110,92,1,633,3,NA,NA,NA,NA,NA,NA,NA,NA
2011,1,1,28,5,2011-01-28,"DL",19790,"DL","N557NW",2837,10397,1039703,30397,"ATL","Atlanta, GA","GA",13,"Georgia",34,14683,1468301,33214,"SAT","San Antonio, TX","TX",48,"Texas",74,940,935,-5,0,0,-1,"0900-0959",27,1002,1109,3,1128,1112,-16,0,0,-2,"1100-1159",0,"",0,168,157,127,1,874,4,NA,NA,NA,NA,NA,NA,NA,NA
2011,1,1,27,4,2011-01-27,"FL",20437,"FL","N928AT",289,10397,1039703,30397,"ATL","Atlanta, GA","GA",13,"Georgia",34,12191,1219101,31453,"HOU","Houston, TX","TX",48,"Texas",74,1534,1532,-2,0,0,-1,"1500-1559",16,1548,1642,5,1647,1647,0,0,0,0,"1600-1659",0,"",0,133,135,114,1,696,3,NA,NA,NA,NA,NA,NA,NA,NA
2011,1,1,24,1,2011-01-24,"FL",20437,"FL","N276AT",131,10397,1039703,30397,"ATL","Atlanta, GA","GA",13,"Georgia",34,15304,1530401,33195,"TPA","Tampa, FL","FL",12,"Florida",33,2225,2220,-5,0,0,-1,"2200-2259",21,2241,2343,6,2356,2349,-7,0,0,-1,"2300-2359",0,"",0,91,89,62,1,406,2,NA,NA,NA,NA,NA,NA,NA,NA
2011,1,1,26,3,2011-01-26,"DL",19790,"DL","N909DL",1100,10397,1039703,30397,"ATL","Atlanta, GA","GA",13,"Georgia",34,13342,1334202,33342,"MKE","Milwaukee, WI","WI",55,"Wisconsin",45,1915,1912,-3,0,0,-1,"1900-1959",25,1937,2012,5,2033,2017,-16,0,0,-2,"2000-2059",0,"",0,138,125,95,1,669,3,NA,NA,NA,NA,NA,NA,NA,NA
2011,1,1,24,1,2011-01-24,"DL",19790,"DL","N908DL",2738,10397,1039703,30397,"ATL","Atlanta, GA","GA",13,"Georgia",34,11278,1127801,30852,"DCA","Washington, DC","VA",51,"Virginia",38,820,815,-5,0,0,-1,"0800-0859",10,825,937,3,1010,940,-30,0,0,-2,"1000-1059",0,"",0,110,85,72,1,547,3,NA,NA,NA,NA,NA,NA,NA,NA
2011,1,1,13,4,2011-01-13,"DL",19790,"DL","N986DL",1565,10397,1039703,30397,"ATL","Atlanta, GA","GA",13,"Georgia",34,12191,1219101,31453,"HOU","Houston, TX","TX",48,"Texas",74,1045,1107,22,22,1,1,"1000-1059",28,1135,1222,6,1208,1228,20,20,1,1,"1200-1259",0,"",0,143,141,107,1,696,3,0,0,0,0,20,NA,NA,NA
2011,1,1,27,4,2011-01-27,"DL",19790,"DL","N352NW",2400,10397,1039703,30397,"ATL","Atlanta, GA","GA",13,"Georgia",34,10721,1072101,30721,"BOS","Boston, MA","MA",25,"Massachusetts",13,1746,1749,3,3,0,0,"1700-1759",18,1807,2002,7,2021,2009,-12,0,0,-1,"2000-2059",0,"",0,155,140,115,1,946,4,NA,NA,NA,NA,NA,NA,NA,NA
2011,1,1,23,7,2011-01-23,"FL",20437,"FL","N948AT",984,10397,1039703,30397,"ATL","Atlanta, GA","GA",13,"Georgia",34,14122,1412201,30198,"PIT","Pittsburgh, PA","PA",42,"Pennsylvania",23,1413,1414,1,1,0,0,"1400-1459",9,1423,1535,7,1554,1542,-12,0,0,-1,"1500-1559",0,"",0,101,88,72,1,526,3,NA,NA,NA,NA,NA,NA,NA,NA
2011,1,1,14,5,2011-01-14,"EV",20366,"EV","N981EV",5127,10397,1039703,30397,"ATL","Atlanta, GA","GA",13,"Georgia",34,11641,1164101,31641,"FAY","Fayetteville, NC","NC",37,"North Carolina",36,1620,1638,18,18,1,1,"1600-1659",25,1703,1751,4,1737,1755,18,18,1,1,"1700-1759",0,"",0,77,77,48,1,331,2,18,0,0,0,0,NA,NA,NA
2011,1,1,17,1,2011-01-17,"EV",20366,"EV","N976EV",5302,10397,1039703,30397,"ATL","Atlanta, GA","GA",13,"Georgia",34,13230,1323001,32070,"MDT","Harrisburg, PA","PA",42,"Pennsylvania",23,1046,1042,-4,0,0,-1,"1000-1059",9,1051,1213,10,1238,1223,-15,0,0,-1,"1200-1259",0,"",0,112,101,82,1,619,3,NA,NA,NA,NA,NA,NA,NA,NA
2011,1,1,9,7,2011-01-09,"FL",20437,"FL","N992AT",596,10397,1039703,30397,"ATL","Atlanta, GA","GA",13,"Georgia",34,14576,1457602,34576,"ROC","Rochester, NY","NY",36,"New York",22,2215,246,271,271,1,12,"2200-2259",NA,NA,NA,NA,26,NA,NA,NA,NA,NA,"0001-0559",1,"B",0,131,NA,NA,1,749,3,NA,NA,NA,NA,NA,246,123,123
2011,1,1,30,7,2011-01-30,"FL",20437,"FL","N922AT",1590,10397,1039703,30397,"ATL","Atlanta, GA","GA",13,"Georgia",34,11973,1197301,31973,"GPT","Gulfport/Biloxi, MS","MS",28,"Mississippi",53,1124,1120,-4,0,0,-1,"1100-1159",19,1139,1146,6,1154,1152,-2,0,0,-1,"1100-1159",0,"",0,90,92,67,1,352,2,NA,NA,NA,NA,NA,NA,NA,NA
2011,1,1,27,4,2011-01-27,"EV",20366,"EV","N839AS",5325,10397,1039703,30397,"ATL","Atlanta, GA","GA",13,"Georgia",34,10980,1098001,30980,"CHA","Chattanooga, TN","TN",47,"Tennessee",54,1015,1039,24,24,1,1,"1000-1059",13,1052,1113,1,1109,1114,5,5,0,0,"1100-1159",0,"",0,54,35,21,1,106,1,NA,NA,NA,NA,NA,NA,NA,NA
2011,1,1,4,2,2011-01-04,"EV",20366,"EV","N925EV",5185,10397,1039703,30397,"ATL","Atlanta, GA","GA",13,"Georgia",34,14685,1468501,34685,"SAV","Savannah, GA","GA",13,"Georgia",34,1018,1013,-5,0,0,-1,"1000-1059",22,1035,1108,4,1128,1112,-16,0,0,-2,"1100-1159",0,"",0,70,59,33,1,215,1,NA,NA,NA,NA,NA,NA,NA,NA
2011,1,1,30,7,2011-01-30,"FL",20437,"FL","N307AT",181,10397,1039703,30397,"ATL","Atlanta, GA","GA",13,"Georgia",34,14635,1463501,31714,"RSW","Fort Myers, FL","FL",12,"Florida",33,1736,1722,-14,0,0,-1,"1700-1759",11,1733,1850,12,1912,1902,-10,0,0,-1,"1900-1959",0,"",0,96,100,77,1,515,3,NA,NA,NA,NA,NA,NA,NA,NA
2011,1,1,11,2,2011-01-11,"DL",19790,"DL","N934DL",2575,10397,1039703,30397,"ATL","Atlanta, GA","GA",13,"Georgia",34,13244,1324401,33244,"MEM","Memphis, TN","TN",47,"Tennessee",54,912,NA,NA,NA,NA,NA,"0900-0959",NA,NA,NA,NA,949,NA,NA,NA,NA,NA,"0900-0959",1,"B",0,97,NA,NA,1,332,2,NA,NA,NA,NA,NA,NA,NA,NA
2011,1,1,9,7,2011-01-09,"EV",20366,"EV","N906EV",5459,10397,1039703,30397,"ATL","Atlanta, GA","GA",13,"Georgia",34,11995,1199501,31995,"GSO","Greensboro/High Point, NC","NC",37,"North Carolina",36,955,955,0,0,0,0,"0900-0959",15,1010,1056,3,1115,1059,-16,0,0,-2,"1100-1159",0,"",0,80,64,46,1,306,2,NA,NA,NA,NA,NA,NA,NA,NA
2011,1,1,11,2,2011-01-11,"DL",19790,"DL","N372DA",1442,10397,1039703,30397,"ATL","Atlanta, GA","GA",13,"Georgia",34,11057,1105702,31057,"CLT","Charlotte, NC","NC",37,"North Carolina",36,2040,NA,NA,NA,NA,NA,"2000-2059",NA,NA,NA,NA,2159,NA,NA,NA,NA,NA,"2100-2159",1,"B",0,79,NA,NA,1,227,1,NA,NA,NA,NA,NA,NA,NA,NA
2011,1,1,31,1,2011-01-31,"DL",19790,"DL","N1604R",72,10397,1039703,30397,"ATL","Atlanta, GA","GA",13,"Georgia",34,12478,1247801,31703,"JFK","New York, NY","NY",36,"New York",22,1230,1227,-3,0,0,-1,"1200-1259",27,1254,1434,11,1455,1445,-10,0,0,-1,"1400-1459",0,"",0,145,138,100,1,760,4,NA,NA,NA,NA,NA,NA,NA,NA
2011,1,1,2,7,2011-01-02,"DL",19790,"DL","N643DL",1615,10397,1039703,30397,"ATL","Atlanta, GA","GA",13,"Georgia",34,12889,1288902,32211,"LAS","Las Vegas, NV","NV",32,"Nevada",85,1110,1111,1,1,0,0,"1100-1159",28,1139,1242,8,1254,1250,-4,0,0,-1,"1200-1259",0,"",0,284,279,243,1,1747,7,NA,NA,NA,NA,NA,NA,NA,NA
2011,1,1,6,4,2011-01-06,"DL",19790,"DL","N550NW",2127,10397,1039703,30397,"ATL","Atlanta, GA","GA",13,"Georgia",34,11697,1169702,32467,"FLL","Fort Lauderdale, FL","FL",12,"Florida",33,724,751,27,27,1,1,"0700-0759",15,806,938,5,915,943,28,28,1,1,"0900-0959",0,"",0,111,112,92,1,581,3,0,0,1,0,27,NA,NA,NA
2011,1,1,5,3,2011-01-05,"EV",20366,"EV","N882AS",5275,10397,1039703,30397,"ATL","Atlanta, GA","GA",13,"Georgia",34,11641,1164101,31641,"FAY","Fayetteville, NC","NC",37,"North Carolina",36,945,940,-5,0,0,-1,"0900-0959",17,957,1044,4,1107,1048,-19,0,0,-2,"1100-1159",0,"",0,82,68,47,1,331,2,NA,NA,NA,NA,NA,NA,NA,NA
2011,1,1,6,4,2011-01-06,"DL",19790,"DL","N650DL",2138,10397,1039703,30397,"ATL","Atlanta, GA","GA",13,"Georgia",34,11278,1127801,30852,"DCA","Washington, DC","VA",51,"Virginia",38,1420,1428,8,8,0,0,"1400-1459",14,1442,1602,12,1558,1614,16,16,1,1,"1500-1559",0,"",0,98,106,80,1,547,3,0,0,8,0,8,NA,NA,NA
2011,1,1,30,7,2011-01-30,"DL",19790,"DL","N306DQ",1320,10397,1039703,30397,"ATL","Atlanta, GA","GA",13,"Georgia",34,14685,1468501,34685,"SAV","Savannah, GA","GA",13,"Georgia",34,1922,1916,-6,0,0,-1,"1900-1959",27,1943,2020,8,2030,2028,-2,0,0,-1,"2000-2059",0,"",0,68,72,37,1,215,1,NA,NA,NA,NA,NA,NA,NA,NA
2011,1,1,23,7,2011-01-23,"FL",20437,"FL","N344AT",550,10397,1039703,30397,"ATL","Atlanta, GA","GA",13,"Georgia",34,10792,1079202,30792,"BUF","Buffalo, NY","NY",36,"New York",22,1520,1522,2,2,0,0,"1500-1559",26,1548,1719,10,1715,1729,14,14,0,0,"1700-1759",0,"",0,115,127,91,1,712,3,NA,NA,NA,NA,NA,NA,NA,NA
2011,1,1,19,3,2011-01-19,"DL",19790,"DL","N918DL",1499,10397,1039703,30397,"ATL","Atlanta, GA","GA",13,"Georgia",34,14685,1468501,34685,"SAV","Savannah, GA","GA",13,"Georgia",34,1505,1500,-5,0,0,-1,"1500-1559",23,1523,1603,11,1613,1614,1,1,0,0,"1600-1659",0,"",0,68,74,40,1,215,1,NA,NA,NA,NA,NA,NA,NA,NA
2011,1,1,8,6,2011-01-08,"EV",20366,"EV","N886AS",5505,10397,1039703,30397,"ATL","Atlanta, GA","GA",13,"Georgia",34,12992,1299202,32600,"LIT","Little Rock, AR","AR",5,"Arkansas",71,1610,1606,-4,0,0,-1,"1600-1659",16,1622,1641,2,1651,1643,-8,0,0,-1,"1600-1659",0,"",0,101,97,79,1,453,2,NA,NA,NA,NA,NA,NA,NA,NA
2011,1,1,25,2,2011-01-25,"EV",20366,"EV","N600QX",4954,10397,1039703,30397,"ATL","Atlanta, GA","GA",13,"Georgia",34,13367,1336701,33367,"MLI","Moline, IL","IL",17,"Illinois",41,830,826,-4,0,0,-1,"0800-0859",15,841,913,3,933,916,-17,0,0,-2,"0900-0959",0,"",0,123,110,92,1,633,3,NA,NA,NA,NA,NA,NA,NA,NA
2011,1,1,22,6,2011-01-22,"EV",20366,"EV","N883AS",5113,10397,1039703,30397,"ATL","Atlanta, GA","GA",13,"Georgia",34,11308,1130801,31308,"DHN","Dothan, AL","AL",1,"Alabama",51,940,938,-2,0,0,-1,"0900-0959",24,1002,932,4,946,936,-10,0,0,-1,"0900-0959",0,"",0,66,58,30,1,171,1,NA,NA,NA,NA,NA,NA,NA,NA
2011,1,1,15,6,2011-01-15,"MQ",20398,"MQ","N524MQ",3709,10397,1039703,30397,"ATL","Atlanta, GA","GA",13,"Georgia",34,13930,1393001,30977,"ORD","Chicago, IL","IL",17,"Illinois",41,1340,1444,64,64,1,4,"1300-1359",15,1459,1533,10,1445,1543,58,58,1,3,"1400-1459",0,"",0,125,119,94,1,606,3,0,0,0,0,58,NA,NA,NA
2011,1,1,26,3,2011-01-26,"DL",19790,"DL","N686DA",2206,10397,1039703,30397,"ATL","Atlanta, GA","GA",13,"Georgia",34,14635,1463501,31714,"RSW","Fort Myers, FL","FL",12,"Florida",33,1502,1502,0,0,0,0,"1500-1559",27,1529,1644,3,1645,1647,2,2,0,0,"1600-1659",0,"",0,103,105,75,1,515,3,NA,NA,NA,NA,NA,NA,NA,NA
2011,1,1,9,7,2011-01-09,"EV",20366,"EV","N901EV",5527,10397,1039703,30397,"ATL","Atlanta, GA","GA",13,"Georgia",34,10731,1073102,30731,"BQK","Brunswick, GA","GA",13,"Georgia",34,1525,1755,150,150,1,10,"1500-1559",13,1808,1845,5,1631,1850,139,139,1,9,"1600-1659",0,"",0,66,55,37,1,238,1,139,0,0,0,0,NA,NA,NA
2011,1,1,10,1,2011-01-10,"FL",20437,"FL","N927AT",470,10397,1039703,30397,"ATL","Atlanta, GA","GA",13,"Georgia",34,10821,1082103,30852,"BWI","Baltimore, MD","MD",24,"Maryland",35,1920,NA,NA,NA,NA,NA,"1900-1959",NA,NA,NA,NA,2111,NA,NA,NA,NA,NA,"2100-2159",1,"B",0,111,NA,NA,1,576,3,NA,NA,NA,NA,NA,NA,NA,NA
2011,1,1,1,6,2011-01-01,"DL",19790,"DL","N340NB",2470,10397,1039703,30397,"ATL","Atlanta, GA","GA",13,"Georgia",34,11057,1105702,31057,"CLT","Charlotte, NC","NC",37,"North Carolina",36,1220,1226,6,6,0,0,"1200-1259",25,1251,1334,8,1328,1342,14,14,0,0,"1300-1359",0,"",0,68,76,43,1,227,1,NA,NA,NA,NA,NA,NA,NA,NA
2011,1,1,4,2,2011-01-04,"DL",19790,"DL","N693DL",511,10397,1039703,30397,"ATL","Atlanta, GA","GA",13,"Georgia",34,12451,1245101,31136,"JAX","Jacksonville, FL","FL",12,"Florida",33,830,829,-1,0,0,-1,"0800-0859",17,846,926,5,946,931,-15,0,0,-1,"0900-0959",0,"",0,76,62,40,1,270,2,NA,NA,NA,NA,NA,NA,NA,NA
2011,1,1,29,6,2011-01-29,"DL",19790,"DL","N636DL",117,10397,1039703,30397,"ATL","Atlanta, GA","GA",13,"Georgia",34,15304,1530401,33195,"TPA","Tampa, FL","FL",12,"Florida",33,1745,1749,4,4,0,0,"1700-1759",16,1805,1858,5,1919,1903,-16,0,0,-2,"1900-1959",0,"",0,94,74,53,1,406,2,NA,NA,NA,NA,NA,NA,NA,NA
2011,1,1,25,2,2011-01-25,"DL",19790,"DL","N3747D",2565,10397,1039703,30397,"ATL","Atlanta, GA","GA",13,"Georgia",34,14057,1405701,34057,"PDX","Portland, OR","OR",41,"Oregon",92,840,840,0,0,0,0,"0800-0859",16,856,1042,4,1114,1046,-28,0,0,-2,"1100-1159",0,"",0,334,306,286,1,2172,9,NA,NA,NA,NA,NA,NA,NA,NA
2011,1,1,17,1,2011-01-17,"DL",19790,"DL","N521US",2169,10397,1039703,30397,"ATL","Atlanta, GA","GA",13,"Georgia",34,13204,1320401,31454,"MCO","Orlando, FL","FL",12,"Florida",33,1100,1114,14,14,0,0,"1100-1159",18,1132,1240,14,1236,1254,18,18,1,1,"1200-1259",0,"",0,96,100,68,1,403,2,0,0,4,0,14,NA,NA,NA
2011,1,1,24,1,2011-01-24,"DL",19790,"DL","N688DL",300,10397,1039703,30397,"ATL","Atlanta, GA","GA",13,"Georgia",34,13487,1348701,31650,"MSP","Minneapolis, MN","MN",27,"Minnesota",63,2200,2200,0,0,0,0,"2200-2259",33,2233,2334,5,2356,2339,-17,0,0,-2,"2300-2359",0,"",0,176,159,121,1,906,4,NA,NA,NA,NA,NA,NA,NA,NA
2011,1,1,3,1,2011-01-03,"DL",19790,"DL","N3766",1218,10397,1039703,30397,"ATL","Atlanta, GA","GA",13,"Georgia",34,12094,1209401,34699,"HDN","Hayden, CO","CO",8,"Colorado",82,1015,1010,-5,0,0,-1,"1000-1059",30,1040,1208,5,1203,1213,10,10,0,0,"1200-1259",0,"",0,228,243,208,1,1340,6,NA,NA,NA,NA,NA,NA,NA,NA
2011,1,1,17,1,2011-01-17,"EV",20366,"EV","N873AS",5264,10397,1039703,30397,"ATL","Atlanta, GA","GA",13,"Georgia",34,11641,1164101,31641,"FAY","Fayetteville, NC","NC",37,"North Carolina",36,1251,1251,0,0,0,0,"1200-1259",16,1307,1353,4,1400,1357,-3,0,0,-1,"1400-1459",0,"",0,69,66,46,1,331,2,NA,NA,NA,NA,NA,NA,NA,NA
2011,1,1,31,1,2011-01-31,"EV",20366,"EV","N976EV",5566,10397,1039703,30397,"ATL","Atlanta, GA","GA",13,"Georgia",34,10868,1086802,30868,"CAE","Columbia, SC","SC",45,"South Carolina",37,1922,1924,2,2,0,0,"1900-1959",21,1945,2016,4,2027,2020,-7,0,0,-1,"2000-2059",0,"",0,65,56,31,1,191,1,NA,NA,NA,NA,NA,NA,NA,NA
2011,1,1,1,6,2011-01-01,"DL",19790,"DL","N3737C",1041,10397,1039703,30397,"ATL","Atlanta, GA","GA",13,"Georgia",34,14057,1405701,34057,"PDX","Portland, OR","OR",41,"Oregon",92,1850,1852,2,2,0,0,"1800-1859",10,1902,2042,4,2121,2046,-35,0,0,-2,"2100-2159",0,"",0,331,294,280,1,2172,9,NA,NA,NA,NA,NA,NA,NA,NA
2011,1,1,8,6,2011-01-08,"DL",19790,"DL","N337NB",2852,10397,1039703,30397,"ATL","Atlanta, GA","GA",13,"Georgia",34,13232,1323201,30977,"MDW","Chicago, IL","IL",17,"Illinois",41,1740,1738,-2,0,0,-1,"1700-1759",17,1755,1833,6,1842,1839,-3,0,0,-1,"1800-1859",0,"",0,122,121,98,1,590,3,NA,NA,NA,NA,NA,NA,NA,NA
2011,1,1,14,5,2011-01-14,"DL",19790,"DL","N950DL",336,10397,1039703,30397,"ATL","Atlanta, GA","GA",13,"Georgia",34,11057,1105702,31057,"CLT","Charlotte, NC","NC",37,"North Carolina",36,1455,1452,-3,0,0,-1,"1400-1459",17,1509,1550,8,1607,1558,-9,0,0,-1,"1600-1659",0,"",0,72,66,41,1,227,1,NA,NA,NA,NA,NA,NA,NA,NA
2011,1,1,17,1,2011-01-17,"DL",19790,"DL","N775NC",1057,10397,1039703,30397,"ATL","Atlanta, GA","GA",13,"Georgia",34,10994,1099401,30994,"CHS","Charleston, SC","SC",45,"South Carolina",37,1630,1710,40,40,1,2,"1600-1659",16,1726,1811,6,1740,1817,37,37,1,2,"1700-1759",0,"",0,70,67,45,1,259,2,0,0,0,0,37,NA,NA,NA
2011,1,1,22,6,2011-01-22,"EV",20366,"EV","N608QX",5082,10397,1039703,30397,"ATL","Atlanta, GA","GA",13,"Georgia",34,13360,1336002,33360,"MLB","Melbourne, FL","FL",12,"Florida",33,1614,1614,0,0,0,0,"1600-1659",20,1634,1736,5,1742,1741,-1,0,0,-1,"1700-1759",0,"",0,88,87,62,1,443,2,NA,NA,NA,NA,NA,NA,NA,NA
2011,1,1,2,7,2011-01-02,"US",20355,"US","N451UW",1521,10397,1039703,30397,"ATL","Atlanta, GA","GA",13,"Georgia",34,11057,1105702,31057,"CLT","Charlotte, NC","NC",37,"North Carolina",36,530,532,2,2,0,0,"0001-0559",16,548,625,5,638,630,-8,0,0,-1,"0600-0659",0,"",0,68,58,37,1,227,1,NA,NA,NA,NA,NA,NA,NA,NA
2011,1,1,14,5,2011-01-14,"FL",20437,"FL","N896AT",354,10397,1039703,30397,"ATL","Atlanta, GA","GA",13,"Georgia",34,12953,1295301,31703,"LGA","New York, NY","NY",36,"New York",22,1508,1507,-1,0,0,-1,"1500-1559",11,1518,1705,6,1712,1711,-1,0,0,-1,"1700-1759",0,"",0,124,124,107,1,761,4,NA,NA,NA,NA,NA,NA,NA,NA
2011,1,1,18,2,2011-01-18,"DL",19790,"DL","N910DL",1082,10397,1039703,30397,"ATL","Atlanta, GA","GA",13,"Georgia",34,11433,1143301,31295,"DTW","Detroit, MI","MI",26,"Michigan",43,1246,1244,-2,0,0,-1,"1200-1259",24,1308,1439,7,1449,1446,-3,0,0,-1,"1400-1459",0,"",0,123,122,91,1,594,3,NA,NA,NA,NA,NA,NA,NA,NA
2011,1,1,16,7,2011-01-16,"DL",19790,"DL","N638DL",2329,10397,1039703,30397,"ATL","Atlanta, GA","GA",13,"Georgia",34,14747,1474702,30559,"SEA","Seattle, WA","WA",53,"Washington",93,2152,2207,15,15,1,1,"2100-2159",21,2228,45,5,25,50,25,25,1,1,"0001-0559",0,"",0,333,343,317,1,2182,9,15,0,10,0,0,NA,NA,NA
2011,1,1,2,7,2011-01-02,"DL",19790,"DL","N357NW",1711,10397,1039703,30397,"ATL","Atlanta, GA","GA",13,"Georgia",34,11298,1129802,30194,"DFW","Dallas/Fort Worth, TX","TX",48,"Texas",74,2145,2145,0,0,0,0,"2100-2159",33,2218,2321,4,2317,2325,8,8,0,0,"2300-2359",0,"",0,152,160,123,1,732,3,NA,NA,NA,NA,NA,NA,NA,NA
2011,1,1,6,4,2011-01-06,"EV",20366,"EV","N868AS",5181,10397,1039703,30397,"ATL","Atlanta, GA","GA",13,"Georgia",34,13377,1337701,33377,"MLU","Monroe, LA","LA",22,"Louisiana",72,1015,1014,-1,0,0,-1,"1000-1059",28,1042,1057,3,1105,1100,-5,0,0,-1,"1100-1159",0,"",0,110,106,75,1,448,2,NA,NA,NA,NA,NA,NA,NA,NA
2011,1,1,16,7,2011-01-16,"FL",20437,"FL","N910AT",86,10397,1039703,30397,"ATL","Atlanta, GA","GA",13,"Georgia",34,11697,1169702,32467,"FLL","Fort Lauderdale, FL","FL",12,"Florida",33,1117,1158,41,41,1,2,"1100-1159",9,1207,1335,4,1314,1339,25,25,1,1,"1300-1359",0,"",0,117,101,88,1,581,3,25,0,0,0,0,1113,27,27
2011,1,1,3,1,2011-01-03,"FL",20437,"FL","N954AT",696,10397,1039703,30397,"ATL","Atlanta, GA","GA",13,"Georgia",34,14986,1498602,34986,"SRQ","Sarasota/Bradenton, FL","FL",12,"Florida",33,1015,1011,-4,0,0,-1,"1000-1059",27,1038,1146,4,1149,1150,1,1,0,0,"1100-1159",0,"",0,94,99,68,1,445,2,NA,NA,NA,NA,NA,NA,NA,NA
2011,1,1,16,7,2011-01-16,"FL",20437,"FL","N910AT",86,10397,1039703,30397,"ATL","Atlanta, GA","GA",13,"Georgia",34,11697,1169702,32467,"FLL","Fort Lauderdale, FL","FL",12,"Florida",33,1117,1158,41,41,1,2,"1100-1159",9,1207,1335,4,1314,1339,25,25,1,1,"1300-1359",0,"",0,117,101,88,1,581,3,25,0,0,0,0,1113,27,27
2011,1,1,9,7,2011-01-09,"DL",19790,"DL","N937DL",2038,10397,1039703,30397,"ATL","Atlanta, GA","GA",13,"Georgia",34,11278,1127801,30852,"DCA","Washington, DC","VA",51,"Virginia",38,1520,1520,0,0,0,0,"1500-1559",17,1537,1648,13,1709,1701,-8,0,0,-1,"1700-1759",0,"",0,109,101,71,1,547,3,NA,NA,NA,NA,NA,NA,NA,NA
2011,1,1,11,2,2011-01-11,"EV",20366,"EV","N971EV",5539,10397,1039703,30397,"ATL","Atlanta, GA","GA",13,"Georgia",34,12217,1221701,30255,"HSV","Huntsville, AL","AL",1,"Alabama",51,1000,NA,NA,NA,NA,NA,"1000-1059",NA,NA,NA,NA,1008,NA,NA,NA,NA,NA,"1000-1059",1,"A",0,68,NA,NA,1,151,1,NA,NA,NA,NA,NA,NA,NA,NA
2011,1,1,5,3,2011-01-05,"DL",19790,"DL","N329NW",2400,10397,1039703,30397,"ATL","Atlanta, GA","GA",13,"Georgia",34,10721,1072101,30721,"BOS","Boston, MA","MA",25,"Massachusetts",13,1746,1750,4,4,0,0,"1700-1759",38,1828,2022,8,2021,2030,9,9,0,0,"2000-2059",0,"",0,155,160,114,1,946,4,NA,NA,NA,NA,NA,NA,NA,NA
2011,1,1,4,2,2011-01-04,"FL",20437,"FL","N272AT",779,10397,1039703,30397,"ATL","Atlanta, GA","GA",13,"Georgia",34,12889,1288902,32211,"LAS","Las Vegas, NV","NV",32,"Nevada",85,2205,2239,34,34,1,2,"2200-2259",16,2255,7,6,2350,13,23,23,1,1,"2300-2359",0,"",0,285,274,252,1,1747,7,23,0,0,0,0,NA,NA,NA
2011,1,1,11,2,2011-01-11,"DL",19790,"DL","N128DL",1703,10397,1039703,30397,"ATL","Atlanta, GA","GA",13,"Georgia",34,12889,1288902,32211,"LAS","Las Vegas, NV","NV",32,"Nevada",85,1745,1756,11,11,0,0,"1700-1759",19,1815,1937,9,1928,1946,18,18,1,1,"1900-1959",0,"",0,283,290,262,1,1747,7,0,11,7,0,0,NA,NA,NA
2011,1,1,23,7,2011-01-23,"DL",19790,"DL","N721TW",1012,10397,1039703,30397,"ATL","Atlanta, GA","GA",13,"Georgia",34,12478,1247801,31703,"JFK","New York, NY","NY",36,"New York",22,1505,1502,-3,0,0,-1,"1500-1559",17,1519,1652,33,1730,1725,-5,0,0,-1,"1700-1759",0,"",0,145,143,93,1,760,4,NA,NA,NA,NA,NA,NA,NA,NA
2011,1,1,7,5,2011-01-07,"EV",20366,"EV","N879AS",5335,10397,1039703,30397,"ATL","Atlanta, GA","GA",13,"Georgia",34,10146,1014601,30146,"ABY","Albany, GA","GA",13,"Georgia",34,1549,1556,7,7,0,0,"1500-1559",17,1613,1638,3,1641,1641,0,0,0,0,"1600-1659",0,"",0,52,45,25,1,146,1,NA,NA,NA,NA,NA,NA,NA,NA
2011,1,1,30,7,2011-01-30,"FL",20437,"FL","N307AT",181,10397,1039703,30397,"ATL","Atlanta, GA","GA",13,"Georgia",34,14635,1463501,31714,"RSW","Fort Myers, FL","FL",12,"Florida",33,1736,1722,-14,0,0,-1,"1700-1759",11,1733,1850,12,1912,1902,-10,0,0,-1,"1900-1959",0,"",0,96,100,77,1,515,3,NA,NA,NA,NA,NA,NA,NA,NA
2011,1,1,11,2,2011-01-11,"DL",19790,"DL","N584NW",1710,10397,1039703,30397,"ATL","Atlanta, GA","GA",13,"Georgia",34,13487,1348701,31650,"MSP","Minneapolis, MN","MN",27,"Minnesota",63,1440,1443,3,3,0,0,"1400-1459",25,1508,1612,11,1627,1623,-4,0,0,-1,"1600-1659",0,"",0,167,160,124,1,906,4,NA,NA,NA,NA,NA,NA,NA,NA
2011,1,1,17,1,2011-01-17,"EV",20366,"EV","N608QX",4999,10397,1039703,30397,"ATL","Atlanta, GA","GA",13,"Georgia",34,13871,1387101,33316,"OMA","Omaha, NE","NE",31,"Nebraska",65,1915,2138,143,143,1,9,"1900-1959",14,2152,2247,4,2047,2251,124,124,1,8,"2000-2059",0,"",0,152,133,115,1,821,4,0,0,0,0,124,NA,NA,NA
2011,1,1,26,3,2011-01-26,"FL",20437,"FL","N921AT",364,10397,1039703,30397,"ATL","Atlanta, GA","GA",13,"Georgia",34,12953,1295301,31703,"LGA","New York, NY","NY",36,"New York",22,1920,NA,NA,NA,NA,NA,"1900-1959",NA,NA,NA,NA,2129,NA,NA,NA,NA,NA,"2100-2159",1,"B",0,129,NA,NA,1,761,4,NA,NA,NA,NA,NA,NA,NA,NA
2011,1,1,16,7,2011-01-16,"EV",20366,"EV","N754EV",5319,10397,1039703,30397,"ATL","Atlanta, GA","GA",13,"Georgia",34,15624,1562401,31504,"VPS","Valparaiso, FL","FL",12,"Florida",33,1922,1920,-2,0,0,-1,"1900-1959",12,1932,1913,4,1940,1917,-23,0,0,-2,"1900-1959",0,"",0,78,57,41,1,250,2,NA,NA,NA,NA,NA,NA,NA,NA
2011,1,1,16,7,2011-01-16,"EV",20366,"EV","N136EV",5376,10397,1039703,30397,"ATL","Atlanta, GA","GA",13,"Georgia",34,15096,1509601,35096,"SYR","Syracuse, NY","NY",36,"New York",22,1500,1501,1,1,0,0,"1500-1559",17,1518,1658,28,1712,1726,14,14,0,0,"1700-1759",0,"",0,132,145,100,1,793,4,NA,NA,NA,NA,NA,NA,NA,NA
2011,1,1,10,1,2011-01-10,"FL",20437,"FL","N927AT",470,10397,1039703,30397,"ATL","Atlanta, GA","GA",13,"Georgia",34,10821,1082103,30852,"BWI","Baltimore, MD","MD",24,"Maryland",35,1920,NA,NA,NA,NA,NA,"1900-1959",NA,NA,NA,NA,2111,NA,NA,NA,NA,NA,"2100-2159",1,"B",0,111,NA,NA,1,576,3,NA,NA,NA,NA,NA,NA,NA,NA
2011,1,1,28,5,2011-01-28,"DL",19790,"DL","N6701",1903,10397,1039703,30397,"ATL","Atlanta, GA","GA",13,"Georgia",34,12889,1288902,32211,"LAS","Las Vegas, NV","NV",32,"Nevada",85,1355,1354,-1,0,0,-1,"1300-1359",23,1417,1456,4,1530,1500,-30,0,0,-2,"1500-1559",0,"",0,275,246,219,1,1747,7,NA,NA,NA,NA,NA,NA,NA,NA
2011,1,1,31,1,2011-01-31,"DL",19790,"DL","N339NB",2271,10397,1039703,30397,"ATL","Atlanta, GA","GA",13,"Georgia",34,11624,1162401,31624,"EYW","Key West, FL","FL",12,"Florida",33,1455,1456,1,1,0,0,"1400-1459",16,1512,1636,3,1652,1639,-13,0,0,-1,"1600-1659",0,"",0,117,103,84,1,646,3,NA,NA,NA,NA,NA,NA,NA,NA
2011,1,1,23,7,2011-01-23,"EV",20366,"EV","N933EV",5220,10397,1039703,30397,"ATL","Atlanta, GA","GA",13,"Georgia",34,10185,1018502,30185,"AEX","Alexandria, LA","LA",22,"Louisiana",72,1251,1250,-1,0,0,-1,"1200-1259",16,1306,1330,2,1338,1332,-6,0,0,-1,"1300-1359",0,"",0,107,102,84,1,500,3,NA,NA,NA,NA,NA,NA,NA,NA
2011,1,1,29,6,2011-01-29,"DL",19790,"DL","N674DL",1285,10397,1039703,30397,"ATL","Atlanta, GA","GA",13,"Georgia",34,14027,1402701,34027,"PBI","West Palm Beach/Palm Beach, FL","FL",12,"Florida",33,1756,1942,106,106,1,7,"1700-1759",15,1957,2107,3,1946,2110,84,84,1,5,"1900-1959",0,"",0,110,88,70,1,545,3,84,0,0,0,0,NA,NA,NA
2011,1,1,18,2,2011-01-18,"AA",19805,"AA","N3AUAA",1039,10397,1039703,30397,"ATL","Atlanta, GA","GA",13,"Georgia",34,13303,1330302,32467,"MIA","Miami, FL","FL",12,"Florida",33,1305,1305,0,0,0,0,"1300-1359",17,1322,1444,12,1450,1456,6,6,0,0,"1400-1459",0,"",0,105,111,82,1,595,3,NA,NA,NA,NA,NA,NA,NA,NA
2011,1,1,8,6,2011-01-08,"DL",19790,"DL","N625DL",1915,10397,1039703,30397,"ATL","Atlanta, GA","GA",13,"Georgia",34,14107,1410701,30466,"PHX","Phoenix, AZ","AZ",4,"Arizona",81,2145,2226,41,41,1,2,"2100-2159",20,2246,39,5,2,44,42,42,1,2,"0001-0559",0,"",0,257,258,233,1,1587,7,41,0,1,0,0,NA,NA,NA
2011,1,1,8,6,2011-01-08,"US",20355,"US","N637AW",308,10397,1039703,30397,"ATL","Atlanta, GA","GA",13,"Georgia",34,11057,1105702,31057,"CLT","Charlotte, NC","NC",37,"North Carolina",36,715,710,-5,0,0,-1,"0700-0759",14,724,805,8,825,813,-12,0,0,-1,"0800-0859",0,"",0,70,63,41,1,227,1,NA,NA,NA,NA,NA,NA,NA,NA
2011,1,1,16,7,2011-01-16,"DL",19790,"DL","N903DE",2272,10397,1039703,30397,"ATL","Atlanta, GA","GA",13,"Georgia",34,14122,1412201,30198,"PIT","Pittsburgh, PA","PA",42,"Pennsylvania",23,1051,1047,-4,0,0,-1,"1000-1059",16,1103,1215,4,1243,1219,-24,0,0,-2,"1200-1259",0,"",0,112,92,72,1,526,3,NA,NA,NA,NA,NA,NA,NA,NA
2011,1,1,6,4,2011-01-06,"EV",20366,"EV","N709EV",4989,10397,1039703,30397,"ATL","Atlanta, GA","GA",13,"Georgia",34,14098,1409802,33667,"PHF","Newport News/Williamsburg, VA","VA",51,"Virginia",38,1135,NA,NA,NA,NA,NA,"1100-1159",NA,NA,NA,NA,1307,NA,NA,NA,NA,NA,"1300-1359",1,"B",0,92,NA,NA,1,508,3,NA,NA,NA,NA,NA,NA,NA,NA
2011,1,1,29,6,2011-01-29,"EV",20366,"EV","N901EV",5565,10397,1039703,30397,"ATL","Atlanta, GA","GA",13,"Georgia",34,11973,1197301,31973,"GPT","Gulfport/Biloxi, MS","MS",28,"Mississippi",53,1457,1447,-10,0,0,-1,"1400-1459",12,1459,1455,3,1526,1458,-28,0,0,-2,"1500-1559",0,"",0,89,71,56,1,352,2,NA,NA,NA,NA,NA,NA,NA,NA
2011,1,1,17,1,2011-01-17,"EV",20366,"EV","N686BR",5414,10397,1039703,30397,"ATL","Atlanta, GA","GA",13,"Georgia",34,15249,1524901,35249,"TLH","Tallahassee, FL","FL",12,"Florida",33,2300,2252,-8,0,0,-1,"2300-2359",12,2304,2343,3,2359,2346,-13,0,0,-1,"2300-2359",0,"",0,59,54,39,1,223,1,NA,NA,NA,NA,NA,NA,NA,NA
2011,1,1,19,3,2011-01-19,"EV",20366,"EV","N843AS",5391,10397,1039703,30397,"ATL","Atlanta, GA","GA",13,"Georgia",34,10431,1043101,30431,"AVL","Asheville, NC","NC",37,"North Carolina",36,1136,1131,-5,0,0,-1,"1100-1159",19,1150,1222,6,1233,1228,-5,0,0,-1,"1200-1259",0,"",0,57,57,32,1,164,1,NA,NA,NA,NA,NA,NA,NA,NA
2011,1,1,26,3,2011-01-26,"DL",19790,"DL","N909DL",1100,10397,1039703,30397,"ATL","Atlanta, GA","GA",13,"Georgia",34,13342,1334202,33342,"MKE","Milwaukee, WI","WI",55,"Wisconsin",45,1915,1912,-3,0,0,-1,"1900-1959",25,1937,2012,5,2033,2017,-16,0,0,-2,"2000-2059",0,"",0,138,125,95,1,669,3,NA,NA,NA,NA,NA,NA,NA,NA
2011,1,1,15,6,2011-01-15,"DL",19790,"DL","N527US",2269,10397,1039703,30397,"ATL","Atlanta, GA","GA",13,"Georgia",34,13204,1320401,31454,"MCO","Orlando, FL","FL",12,"Florida",33,1200,1159,-1,0,0,-1,"1200-1259",16,1215,1312,8,1326,1320,-6,0,0,-1,"1300-1359",0,"",0,86,81,57,1,403,2,NA,NA,NA,NA,NA,NA,NA,NA
2011,1,1,4,2,2011-01-04,"FL",20437,"FL","N272AT",779,10397,1039703,30397,"ATL","Atlanta, GA","GA",13,"Georgia",34,12889,1288902,32211,"LAS","Las Vegas, NV","NV",32,"Nevada",85,2205,2239,34,34,1,2,"2200-2259",16,2255,7,6,2350,13,23,23,1,1,"2300-2359",0,"",0,285,274,252,1,1747,7,23,0,0,0,0,NA,NA,NA
2011,1,1,18,2,2011-01-18,"AA",19805,"AA","N3CUAA",1945,10397,1039703,30397,"ATL","Atlanta, GA","GA",13,"Georgia",34,13303,1330302,32467,"MIA","Miami, FL","FL",12,"Florida",33,1830,1821,-9,0,0,-1,"1800-1859",24,1845,2009,7,2040,2016,-24,0,0,-2,"2000-2059",0,"",0,130,115,84,1,595,3,NA,NA,NA,NA,NA,NA,NA,NA
2011,1,1,11,2,2011-01-11,"EV",20366,"EV","N874AS",5500,10397,1039703,30397,"ATL","Atlanta, GA","GA",13,"Georgia",34,15323,1532301,35323,"TRI","Bristol/Johnson City/Kingsport, TN","TN",47,"Tennessee",54,1930,NA,NA,NA,NA,NA,"1900-1959",NA,NA,NA,NA,2039,NA,NA,NA,NA,NA,"2000-2059",1,"A",0,69,NA,NA,1,227,1,NA,NA,NA,NA,NA,NA,NA,NA
2011,1,1,23,7,2011-01-23,"FL",20437,"FL","N951AT",125,10397,1039703,30397,"ATL","Atlanta, GA","GA",13,"Georgia",34,15304,1530401,33195,"TPA","Tampa, FL","FL",12,"Florida",33,1541,1536,-5,0,0,-1,"1500-1559",9,1545,1646,8,1706,1654,-12,0,0,-1,"1700-1759",0,"",0,85,78,61,1,406,2,NA,NA,NA,NA,NA,NA,NA,NA
2011,1,1,12,3,2011-01-12,"FL",20437,"FL","N995AT",182,10397,1039703,30397,"ATL","Atlanta, GA","GA",13,"Georgia",34,11278,1127801,30852,"DCA","Washington, DC","VA",51,"Virginia",38,2215,2308,53,53,1,3,"2200-2259",10,2318,27,6,2355,33,38,38,1,2,"2300-2359",0,"",0,100,85,69,1,547,3,0,0,0,0,38,NA,NA,NA
2011,1,1,24,1,2011-01-24,"FL",20437,"FL","N966AT",255,10397,1039703,30397,"ATL","Atlanta, GA","GA",13,"Georgia",34,11721,1172101,31721,"FNT","Flint, MI","MI",26,"Michigan",43,1546,1539,-7,0,0,-1,"1500-1559",9,1548,1725,2,1741,1727,-14,0,0,-1,"1700-1759",0,"",0,115,108,97,1,644,3,NA,NA,NA,NA,NA,NA,NA,NA
2011,1,1,1,6,2011-01-01,"DL",19790,"DL","N939DL",1024,10397,1039703,30397,"ATL","Atlanta, GA","GA",13,"Georgia",34,14635,1463501,31714,"RSW","Fort Myers, FL","FL",12,"Florida",33,945,937,-8,0,0,-1,"0900-0959",19,956,1112,7,1138,1119,-19,0,0,-2,"1100-1159",0,"",0,113,102,76,1,515,3,NA,NA,NA,NA,NA,NA,NA,NA
2011,1,1,3,1,2011-01-03,"DL",19790,"DL","N922DL",342,10397,1039703,30397,"ATL","Atlanta, GA","GA",13,"Georgia",34,10693,1069301,30693,"BNA","Nashville, TN","TN",47,"Tennessee",54,2050,2046,-4,0,0,-1,"2000-2059",15,2101,2040,7,2103,2047,-16,0,0,-2,"2100-2159",0,"",0,73,61,39,1,214,1,NA,NA,NA,NA,NA,NA,NA,NA
2011,1,1,27,4,2011-01-27,"EV",20366,"EV","N874AS",5035,10397,1039703,30397,"ATL","Atlanta, GA","GA",13,"Georgia",34,13422,1342201,30562,"MOB","Mobile, AL","AL",1,"Alabama",51,1740,1740,0,0,0,0,"1700-1759",12,1752,1745,5,1800,1750,-10,0,0,-1,"1800-1859",0,"",0,80,70,53,1,302,2,NA,NA,NA,NA,NA,NA,NA,NA
2011,1,1,27,4,2011-01-27,"DL",19790,"DL","N552NW",2001,10397,1039703,30397,"ATL","Atlanta, GA","GA",13,"Georgia",34,12451,1245101,31136,"JAX","Jacksonville, FL","FL",12,"Florida",33,1727,1730,3,3,0,0,"1700-1759",20,1750,1830,4,1840,1834,-6,0,0,-1,"1800-1859",0,"",0,73,64,40,1,270,2,NA,NA,NA,NA,NA,NA,NA,NA
2011,1,1,30,7,2011-01-30,"FL",20437,"FL","N307AT",181,10397,1039703,30397,"ATL","Atlanta, GA","GA",13,"Georgia",34,14635,1463501,31714,"RSW","Fort Myers, FL","FL",12,"Florida",33,1736,1722,-14,0,0,-1,"1700-1759",11,1733,1850,12,1912,1902,-10,0,0,-1,"1900-1959",0,"",0,96,100,77,1,515,3,NA,NA,NA,NA,NA,NA,NA,NA
2011,1,1,25,2,2011-01-25,"DL",19790,"DL","N942DL",730,10397,1039703,30397,"ATL","Atlanta, GA","GA",13,"Georgia",34,14307,1430701,30721,"PVD","Providence, RI","RI",44,"Rhode Island",15,2046,2131,45,45,1,3,"2000-2059",29,2200,2338,6,2311,2344,33,33,1,2,"2300-2359",0,"",0,145,133,98,1,903,4,26,7,0,0,0,NA,NA,NA
2011,1,1,1,6,2011-01-01,"EV",20366,"EV","N837AS",5440,10397,1039703,30397,"ATL","Atlanta, GA","GA",13,"Georgia",34,11953,1195301,31953,"GNV","Gainesville, FL","FL",12,"Florida",33,1458,1710,132,132,1,8,"1400-1459",18,1728,1814,4,1615,1818,123,123,1,8,"1600-1659",0,"",0,77,68,46,1,300,2,122,0,0,0,1,NA,NA,NA
2011,1,1,9,7,2011-01-09,"EV",20366,"EV","N976EV",5164,10397,1039703,30397,"ATL","Atlanta, GA","GA",13,"Georgia",34,10868,1086802,30868,"CAE","Columbia, SC","SC",45,"South Carolina",37,1752,1746,-6,0,0,-1,"1700-1759",15,1801,1831,3,1852,1834,-18,0,0,-2,"1800-1859",0,"",0,60,48,30,1,191,1,NA,NA,NA,NA,NA,NA,NA,NA
2011,1,1,18,2,2011-01-18,"EV",20366,"EV","N843AS",5467,10397,1039703,30397,"ATL","Atlanta, GA","GA",13,"Georgia",34,15412,1541201,35412,"TYS","Knoxville, TN","TN",47,"Tennessee",54,1140,1136,-4,0,0,-1,"1100-1159",25,1201,1228,3,1234,1231,-3,0,0,-1,"1200-1259",0,"",0,54,55,27,1,152,1,NA,NA,NA,NA,NA,NA,NA,NA
