"Year","Quarter","Month","DayofMonth","DayOfWeek","FlightDate","UniqueCarrier","AirlineID","Carrier","TailNum","FlightNum","OriginAirportID","OriginAirportSeqID","OriginCityMarketID","Origin","OriginCityName","OriginState","OriginStateFips","OriginStateName","OriginWac","DestAirportID","DestAirportSeqID","DestCityMarketID","Dest","DestCityName","DestState","DestStateFips","DestStateName","DestWac","CRSDepTime","DepTime","DepDelay","DepDelayMinutes","DepDel15","DepartureDelayGroups","DepTimeBlk","TaxiOut","WheelsOff","WheelsOn","TaxiIn","CRSArrTime","ArrTime","ArrDelay","ArrDelayMinutes","ArrDel15","ArrivalDelayGroups","ArrTimeBlk","Cancelled","CancellationCode","Diverted","CRSElapsedTime","ActualElapsedTime","AirTime","Flights","Distance","DistanceGroup","CarrierDelay","WeatherDelay","NASDelay","SecurityDelay","LateAircraftDelay","FirstDepTime","TotalAddGTime","LongestAddGTime"
2010,3,9,1,3,2010-09-01,"UA",19977,"UA","N457UA",381,13930,1393001,30977,"ORD","Chicago, IL","IL",17,"Illinois",41,14893,1489301,33192,"SMF","Sacramento, CA","CA",6,"California",91,1019,1017,-2,0,0,-1,"1000-1059",19,1036,1243,5,1249,1248,-1,0,0,-1,"1200-1259",0,"",0,270,271,247,1,1781,8,NA,NA,NA,NA,NA,NA,NA,NA
2010,3,9,27,1,2010-09-27,"AA",19805,"AA","N3FPAA",1210,13930,1393001,30977,"ORD","Chicago, IL","IL",17,"Illinois",41,10721,1072101,30721,"BOS","Boston, MA","MA",25,"Massachusetts",13,1140,1137,-3,0,0,-1,"1100-1159",11,1148,1448,8,1450,1456,6,6,0,0,"1400-1459",0,"",0,130,139,120,1,867,4,NA,NA,NA,NA,NA,NA,NA,NA
2010,3,9,19,7,2010-09-19,"AA",19805,"AA","N202AA",591,13930,1393001,30977,"ORD","Chicago, IL","IL",17,"Illinois",41,13198,1319801,33198,"MCI","Kansas City, MO","MO",29,"Missouri",64,1335,1354,19,19,1,1,"1300-1359",11,1405,1505,4,1500,1509,9,9,0,0,"1500-1559",0,"",0,85,75,60,1,403,2,NA,NA,NA,NA,NA,NA,NA,NA
2010,3,9,4,6,2010-09-04,"9E",20363,"9E","88779E",3746,13930,1393001,30977,"ORD","Chicago, IL","IL",17,"Illinois",41,11193,1119301,33105,"CVG","Cincinnati, OH","KY",21,"Kentucky",52,1559,1553,-6,0,0,-1,"1500-1559",28,1621,1805,6,1815,1811,-4,0,0,-1,"1800-1859",0,"",0,76,78,44,1,264,2,NA,NA,NA,NA,NA,NA,NA,NA
2010,3,9,2,4,2010-09-02,"YV",20378,"YV","N511MJ",7293,13930,1393001,30977,"ORD","Chicago, IL","IL",17,"Illinois",41,14576,1457602,34576,"ROC","Rochester, NY","NY",36,"New York",22,2115,2115,0,0,0,0,"2100-2159",124,2319,132,3,2348,135,107,107,1,7,"2300-2359",0,"",0,93,200,73,1,528,3,0,0,107,0,0,NA,NA,NA
2010,3,9,18,6,2010-09-18,"US",20355,"US","N125UW",985,13930,1393001,30977,"ORD","Chicago, IL","IL",17,"Illinois",41,11057,1105702,31057,"CLT","Charlotte, NC","NC",37,"North Carolina",36,600,603,3,3,0,0,"0600-0659",12,615,838,9,853,847,-6,0,0,-1,"0800-0859",0,"",0,113,104,83,1,599,3,NA,NA,NA,NA,NA,NA,NA,NA
2010,3,9,13,1,2010-09-13,"AA",19805,"AA","N3GCAA",2455,13930,1393001,30977,"ORD","Chicago, IL","IL",17,"Illinois",41,14107,1410701,30466,"PHX","Phoenix, AZ","AZ",4,"Arizona",81,830,829,-1,0,0,-1,"0800-0859",11,840,955,5,1010,1000,-10,0,0,-1,"1000-1059",0,"",0,220,211,195,1,1440,6,NA,NA,NA,NA,NA,NA,NA,NA
2010,3,9,24,5,2010-09-24,"XE",20374,"XE","N11164",5911,13930,1393001,30977,"ORD","Chicago, IL","IL",17,"Illinois",41,10257,1025701,30257,"ALB","Albany, NY","NY",36,"New York",22,1125,1124,-1,0,0,-1,"1100-1159",11,1135,1406,4,1418,1410,-8,0,0,-1,"1400-1459",0,"",0,113,106,91,1,723,3,NA,NA,NA,NA,NA,NA,NA,NA
2010,3,9,11,6,2010-09-11,"XE",20374,"XE","N14174",5890,13930,1393001,30977,"ORD","Chicago, IL","IL",17,"Illinois",41,14108,1410802,34108,"PIA","Peoria, IL","IL",17,"Illinois",41,2015,2006,-9,0,0,-1,"2000-2059",11,2017,2042,3,2106,2045,-21,0,0,-2,"2100-2159",0,"",0,51,39,25,1,130,1,NA,NA,NA,NA,NA,NA,NA,NA
2010,3,9,8,3,2010-09-08,"OO",20304,"OO","N748SK",6950,13930,1393001,30977,"ORD","Chicago, IL","IL",17,"Illinois",41,14869,1486902,34614,"SLC","Salt Lake City, UT","UT",49,"Utah",87,2005,2005,0,0,0,0,"2000-2059",15,2020,2220,6,2228,2226,-2,0,0,-1,"2200-2259",0,"",0,203,201,180,1,1249,5,NA,NA,NA,NA,NA,NA,NA,NA
2010,3,9,30,4,2010-09-30,"UA",19977,"UA","N479UA",606,13930,1393001,30977,"ORD","Chicago, IL","IL",17,"Illinois",41,11278,1127801,30852,"DCA","Washington, DC","VA",51,"Virginia",38,905,900,-5,0,0,-1,"0900-0959",11,911,1151,3,1154,1154,0,0,0,0,"1100-1159",0,"",0,109,114,100,1,612,3,NA,NA,NA,NA,NA,NA,NA,NA
2010,3,9,1,3,2010-09-01,"US",20355,"US","N621AW",195,13930,1393001,30977,"ORD","Chicago, IL","IL",17,"Illinois",41,14107,1410701,30466,"PHX","Phoenix, AZ","AZ",4,"Arizona",81,730,1202,272,272,1,12,"0700-0759",17,1219,1334,4,918,1338,260,260,1,12,"0900-0959",0,"",0,228,216,195,1,1440,6,260,0,0,0,0,728,23,23
2010,3,9,13,1,2010-09-13,"UA",19977,"UA","N458UA",206,13930,1393001,30977,"ORD","Chicago, IL","IL",17,"Illinois",41,13204,1320401,31454,"MCO","Orlando, FL","FL",12,"Florida",33,821,820,-1,0,0,-1,"0800-0859",17,837,1141,4,1201,1145,-16,0,0,-2,"1200-1259",0,"",0,160,145,124,1,1005,5,NA,NA,NA,NA,NA,NA,NA,NA
2010,3,9,1,3,2010-09-01,"AA",19805,"AA","N3EEAA",607,13930,1393001,30977,"ORD","Chicago, IL","IL",17,"Illinois",41,12892,1289201,32575,"LAX","Los Angeles, CA","CA",6,"California",91,1940,1952,12,12,0,0,"1900-1959",27,2019,2208,5,2200,2213,13,13,0,0,"2200-2259",0,"",0,260,261,229,1,1745,7,NA,NA,NA,NA,NA,NA,NA,NA
2010,3,9,17,5,2010-09-17,"AA",19805,"AA","N482AA",2321,13930,1393001,30977,"ORD","Chicago, IL","IL",17,"Illinois",41,11298,1129802,30194,"DFW","Dallas/Fort Worth, TX","TX",48,"Texas",74,1125,1122,-3,0,0,-1,"1100-1159",10,1132,1321,7,1350,1328,-22,0,0,-2,"1300-1359",0,"",0,145,126,109,1,802,4,NA,NA,NA,NA,NA,NA,NA,NA
2010,3,9,13,1,2010-09-13,"UA",19977,"UA","N544UA",990,13930,1393001,30977,"ORD","Chicago, IL","IL",17,"Illinois",41,12264,1226401,30852,"IAD","Washington, DC","VA",51,"Virginia",38,1805,1805,0,0,0,0,"1800-1859",15,1820,2036,5,2059,2041,-18,0,0,-2,"2000-2059",0,"",0,114,96,76,1,589,3,NA,NA,NA,NA,NA,NA,NA,NA
2010,3,9,8,3,2010-09-08,"XE",20374,"XE","N13908",5838,13930,1393001,30977,"ORD","Chicago, IL","IL",17,"Illinois",41,11986,1198602,31986,"GRR","Grand Rapids, MI","MI",26,"Michigan",43,1132,1127,-5,0,0,-1,"1100-1159",11,1138,1303,7,1319,1310,-9,0,0,-1,"1300-1359",0,"",0,47,43,25,1,137,1,NA,NA,NA,NA,NA,NA,NA,NA
2010,3,9,16,4,2010-09-16,"UA",19977,"UA","N552UA",990,13930,1393001,30977,"ORD","Chicago, IL","IL",17,"Illinois",41,12264,1226401,30852,"IAD","Washington, DC","VA",51,"Virginia",38,1805,1808,3,3,0,0,"1800-1859",14,1822,2038,7,2059,2045,-14,0,0,-1,"2000-2059",0,"",0,114,97,76,1,589,3,NA,NA,NA,NA,NA,NA,NA,NA
2010,3,9,2,4,2010-09-02,"XE",20374,"XE","N16170",5910,13930,1393001,30977,"ORD","Chicago, IL","IL",17,"Illinois",41,11042,1104201,30647,"CLE","Cleveland, OH","OH",39,"Ohio",44,1708,1827,79,79,1,5,"1700-1759",25,1852,2040,8,1924,2048,84,84,1,5,"1900-1959",0,"",0,76,81,48,1,316,2,21,0,5,0,58,NA,NA,NA
2010,3,9,14,2,2010-09-14,"OO",20304,"OO","N964SW",6458,13930,1393001,30977,"ORD","Chicago, IL","IL",17,"Illinois",41,11775,1177501,31775,"FSD","Sioux Falls, SD","SD",46,"South Dakota",67,1756,1750,-6,0,0,-1,"1700-1759",14,1804,1917,4,1934,1921,-13,0,0,-1,"1900-1959",0,"",0,98,91,73,1,462,2,NA,NA,NA,NA,NA,NA,NA,NA
2010,3,9,22,3,2010-09-22,"MQ",20398,"MQ","N610MQ",4256,13930,1393001,30977,"ORD","Chicago, IL","IL",17,"Illinois",41,10980,1098001,30980,"CHA","Chattanooga, TN","TN",47,"Tennessee",54,820,817,-3,0,0,-1,"0800-0859",21,838,1054,3,1050,1057,7,7,0,0,"1000-1059",0,"",0,90,100,76,1,501,3,NA,NA,NA,NA,NA,NA,NA,NA
2010,3,9,3,5,2010-09-03,"YV",20378,"YV","N514MJ",7278,13930,1393001,30977,"ORD","Chicago, IL","IL",17,"Illinois",41,10785,1078501,30785,"BTV","Burlington, VT","VT",50,"Vermont",16,1925,1921,-4,0,0,-1,"1900-1959",13,1934,2206,3,2222,2209,-13,0,0,-1,"2200-2259",0,"",0,117,108,92,1,763,4,NA,NA,NA,NA,NA,NA,NA,NA
2010,3,9,2,4,2010-09-02,"UA",19977,"UA","N852UA",632,13930,1393001,30977,"ORD","Chicago, IL","IL",17,"Illinois",41,15304,1530401,33195,"TPA","Tampa, FL","FL",12,"Florida",33,919,915,-4,0,0,-1,"0900-0959",14,929,1240,3,1257,1243,-14,0,0,-1,"1200-1259",0,"",0,158,148,131,1,1012,5,NA,NA,NA,NA,NA,NA,NA,NA
2010,3,9,20,1,2010-09-20,"OO",20304,"OO","N794SK",7019,13930,1393001,30977,"ORD","Chicago, IL","IL",17,"Illinois",41,11977,1197701,31977,"GRB","Green Bay, WI","WI",55,"Wisconsin",45,1007,1002,-5,0,0,-1,"1000-1059",13,1015,1052,7,1058,1059,1,1,0,0,"1000-1059",0,"",0,51,57,37,1,174,1,NA,NA,NA,NA,NA,NA,NA,NA
2010,3,9,24,5,2010-09-24,"YV",20378,"YV","N515MJ",7306,13930,1393001,30977,"ORD","Chicago, IL","IL",17,"Illinois",41,11433,1143301,31295,"DTW","Detroit, MI","MI",26,"Michigan",43,1109,1126,17,17,1,1,"1100-1159",8,1134,1323,4,1323,1327,4,4,0,0,"1300-1359",0,"",0,74,61,49,1,235,1,NA,NA,NA,NA,NA,NA,NA,NA
2010,3,9,29,3,2010-09-29,"OO",20304,"OO","N751SK",6756,13930,1393001,30977,"ORD","Chicago, IL","IL",17,"Illinois",41,13367,1336701,33367,"MLI","Moline, IL","IL",17,"Illinois",41,1720,1725,5,5,0,0,"1700-1759",21,1746,1811,3,1809,1814,5,5,0,0,"1800-1859",0,"",0,49,49,25,1,139,1,NA,NA,NA,NA,NA,NA,NA,NA
2010,3,9,15,3,2010-09-15,"DL",19790,"DL","N333NB",2776,13930,1393001,30977,"ORD","Chicago, IL","IL",17,"Illinois",41,13244,1324401,33244,"MEM","Memphis, TN","TN",47,"Tennessee",54,1650,1648,-2,0,0,-1,"1600-1659",15,1703,1817,6,1833,1823,-10,0,0,-1,"1800-1859",0,"",0,103,95,74,1,491,2,NA,NA,NA,NA,NA,NA,NA,NA
2010,3,9,7,2,2010-09-07,"MQ",20398,"MQ","N942MQ",4308,13930,1393001,30977,"ORD","Chicago, IL","IL",17,"Illinois",41,10693,1069301,30693,"BNA","Nashville, TN","TN",47,"Tennessee",54,2055,2051,-4,0,0,-1,"2000-2059",17,2108,2205,6,2215,2211,-4,0,0,-1,"2200-2259",0,"",0,80,80,57,1,409,2,NA,NA,NA,NA,NA,NA,NA,NA
2010,3,9,21,2,2010-09-21,"MQ",20398,"MQ","N808MQ",4049,13930,1393001,30977,"ORD","Chicago, IL","IL",17,"Illinois",41,14633,1463302,32547,"RST","Rochester, MN","MN",27,"Minnesota",63,1745,1740,-5,0,0,-1,"1700-1759",NA,NA,NA,NA,1850,NA,NA,NA,NA,NA,"1800-1859",1,"C",0,65,NA,NA,1,268,2,NA,NA,NA,NA,NA,1740,49,49
2010,3,9,18,6,2010-09-18,"MQ",20398,"MQ","N685MQ",4090,13930,1393001,30977,"ORD","Chicago, IL","IL",17,"Illinois",41,13851,1385102,33851,"OKC","Oklahoma City, OK","OK",40,"Oklahoma",73,1750,1744,-6,0,0,-1,"1700-1759",11,1755,1936,4,1955,1940,-15,0,0,-1,"1900-1959",0,"",0,125,116,101,1,693,3,NA,NA,NA,NA,NA,NA,NA,NA
2010,3,9,14,2,2010-09-14,"OO",20304,"OO","N964SW",6422,13930,1393001,30977,"ORD","Chicago, IL","IL",17,"Illinois",41,11146,1114602,31146,"CRW","Charleston/Dunbar, WV","WV",54,"West Virginia",39,1354,1345,-9,0,0,-1,"1300-1359",13,1358,1555,4,1622,1559,-23,0,0,-2,"1600-1659",0,"",0,88,74,57,1,416,2,NA,NA,NA,NA,NA,NA,NA,NA
2010,3,9,24,5,2010-09-24,"MQ",20398,"MQ","N902MQ",3958,13930,1393001,30977,"ORD","Chicago, IL","IL",17,"Illinois",41,14576,1457602,34576,"ROC","Rochester, NY","NY",36,"New York",22,1420,1425,5,5,0,0,"1400-1459",11,1436,1645,6,1650,1651,1,1,0,0,"1600-1659",0,"",0,90,86,69,1,528,3,NA,NA,NA,NA,NA,NA,NA,NA
2010,3,9,1,3,2010-09-01,"MQ",20398,"MQ","N676MQ",4006,13930,1393001,30977,"ORD","Chicago, IL","IL",17,"Illinois",41,10980,1098001,30980,"CHA","Chattanooga, TN","TN",47,"Tennessee",54,1415,1413,-2,0,0,-1,"1400-1459",13,1426,1634,4,1645,1638,-7,0,0,-1,"1600-1659",0,"",0,90,85,68,1,501,3,NA,NA,NA,NA,NA,NA,NA,NA
2010,3,9,8,3,2010-09-08,"MQ",20398,"MQ","N688MQ",4008,13930,1393001,30977,"ORD","Chicago, IL","IL",17,"Illinois",41,11057,1105702,31057,"CLT","Charlotte, NC","NC",37,"North Carolina",36,1405,1402,-3,0,0,-1,"1400-1459",12,1414,1637,7,1655,1644,-11,0,0,-1,"1600-1659",0,"",0,110,102,83,1,599,3,NA,NA,NA,NA,NA,NA,NA,NA
2010,3,9,26,7,2010-09-26,"OO",20304,"OO","N960SW",6375,13930,1393001,30977,"ORD","Chicago, IL","IL",17,"Illinois",41,11076,1107601,31076,"CMX","Hancock/Houghton, MI","MI",26,"Michigan",43,1155,1204,9,9,0,0,"1100-1159",16,1220,1418,3,1416,1421,5,5,0,0,"1400-1459",0,"",0,81,77,58,1,359,2,NA,NA,NA,NA,NA,NA,NA,NA
2010,3,9,9,4,2010-09-09,"AA",19805,"AA","N4XLAA",1447,13930,1393001,30977,"ORD","Chicago, IL","IL",17,"Illinois",41,13495,1349501,33495,"MSY","New Orleans, LA","LA",22,"Louisiana",72,1420,1416,-4,0,0,-1,"1400-1459",13,1429,1625,3,1640,1628,-12,0,0,-1,"1600-1659",0,"",0,140,132,116,1,837,4,NA,NA,NA,NA,NA,NA,NA,NA
2010,3,9,23,4,2010-09-23,"UA",19977,"UA","N802UA",106,13930,1393001,30977,"ORD","Chicago, IL","IL",17,"Illinois",41,11986,1198602,31986,"GRR","Grand Rapids, MI","MI",26,"Michigan",43,1611,1608,-3,0,0,-1,"1600-1659",18,1626,1752,3,1803,1755,-8,0,0,-1,"1800-1859",0,"",0,52,47,26,1,137,1,NA,NA,NA,NA,NA,NA,NA,NA
2010,3,9,27,1,2010-09-27,"MQ",20398,"MQ","N821MQ",3940,13930,1393001,30977,"ORD","Chicago, IL","IL",17,"Illinois",41,12945,1294502,32945,"LEX","Lexington, KY","KY",21,"Kentucky",52,1210,1203,-7,0,0,-1,"1200-1259",11,1214,1408,2,1425,1410,-15,0,0,-1,"1400-1459",0,"",0,75,67,54,1,323,2,NA,NA,NA,NA,NA,NA,NA,NA
2010,3,9,11,6,2010-09-11,"UA",19977,"UA","N436UA",547,13930,1393001,30977,"ORD","Chicago, IL","IL",17,"Illinois",41,12889,1288902,32211,"LAS","Las Vegas, NV","NV",32,"Nevada",85,1000,956,-4,0,0,-1,"1000-1059",61,1057,1234,5,1156,1239,43,43,1,2,"1100-1159",0,"",0,236,283,217,1,1515,7,0,0,43,0,0,NA,NA,NA
2010,3,9,6,1,2010-09-06,"MQ",20398,"MQ","N905MQ",3958,13930,1393001,30977,"ORD","Chicago, IL","IL",17,"Illinois",41,14576,1457602,34576,"ROC","Rochester, NY","NY",36,"New York",22,1420,1421,1,1,0,0,"1400-1459",15,1436,1647,6,1650,1653,3,3,0,0,"1600-1659",0,"",0,90,92,71,1,528,3,NA,NA,NA,NA,NA,NA,NA,NA
2010,3,9,20,1,2010-09-20,"UA",19977,"UA","N674UA",245,13930,1393001,30977,"ORD","Chicago, IL","IL",17,"Illinois",41,11292,1129202,30325,"DEN","Denver, CO","CO",8,"Colorado",82,857,854,-3,0,0,-1,"0800-0859",16,910,1013,10,1043,1023,-20,0,0,-2,"1000-1059",0,"",0,166,149,123,1,888,4,NA,NA,NA,NA,NA,NA,NA,NA
2010,3,9,30,4,2010-09-30,"YV",20378,"YV","N510MJ",7307,13930,1393001,30977,"ORD","Chicago, IL","IL",17,"Illinois",41,11057,1105702,31057,"CLT","Charlotte, NC","NC",37,"North Carolina",36,1609,1603,-6,0,0,-1,"1600-1659",15,1618,1855,5,1903,1900,-3,0,0,-1,"1900-1959",0,"",0,114,117,97,1,599,3,NA,NA,NA,NA,NA,NA,NA,NA
2010,3,9,25,6,2010-09-25,"MQ",20398,"MQ","N829MQ",4374,13930,1393001,30977,"ORD","Chicago, IL","IL",17,"Illinois",41,11067,1106701,31067,"CMI","Champaign/Urbana, IL","IL",17,"Illinois",41,1755,1749,-6,0,0,-1,"1700-1759",17,1806,1832,5,1840,1837,-3,0,0,-1,"1800-1859",0,"",0,45,48,26,1,135,1,NA,NA,NA,NA,NA,NA,NA,NA
2010,3,9,15,3,2010-09-15,"AA",19805,"AA","N249AA",1149,13930,1393001,30977,"ORD","Chicago, IL","IL",17,"Illinois",41,10140,1014001,30140,"ABQ","Albuquerque, NM","NM",35,"New Mexico",86,1025,1026,1,1,0,0,"1000-1059",13,1039,1222,5,1225,1227,2,2,0,0,"1200-1259",0,"",0,180,181,163,1,1118,5,NA,NA,NA,NA,NA,NA,NA,NA
2010,3,9,27,1,2010-09-27,"OO",20304,"OO","N825SK",4663,13930,1393001,30977,"ORD","Chicago, IL","IL",17,"Illinois",41,14869,1486902,34614,"SLC","Salt Lake City, UT","UT",49,"Utah",87,630,627,-3,0,0,-1,"0600-0659",9,636,816,23,855,839,-16,0,0,-2,"0800-0859",0,"",0,205,192,160,1,1249,5,NA,NA,NA,NA,NA,NA,NA,NA
2010,3,9,28,2,2010-09-28,"AA",19805,"AA","N484AA",1519,13930,1393001,30977,"ORD","Chicago, IL","IL",17,"Illinois",41,15376,1537601,30436,"TUS","Tucson, AZ","AZ",4,"Arizona",81,1835,1955,80,80,1,5,"1800-1859",24,2019,2109,5,2020,2114,54,54,1,3,"2000-2059",0,"",0,225,199,170,1,1437,6,0,54,0,0,0,NA,NA,NA
2010,3,9,13,1,2010-09-13,"MQ",20398,"MQ","N942MQ",4075,13930,1393001,30977,"ORD","Chicago, IL","IL",17,"Illinois",41,15380,1538001,35380,"TVC","Traverse City, MI","MI",26,"Michigan",43,1535,1528,-7,0,0,-1,"1500-1559",16,1544,1723,2,1735,1725,-10,0,0,-1,"1700-1759",0,"",0,60,57,39,1,224,1,NA,NA,NA,NA,NA,NA,NA,NA
2010,3,9,27,1,2010-09-27,"UA",19977,"UA","N497UA",502,13930,1393001,30977,"ORD","Chicago, IL","IL",17,"Illinois",41,10792,1079202,30792,"BUF","Buffalo, NY","NY",36,"New York",22,2127,2120,-7,0,0,-1,"2100-2159",17,2137,2339,3,2355,2342,-13,0,0,-1,"2300-2359",0,"",0,88,82,62,1,473,2,NA,NA,NA,NA,NA,NA,NA,NA
2010,3,9,21,2,2010-09-21,"UA",19977,"UA","N496UA",850,13930,1393001,30977,"ORD","Chicago, IL","IL",17,"Illinois",41,14100,1410001,34100,"PHL","Philadelphia, PA","PA",42,"Pennsylvania",23,1823,1819,-4,0,0,-1,"1800-1859",25,1844,2115,4,2126,2119,-7,0,0,-1,"2100-2159",0,"",0,123,120,91,1,678,3,NA,NA,NA,NA,NA,NA,NA,NA
2010,3,9,11,6,2010-09-11,"MQ",20398,"MQ","N632MQ",4140,13930,1393001,30977,"ORD","Chicago, IL","IL",17,"Illinois",41,13198,1319801,33198,"MCI","Kansas City, MO","MO",29,"Missouri",64,1130,1124,-6,0,0,-1,"1100-1159",14,1138,1247,3,1255,1250,-5,0,0,-1,"1200-1259",0,"",0,85,86,69,1,403,2,NA,NA,NA,NA,NA,NA,NA,NA
2010,3,9,7,2,2010-09-07,"UA",19977,"UA","N828UA",162,13930,1393001,30977,"ORD","Chicago, IL","IL",17,"Illinois",41,10721,1072101,30721,"BOS","Boston, MA","MA",25,"Massachusetts",13,1730,1730,0,0,0,0,"1700-1759",22,1752,2029,6,2048,2035,-13,0,0,-1,"2000-2059",0,"",0,138,125,97,1,867,4,NA,NA,NA,NA,NA,NA,NA,NA
2010,3,9,13,1,2010-09-13,"YV",20378,"YV","N502MJ",7256,13930,1393001,30977,"ORD","Chicago, IL","IL",17,"Illinois",41,10408,1040801,30408,"ATW","Appleton, WI","WI",55,"Wisconsin",45,1201,1351,110,110,1,7,"1200-1259",8,1359,1423,10,1252,1433,101,101,1,6,"1200-1259",0,"",0,51,42,24,1,160,1,0,0,0,0,101,NA,NA,NA
2010,3,9,26,7,2010-09-26,"OO",20304,"OO","N948SW",6177,13930,1393001,30977,"ORD","Chicago, IL","IL",17,"Illinois",41,12884,1288402,32884,"LAN","Lansing, MI","MI",26,"Michigan",43,2000,2033,33,33,1,2,"2000-2059",14,2047,2217,5,2152,2222,30,30,1,2,"2100-2159",0,"",0,52,49,30,1,179,1,30,0,0,0,0,NA,NA,NA
2010,3,9,16,4,2010-09-16,"MQ",20398,"MQ","N655MQ",3984,13930,1393001,30977,"ORD","Chicago, IL","IL",17,"Illinois",41,11267,1126701,31267,"DAY","Dayton, OH","OH",39,"Ohio",44,800,756,-4,0,0,-1,"0800-0859",15,811,954,3,1000,957,-3,0,0,-1,"1000-1059",0,"",0,60,61,43,1,240,1,NA,NA,NA,NA,NA,NA,NA,NA
2010,3,9,6,1,2010-09-06,"YV",20378,"YV","N509MJ",7246,13930,1393001,30977,"ORD","Chicago, IL","IL",17,"Illinois",41,14122,1412201,30198,"PIT","Pittsburgh, PA","PA",42,"Pennsylvania",23,742,737,-5,0,0,-1,"0700-0759",12,749,942,5,1002,947,-15,0,0,-1,"1000-1059",0,"",0,80,70,53,1,412,2,NA,NA,NA,NA,NA,NA,NA,NA
2010,3,9,28,2,2010-09-28,"MQ",20398,"MQ","N816MQ",4374,13930,1393001,30977,"ORD","Chicago, IL","IL",17,"Illinois",41,11067,1106701,31067,"CMI","Champaign/Urbana, IL","IL",17,"Illinois",41,1810,1809,-1,0,0,-1,"1800-1859",13,1822,1846,3,1900,1849,-11,0,0,-1,"1900-1959",0,"",0,50,40,24,1,135,1,NA,NA,NA,NA,NA,NA,NA,NA
2010,3,9,18,6,2010-09-18,"UA",19977,"UA","N593UA",651,13930,1393001,30977,"ORD","Chicago, IL","IL",17,"Illinois",41,14679,1467902,33570,"SAN","San Diego, CA","CA",6,"California",91,2019,2017,-2,0,0,-1,"2000-2059",11,2028,2216,2,2231,2218,-13,0,0,-1,"2200-2259",0,"",0,252,241,228,1,1723,7,NA,NA,NA,NA,NA,NA,NA,NA
2010,3,9,24,5,2010-09-24,"UA",19977,"UA","N402UA",568,13930,1393001,30977,"ORD","Chicago, IL","IL",17,"Illinois",41,14843,1484302,34819,"SJU","San Juan, PR","PR",72,"Puerto Rico",3,850,850,0,0,0,0,"0800-0859",23,913,1430,6,1432,1436,4,4,0,0,"1400-1459",0,"",0,282,286,257,1,2072,9,NA,NA,NA,NA,NA,NA,NA,NA
2010,3,9,5,7,2010-09-05,"AA",19805,"AA","N521AA",2345,13930,1393001,30977,"ORD","Chicago, IL","IL",17,"Illinois",41,11298,1129802,30194,"DFW","Dallas/Fort Worth, TX","TX",48,"Texas",74,1720,1726,6,6,0,0,"1700-1759",12,1738,1926,6,1950,1932,-18,0,0,-2,"1900-1959",0,"",0,150,126,108,1,802,4,NA,NA,NA,NA,NA,NA,NA,NA
2010,3,9,12,7,2010-09-12,"AA",19805,"AA","N492AA",2337,13930,1393001,30977,"ORD","Chicago, IL","IL",17,"Illinois",41,11298,1129802,30194,"DFW","Dallas/Fort Worth, TX","TX",48,"Texas",74,1530,1526,-4,0,0,-1,"1500-1559",14,1540,1732,16,1755,1748,-7,0,0,-1,"1700-1759",0,"",0,145,142,112,1,802,4,NA,NA,NA,NA,NA,NA,NA,NA
2010,3,9,30,4,2010-09-30,"MQ",20398,"MQ","N671MQ",4007,13930,1393001,30977,"ORD","Chicago, IL","IL",17,"Illinois",41,11066,1106601,31066,"CMH","Columbus, OH","OH",39,"Ohio",44,1745,1739,-6,0,0,-1,"1700-1759",14,1753,1940,5,1955,1945,-10,0,0,-1,"1900-1959",0,"",0,70,66,47,1,296,2,NA,NA,NA,NA,NA,NA,NA,NA
2010,3,9,1,3,2010-09-01,"UA",19977,"UA","N547UA",200,13930,1393001,30977,"ORD","Chicago, IL","IL",17,"Illinois",41,10721,1072101,30721,"BOS","Boston, MA","MA",25,"Massachusetts",13,2105,2102,-3,0,0,-1,"2100-2159",15,2117,3,5,18,8,-10,0,0,-1,"0001-0559",0,"",0,133,126,106,1,867,4,NA,NA,NA,NA,NA,NA,NA,NA
2010,3,9,7,2,2010-09-07,"MQ",20398,"MQ","N612MQ",4210,13930,1393001,30977,"ORD","Chicago, IL","IL",17,"Illinois",41,15380,1538001,35380,"TVC","Traverse City, MI","MI",26,"Michigan",43,1200,1159,-1,0,0,-1,"1200-1259",19,1218,1353,2,1400,1355,-5,0,0,-1,"1400-1459",0,"",0,60,56,35,1,224,1,NA,NA,NA,NA,NA,NA,NA,NA
2010,3,9,14,2,2010-09-14,"9E",20363,"9E","85329E",3963,13930,1393001,30977,"ORD","Chicago, IL","IL",17,"Illinois",41,13244,1324401,33244,"MEM","Memphis, TN","TN",47,"Tennessee",54,640,637,-3,0,0,-1,"0600-0659",27,704,829,6,825,835,10,10,0,0,"0800-0859",0,"",0,105,118,85,1,491,2,NA,NA,NA,NA,NA,NA,NA,NA
2010,3,9,1,3,2010-09-01,"UA",19977,"UA","N670UA",990,13930,1393001,30977,"ORD","Chicago, IL","IL",17,"Illinois",41,12264,1226401,30852,"IAD","Washington, DC","VA",51,"Virginia",38,1805,1758,-7,0,0,-1,"1800-1859",18,1816,2030,10,2059,2040,-19,0,0,-2,"2000-2059",0,"",0,114,102,74,1,589,3,NA,NA,NA,NA,NA,NA,NA,NA
2010,3,9,16,4,2010-09-16,"UA",19977,"UA","N428UA",530,13930,1393001,30977,"ORD","Chicago, IL","IL",17,"Illinois",41,13487,1348701,31650,"MSP","Minneapolis, MN","MN",27,"Minnesota",63,630,623,-7,0,0,-1,"0600-0659",10,633,738,4,801,742,-19,0,0,-2,"0800-0859",0,"",0,91,79,65,1,334,2,NA,NA,NA,NA,NA,NA,NA,NA
2010,3,9,26,7,2010-09-26,"MQ",20398,"MQ","N671MQ",4140,13930,1393001,30977,"ORD","Chicago, IL","IL",17,"Illinois",41,13198,1319801,33198,"MCI","Kansas City, MO","MO",29,"Missouri",64,1130,1130,0,0,0,0,"1100-1159",13,1143,1239,4,1255,1243,-12,0,0,-1,"1200-1259",0,"",0,85,73,56,1,403,2,NA,NA,NA,NA,NA,NA,NA,NA
2010,3,9,24,5,2010-09-24,"MQ",20398,"MQ","N658MQ",4038,13930,1393001,30977,"ORD","Chicago, IL","IL",17,"Illinois",41,11057,1105702,31057,"CLT","Charlotte, NC","NC",37,"North Carolina",36,1650,1650,0,0,0,0,"1600-1659",16,1706,1931,7,1945,1938,-7,0,0,-1,"1900-1959",0,"",0,115,108,85,1,599,3,NA,NA,NA,NA,NA,NA,NA,NA
2010,3,9,23,4,2010-09-23,"UA",19977,"UA","N454UA",668,13930,1393001,30977,"ORD","Chicago, IL","IL",17,"Illinois",41,12953,1295301,31703,"LGA","New York, NY","NY",36,"New York",22,600,559,-1,0,0,-1,"0600-0659",13,612,858,3,910,901,-9,0,0,-1,"0900-0959",0,"",0,130,122,106,1,733,3,NA,NA,NA,NA,NA,NA,NA,NA
2010,3,9,8,3,2010-09-08,"DL",19790,"DL","N925DL",537,13930,1393001,30977,"ORD","Chicago, IL","IL",17,"Illinois",41,10397,1039703,30397,"ATL","Atlanta, GA","GA",13,"Georgia",34,1335,1336,1,1,0,0,"1300-1359",26,1402,1650,6,1640,1656,16,16,1,1,"1600-1659",0,"",0,125,140,108,1,606,3,0,0,16,0,0,NA,NA,NA
2010,3,9,9,4,2010-09-09,"OO",20304,"OO","N709SK",6828,13930,1393001,30977,"ORD","Chicago, IL","IL",17,"Illinois",41,11884,1188401,31884,"GEG","Spokane, WA","WA",53,"Washington",93,1156,1149,-7,0,0,-1,"1100-1159",24,1213,1340,4,1341,1344,3,3,0,0,"1300-1359",0,"",0,225,235,207,1,1498,6,NA,NA,NA,NA,NA,NA,NA,NA
2010,3,9,25,6,2010-09-25,"MQ",20398,"MQ","N829MQ",4374,13930,1393001,30977,"ORD","Chicago, IL","IL",17,"Illinois",41,11067,1106701,31067,"CMI","Champaign/Urbana, IL","IL",17,"Illinois",41,1755,1749,-6,0,0,-1,"1700-1759",17,1806,1832,5,1840,1837,-3,0,0,-1,"1800-1859",0,"",0,45,48,26,1,135,1,NA,NA,NA,NA,NA,NA,NA,NA
2010,3,9,1,3,2010-09-01,"XE",20374,"XE","N11164",5981,13930,1393001,30977,"ORD","Chicago, IL","IL",17,"Illinois",41,11995,1199501,31995,"GSO","Greensboro/High Point, NC","NC",37,"North Carolina",36,1112,1110,-2,0,0,-1,"1100-1159",12,1122,1343,4,1356,1347,-9,0,0,-1,"1300-1359",0,"",0,104,97,81,1,590,3,NA,NA,NA,NA,NA,NA,NA,NA
2010,3,9,5,7,2010-09-05,"MQ",20398,"MQ","N664MQ",4167,13930,1393001,30977,"ORD","Chicago, IL","IL",17,"Illinois",41,11066,1106601,31066,"CMH","Columbus, OH","OH",39,"Ohio",44,1935,1928,-7,0,0,-1,"1900-1959",18,1946,2132,5,2145,2137,-8,0,0,-1,"2100-2159",0,"",0,70,69,46,1,296,2,NA,NA,NA,NA,NA,NA,NA,NA
2010,3,9,5,7,2010-09-05,"OO",20304,"OO","N779SK",6447,13930,1393001,30977,"ORD","Chicago, IL","IL",17,"Illinois",41,12197,1219701,31703,"HPN","White Plains, NY","NY",36,"New York",22,1335,1332,-3,0,0,-1,"1300-1359",13,1345,1621,4,1639,1625,-14,0,0,-1,"1600-1659",0,"",0,124,113,96,1,738,3,NA,NA,NA,NA,NA,NA,NA,NA
2010,3,9,1,3,2010-09-01,"XE",20374,"XE","N11164",5981,13930,1393001,30977,"ORD","Chicago, IL","IL",17,"Illinois",41,11995,1199501,31995,"GSO","Greensboro/High Point, NC","NC",37,"North Carolina",36,1112,1110,-2,0,0,-1,"1100-1159",12,1122,1343,4,1356,1347,-9,0,0,-1,"1300-1359",0,"",0,104,97,81,1,590,3,NA,NA,NA,NA,NA,NA,NA,NA
2010,3,9,26,7,2010-09-26,"US",20355,"US","N678AW",11,13930,1393001,30977,"ORD","Chicago, IL","IL",17,"Illinois",41,11057,1105702,31057,"CLT","Charlotte, NC","NC",37,"North Carolina",36,930,923,-7,0,0,-1,"0900-0959",9,932,1205,13,1221,1218,-3,0,0,-1,"1200-1259",0,"",0,111,115,93,1,599,3,NA,NA,NA,NA,NA,NA,NA,NA
2010,3,9,3,5,2010-09-03,"OO",20304,"OO","N738SK",6560,13930,1393001,30977,"ORD","Chicago, IL","IL",17,"Illinois",41,13244,1324401,33244,"MEM","Memphis, TN","TN",47,"Tennessee",54,832,1012,100,100,1,6,"0800-0859",16,1028,1146,5,1011,1151,100,100,1,6,"1000-1059",0,"",0,99,99,78,1,491,2,0,0,0,0,100,NA,NA,NA
2010,3,9,7,2,2010-09-07,"UA",19977,"UA","N828UA",162,13930,1393001,30977,"ORD","Chicago, IL","IL",17,"Illinois",41,10721,1072101,30721,"BOS","Boston, MA","MA",25,"Massachusetts",13,1730,1730,0,0,0,0,"1700-1759",22,1752,2029,6,2048,2035,-13,0,0,-1,"2000-2059",0,"",0,138,125,97,1,867,4,NA,NA,NA,NA,NA,NA,NA,NA
2010,3,9,18,6,2010-09-18,"UA",19977,"UA","N436UA",101,13930,1393001,30977,"ORD","Chicago, IL","IL",17,"Illinois",41,12892,1289201,32575,"LAX","Los Angeles, CA","CA",6,"California",91,644,637,-7,0,0,-1,"0600-0659",13,650,845,11,909,856,-13,0,0,-1,"0900-0959",0,"",0,265,259,235,1,1745,7,NA,NA,NA,NA,NA,NA,NA,NA
2010,3,9,9,4,2010-09-09,"AA",19805,"AA","N3FCAA",1341,13930,1393001,30977,"ORD","Chicago, IL","IL",17,"Illinois",41,14771,1477101,32457,"SFO","San Francisco, CA","CA",6,"California",91,740,740,0,0,0,0,"0700-0759",11,751,1005,2,1010,1007,-3,0,0,-1,"1000-1059",0,"",0,270,267,254,1,1846,8,NA,NA,NA,NA,NA,NA,NA,NA
2010,3,9,6,1,2010-09-06,"YV",20378,"YV","N505MJ",7282,13930,1393001,30977,"ORD","Chicago, IL","IL",17,"Illinois",41,10994,1099401,30994,"CHS","Charleston, SC","SC",45,"South Carolina",37,848,843,-5,0,0,-1,"0800-0859",17,900,1129,5,1152,1134,-18,0,0,-2,"1100-1159",0,"",0,124,111,89,1,760,4,NA,NA,NA,NA,NA,NA,NA,NA
2010,3,9,7,2,2010-09-07,"MQ",20398,"MQ","N622MQ",4144,13930,1393001,30977,"ORD","Chicago, IL","IL",17,"Illinois",41,11067,1106701,31067,"CMI","Champaign/Urbana, IL","IL",17,"Illinois",41,1555,1554,-1,0,0,-1,"1500-1559",7,1601,1626,6,1640,1632,-8,0,0,-1,"1600-1659",0,"",0,45,38,25,1,135,1,NA,NA,NA,NA,NA,NA,NA,NA
2010,3,9,28,2,2010-09-28,"XE",20374,"XE","N16561",5891,13930,1393001,30977,"ORD","Chicago, IL","IL",17,"Illinois",41,11977,1197701,31977,"GRB","Green Bay, WI","WI",55,"Wisconsin",45,1310,1301,-9,0,0,-1,"1300-1359",11,1312,1342,3,1401,1345,-16,0,0,-2,"1400-1459",0,"",0,51,44,30,1,174,1,NA,NA,NA,NA,NA,NA,NA,NA
2010,3,9,29,3,2010-09-29,"US",20355,"US","N112US",1251,13930,1393001,30977,"ORD","Chicago, IL","IL",17,"Illinois",41,11057,1105702,31057,"CLT","Charlotte, NC","NC",37,"North Carolina",36,600,552,-8,0,0,-1,"0600-0659",13,605,845,10,853,855,2,2,0,0,"0800-0859",0,"",0,113,123,100,1,599,3,NA,NA,NA,NA,NA,NA,NA,NA
2010,3,9,30,4,2010-09-30,"MQ",20398,"MQ","N676MQ",4267,13930,1393001,30977,"ORD","Chicago, IL","IL",17,"Illinois",41,11612,1161202,31612,"EVV","Evansville, IN","IN",18,"Indiana",42,2040,2036,-4,0,0,-1,"2000-2059",6,2042,2130,5,2145,2135,-10,0,0,-1,"2100-2159",0,"",0,65,59,48,1,273,2,NA,NA,NA,NA,NA,NA,NA,NA
2010,3,9,1,3,2010-09-01,"MQ",20398,"MQ","N9EAMQ",3817,13930,1393001,30977,"ORD","Chicago, IL","IL",17,"Illinois",41,11433,1143301,31295,"DTW","Detroit, MI","MI",26,"Michigan",43,700,704,4,4,0,0,"0700-0759",19,723,914,6,920,920,0,0,0,0,"0900-0959",0,"",0,80,76,51,1,235,1,NA,NA,NA,NA,NA,NA,NA,NA
2010,3,9,14,2,2010-09-14,"MQ",20398,"MQ","N838MQ",4006,13930,1393001,30977,"ORD","Chicago, IL","IL",17,"Illinois",41,10980,1098001,30980,"CHA","Chattanooga, TN","TN",47,"Tennessee",54,1415,1411,-4,0,0,-1,"1400-1459",11,1422,1631,4,1645,1635,-10,0,0,-1,"1600-1659",0,"",0,90,84,69,1,501,3,NA,NA,NA,NA,NA,NA,NA,NA
2010,3,9,10,5,2010-09-10,"AA",19805,"AA","N4XGAA",568,13930,1393001,30977,"ORD","Chicago, IL","IL",17,"Illinois",41,11697,1169702,32467,"FLL","Fort Lauderdale, FL","FL",12,"Florida",33,645,641,-4,0,0,-1,"0600-0659",13,654,1026,3,1045,1029,-16,0,0,-2,"1000-1059",0,"",0,180,168,152,1,1182,5,NA,NA,NA,NA,NA,NA,NA,NA
2010,3,9,16,4,2010-09-16,"XE",20374,"XE","N14186",5830,13930,1393001,30977,"ORD","Chicago, IL","IL",17,"Illinois",41,10785,1078501,30785,"BTV","Burlington, VT","VT",50,"Vermont",16,1655,1655,0,0,0,0,"1600-1659",11,1706,1945,3,1956,1948,-8,0,0,-1,"1900-1959",0,"",0,121,113,99,1,763,4,NA,NA,NA,NA,NA,NA,NA,NA
2010,3,9,18,6,2010-09-18,"EV",20366,"EV","N820AS",7095,13930,1393001,30977,"ORD","Chicago, IL","IL",17,"Illinois",41,11433,1143301,31295,"DTW","Detroit, MI","MI",26,"Michigan",43,638,708,30,30,1,2,"0600-0659",27,735,917,5,853,922,29,29,1,1,"0800-0859",0,"",0,75,74,42,1,235,1,0,29,0,0,0,NA,NA,NA
2010,3,9,21,2,2010-09-21,"OO",20304,"OO","N923SW",6585,13930,1393001,30977,"ORD","Chicago, IL","IL",17,"Illinois",41,11203,1120301,30424,"CWA","Mosinee, WI","WI",55,"Wisconsin",45,1637,1630,-7,0,0,-1,"1600-1659",48,1718,1757,4,1738,1801,23,23,1,1,"1700-1759",0,"",0,61,91,39,1,213,1,0,0,23,0,0,NA,NA,NA
2010,3,9,19,7,2010-09-19,"UA",19977,"UA","N850UA",148,13930,1393001,30977,"ORD","Chicago, IL","IL",17,"Illinois",41,13204,1320401,31454,"MCO","Orlando, FL","FL",12,"Florida",33,1315,1308,-7,0,0,-1,"1300-1359",22,1330,1637,4,1657,1641,-16,0,0,-2,"1600-1659",0,"",0,162,153,127,1,1005,5,NA,NA,NA,NA,NA,NA,NA,NA
2010,3,9,19,7,2010-09-19,"AA",19805,"AA","N291AA",2364,13930,1393001,30977,"ORD","Chicago, IL","IL",17,"Illinois",41,13487,1348701,31650,"MSP","Minneapolis, MN","MN",27,"Minnesota",63,1940,1936,-4,0,0,-1,"1900-1959",8,1944,2048,4,2110,2052,-18,0,0,-2,"2100-2159",0,"",0,90,76,64,1,334,2,NA,NA,NA,NA,NA,NA,NA,NA
2010,3,9,18,6,2010-09-18,"UA",19977,"UA","N516UA",343,13930,1393001,30977,"ORD","Chicago, IL","IL",17,"Illinois",41,13204,1320401,31454,"MCO","Orlando, FL","FL",12,"Florida",33,1600,1555,-5,0,0,-1,"1600-1659",12,1607,1911,5,1939,1916,-23,0,0,-2,"1900-1959",0,"",0,159,141,124,1,1005,5,NA,NA,NA,NA,NA,NA,NA,NA
2010,3,9,27,1,2010-09-27,"XE",20374,"XE","N14568",5971,13930,1393001,30977,"ORD","Chicago, IL","IL",17,"Illinois",41,11003,1100302,31003,"CID","Cedar Rapids/Iowa City, IA","IA",19,"Iowa",61,945,944,-1,0,0,-1,"0900-0959",9,953,1024,4,1042,1028,-14,0,0,-1,"1000-1059",0,"",0,57,44,31,1,196,1,NA,NA,NA,NA,NA,NA,NA,NA
2010,3,9,8,3,2010-09-08,"MQ",20398,"MQ","N610MQ",4232,13930,1393001,30977,"ORD","Chicago, IL","IL",17,"Illinois",41,10792,1079202,30792,"BUF","Buffalo, NY","NY",36,"New York",22,2140,2139,-1,0,0,-1,"2100-2159",10,2149,2350,3,5,2353,-12,0,0,-1,"0001-0559",0,"",0,85,74,61,1,473,2,NA,NA,NA,NA,NA,NA,NA,NA
2010,3,9,30,4,2010-09-30,"AA",19805,"AA","N523AA",386,13930,1393001,30977,"ORD","Chicago, IL","IL",17,"Illinois",41,12953,1295301,31703,"LGA","New York, NY","NY",36,"New York",22,820,NA,NA,NA,NA,NA,"0800-0859",NA,NA,NA,NA,1130,NA,NA,NA,NA,NA,"1100-1159",1,"B",0,130,NA,NA,1,733,3,NA,NA,NA,NA,NA,NA,NA,NA
2010,3,9,4,6,2010-09-04,"AA",19805,"AA","N4WJAA",352,13930,1393001,30977,"ORD","Chicago, IL","IL",17,"Illinois",41,12953,1295301,31703,"LGA","New York, NY","NY",36,"New York",22,1735,1806,31,31,1,2,"1700-1759",13,1819,2045,4,2050,2049,-1,0,0,-1,"2000-2059",0,"",0,135,103,86,1,733,3,NA,NA,NA,NA,NA,NA,NA,NA
2010,3,9,11,6,2010-09-11,"UA",19977,"UA","N566UA",149,13930,1393001,30977,"ORD","Chicago, IL","IL",17,"Illinois",41,14771,1477101,32457,"SFO","San Francisco, CA","CA",6,"California",91,708,706,-2,0,0,-1,"0700-0759",17,723,941,4,938,945,7,7,0,0,"0900-0959",0,"",0,270,279,258,1,1846,8,NA,NA,NA,NA,NA,NA,NA,NA
