"Year","Quarter","Month","DayofMonth","DayOfWeek","FlightDate","UniqueCarrier","AirlineID","Carrier","TailNum","FlightNum","OriginAirportID","OriginAirportSeqID","OriginCityMarketID","Origin","OriginCityName","OriginState","OriginStateFips","OriginStateName","OriginWac","DestAirportID","DestAirportSeqID","DestCityMarketID","Dest","DestCityName","DestState","DestStateFips","DestStateName","DestWac","CRSDepTime","DepTime","DepDelay","DepDelayMinutes","DepDel15","DepartureDelayGroups","DepTimeBlk","TaxiOut","WheelsOff","WheelsOn","TaxiIn","CRSArrTime","ArrTime","ArrDelay","ArrDelayMinutes","ArrDel15","ArrivalDelayGroups","ArrTimeBlk","Cancelled","CancellationCode","Diverted","CRSElapsedTime","ActualElapsedTime","AirTime","Flights","Distance","DistanceGroup","CarrierDelay","WeatherDelay","NASDelay","SecurityDelay","LateAircraftDelay","FirstDepTime","TotalAddGTime","LongestAddGTime"
2011,2,6,26,7,2011-06-26,"OO",20304,"OO","N593ML",6370,14771,1477101,32457,"SFO","San Francisco, CA","CA",6,"California",91,14489,1448901,34489,"RDM","Bend/Redmond, OR","OR",41,"Oregon",92,2234,22,108,108,1,7,"2200-2259",16,38,144,3,2359,147,108,108,1,7,"2300-2359",0,"",0,85,85,66,1,462,2,108,0,0,0,0,NA,NA,NA
2011,2,6,21,2,2011-06-21,"OO",20304,"OO","N787SK",6368,14771,1477101,32457,"SFO","San Francisco, CA","CA",6,"California",91,14057,1405701,34057,"PDX","Portland, OR","OR",41,"Oregon",92,1447,1443,-4,0,0,-1,"1400-1459",14,1457,1613,3,1626,1616,-10,0,0,-1,"1600-1659",0,"",0,99,93,76,1,550,3,NA,NA,NA,NA,NA,NA,NA,NA
2011,2,6,15,3,2011-06-15,"DL",19790,"DL","N722TW",2040,14771,1477101,32457,"SFO","San Francisco, CA","CA",6,"California",91,12478,1247801,31703,"JFK","New York, NY","NY",36,"New York",22,1530,1528,-2,0,0,-1,"1500-1559",17,1545,2328,8,2358,2336,-22,0,0,-2,"2300-2359",0,"",0,328,308,283,1,2586,11,NA,NA,NA,NA,NA,NA,NA,NA
2011,2,6,4,6,2011-06-04,"AA",19805,"AA","N3CSAA",554,14771,1477101,32457,"SFO","San Francisco, CA","CA",6,"California",91,13930,1393001,30977,"ORD","Chicago, IL","IL",17,"Illinois",41,1440,1438,-2,0,0,-1,"1400-1459",18,1456,2030,8,2040,2038,-2,0,0,-1,"2000-2059",0,"",0,240,240,214,1,1846,8,NA,NA,NA,NA,NA,NA,NA,NA
2011,2,6,16,4,2011-06-16,"AA",19805,"AA","N3BLAA",1522,14771,1477101,32457,"SFO","San Francisco, CA","CA",6,"California",91,13930,1393001,30977,"ORD","Chicago, IL","IL",17,"Illinois",41,2345,2342,-3,0,0,-1,"2300-2359",14,2356,528,4,540,532,-8,0,0,-1,"0001-0559",0,"",0,235,230,212,1,1846,8,NA,NA,NA,NA,NA,NA,NA,NA
2011,2,6,6,1,2011-06-06,"AS",19930,"AS","N795AS",305,14771,1477101,32457,"SFO","San Francisco, CA","CA",6,"California",91,14747,1474702,30559,"SEA","Seattle, WA","WA",53,"Washington",93,1250,1349,59,59,1,3,"1200-1259",17,1406,1547,3,1447,1550,63,63,1,4,"1400-1459",0,"",0,117,121,101,1,679,3,0,0,4,0,59,NA,NA,NA
2011,2,6,20,1,2011-06-20,"OO",20304,"OO","N301YV",6268,14771,1477101,32457,"SFO","San Francisco, CA","CA",6,"California",91,11638,1163802,31638,"FAT","Fresno, CA","CA",6,"California",91,1801,1803,2,2,0,0,"1800-1859",13,1816,1855,5,1904,1900,-4,0,0,-1,"1900-1959",0,"",0,63,57,39,1,158,1,NA,NA,NA,NA,NA,NA,NA,NA
2011,2,6,1,3,2011-06-01,"DL",19790,"DL","N905DA",2305,14771,1477101,32457,"SFO","San Francisco, CA","CA",6,"California",91,13487,1348701,31650,"MSP","Minneapolis, MN","MN",27,"Minnesota",63,1215,1300,45,45,1,3,"1200-1259",20,1320,NA,NA,1759,NA,NA,NA,NA,NA,"1700-1759",1,"A",0,224,NA,NA,1,1589,7,NA,NA,NA,NA,NA,1227,12,12
2011,2,6,8,3,2011-06-08,"OO",20304,"OO","N584SW",6653,14771,1477101,32457,"SFO","San Francisco, CA","CA",6,"California",91,14487,1448701,33792,"RDD","Redding, CA","CA",6,"California",91,1529,1525,-4,0,0,-1,"1500-1559",17,1542,1631,3,1639,1634,-5,0,0,-1,"1600-1659",0,"",0,70,69,49,1,199,1,NA,NA,NA,NA,NA,NA,NA,NA
2011,2,6,14,2,2011-06-14,"OO",20304,"OO","N585SW",5296,14771,1477101,32457,"SFO","San Francisco, CA","CA",6,"California",91,14698,1469801,34236,"SBP","San Luis Obispo, CA","CA",6,"California",91,2246,2246,0,0,0,0,"2200-2259",10,2256,2345,3,2359,2348,-11,0,0,-1,"2300-2359",0,"",0,73,62,49,1,191,1,NA,NA,NA,NA,NA,NA,NA,NA
2011,2,6,10,5,2011-06-10,"OO",20304,"OO","N405SW",6432,14771,1477101,32457,"SFO","San Francisco, CA","CA",6,"California",91,11884,1188401,31884,"GEG","Spokane, WA","WA",53,"Washington",93,2210,39,149,149,1,9,"2200-2259",17,56,237,4,15,241,146,146,1,9,"0001-0559",0,"",0,125,122,101,1,733,3,146,0,0,0,0,NA,NA,NA
2011,2,6,12,7,2011-06-12,"DL",19790,"DL","N613DL",806,14771,1477101,32457,"SFO","San Francisco, CA","CA",6,"California",91,13487,1348701,31650,"MSP","Minneapolis, MN","MN",27,"Minnesota",63,55,54,-1,0,0,-1,"0001-0559",12,106,607,6,620,613,-7,0,0,-1,"0600-0659",0,"",0,205,199,181,1,1589,7,NA,NA,NA,NA,NA,NA,NA,NA
2011,2,6,19,7,2011-06-19,"B6",20409,"B6","N635JB",648,14771,1477101,32457,"SFO","San Francisco, CA","CA",6,"California",91,12478,1247801,31703,"JFK","New York, NY","NY",36,"New York",22,2115,2109,-6,0,0,-1,"2100-2159",13,2122,524,7,550,531,-19,0,0,-2,"0001-0559",0,"",0,335,322,302,1,2586,11,NA,NA,NA,NA,NA,NA,NA,NA
2011,2,6,12,7,2011-06-12,"OO",20304,"OO","N701SK",5451,14771,1477101,32457,"SFO","San Francisco, CA","CA",6,"California",91,14570,1457001,34570,"RNO","Reno, NV","NV",32,"Nevada",85,2251,2238,-13,0,0,-1,"2200-2259",16,2254,2327,5,2356,2332,-24,0,0,-2,"2300-2359",0,"",0,65,54,33,1,192,1,NA,NA,NA,NA,NA,NA,NA,NA
2011,2,6,2,4,2011-06-02,"UA",19977,"UA","N563UA",444,14771,1477101,32457,"SFO","San Francisco, CA","CA",6,"California",91,10721,1072101,30721,"BOS","Boston, MA","MA",25,"Massachusetts",13,1558,1820,142,142,1,9,"1500-1559",12,1832,223,4,36,227,111,111,1,7,"0001-0559",0,"",0,338,307,291,1,2704,11,7,0,0,0,104,NA,NA,NA
2011,2,6,14,2,2011-06-14,"OO",20304,"OO","N406SW",6410,14771,1477101,32457,"SFO","San Francisco, CA","CA",6,"California",91,10800,1080002,32575,"BUR","Burbank, CA","CA",6,"California",91,1818,1818,0,0,0,0,"1800-1859",20,1838,1930,3,1932,1933,1,1,0,0,"1900-1959",0,"",0,74,75,52,1,326,2,NA,NA,NA,NA,NA,NA,NA,NA
2011,2,6,30,4,2011-06-30,"UA",19977,"UA","N403UA",989,14771,1477101,32457,"SFO","San Francisco, CA","CA",6,"California",91,14100,1410001,34100,"PHL","Philadelphia, PA","PA",42,"Pennsylvania",23,851,849,-2,0,0,-1,"0800-0859",22,911,1724,5,1715,1729,14,14,0,0,"1700-1759",0,"",0,324,340,313,1,2521,11,NA,NA,NA,NA,NA,NA,NA,NA
2011,2,6,21,2,2011-06-21,"DL",19790,"DL","N3738B",2206,14771,1477101,32457,"SFO","San Francisco, CA","CA",6,"California",91,13487,1348701,31650,"MSP","Minneapolis, MN","MN",27,"Minnesota",63,1800,1755,-5,0,0,-1,"1800-1859",18,1813,2318,9,2325,2327,2,2,0,0,"2300-2359",0,"",0,205,212,185,1,1589,7,NA,NA,NA,NA,NA,NA,NA,NA
2011,2,6,24,5,2011-06-24,"UA",19977,"UA","N509UA",720,14771,1477101,32457,"SFO","San Francisco, CA","CA",6,"California",91,11292,1129202,30325,"DEN","Denver, CO","CO",8,"Colorado",82,1453,1454,1,1,0,0,"1400-1459",16,1510,1803,9,1832,1812,-20,0,0,-2,"1800-1859",0,"",0,159,138,113,1,967,4,NA,NA,NA,NA,NA,NA,NA,NA
2011,2,6,1,3,2011-06-01,"OO",20304,"OO","N290SW",6404,14771,1477101,32457,"SFO","San Francisco, CA","CA",6,"California",91,11603,1160301,31603,"EUG","Eugene, OR","OR",41,"Oregon",92,812,838,26,26,1,1,"0800-0859",14,852,1021,4,950,1025,35,35,1,2,"0900-0959",0,"",0,98,107,89,1,451,2,12,0,9,0,14,NA,NA,NA
2011,2,6,9,4,2011-06-09,"WN",19393,"WN","N482WN",1948,14771,1477101,32457,"SFO","San Francisco, CA","CA",6,"California",91,12889,1288902,32211,"LAS","Las Vegas, NV","NV",32,"Nevada",85,905,941,36,36,1,2,"0900-0959",7,948,1057,4,1035,1101,26,26,1,1,"1000-1059",0,"",0,90,80,69,1,414,2,0,0,0,0,26,NA,NA,NA
2011,2,6,16,4,2011-06-16,"OO",20304,"OO","N584SW",5387,14771,1477101,32457,"SFO","San Francisco, CA","CA",6,"California",91,14893,1489301,33192,"SMF","Sacramento, CA","CA",6,"California",91,2305,2348,43,43,1,2,"2300-2359",13,1,24,6,2355,30,35,35,1,2,"2300-2359",0,"",0,50,42,23,1,86,1,0,0,0,0,35,NA,NA,NA
2011,2,6,26,7,2011-06-26,"US",20355,"US","N673AW",488,14771,1477101,32457,"SFO","San Francisco, CA","CA",6,"California",91,14107,1410701,30466,"PHX","Phoenix, AZ","AZ",4,"Arizona",81,915,913,-2,0,0,-1,"0900-0959",17,930,1100,10,1109,1110,1,1,0,0,"1100-1159",0,"",0,114,117,90,1,651,3,NA,NA,NA,NA,NA,NA,NA,NA
2011,2,6,25,6,2011-06-25,"OO",20304,"OO","N962SW",6370,14771,1477101,32457,"SFO","San Francisco, CA","CA",6,"California",91,14489,1448901,34489,"RDM","Bend/Redmond, OR","OR",41,"Oregon",92,2234,2224,-10,0,0,-1,"2200-2259",32,2256,2,3,2359,5,6,6,0,0,"2300-2359",0,"",0,85,101,66,1,462,2,NA,NA,NA,NA,NA,NA,NA,NA
2011,2,6,29,3,2011-06-29,"OO",20304,"OO","N562SW",5587,14771,1477101,32457,"SFO","San Francisco, CA","CA",6,"California",91,14689,1468901,34689,"SBA","Santa Barbara, CA","CA",6,"California",91,1455,1709,134,134,1,8,"1400-1459",18,1727,1823,4,1619,1827,128,128,1,8,"1600-1659",0,"",0,84,78,56,1,262,2,51,0,0,0,77,NA,NA,NA
2011,2,6,4,6,2011-06-04,"UA",19977,"UA","N441UA",230,14771,1477101,32457,"SFO","San Francisco, CA","CA",6,"California",91,12266,1226602,31453,"IAH","Houston, TX","TX",48,"Texas",74,1050,1049,-1,0,0,-1,"1000-1059",16,1105,1627,4,1640,1631,-9,0,0,-1,"1600-1659",0,"",0,230,222,202,1,1635,7,NA,NA,NA,NA,NA,NA,NA,NA
2011,2,6,21,2,2011-06-21,"CO",19704,"CO","N17229",384,14771,1477101,32457,"SFO","San Francisco, CA","CA",6,"California",91,10299,1029902,30299,"ANC","Anchorage, AK","AK",2,"Alaska",1,1530,1532,2,2,0,0,"1500-1559",17,1549,1903,4,1925,1907,-18,0,0,-2,"1900-1959",0,"",0,295,275,254,1,2018,9,NA,NA,NA,NA,NA,NA,NA,NA
2011,2,6,2,4,2011-06-02,"UA",19977,"UA","N563UA",444,14771,1477101,32457,"SFO","San Francisco, CA","CA",6,"California",91,10721,1072101,30721,"BOS","Boston, MA","MA",25,"Massachusetts",13,1558,1820,142,142,1,9,"1500-1559",12,1832,223,4,36,227,111,111,1,7,"0001-0559",0,"",0,338,307,291,1,2704,11,7,0,0,0,104,NA,NA,NA
2011,2,6,28,2,2011-06-28,"B6",20409,"B6","N703JB",1435,14771,1477101,32457,"SFO","San Francisco, CA","CA",6,"California",91,12954,1295401,32575,"LGB","Long Beach, CA","CA",6,"California",91,1225,1259,34,34,1,2,"1200-1259",11,1310,1412,5,1349,1417,28,28,1,1,"1300-1359",0,"",0,84,78,62,1,354,2,0,0,0,0,28,NA,NA,NA
2011,2,6,23,4,2011-06-23,"DL",19790,"DL","N380DA",2206,14771,1477101,32457,"SFO","San Francisco, CA","CA",6,"California",91,13487,1348701,31650,"MSP","Minneapolis, MN","MN",27,"Minnesota",63,1800,1756,-4,0,0,-1,"1800-1859",15,1811,2310,7,2325,2317,-8,0,0,-1,"2300-2359",0,"",0,205,201,179,1,1589,7,NA,NA,NA,NA,NA,NA,NA,NA
2011,2,6,5,7,2011-06-05,"OO",20304,"OO","N906SW",6408,14771,1477101,32457,"SFO","San Francisco, CA","CA",6,"California",91,11603,1160301,31603,"EUG","Eugene, OR","OR",41,"Oregon",92,1402,1351,-11,0,0,-1,"1400-1459",21,1412,1517,6,1540,1523,-17,0,0,-2,"1500-1559",0,"",0,98,92,65,1,451,2,NA,NA,NA,NA,NA,NA,NA,NA
2011,2,6,28,2,2011-06-28,"UA",19977,"UA","N550UA",275,14771,1477101,32457,"SFO","San Francisco, CA","CA",6,"California",91,14747,1474702,30559,"SEA","Seattle, WA","WA",53,"Washington",93,648,650,2,2,0,0,"0600-0659",40,730,857,6,855,903,8,8,0,0,"0800-0859",0,"",0,127,133,87,1,679,3,NA,NA,NA,NA,NA,NA,NA,NA
2011,2,6,7,2,2011-06-07,"F9",20436,"F9","N910FR",662,14771,1477101,32457,"SFO","San Francisco, CA","CA",6,"California",91,11292,1129202,30325,"DEN","Denver, CO","CO",8,"Colorado",82,1859,1853,-6,0,0,-1,"1800-1859",18,1911,2201,5,2226,2206,-20,0,0,-2,"2200-2259",0,"",0,147,133,110,1,967,4,NA,NA,NA,NA,NA,NA,NA,NA
2011,2,6,28,2,2011-06-28,"OO",20304,"OO","N582SW",5359,14771,1477101,32457,"SFO","San Francisco, CA","CA",6,"California",91,13476,1347601,34922,"MRY","Monterey, CA","CA",6,"California",91,1946,NA,NA,NA,NA,NA,"1900-1959",NA,NA,NA,NA,2033,NA,NA,NA,NA,NA,"2000-2059",1,"C",0,47,NA,NA,1,77,1,NA,NA,NA,NA,NA,NA,NA,NA
2011,2,6,4,6,2011-06-04,"UA",19977,"UA","N441UA",230,14771,1477101,32457,"SFO","San Francisco, CA","CA",6,"California",91,12266,1226602,31453,"IAH","Houston, TX","TX",48,"Texas",74,1050,1049,-1,0,0,-1,"1000-1059",16,1105,1627,4,1640,1631,-9,0,0,-1,"1600-1659",0,"",0,230,222,202,1,1635,7,NA,NA,NA,NA,NA,NA,NA,NA
2011,2,6,26,7,2011-06-26,"UA",19977,"UA","N597UA",817,14771,1477101,32457,"SFO","San Francisco, CA","CA",6,"California",91,12892,1289201,32575,"LAX","Los Angeles, CA","CA",6,"California",91,1135,1133,-2,0,0,-1,"1100-1159",12,1145,1239,14,1308,1253,-15,0,0,-1,"1300-1359",0,"",0,93,80,54,1,337,2,NA,NA,NA,NA,NA,NA,NA,NA
2011,2,6,8,3,2011-06-08,"DL",19790,"DL","N6712B",1580,14771,1477101,32457,"SFO","San Francisco, CA","CA",6,"California",91,10397,1039703,30397,"ATL","Atlanta, GA","GA",13,"Georgia",34,600,554,-6,0,0,-1,"0600-0659",13,607,1308,6,1335,1314,-21,0,0,-2,"1300-1359",0,"",0,275,260,241,1,2139,9,NA,NA,NA,NA,NA,NA,NA,NA
2011,2,6,6,1,2011-06-06,"WN",19393,"WN","N218WN",326,14771,1477101,32457,"SFO","San Francisco, CA","CA",6,"California",91,12889,1288902,32211,"LAS","Las Vegas, NV","NV",32,"Nevada",85,1930,2023,53,53,1,3,"1900-1959",7,2030,2137,8,2100,2145,45,45,1,3,"2100-2159",0,"",0,90,82,67,1,414,2,0,0,0,0,45,NA,NA,NA
2011,2,6,5,7,2011-06-05,"OO",20304,"OO","N906SW",6408,14771,1477101,32457,"SFO","San Francisco, CA","CA",6,"California",91,11603,1160301,31603,"EUG","Eugene, OR","OR",41,"Oregon",92,1402,1351,-11,0,0,-1,"1400-1459",21,1412,1517,6,1540,1523,-17,0,0,-2,"1500-1559",0,"",0,98,92,65,1,451,2,NA,NA,NA,NA,NA,NA,NA,NA
2011,2,6,18,6,2011-06-18,"UA",19977,"UA","N821UA",720,14771,1477101,32457,"SFO","San Francisco, CA","CA",6,"California",91,11292,1129202,30325,"DEN","Denver, CO","CO",8,"Colorado",82,1450,1500,10,10,0,0,"1400-1459",16,1516,1812,6,1821,1818,-3,0,0,-1,"1800-1859",0,"",0,151,138,116,1,967,4,NA,NA,NA,NA,NA,NA,NA,NA
2011,2,6,19,7,2011-06-19,"UA",19977,"UA","N822UA",587,14771,1477101,32457,"SFO","San Francisco, CA","CA",6,"California",91,14908,1490802,32575,"SNA","Santa Ana, CA","CA",6,"California",91,2035,2033,-2,0,0,-1,"2000-2059",13,2046,2145,5,2204,2150,-14,0,0,-1,"2200-2259",0,"",0,89,77,59,1,372,2,NA,NA,NA,NA,NA,NA,NA,NA
2011,2,6,16,4,2011-06-16,"F9",20436,"F9","N947FR",130,14771,1477101,32457,"SFO","San Francisco, CA","CA",6,"California",91,11292,1129202,30325,"DEN","Denver, CO","CO",8,"Colorado",82,620,619,-1,0,0,-1,"0600-0659",21,640,938,6,947,944,-3,0,0,-1,"0900-0959",0,"",0,147,145,118,1,967,4,NA,NA,NA,NA,NA,NA,NA,NA
2011,2,6,20,1,2011-06-20,"AA",19805,"AA","N4YSAA",2468,14771,1477101,32457,"SFO","San Francisco, CA","CA",6,"California",91,12892,1289201,32575,"LAX","Los Angeles, CA","CA",6,"California",91,1645,1730,45,45,1,3,"1600-1659",11,1741,1835,22,1810,1857,47,47,1,3,"1800-1859",0,"",0,85,87,54,1,337,2,0,0,2,0,45,NA,NA,NA
2011,2,6,14,2,2011-06-14,"F9",20436,"F9","N924FR",539,14771,1477101,32457,"SFO","San Francisco, CA","CA",6,"California",91,11292,1129202,30325,"DEN","Denver, CO","CO",8,"Colorado",82,1040,1106,26,26,1,1,"1000-1059",18,1124,1421,6,1407,1427,20,20,1,1,"1400-1459",0,"",0,147,141,117,1,967,4,0,0,0,0,20,NA,NA,NA
2011,2,6,2,4,2011-06-02,"UA",19977,"UA","N440UA",255,14771,1477101,32457,"SFO","San Francisco, CA","CA",6,"California",91,12264,1226401,30852,"IAD","Washington, DC","VA",51,"Virginia",38,938,934,-4,0,0,-1,"0900-0959",16,950,1709,6,1750,1715,-35,0,0,-2,"1700-1759",0,"",0,312,281,259,1,2419,10,NA,NA,NA,NA,NA,NA,NA,NA
2011,2,6,11,6,2011-06-11,"OO",20304,"OO","N579SW",5652,14771,1477101,32457,"SFO","San Francisco, CA","CA",6,"California",91,13264,1326402,33264,"MFR","Medford, OR","OR",41,"Oregon",92,1800,NA,NA,NA,NA,NA,"1800-1859",NA,NA,NA,NA,1929,NA,NA,NA,NA,NA,"1900-1959",1,"C",0,89,NA,NA,1,329,2,NA,NA,NA,NA,NA,NA,NA,NA
2011,2,6,26,7,2011-06-26,"UA",19977,"UA","N556UA",858,14771,1477101,32457,"SFO","San Francisco, CA","CA",6,"California",91,11292,1129202,30325,"DEN","Denver, CO","CO",8,"Colorado",82,1302,1300,-2,0,0,-1,"1300-1359",29,1329,1624,4,1641,1628,-13,0,0,-1,"1600-1659",0,"",0,159,148,115,1,967,4,NA,NA,NA,NA,NA,NA,NA,NA
2011,2,6,15,3,2011-06-15,"OO",20304,"OO","N566SW",6489,14771,1477101,32457,"SFO","San Francisco, CA","CA",6,"California",91,13024,1302401,33024,"LMT","Klamath Falls, OR","OR",41,"Oregon",92,731,731,0,0,0,0,"0700-0759",12,743,852,2,859,854,-5,0,0,-1,"0800-0859",0,"",0,88,83,69,1,315,2,NA,NA,NA,NA,NA,NA,NA,NA
2011,2,6,29,3,2011-06-29,"OO",20304,"OO","N580SW",5422,14771,1477101,32457,"SFO","San Francisco, CA","CA",6,"California",91,14689,1468901,34689,"SBA","Santa Barbara, CA","CA",6,"California",91,1044,1123,39,39,1,2,"1000-1059",15,1138,1233,3,1211,1236,25,25,1,1,"1200-1259",0,"",0,87,73,55,1,262,2,0,0,0,0,25,NA,NA,NA
2011,2,6,7,2,2011-06-07,"AA",19805,"AA","N3BWAA",436,14771,1477101,32457,"SFO","San Francisco, CA","CA",6,"California",91,11298,1129802,30194,"DFW","Dallas/Fort Worth, TX","TX",48,"Texas",74,945,940,-5,0,0,-1,"0900-0959",12,952,1438,10,1505,1448,-17,0,0,-2,"1500-1559",0,"",0,200,188,166,1,1464,6,NA,NA,NA,NA,NA,NA,NA,NA
2011,2,6,29,3,2011-06-29,"UA",19977,"UA","N583UA",318,14771,1477101,32457,"SFO","San Francisco, CA","CA",6,"California",91,12264,1226401,30852,"IAD","Washington, DC","VA",51,"Virginia",38,1227,1300,33,33,1,2,"1200-1259",22,1322,2056,6,2038,2102,24,24,1,1,"2000-2059",0,"",0,311,302,274,1,2419,10,24,0,0,0,0,NA,NA,NA
2011,2,6,9,4,2011-06-09,"UA",19977,"UA","N430UA",770,14771,1477101,32457,"SFO","San Francisco, CA","CA",6,"California",91,13495,1349501,33495,"MSY","New Orleans, LA","LA",22,"Louisiana",72,1736,1925,109,109,1,7,"1700-1759",14,1939,106,3,2349,109,80,80,1,5,"2300-2359",0,"",0,253,224,207,1,1911,8,0,0,0,0,80,NA,NA,NA
2011,2,6,19,7,2011-06-19,"HA",19690,"HA","N594HA",11,14771,1477101,32457,"SFO","San Francisco, CA","CA",6,"California",91,12173,1217301,32134,"HNL","Honolulu, HI","HI",15,"Hawaii",2,915,938,23,23,1,1,"0900-0959",18,956,1123,8,1135,1131,-4,0,0,-1,"1100-1159",0,"",0,320,293,267,1,2399,10,NA,NA,NA,NA,NA,NA,NA,NA
2011,2,6,3,5,2011-06-03,"CO",19704,"CO","N11206",1869,14771,1477101,32457,"SFO","San Francisco, CA","CA",6,"California",91,12266,1226602,31453,"IAH","Houston, TX","TX",48,"Texas",74,1735,1729,-6,0,0,-1,"1700-1759",13,1742,2306,7,2314,2313,-1,0,0,-1,"2300-2359",0,"",0,219,224,204,1,1635,7,NA,NA,NA,NA,NA,NA,NA,NA
2011,2,6,14,2,2011-06-14,"OO",20304,"OO","N217SW",6209,14771,1477101,32457,"SFO","San Francisco, CA","CA",6,"California",91,10930,1093001,30930,"CEC","Crescent City, CA","CA",6,"California",91,1625,1641,16,16,1,1,"1600-1659",21,1702,1813,3,1752,1816,24,24,1,1,"1700-1759",0,"",0,87,95,71,1,304,2,0,0,8,0,16,NA,NA,NA
2011,2,6,25,6,2011-06-25,"OO",20304,"OO","N223SW",6397,14771,1477101,32457,"SFO","San Francisco, CA","CA",6,"California",91,14698,1469801,34236,"SBP","San Luis Obispo, CA","CA",6,"California",91,1539,1531,-8,0,0,-1,"1500-1559",10,1541,1629,2,1652,1631,-21,0,0,-2,"1600-1659",0,"",0,73,60,48,1,191,1,NA,NA,NA,NA,NA,NA,NA,NA
2011,2,6,2,4,2011-06-02,"UA",19977,"UA","N442UA",305,14771,1477101,32457,"SFO","San Francisco, CA","CA",6,"California",91,12892,1289201,32575,"LAX","Los Angeles, CA","CA",6,"California",91,1700,1657,-3,0,0,-1,"1700-1759",17,1714,1805,8,1825,1813,-12,0,0,-1,"1800-1859",0,"",0,85,76,51,1,337,2,NA,NA,NA,NA,NA,NA,NA,NA
2011,2,6,29,3,2011-06-29,"UA",19977,"UA","N841UA",560,14771,1477101,32457,"SFO","San Francisco, CA","CA",6,"California",91,11298,1129802,30194,"DFW","Dallas/Fort Worth, TX","TX",48,"Texas",74,2359,2353,-6,0,0,-1,"2300-2359",24,17,516,4,520,520,0,0,0,0,"0001-0559",0,"",0,201,207,179,1,1464,6,NA,NA,NA,NA,NA,NA,NA,NA
2011,2,6,15,3,2011-06-15,"US",20355,"US","N191UW",1538,14771,1477101,32457,"SFO","San Francisco, CA","CA",6,"California",91,11057,1105702,31057,"CLT","Charlotte, NC","NC",37,"North Carolina",36,1310,1317,7,7,0,0,"1300-1359",14,1331,2109,10,2109,2119,10,10,0,0,"2100-2159",0,"",0,299,302,278,1,2296,10,NA,NA,NA,NA,NA,NA,NA,NA
2011,2,6,26,7,2011-06-26,"AA",19805,"AA","N3FMAA",1943,14771,1477101,32457,"SFO","San Francisco, CA","CA",6,"California",91,12892,1289201,32575,"LAX","Los Angeles, CA","CA",6,"California",91,1910,1906,-4,0,0,-1,"1900-1959",28,1934,2028,11,2040,2039,-1,0,0,-1,"2000-2059",0,"",0,90,93,54,1,337,2,NA,NA,NA,NA,NA,NA,NA,NA
2011,2,6,25,6,2011-06-25,"OO",20304,"OO","N738SK",5571,14771,1477101,32457,"SFO","San Francisco, CA","CA",6,"California",91,14107,1410701,30466,"PHX","Phoenix, AZ","AZ",4,"Arizona",81,2045,2036,-9,0,0,-1,"2000-2059",20,2056,2226,7,2242,2233,-9,0,0,-1,"2200-2259",0,"",0,117,117,90,1,651,3,NA,NA,NA,NA,NA,NA,NA,NA
2011,2,6,23,4,2011-06-23,"OO",20304,"OO","N580SW",6329,14771,1477101,32457,"SFO","San Francisco, CA","CA",6,"California",91,10157,1015701,30157,"ACV","Arcata/Eureka, CA","CA",6,"California",91,656,713,17,17,1,1,"0600-0659",13,726,821,3,821,824,3,3,0,0,"0800-0859",0,"",0,85,71,55,1,250,2,NA,NA,NA,NA,NA,NA,NA,NA
2011,2,6,2,4,2011-06-02,"WN",19393,"WN","N400WN",1004,14771,1477101,32457,"SFO","San Francisco, CA","CA",6,"California",91,11292,1129202,30325,"DEN","Denver, CO","CO",8,"Colorado",82,610,609,-1,0,0,-1,"0600-0659",14,623,920,6,945,926,-19,0,0,-2,"0900-0959",0,"",0,155,137,117,1,967,4,NA,NA,NA,NA,NA,NA,NA,NA
2011,2,6,3,5,2011-06-03,"OO",20304,"OO","N290SW",6326,14771,1477101,32457,"SFO","San Francisco, CA","CA",6,"California",91,10561,1056102,30561,"BFL","Bakersfield, CA","CA",6,"California",91,1709,1832,83,83,1,5,"1700-1759",13,1845,1936,4,1819,1940,81,81,1,5,"1800-1859",0,"",0,70,68,51,1,238,1,81,0,0,0,0,NA,NA,NA
2011,2,6,30,4,2011-06-30,"UA",19977,"UA","N403UA",989,14771,1477101,32457,"SFO","San Francisco, CA","CA",6,"California",91,14100,1410001,34100,"PHL","Philadelphia, PA","PA",42,"Pennsylvania",23,851,849,-2,0,0,-1,"0800-0859",22,911,1724,5,1715,1729,14,14,0,0,"1700-1759",0,"",0,324,340,313,1,2521,11,NA,NA,NA,NA,NA,NA,NA,NA
2011,2,6,21,2,2011-06-21,"UA",19977,"UA","N807UA",496,14771,1477101,32457,"SFO","San Francisco, CA","CA",6,"California",91,14107,1410701,30466,"PHX","Phoenix, AZ","AZ",4,"Arizona",81,2010,2148,98,98,1,6,"2000-2059",17,2205,2337,5,2207,2342,95,95,1,6,"2200-2259",0,"",0,117,114,92,1,651,3,0,0,0,0,95,NA,NA,NA
2011,2,6,26,7,2011-06-26,"DL",19790,"DL","N128DL",114,14771,1477101,32457,"SFO","San Francisco, CA","CA",6,"California",91,10397,1039703,30397,"ATL","Atlanta, GA","GA",13,"Georgia",34,730,751,21,21,1,1,"0700-0759",14,805,1503,5,1517,1508,-9,0,0,-1,"1500-1559",0,"",0,287,257,238,1,2139,9,NA,NA,NA,NA,NA,NA,NA,NA
2011,2,6,15,3,2011-06-15,"WN",19393,"WN","N436WN",3061,14771,1477101,32457,"SFO","San Francisco, CA","CA",6,"California",91,14679,1467902,33570,"SAN","San Diego, CA","CA",6,"California",91,810,806,-4,0,0,-1,"0800-0859",10,816,923,4,940,927,-13,0,0,-1,"0900-0959",0,"",0,90,81,67,1,447,2,NA,NA,NA,NA,NA,NA,NA,NA
2011,2,6,27,1,2011-06-27,"WN",19393,"WN","N495WN",1205,14771,1477101,32457,"SFO","San Francisco, CA","CA",6,"California",91,14908,1490802,32575,"SNA","Santa Ana, CA","CA",6,"California",91,1725,1722,-3,0,0,-1,"1700-1759",8,1730,1834,9,1850,1843,-7,0,0,-1,"1800-1859",0,"",0,85,81,64,1,372,2,NA,NA,NA,NA,NA,NA,NA,NA
2011,2,6,20,1,2011-06-20,"OO",20304,"OO","N223SW",5511,14771,1477101,32457,"SFO","San Francisco, CA","CA",6,"California",91,14689,1468901,34689,"SBA","Santa Barbara, CA","CA",6,"California",91,1757,1747,-10,0,0,-1,"1700-1759",10,1757,1857,2,1919,1859,-20,0,0,-2,"1900-1959",0,"",0,82,72,60,1,262,2,NA,NA,NA,NA,NA,NA,NA,NA
2011,2,6,28,2,2011-06-28,"OO",20304,"OO","N616QX",4770,14771,1477101,32457,"SFO","San Francisco, CA","CA",6,"California",91,12892,1289201,32575,"LAX","Los Angeles, CA","CA",6,"California",91,1830,2000,90,90,1,6,"1800-1859",33,2033,2141,11,1959,2152,113,113,1,7,"1900-1959",0,"",0,89,112,68,1,337,2,0,0,23,0,90,NA,NA,NA
2011,2,6,1,3,2011-06-01,"UA",19977,"UA","N544UA",573,14771,1477101,32457,"SFO","San Francisco, CA","CA",6,"California",91,14747,1474702,30559,"SEA","Seattle, WA","WA",53,"Washington",93,1635,1631,-4,0,0,-1,"1600-1659",14,1645,1821,9,1841,1830,-11,0,0,-1,"1800-1859",0,"",0,126,119,96,1,679,3,NA,NA,NA,NA,NA,NA,NA,NA
2011,2,6,17,5,2011-06-17,"UA",19977,"UA","",456,14771,1477101,32457,"SFO","San Francisco, CA","CA",6,"California",91,12478,1247801,31703,"JFK","New York, NY","NY",36,"New York",22,2230,NA,NA,NA,NA,NA,"2200-2259",NA,NA,NA,NA,659,NA,NA,NA,NA,NA,"0600-0659",1,"A",0,329,NA,NA,1,2586,11,NA,NA,NA,NA,NA,NA,NA,NA
2011,2,6,17,5,2011-06-17,"UA",19977,"UA","N497UA",729,14771,1477101,32457,"SFO","San Francisco, CA","CA",6,"California",91,12889,1288902,32211,"LAS","Las Vegas, NV","NV",32,"Nevada",85,1055,1052,-3,0,0,-1,"1000-1059",15,1107,1217,6,1235,1223,-12,0,0,-1,"1200-1259",0,"",0,100,91,70,1,414,2,NA,NA,NA,NA,NA,NA,NA,NA
2011,2,6,4,6,2011-06-04,"OO",20304,"OO","N579SW",6930,14771,1477101,32457,"SFO","San Francisco, CA","CA",6,"California",91,10561,1056102,30561,"BFL","Bakersfield, CA","CA",6,"California",91,1450,1555,65,65,1,4,"1400-1459",20,1615,1713,3,1603,1716,73,73,1,4,"1600-1659",0,"",0,73,81,58,1,238,1,0,0,8,0,65,NA,NA,NA
2011,2,6,23,4,2011-06-23,"OO",20304,"OO","N580SW",6329,14771,1477101,32457,"SFO","San Francisco, CA","CA",6,"California",91,10157,1015701,30157,"ACV","Arcata/Eureka, CA","CA",6,"California",91,656,713,17,17,1,1,"0600-0659",13,726,821,3,821,824,3,3,0,0,"0800-0859",0,"",0,85,71,55,1,250,2,NA,NA,NA,NA,NA,NA,NA,NA
2011,2,6,22,3,2011-06-22,"UA",19977,"UA","N522UA",783,14771,1477101,32457,"SFO","San Francisco, CA","CA",6,"California",91,14679,1467902,33570,"SAN","San Diego, CA","CA",6,"California",91,1143,1142,-1,0,0,-1,"1100-1159",10,1152,1259,1,1318,1300,-18,0,0,-2,"1300-1359",0,"",0,95,78,67,1,447,2,NA,NA,NA,NA,NA,NA,NA,NA
2011,2,6,14,2,2011-06-14,"WN",19393,"WN","N442WN",56,14771,1477101,32457,"SFO","San Francisco, CA","CA",6,"California",91,14908,1490802,32575,"SNA","Santa Ana, CA","CA",6,"California",91,710,710,0,0,0,0,"0700-0759",13,723,831,3,840,834,-6,0,0,-1,"0800-0859",0,"",0,90,84,68,1,372,2,NA,NA,NA,NA,NA,NA,NA,NA
2011,2,6,8,3,2011-06-08,"UA",19977,"UA","N214UA",644,14771,1477101,32457,"SFO","San Francisco, CA","CA",6,"California",91,12173,1217301,32134,"HNL","Honolulu, HI","HI",15,"Hawaii",2,1056,1058,2,2,0,0,"1000-1059",19,1117,1255,3,1314,1258,-16,0,0,-2,"1300-1359",0,"",0,318,300,278,1,2399,10,NA,NA,NA,NA,NA,NA,NA,NA
2011,2,6,16,4,2011-06-16,"OO",20304,"OO","N295SW",5296,14771,1477101,32457,"SFO","San Francisco, CA","CA",6,"California",91,14698,1469801,34236,"SBP","San Luis Obispo, CA","CA",6,"California",91,2246,2242,-4,0,0,-1,"2200-2259",19,2301,2344,4,2359,2348,-11,0,0,-1,"2300-2359",0,"",0,73,66,43,1,191,1,NA,NA,NA,NA,NA,NA,NA,NA
2011,2,6,14,2,2011-06-14,"OO",20304,"OO","N223SW",5442,14771,1477101,32457,"SFO","San Francisco, CA","CA",6,"California",91,10561,1056102,30561,"BFL","Bakersfield, CA","CA",6,"California",91,1450,1539,49,49,1,3,"1400-1459",16,1555,1652,6,1608,1658,50,50,1,3,"1600-1659",0,"",0,78,79,57,1,238,1,0,0,1,0,49,NA,NA,NA
2011,2,6,21,2,2011-06-21,"DL",19790,"DL","N905DA",2105,14771,1477101,32457,"SFO","San Francisco, CA","CA",6,"California",91,13487,1348701,31650,"MSP","Minneapolis, MN","MN",27,"Minnesota",63,1500,1457,-3,0,0,-1,"1500-1559",26,1523,2027,7,2042,2034,-8,0,0,-1,"2000-2059",0,"",0,222,217,184,1,1589,7,NA,NA,NA,NA,NA,NA,NA,NA
2011,2,6,7,2,2011-06-07,"UA",19977,"UA","N808UA",587,14771,1477101,32457,"SFO","San Francisco, CA","CA",6,"California",91,14908,1490802,32575,"SNA","Santa Ana, CA","CA",6,"California",91,2048,2043,-5,0,0,-1,"2000-2059",11,2054,2157,4,2216,2201,-15,0,0,-1,"2200-2259",0,"",0,88,78,63,1,372,2,NA,NA,NA,NA,NA,NA,NA,NA
2011,2,6,21,2,2011-06-21,"DL",19790,"DL","N3738B",2206,14771,1477101,32457,"SFO","San Francisco, CA","CA",6,"California",91,13487,1348701,31650,"MSP","Minneapolis, MN","MN",27,"Minnesota",63,1800,1755,-5,0,0,-1,"1800-1859",18,1813,2318,9,2325,2327,2,2,0,0,"2300-2359",0,"",0,205,212,185,1,1589,7,NA,NA,NA,NA,NA,NA,NA,NA
2011,2,6,27,1,2011-06-27,"OO",20304,"OO","N908SW",6406,14771,1477101,32457,"SFO","San Francisco, CA","CA",6,"California",91,11603,1160301,31603,"EUG","Eugene, OR","OR",41,"Oregon",92,1035,1038,3,3,0,0,"1000-1059",27,1105,1214,4,1202,1218,16,16,1,1,"1200-1259",0,"",0,87,100,69,1,451,2,0,0,13,0,3,NA,NA,NA
2011,2,6,6,1,2011-06-06,"CO",19704,"CO","N79279",349,14771,1477101,32457,"SFO","San Francisco, CA","CA",6,"California",91,11618,1161801,31703,"EWR","Newark, NJ","NJ",34,"New Jersey",21,710,709,-1,0,0,-1,"0700-0759",15,724,1515,5,1532,1520,-12,0,0,-1,"1500-1559",0,"",0,322,311,291,1,2565,11,NA,NA,NA,NA,NA,NA,NA,NA
2011,2,6,19,7,2011-06-19,"CO",19704,"CO","N78506",1869,14771,1477101,32457,"SFO","San Francisco, CA","CA",6,"California",91,12266,1226602,31453,"IAH","Houston, TX","TX",48,"Texas",74,1750,1803,13,13,0,0,"1700-1759",15,1818,2333,6,2330,2339,9,9,0,0,"2300-2359",0,"",0,220,216,195,1,1635,7,NA,NA,NA,NA,NA,NA,NA,NA
2011,2,6,1,3,2011-06-01,"UA",19977,"UA","N518UA",870,14771,1477101,32457,"SFO","San Francisco, CA","CA",6,"California",91,12478,1247801,31703,"JFK","New York, NY","NY",36,"New York",22,1250,1248,-2,0,0,-1,"1200-1259",13,1301,2105,18,2129,2123,-6,0,0,-1,"2100-2159",0,"",0,339,335,304,1,2586,11,NA,NA,NA,NA,NA,NA,NA,NA
2011,2,6,28,2,2011-06-28,"WN",19393,"WN","N746SW",967,14771,1477101,32457,"SFO","San Francisco, CA","CA",6,"California",91,11292,1129202,30325,"DEN","Denver, CO","CO",8,"Colorado",82,1510,1512,2,2,0,0,"1500-1559",9,1521,1824,6,1845,1830,-15,0,0,-1,"1800-1859",0,"",0,155,138,123,1,967,4,NA,NA,NA,NA,NA,NA,NA,NA
2011,2,6,17,5,2011-06-17,"OO",20304,"OO","N960SW",6289,14771,1477101,32457,"SFO","San Francisco, CA","CA",6,"California",91,11603,1160301,31603,"EUG","Eugene, OR","OR",41,"Oregon",92,639,645,6,6,0,0,"0600-0659",15,700,813,4,807,817,10,10,0,0,"0800-0859",0,"",0,88,92,73,1,451,2,NA,NA,NA,NA,NA,NA,NA,NA
2011,2,6,15,3,2011-06-15,"CO",19704,"CO","N24211",1699,14771,1477101,32457,"SFO","San Francisco, CA","CA",6,"California",91,12889,1288902,32211,"LAS","Las Vegas, NV","NV",32,"Nevada",85,2045,2040,-5,0,0,-1,"2000-2059",15,2055,2155,7,2213,2202,-11,0,0,-1,"2200-2259",0,"",0,88,82,60,1,414,2,NA,NA,NA,NA,NA,NA,NA,NA
2011,2,6,4,6,2011-06-04,"UA",19977,"UA","N410UA",728,14771,1477101,32457,"SFO","San Francisco, CA","CA",6,"California",91,13930,1393001,30977,"ORD","Chicago, IL","IL",17,"Illinois",41,853,850,-3,0,0,-1,"0800-0859",28,918,1450,7,1500,1457,-3,0,0,-1,"1500-1559",0,"",0,247,247,212,1,1846,8,NA,NA,NA,NA,NA,NA,NA,NA
2011,2,6,27,1,2011-06-27,"DL",19790,"DL","N717TW",30,14771,1477101,32457,"SFO","San Francisco, CA","CA",6,"California",91,12478,1247801,31703,"JFK","New York, NY","NY",36,"New York",22,630,629,-1,0,0,-1,"0600-0659",26,655,1447,8,1512,1455,-17,0,0,-2,"1500-1559",0,"",0,342,326,292,1,2586,11,NA,NA,NA,NA,NA,NA,NA,NA
2011,2,6,18,6,2011-06-18,"OO",20304,"OO","N764SK",6190,14771,1477101,32457,"SFO","San Francisco, CA","CA",6,"California",91,14747,1474702,30559,"SEA","Seattle, WA","WA",53,"Washington",93,1307,1302,-5,0,0,-1,"1300-1359",17,1319,1510,8,1515,1518,3,3,0,0,"1500-1559",0,"",0,128,136,111,1,679,3,NA,NA,NA,NA,NA,NA,NA,NA
2011,2,6,9,4,2011-06-09,"WN",19393,"WN","N482WN",1948,14771,1477101,32457,"SFO","San Francisco, CA","CA",6,"California",91,12889,1288902,32211,"LAS","Las Vegas, NV","NV",32,"Nevada",85,905,941,36,36,1,2,"0900-0959",7,948,1057,4,1035,1101,26,26,1,1,"1000-1059",0,"",0,90,80,69,1,414,2,0,0,0,0,26,NA,NA,NA
2011,2,6,5,7,2011-06-05,"OO",20304,"OO","N763SK",6527,14771,1477101,32457,"SFO","San Francisco, CA","CA",6,"California",91,14679,1467902,33570,"SAN","San Diego, CA","CA",6,"California",91,1254,1247,-7,0,0,-1,"1200-1259",26,1313,1423,5,1425,1428,3,3,0,0,"1400-1459",0,"",0,91,101,70,1,447,2,NA,NA,NA,NA,NA,NA,NA,NA
2011,2,6,23,4,2011-06-23,"OO",20304,"OO","N568SW",5502,14771,1477101,32457,"SFO","San Francisco, CA","CA",6,"California",91,14689,1468901,34689,"SBA","Santa Barbara, CA","CA",6,"California",91,716,817,61,61,1,4,"0700-0759",16,833,935,5,840,940,60,60,1,4,"0800-0859",0,"",0,84,83,62,1,262,2,0,0,0,0,60,NA,NA,NA
2011,2,6,10,5,2011-06-10,"B6",20409,"B6","N536JB",632,14771,1477101,32457,"SFO","San Francisco, CA","CA",6,"California",91,10721,1072101,30721,"BOS","Boston, MA","MA",25,"Massachusetts",13,700,709,9,9,0,0,"0700-0759",15,724,1520,4,1527,1524,-3,0,0,-1,"1500-1559",0,"",0,327,315,296,1,2704,11,NA,NA,NA,NA,NA,NA,NA,NA
2011,2,6,15,3,2011-06-15,"UA",19977,"UA","N537UA",776,14771,1477101,32457,"SFO","San Francisco, CA","CA",6,"California",91,12889,1288902,32211,"LAS","Las Vegas, NV","NV",32,"Nevada",85,1908,1933,25,25,1,1,"1900-1959",18,1951,2054,7,2036,2101,25,25,1,1,"2000-2059",0,"",0,88,88,63,1,414,2,0,0,0,0,25,NA,NA,NA
2011,2,6,1,3,2011-06-01,"OO",20304,"OO","N578SW",6264,14771,1477101,32457,"SFO","San Francisco, CA","CA",6,"California",91,11638,1163802,31638,"FAT","Fresno, CA","CA",6,"California",91,1243,1409,86,86,1,5,"1200-1259",22,1431,1510,3,1346,1513,87,87,1,5,"1300-1359",0,"",0,63,64,39,1,158,1,1,0,1,0,85,NA,NA,NA
