"Year","Quarter","Month","DayofMonth","DayOfWeek","FlightDate","UniqueCarrier","AirlineID","Carrier","TailNum","FlightNum","OriginAirportID","OriginAirportSeqID","OriginCityMarketID","Origin","OriginCityName","OriginState","OriginStateFips","OriginStateName","OriginWac","DestAirportID","DestAirportSeqID","DestCityMarketID","Dest","DestCityName","DestState","DestStateFips","DestStateName","DestWac","CRSDepTime","DepTime","DepDelay","DepDelayMinutes","DepDel15","DepartureDelayGroups","DepTimeBlk","TaxiOut","WheelsOff","WheelsOn","TaxiIn","CRSArrTime","ArrTime","ArrDelay","ArrDelayMinutes","ArrDel15","ArrivalDelayGroups","ArrTimeBlk","Cancelled","CancellationCode","Diverted","CRSElapsedTime","ActualElapsedTime","AirTime","Flights","Distance","DistanceGroup","CarrierDelay","WeatherDelay","NASDelay","SecurityDelay","LateAircraftDelay","FirstDepTime","TotalAddGTime","LongestAddGTime"
2011,1,1,10,1,2011-01-10,"UA",19977,"UA","N595UA",37,14771,1477101,32457,"SFO","San Francisco, CA","CA",6,"California",91,13830,1383001,33830,"OGG","Kahului, HI","HI",15,"Hawaii",2,1350,1350,0,0,0,0,"1300-1359",13,1403,1930,4,1730,1934,NA,NA,NA,NA,"1700-1759",0,"",1,340,NA,NA,1,2338,10,NA,NA,NA,NA,NA,NA,NA,NA
2011,1,1,11,2,2011-01-11,"UA",19977,"UA","",186,14771,1477101,32457,"SFO","San Francisco, CA","CA",6,"California",91,14100,1410001,34100,"PHL","Philadelphia, PA","PA",42,"Pennsylvania",23,1450,NA,NA,NA,NA,NA,"1400-1459",NA,NA,NA,NA,2259,NA,NA,NA,NA,NA,"2200-2259",1,"B",0,309,NA,NA,1,2521,11,NA,NA,NA,NA,NA,NA,NA,NA
2011,1,1,10,1,2011-01-10,"OO",20304,"OO","N930SW",6330,14771,1477101,32457,"SFO","San Francisco, CA","CA",6,"California",91,14252,1425201,34252,"PSC","Pasco/Kennewick/Richland, WA","WA",53,"Washington",93,934,945,11,11,0,0,"0900-0959",12,957,1126,4,1126,1130,4,4,0,0,"1100-1159",0,"",0,112,105,89,1,620,3,NA,NA,NA,NA,NA,NA,NA,NA
2011,1,1,1,6,2011-01-01,"UA",19977,"UA","N427UA",180,14771,1477101,32457,"SFO","San Francisco, CA","CA",6,"California",91,10721,1072101,30721,"BOS","Boston, MA","MA",25,"Massachusetts",13,2259,2301,2,2,0,0,"2200-2259",12,2313,704,5,732,709,-23,0,0,-2,"0700-0759",0,"",0,333,308,291,1,2704,11,NA,NA,NA,NA,NA,NA,NA,NA
2011,1,1,11,2,2011-01-11,"OO",20304,"OO","N956SW",6410,14771,1477101,32457,"SFO","San Francisco, CA","CA",6,"California",91,10800,1080002,32575,"BUR","Burbank, CA","CA",6,"California",91,1704,1659,-5,0,0,-1,"1700-1759",14,1713,1804,8,1814,1812,-2,0,0,-1,"1800-1859",0,"",0,70,73,51,1,326,2,NA,NA,NA,NA,NA,NA,NA,NA
2011,1,1,9,7,2011-01-09,"OO",20304,"OO","N976SW",6658,14771,1477101,32457,"SFO","San Francisco, CA","CA",6,"California",91,14570,1457001,34570,"RNO","Reno, NV","NV",32,"Nevada",85,1555,1552,-3,0,0,-1,"1500-1559",16,1608,1641,3,1647,1644,-3,0,0,-1,"1600-1659",0,"",0,52,52,33,1,192,1,NA,NA,NA,NA,NA,NA,NA,NA
2011,1,1,14,5,2011-01-14,"US",20355,"US","N642AW",488,14771,1477101,32457,"SFO","San Francisco, CA","CA",6,"California",91,14107,1410701,30466,"PHX","Phoenix, AZ","AZ",4,"Arizona",81,910,906,-4,0,0,-1,"0900-0959",16,922,1155,8,1207,1203,-4,0,0,-1,"1200-1259",0,"",0,117,117,93,1,651,3,NA,NA,NA,NA,NA,NA,NA,NA
2011,1,1,15,6,2011-01-15,"UA",19977,"UA","N494UA",852,14771,1477101,32457,"SFO","San Francisco, CA","CA",6,"California",91,14679,1467902,33570,"SAN","San Diego, CA","CA",6,"California",91,1302,1259,-3,0,0,-1,"1300-1359",12,1311,1418,2,1428,1420,-8,0,0,-1,"1400-1459",0,"",0,86,81,67,1,447,2,NA,NA,NA,NA,NA,NA,NA,NA
2011,1,1,11,2,2011-01-11,"OO",20304,"OO","N586SW",6652,14771,1477101,32457,"SFO","San Francisco, CA","CA",6,"California",91,13424,1342401,33424,"MOD","Modesto, CA","CA",6,"California",91,937,934,-3,0,0,-1,"0900-0959",14,948,1009,5,1019,1014,-5,0,0,-1,"1000-1059",0,"",0,42,40,21,1,78,1,NA,NA,NA,NA,NA,NA,NA,NA
2011,1,1,6,4,2011-01-06,"DL",19790,"DL","N610DL",1680,14771,1477101,32457,"SFO","San Francisco, CA","CA",6,"California",91,10397,1039703,30397,"ATL","Atlanta, GA","GA",13,"Georgia",34,1428,1457,29,29,1,1,"1400-1459",19,1516,2211,8,2154,2219,25,25,1,1,"2100-2159",0,"",0,266,262,235,1,2139,9,8,0,0,0,17,NA,NA,NA
2011,1,1,1,6,2011-01-01,"UA",19977,"UA","N405UA",172,14771,1477101,32457,"SFO","San Francisco, CA","CA",6,"California",91,10721,1072101,30721,"BOS","Boston, MA","MA",25,"Massachusetts",13,836,831,-5,0,0,-1,"0800-0859",10,841,1631,4,1716,1635,-41,0,0,-2,"1700-1759",0,"",0,340,304,290,1,2704,11,NA,NA,NA,NA,NA,NA,NA,NA
2011,1,1,12,3,2011-01-12,"US",20355,"US","N657AW",658,14771,1477101,32457,"SFO","San Francisco, CA","CA",6,"California",91,14100,1410001,34100,"PHL","Philadelphia, PA","PA",42,"Pennsylvania",23,1110,1112,2,2,0,0,"1100-1159",14,1126,1927,5,1930,1932,2,2,0,0,"1900-1959",0,"",0,320,320,301,1,2521,11,NA,NA,NA,NA,NA,NA,NA,NA
2011,1,1,11,2,2011-01-11,"WN",19393,"WN","N425LV",151,14771,1477101,32457,"SFO","San Francisco, CA","CA",6,"California",91,11292,1129202,30325,"DEN","Denver, CO","CO",8,"Colorado",82,1400,1447,47,47,1,3,"1400-1459",9,1456,1747,10,1735,1757,22,22,1,1,"1700-1759",0,"",0,155,130,111,1,967,4,2,0,0,0,20,NA,NA,NA
2011,1,1,2,7,2011-01-02,"CO",19704,"CO","N14250",1049,14771,1477101,32457,"SFO","San Francisco, CA","CA",6,"California",91,11618,1161801,31703,"EWR","Newark, NJ","NJ",34,"New Jersey",21,840,838,-2,0,0,-1,"0800-0859",25,903,1655,20,1655,1715,20,20,1,1,"1600-1659",0,"",0,315,337,292,1,2565,11,0,0,20,0,0,NA,NA,NA
2011,1,1,6,4,2011-01-06,"UA",19977,"UA","N547UA",41,14771,1477101,32457,"SFO","San Francisco, CA","CA",6,"California",91,12982,1298201,32982,"LIH","Lihue, HI","HI",15,"Hawaii",2,922,923,1,1,0,0,"0900-0959",18,941,1245,6,1317,1251,-26,0,0,-2,"1300-1359",0,"",0,355,328,304,1,2447,10,NA,NA,NA,NA,NA,NA,NA,NA
2011,1,1,13,4,2011-01-13,"OO",20304,"OO","N791SK",6535,14771,1477101,32457,"SFO","San Francisco, CA","CA",6,"California",91,14908,1490802,32575,"SNA","Santa Ana, CA","CA",6,"California",91,1250,NA,NA,NA,NA,NA,"1200-1259",NA,NA,NA,NA,1415,NA,NA,NA,NA,NA,"1400-1459",1,"C",0,85,NA,NA,1,372,2,NA,NA,NA,NA,NA,NA,NA,NA
2011,1,1,23,7,2011-01-23,"AA",19805,"AA","N377AA",442,14771,1477101,32457,"SFO","San Francisco, CA","CA",6,"California",91,13303,1330302,32467,"MIA","Miami, FL","FL",12,"Florida",33,1245,1306,21,21,1,1,"1200-1259",19,1325,2105,14,2105,2119,14,14,0,0,"2100-2159",0,"",0,320,313,280,1,2585,11,NA,NA,NA,NA,NA,NA,NA,NA
2011,1,1,8,6,2011-01-08,"OO",20304,"OO","N712SK",6428,14771,1477101,32457,"SFO","San Francisco, CA","CA",6,"California",91,14107,1410701,30466,"PHX","Phoenix, AZ","AZ",4,"Arizona",81,1040,1048,8,8,0,0,"1000-1059",11,1059,1328,5,1334,1333,-1,0,0,-1,"1300-1359",0,"",0,114,105,89,1,651,3,NA,NA,NA,NA,NA,NA,NA,NA
2011,1,1,21,5,2011-01-21,"US",20355,"US","N601AW",408,14771,1477101,32457,"SFO","San Francisco, CA","CA",6,"California",91,14107,1410701,30466,"PHX","Phoenix, AZ","AZ",4,"Arizona",81,1715,1710,-5,0,0,-1,"1700-1759",11,1721,1953,6,2012,1959,-13,0,0,-1,"2000-2059",0,"",0,117,109,92,1,651,3,NA,NA,NA,NA,NA,NA,NA,NA
2011,1,1,7,5,2011-01-07,"UA",19977,"UA","N594UA",455,14771,1477101,32457,"SFO","San Francisco, CA","CA",6,"California",91,12889,1288902,32211,"LAS","Las Vegas, NV","NV",32,"Nevada",85,2245,2242,-3,0,0,-1,"2200-2259",26,2308,11,6,15,17,2,2,0,0,"0001-0559",0,"",0,90,95,63,1,414,2,NA,NA,NA,NA,NA,NA,NA,NA
2011,1,1,22,6,2011-01-22,"OO",20304,"OO","N301YV",6652,14771,1477101,32457,"SFO","San Francisco, CA","CA",6,"California",91,13424,1342401,33424,"MOD","Modesto, CA","CA",6,"California",91,955,NA,NA,NA,NA,NA,"0900-0959",NA,NA,NA,NA,1037,NA,NA,NA,NA,NA,"1000-1059",1,"B",0,42,NA,NA,1,78,1,NA,NA,NA,NA,NA,NA,NA,NA
2011,1,1,29,6,2011-01-29,"OO",20304,"OO","N294SW",6750,14771,1477101,32457,"SFO","San Francisco, CA","CA",6,"California",91,14893,1489301,33192,"SMF","Sacramento, CA","CA",6,"California",91,2245,2236,-9,0,0,-1,"2200-2259",17,2253,2319,5,2328,2324,-4,0,0,-1,"2300-2359",0,"",0,43,48,26,1,86,1,NA,NA,NA,NA,NA,NA,NA,NA
2011,1,1,7,5,2011-01-07,"UA",19977,"UA","N664UA",914,14771,1477101,32457,"SFO","San Francisco, CA","CA",6,"California",91,12264,1226401,30852,"IAD","Washington, DC","VA",51,"Virginia",38,750,744,-6,0,0,-1,"0700-0759",103,927,1649,5,1548,1654,66,66,1,4,"1500-1559",0,"",0,298,370,262,1,2419,10,0,0,66,0,0,NA,NA,NA
2011,1,1,24,1,2011-01-24,"OO",20304,"OO","N702SK",6974,14771,1477101,32457,"SFO","San Francisco, CA","CA",6,"California",91,10372,1037201,30372,"ASE","Aspen, CO","CO",8,"Colorado",82,1538,1532,-6,0,0,-1,"1500-1559",14,1546,1835,4,1842,1839,-3,0,0,-1,"1800-1859",0,"",0,124,127,109,1,848,4,NA,NA,NA,NA,NA,NA,NA,NA
2011,1,1,4,2,2011-01-04,"UA",19977,"UA","N461UA",482,14771,1477101,32457,"SFO","San Francisco, CA","CA",6,"California",91,11292,1129202,30325,"DEN","Denver, CO","CO",8,"Colorado",82,1930,1925,-5,0,0,-1,"1900-1959",13,1938,2246,6,2254,2252,-2,0,0,-1,"2200-2259",0,"",0,144,147,128,1,967,4,NA,NA,NA,NA,NA,NA,NA,NA
2011,1,1,15,6,2011-01-15,"UA",19977,"UA","N447UA",760,14771,1477101,32457,"SFO","San Francisco, CA","CA",6,"California",91,13930,1393001,30977,"ORD","Chicago, IL","IL",17,"Illinois",41,1257,1257,0,0,0,0,"1200-1259",16,1313,1851,9,1905,1900,-5,0,0,-1,"1900-1959",0,"",0,248,243,218,1,1846,8,NA,NA,NA,NA,NA,NA,NA,NA
2011,1,1,9,7,2011-01-09,"UA",19977,"UA","N819UA",792,14771,1477101,32457,"SFO","San Francisco, CA","CA",6,"California",91,14908,1490802,32575,"SNA","Santa Ana, CA","CA",6,"California",91,1824,1822,-2,0,0,-1,"1800-1859",14,1836,1934,5,1947,1939,-8,0,0,-1,"1900-1959",0,"",0,83,77,58,1,372,2,NA,NA,NA,NA,NA,NA,NA,NA
2011,1,1,3,1,2011-01-03,"UA",19977,"UA","N508UA",870,14771,1477101,32457,"SFO","San Francisco, CA","CA",6,"California",91,12478,1247801,31703,"JFK","New York, NY","NY",36,"New York",22,1305,1301,-4,0,0,-1,"1300-1359",16,1317,2110,7,2149,2117,-32,0,0,-2,"2100-2159",0,"",0,344,316,293,1,2586,11,NA,NA,NA,NA,NA,NA,NA,NA
2011,1,1,17,1,2011-01-17,"AA",19805,"AA","N620AA",272,14771,1477101,32457,"SFO","San Francisco, CA","CA",6,"California",91,13303,1330302,32467,"MIA","Miami, FL","FL",12,"Florida",33,2055,2052,-3,0,0,-1,"2000-2059",19,2111,438,4,510,442,-28,0,0,-2,"0001-0559",0,"",0,315,290,267,1,2585,11,NA,NA,NA,NA,NA,NA,NA,NA
2011,1,1,14,5,2011-01-14,"B6",20409,"B6","N632JB",1437,14771,1477101,32457,"SFO","San Francisco, CA","CA",6,"California",91,12954,1295401,32575,"LGB","Long Beach, CA","CA",6,"California",91,953,958,5,5,0,0,"0900-0959",14,1012,1115,3,1117,1118,1,1,0,0,"1100-1159",0,"",0,84,80,63,1,354,2,NA,NA,NA,NA,NA,NA,NA,NA
2011,1,1,18,2,2011-01-18,"CO",19704,"CO","N37277",254,14771,1477101,32457,"SFO","San Francisco, CA","CA",6,"California",91,11042,1104201,30647,"CLE","Cleveland, OH","OH",39,"Ohio",44,1220,1338,78,78,1,5,"1200-1259",10,1348,2045,6,1948,2051,63,63,1,4,"1900-1959",0,"",0,268,253,237,1,2161,9,0,0,0,0,63,NA,NA,NA
2011,1,1,6,4,2011-01-06,"OO",20304,"OO","N952SW",6270,14771,1477101,32457,"SFO","San Francisco, CA","CA",6,"California",91,13891,1389101,32575,"ONT","Ontario, CA","CA",6,"California",91,2235,2227,-8,0,0,-1,"2200-2259",14,2241,2340,4,2351,2344,-7,0,0,-1,"2300-2359",0,"",0,76,77,59,1,363,2,NA,NA,NA,NA,NA,NA,NA,NA
2011,1,1,9,7,2011-01-09,"B6",20409,"B6","N712JB",1433,14771,1477101,32457,"SFO","San Francisco, CA","CA",6,"California",91,12954,1295401,32575,"LGB","Long Beach, CA","CA",6,"California",91,1507,1533,26,26,1,1,"1500-1559",13,1546,1643,7,1630,1650,20,20,1,1,"1600-1659",0,"",0,83,77,57,1,354,2,18,0,0,0,2,NA,NA,NA
2011,1,1,14,5,2011-01-14,"B6",20409,"B6","N632JB",1437,14771,1477101,32457,"SFO","San Francisco, CA","CA",6,"California",91,12954,1295401,32575,"LGB","Long Beach, CA","CA",6,"California",91,953,958,5,5,0,0,"0900-0959",14,1012,1115,3,1117,1118,1,1,0,0,"1100-1159",0,"",0,84,80,63,1,354,2,NA,NA,NA,NA,NA,NA,NA,NA
2011,1,1,11,2,2011-01-11,"OO",20304,"OO","N706SK",6508,14771,1477101,32457,"SFO","San Francisco, CA","CA",6,"California",91,10423,1042302,30423,"AUS","Austin, TX","TX",48,"Texas",74,1035,1118,43,43,1,2,"1000-1059",11,1129,1624,4,1554,1628,34,34,1,2,"1500-1559",0,"",0,199,190,175,1,1504,7,6,0,0,0,28,NA,NA,NA
2011,1,1,1,6,2011-01-01,"UA",19977,"UA","N851UA",104,14771,1477101,32457,"SFO","San Francisco, CA","CA",6,"California",91,12266,1226602,31453,"IAH","Houston, TX","TX",48,"Texas",74,1038,1041,3,3,0,0,"1000-1059",14,1055,1611,5,1637,1616,-21,0,0,-2,"1600-1659",0,"",0,239,215,196,1,1635,7,NA,NA,NA,NA,NA,NA,NA,NA
2011,1,1,5,3,2011-01-05,"AS",19930,"AS","N613AS",307,14771,1477101,32457,"SFO","San Francisco, CA","CA",6,"California",91,14747,1474702,30559,"SEA","Seattle, WA","WA",53,"Washington",93,910,902,-8,0,0,-1,"0900-0959",16,918,1059,11,1124,1110,-14,0,0,-1,"1100-1159",0,"",0,134,128,101,1,679,3,NA,NA,NA,NA,NA,NA,NA,NA
2011,1,1,31,1,2011-01-31,"WN",19393,"WN","N952WN",2836,14771,1477101,32457,"SFO","San Francisco, CA","CA",6,"California",91,12889,1288902,32211,"LAS","Las Vegas, NV","NV",32,"Nevada",85,1110,1108,-2,0,0,-1,"1100-1159",18,1126,1234,5,1240,1239,-1,0,0,-1,"1200-1259",0,"",0,90,91,68,1,414,2,NA,NA,NA,NA,NA,NA,NA,NA
2011,1,1,18,2,2011-01-18,"OO",20304,"OO","N569SW",6293,14771,1477101,32457,"SFO","San Francisco, CA","CA",6,"California",91,10930,1093001,30930,"CEC","Crescent City, CA","CA",6,"California",91,1202,1152,-10,0,0,-1,"1200-1259",15,1207,1320,4,1334,1324,-10,0,0,-1,"1300-1359",0,"",0,92,92,73,1,304,2,NA,NA,NA,NA,NA,NA,NA,NA
2011,1,1,9,7,2011-01-09,"WN",19393,"WN","N762SW",752,14771,1477101,32457,"SFO","San Francisco, CA","CA",6,"California",91,13232,1323201,30977,"MDW","Chicago, IL","IL",17,"Illinois",41,1805,1816,11,11,0,0,"1800-1859",12,1828,2354,3,5,2357,-8,0,0,-1,"0001-0559",0,"",0,240,221,206,1,1855,8,NA,NA,NA,NA,NA,NA,NA,NA
2011,1,1,13,4,2011-01-13,"WN",19393,"WN","N944WN",557,14771,1477101,32457,"SFO","San Francisco, CA","CA",6,"California",91,14107,1410701,30466,"PHX","Phoenix, AZ","AZ",4,"Arizona",81,1940,2146,126,126,1,8,"1900-1959",7,2153,23,5,2235,28,113,113,1,7,"2200-2259",0,"",0,115,102,90,1,651,3,12,0,0,0,101,NA,NA,NA
2011,1,1,16,7,2011-01-16,"UA",19977,"UA","N405UA",587,14771,1477101,32457,"SFO","San Francisco, CA","CA",6,"California",91,14908,1490802,32575,"SNA","Santa Ana, CA","CA",6,"California",91,2059,2057,-2,0,0,-1,"2000-2059",10,2107,2210,5,2220,2215,-5,0,0,-1,"2200-2259",0,"",0,81,78,63,1,372,2,NA,NA,NA,NA,NA,NA,NA,NA
2011,1,1,27,4,2011-01-27,"WN",19393,"WN","N937WN",324,14771,1477101,32457,"SFO","San Francisco, CA","CA",6,"California",91,12889,1288902,32211,"LAS","Las Vegas, NV","NV",32,"Nevada",85,1010,1015,5,5,0,0,"1000-1059",8,1023,1139,6,1140,1145,5,5,0,0,"1100-1159",0,"",0,90,90,76,1,414,2,NA,NA,NA,NA,NA,NA,NA,NA
2011,1,1,18,2,2011-01-18,"UA",19977,"UA","N575UA",482,14771,1477101,32457,"SFO","San Francisco, CA","CA",6,"California",91,11292,1129202,30325,"DEN","Denver, CO","CO",8,"Colorado",82,1930,1933,3,3,0,0,"1900-1959",11,1944,2233,6,2254,2239,-15,0,0,-1,"2200-2259",0,"",0,144,126,109,1,967,4,NA,NA,NA,NA,NA,NA,NA,NA
2011,1,1,3,1,2011-01-03,"OO",20304,"OO","N960SW",6826,14771,1477101,32457,"SFO","San Francisco, CA","CA",6,"California",91,13891,1389101,32575,"ONT","Ontario, CA","CA",6,"California",91,800,805,5,5,0,0,"0800-0859",13,818,919,4,914,923,9,9,0,0,"0900-0959",0,"",0,74,78,61,1,363,2,NA,NA,NA,NA,NA,NA,NA,NA
2011,1,1,18,2,2011-01-18,"UA",19977,"UA","N575UA",482,14771,1477101,32457,"SFO","San Francisco, CA","CA",6,"California",91,11292,1129202,30325,"DEN","Denver, CO","CO",8,"Colorado",82,1930,1933,3,3,0,0,"1900-1959",11,1944,2233,6,2254,2239,-15,0,0,-1,"2200-2259",0,"",0,144,126,109,1,967,4,NA,NA,NA,NA,NA,NA,NA,NA
2011,1,1,29,6,2011-01-29,"AA",19805,"AA","N5CJAA",2282,14771,1477101,32457,"SFO","San Francisco, CA","CA",6,"California",91,11298,1129802,30194,"DFW","Dallas/Fort Worth, TX","TX",48,"Texas",74,1315,1319,4,4,0,0,"1300-1359",12,1331,1824,12,1845,1836,-9,0,0,-1,"1800-1859",0,"",0,210,197,173,1,1464,6,NA,NA,NA,NA,NA,NA,NA,NA
2011,1,1,8,6,2011-01-08,"UA",19977,"UA","N415UA",522,14771,1477101,32457,"SFO","San Francisco, CA","CA",6,"California",91,14057,1405701,34057,"PDX","Portland, OR","OR",41,"Oregon",92,2245,2239,-6,0,0,-1,"2200-2259",17,2256,25,5,26,30,4,4,0,0,"0001-0559",0,"",0,101,111,89,1,550,3,NA,NA,NA,NA,NA,NA,NA,NA
2011,1,1,13,4,2011-01-13,"AA",19805,"AA","N324AA",20,14771,1477101,32457,"SFO","San Francisco, CA","CA",6,"California",91,12478,1247801,31703,"JFK","New York, NY","NY",36,"New York",22,1445,1503,18,18,1,1,"1400-1459",12,1515,2259,13,2310,2312,2,2,0,0,"2300-2359",0,"",0,325,309,284,1,2586,11,NA,NA,NA,NA,NA,NA,NA,NA
2011,1,1,2,7,2011-01-02,"B6",20409,"B6","N593JB",644,14771,1477101,32457,"SFO","San Francisco, CA","CA",6,"California",91,12478,1247801,31703,"JFK","New York, NY","NY",36,"New York",22,1115,1135,20,20,1,1,"1100-1159",14,1149,1945,15,1936,2000,24,24,1,1,"1900-1959",0,"",0,321,325,296,1,2586,11,4,0,4,0,16,NA,NA,NA
2011,1,1,7,5,2011-01-07,"UA",19977,"UA","N816UA",858,14771,1477101,32457,"SFO","San Francisco, CA","CA",6,"California",91,12892,1289201,32575,"LAX","Los Angeles, CA","CA",6,"California",91,1020,1017,-3,0,0,-1,"1000-1059",13,1030,1125,10,1153,1135,-18,0,0,-2,"1100-1159",0,"",0,93,78,55,1,337,2,NA,NA,NA,NA,NA,NA,NA,NA
2011,1,1,31,1,2011-01-31,"OO",20304,"OO","N754SK",6374,14771,1477101,32457,"SFO","San Francisco, CA","CA",6,"California",91,14057,1405701,34057,"PDX","Portland, OR","OR",41,"Oregon",92,1036,1036,0,0,0,0,"1000-1059",19,1055,1228,4,1218,1232,14,14,0,0,"1200-1259",0,"",0,102,116,93,1,550,3,NA,NA,NA,NA,NA,NA,NA,NA
2011,1,1,2,7,2011-01-02,"WN",19393,"WN","N459WN",103,14771,1477101,32457,"SFO","San Francisco, CA","CA",6,"California",91,12889,1288902,32211,"LAS","Las Vegas, NV","NV",32,"Nevada",85,1815,2224,249,249,1,12,"1800-1859",10,2234,2339,7,1945,2346,241,241,1,12,"1900-1959",0,"",0,90,82,65,1,414,2,0,42,0,0,199,NA,NA,NA
2011,1,1,8,6,2011-01-08,"UA",19977,"UA","N543UA",41,14771,1477101,32457,"SFO","San Francisco, CA","CA",6,"California",91,12982,1298201,32982,"LIH","Lihue, HI","HI",15,"Hawaii",2,901,901,0,0,0,0,"0900-0959",14,915,1243,2,1256,1245,-11,0,0,-1,"1200-1259",0,"",0,355,344,328,1,2447,10,NA,NA,NA,NA,NA,NA,NA,NA
2011,1,1,13,4,2011-01-13,"WN",19393,"WN","N658SW",792,14771,1477101,32457,"SFO","San Francisco, CA","CA",6,"California",91,11292,1129202,30325,"DEN","Denver, CO","CO",8,"Colorado",82,605,604,-1,0,0,-1,"0600-0659",12,616,914,9,945,923,-22,0,0,-2,"0900-0959",0,"",0,160,139,118,1,967,4,NA,NA,NA,NA,NA,NA,NA,NA
2011,1,1,29,6,2011-01-29,"OO",20304,"OO","N294SW",6750,14771,1477101,32457,"SFO","San Francisco, CA","CA",6,"California",91,14893,1489301,33192,"SMF","Sacramento, CA","CA",6,"California",91,2245,2236,-9,0,0,-1,"2200-2259",17,2253,2319,5,2328,2324,-4,0,0,-1,"2300-2359",0,"",0,43,48,26,1,86,1,NA,NA,NA,NA,NA,NA,NA,NA
2011,1,1,8,6,2011-01-08,"AA",19805,"AA","N336AA",18,14771,1477101,32457,"SFO","San Francisco, CA","CA",6,"California",91,12478,1247801,31703,"JFK","New York, NY","NY",36,"New York",22,2300,2257,-3,0,0,-1,"2300-2359",14,2311,705,5,729,710,-19,0,0,-2,"0700-0759",0,"",0,329,313,294,1,2586,11,NA,NA,NA,NA,NA,NA,NA,NA
2011,1,1,14,5,2011-01-14,"US",20355,"US","N642AW",488,14771,1477101,32457,"SFO","San Francisco, CA","CA",6,"California",91,14107,1410701,30466,"PHX","Phoenix, AZ","AZ",4,"Arizona",81,910,906,-4,0,0,-1,"0900-0959",16,922,1155,8,1207,1203,-4,0,0,-1,"1200-1259",0,"",0,117,117,93,1,651,3,NA,NA,NA,NA,NA,NA,NA,NA
2011,1,1,9,7,2011-01-09,"UA",19977,"UA","N849UA",544,14771,1477101,32457,"SFO","San Francisco, CA","CA",6,"California",91,14057,1405701,34057,"PDX","Portland, OR","OR",41,"Oregon",92,1950,1947,-3,0,0,-1,"1900-1959",14,2001,2133,3,2128,2136,8,8,0,0,"2100-2159",0,"",0,98,109,92,1,550,3,NA,NA,NA,NA,NA,NA,NA,NA
2011,1,1,8,6,2011-01-08,"DL",19790,"DL","N3755D",2265,14771,1477101,32457,"SFO","San Francisco, CA","CA",6,"California",91,12892,1289201,32575,"LAX","Los Angeles, CA","CA",6,"California",91,1400,1355,-5,0,0,-1,"1400-1459",17,1412,1501,6,1527,1507,-20,0,0,-2,"1500-1559",0,"",0,87,72,49,1,337,2,NA,NA,NA,NA,NA,NA,NA,NA
2011,1,1,12,3,2011-01-12,"AS",19930,"AS","N708AS",225,14771,1477101,32457,"SFO","San Francisco, CA","CA",6,"California",91,14057,1405701,34057,"PDX","Portland, OR","OR",41,"Oregon",92,2020,2012,-8,0,0,-1,"2000-2059",12,2024,2142,4,2203,2146,-17,0,0,-2,"2200-2259",0,"",0,103,94,78,1,550,3,NA,NA,NA,NA,NA,NA,NA,NA
2011,1,1,12,3,2011-01-12,"AA",19805,"AA","N3DUAA",1512,14771,1477101,32457,"SFO","San Francisco, CA","CA",6,"California",91,13930,1393001,30977,"ORD","Chicago, IL","IL",17,"Illinois",41,1110,1105,-5,0,0,-1,"1100-1159",16,1121,1706,20,1725,1726,1,1,0,0,"1700-1759",0,"",0,255,261,225,1,1846,8,NA,NA,NA,NA,NA,NA,NA,NA
2011,1,1,30,7,2011-01-30,"OO",20304,"OO","N294SW",6516,14771,1477101,32457,"SFO","San Francisco, CA","CA",6,"California",91,13024,1302401,33024,"LMT","Klamath Falls, OR","OR",41,"Oregon",92,2129,2124,-5,0,0,-1,"2100-2159",25,2149,2310,5,2256,2315,19,19,1,1,"2200-2259",0,"",0,87,111,81,1,315,2,0,0,19,0,0,NA,NA,NA
2011,1,1,21,5,2011-01-21,"US",20355,"US","N601AW",408,14771,1477101,32457,"SFO","San Francisco, CA","CA",6,"California",91,14107,1410701,30466,"PHX","Phoenix, AZ","AZ",4,"Arizona",81,1715,1710,-5,0,0,-1,"1700-1759",11,1721,1953,6,2012,1959,-13,0,0,-1,"2000-2059",0,"",0,117,109,92,1,651,3,NA,NA,NA,NA,NA,NA,NA,NA
2011,1,1,19,3,2011-01-19,"OO",20304,"OO","N824SK",4639,14771,1477101,32457,"SFO","San Francisco, CA","CA",6,"California",91,12892,1289201,32575,"LAX","Los Angeles, CA","CA",6,"California",91,800,751,-9,0,0,-1,"0800-0859",23,814,905,8,930,913,-17,0,0,-2,"0900-0959",0,"",0,90,82,51,1,337,2,NA,NA,NA,NA,NA,NA,NA,NA
2011,1,1,22,6,2011-01-22,"UA",19977,"UA","N435UA",186,14771,1477101,32457,"SFO","San Francisco, CA","CA",6,"California",91,14100,1410001,34100,"PHL","Philadelphia, PA","PA",42,"Pennsylvania",23,1507,1756,169,169,1,11,"1500-1559",14,1810,144,10,2316,154,158,158,1,10,"2300-2359",0,"",0,309,298,274,1,2521,11,28,0,0,0,130,NA,NA,NA
2011,1,1,3,1,2011-01-03,"CO",19704,"CO","N37252",1049,14771,1477101,32457,"SFO","San Francisco, CA","CA",6,"California",91,11618,1161801,31703,"EWR","Newark, NJ","NJ",34,"New Jersey",21,840,858,18,18,1,1,"0800-0859",25,923,1701,10,1658,1711,13,13,0,0,"1600-1659",0,"",0,318,313,278,1,2565,11,NA,NA,NA,NA,NA,NA,NA,NA
2011,1,1,2,7,2011-01-02,"CO",19704,"CO","N14250",1049,14771,1477101,32457,"SFO","San Francisco, CA","CA",6,"California",91,11618,1161801,31703,"EWR","Newark, NJ","NJ",34,"New Jersey",21,840,838,-2,0,0,-1,"0800-0859",25,903,1655,20,1655,1715,20,20,1,1,"1600-1659",0,"",0,315,337,292,1,2565,11,0,0,20,0,0,NA,NA,NA
2011,1,1,23,7,2011-01-23,"OO",20304,"OO","N233SW",6847,14771,1477101,32457,"SFO","San Francisco, CA","CA",6,"California",91,14689,1468901,34689,"SBA","Santa Barbara, CA","CA",6,"California",91,1905,1900,-5,0,0,-1,"1900-1959",13,1913,2013,3,2024,2016,-8,0,0,-1,"2000-2059",0,"",0,79,76,60,1,262,2,NA,NA,NA,NA,NA,NA,NA,NA
2011,1,1,17,1,2011-01-17,"OO",20304,"OO","N507CA",6337,14771,1477101,32457,"SFO","San Francisco, CA","CA",6,"California",91,14262,1426201,34262,"PSP","Palm Springs, CA","CA",6,"California",91,2238,2234,-4,0,0,-1,"2200-2259",31,2305,5,5,2358,10,12,12,0,0,"2300-2359",0,"",0,80,96,60,1,421,2,NA,NA,NA,NA,NA,NA,NA,NA
2011,1,1,4,2,2011-01-04,"UA",19977,"UA","N588UA",544,14771,1477101,32457,"SFO","San Francisco, CA","CA",6,"California",91,14057,1405701,34057,"PDX","Portland, OR","OR",41,"Oregon",92,1936,1933,-3,0,0,-1,"1900-1959",13,1946,2107,6,2113,2113,0,0,0,0,"2100-2159",0,"",0,97,100,81,1,550,3,NA,NA,NA,NA,NA,NA,NA,NA
2011,1,1,29,6,2011-01-29,"OO",20304,"OO","N982SW",6484,14771,1477101,32457,"SFO","San Francisco, CA","CA",6,"California",91,11884,1188401,31884,"GEG","Spokane, WA","WA",53,"Washington",93,901,857,-4,0,0,-1,"0900-0959",17,914,1055,4,1059,1059,0,0,0,0,"1000-1059",0,"",0,118,122,101,1,733,3,NA,NA,NA,NA,NA,NA,NA,NA
2011,1,1,3,1,2011-01-03,"US",20355,"US","N126UW",1478,14771,1477101,32457,"SFO","San Francisco, CA","CA",6,"California",91,14107,1410701,30466,"PHX","Phoenix, AZ","AZ",4,"Arizona",81,910,903,-7,0,0,-1,"0900-0959",17,920,1152,8,1205,1200,-5,0,0,-1,"1200-1259",0,"",0,115,117,92,1,651,3,NA,NA,NA,NA,NA,NA,NA,NA
2011,1,1,11,2,2011-01-11,"OO",20304,"OO","N756SK",6839,14771,1477101,32457,"SFO","San Francisco, CA","CA",6,"California",91,13264,1326402,33264,"MFR","Medford, OR","OR",41,"Oregon",92,2240,2234,-6,0,0,-1,"2200-2259",10,2244,2336,4,2355,2340,-15,0,0,-1,"2300-2359",0,"",0,75,66,52,1,329,2,NA,NA,NA,NA,NA,NA,NA,NA
2011,1,1,29,6,2011-01-29,"OO",20304,"OO","N824SK",4814,14771,1477101,32457,"SFO","San Francisco, CA","CA",6,"California",91,14869,1486902,34614,"SLC","Salt Lake City, UT","UT",49,"Utah",87,1155,1153,-2,0,0,-1,"1100-1159",8,1201,1421,4,1445,1425,-20,0,0,-2,"1400-1459",0,"",0,110,92,80,1,599,3,NA,NA,NA,NA,NA,NA,NA,NA
2011,1,1,21,5,2011-01-21,"OO",20304,"OO","N582SW",6824,14771,1477101,32457,"SFO","San Francisco, CA","CA",6,"California",91,14487,1448701,33792,"RDD","Redding, CA","CA",6,"California",91,1745,1809,24,24,1,1,"1700-1759",12,1821,1906,5,1850,1911,21,21,1,1,"1800-1859",0,"",0,65,62,45,1,199,1,7,0,0,0,14,NA,NA,NA
2011,1,1,14,5,2011-01-14,"OO",20304,"OO","N223SW",6821,14771,1477101,32457,"SFO","San Francisco, CA","CA",6,"California",91,14487,1448701,33792,"RDD","Redding, CA","CA",6,"California",91,820,846,26,26,1,1,"0800-0859",11,857,943,2,925,945,20,20,1,1,"0900-0959",0,"",0,65,59,46,1,199,1,20,0,0,0,0,NA,NA,NA
2011,1,1,9,7,2011-01-09,"WN",19393,"WN","N330SW",1031,14771,1477101,32457,"SFO","San Francisco, CA","CA",6,"California",91,14679,1467902,33570,"SAN","San Diego, CA","CA",6,"California",91,1400,1439,39,39,1,2,"1400-1459",10,1449,1555,2,1525,1557,32,32,1,2,"1500-1559",0,"",0,85,78,66,1,447,2,9,0,0,0,23,NA,NA,NA
2011,1,1,2,7,2011-01-02,"OO",20304,"OO","N935SW",6399,14771,1477101,32457,"SFO","San Francisco, CA","CA",6,"California",91,10849,1084901,30849,"BZN","Bozeman, MT","MT",30,"Montana",84,809,NA,NA,NA,NA,NA,"0800-0859",NA,NA,NA,NA,1122,NA,NA,NA,NA,NA,"1100-1159",1,"C",0,133,NA,NA,1,807,4,NA,NA,NA,NA,NA,NA,NA,NA
2011,1,1,13,4,2011-01-13,"OO",20304,"OO","N912SW",6966,14771,1477101,32457,"SFO","San Francisco, CA","CA",6,"California",91,14262,1426201,34262,"PSP","Palm Springs, CA","CA",6,"California",91,1450,1603,73,73,1,4,"1400-1459",25,1628,1733,6,1609,1739,90,90,1,6,"1600-1659",0,"",0,79,96,65,1,421,2,0,0,17,0,73,NA,NA,NA
2011,1,1,9,7,2011-01-09,"OO",20304,"OO","N284YV",6970,14771,1477101,32457,"SFO","San Francisco, CA","CA",6,"California",91,14893,1489301,33192,"SMF","Sacramento, CA","CA",6,"California",91,1517,1607,50,50,1,3,"1500-1559",15,1622,1644,3,1602,1647,45,45,1,3,"1600-1659",0,"",0,45,40,22,1,86,1,45,0,0,0,0,NA,NA,NA
2011,1,1,19,3,2011-01-19,"OO",20304,"OO","N579SW",6679,14771,1477101,32457,"SFO","San Francisco, CA","CA",6,"California",91,13476,1347601,34922,"MRY","Monterey, CA","CA",6,"California",91,2002,1958,-4,0,0,-1,"2000-2059",15,2013,2034,3,2043,2037,-6,0,0,-1,"2000-2059",0,"",0,41,39,21,1,77,1,NA,NA,NA,NA,NA,NA,NA,NA
2011,1,1,22,6,2011-01-22,"UA",19977,"UA","N537UA",862,14771,1477101,32457,"SFO","San Francisco, CA","CA",6,"California",91,11292,1129202,30325,"DEN","Denver, CO","CO",8,"Colorado",82,1111,1107,-4,0,0,-1,"1100-1159",19,1126,1418,5,1442,1423,-19,0,0,-2,"1400-1459",0,"",0,151,136,112,1,967,4,NA,NA,NA,NA,NA,NA,NA,NA
2011,1,1,25,2,2011-01-25,"OO",20304,"OO","N494CA",6330,14771,1477101,32457,"SFO","San Francisco, CA","CA",6,"California",91,14252,1425201,34252,"PSC","Pasco/Kennewick/Richland, WA","WA",53,"Washington",93,934,923,-11,0,0,-1,"0900-0959",18,941,1117,5,1126,1122,-4,0,0,-1,"1100-1159",0,"",0,112,119,96,1,620,3,NA,NA,NA,NA,NA,NA,NA,NA
2011,1,1,9,7,2011-01-09,"OO",20304,"OO","N983SW",6352,14771,1477101,32457,"SFO","San Francisco, CA","CA",6,"California",91,15376,1537601,30436,"TUS","Tucson, AZ","AZ",4,"Arizona",81,1925,1917,-8,0,0,-1,"1900-1959",20,1937,2204,3,2220,2207,-13,0,0,-1,"2200-2259",0,"",0,115,110,87,1,751,4,NA,NA,NA,NA,NA,NA,NA,NA
2011,1,1,13,4,2011-01-13,"AA",19805,"AA","N324AA",20,14771,1477101,32457,"SFO","San Francisco, CA","CA",6,"California",91,12478,1247801,31703,"JFK","New York, NY","NY",36,"New York",22,1445,1503,18,18,1,1,"1400-1459",12,1515,2259,13,2310,2312,2,2,0,0,"2300-2359",0,"",0,325,309,284,1,2586,11,NA,NA,NA,NA,NA,NA,NA,NA
2011,1,1,28,5,2011-01-28,"US",20355,"US","N661AW",310,14771,1477101,32457,"SFO","San Francisco, CA","CA",6,"California",91,12889,1288902,32211,"LAS","Las Vegas, NV","NV",32,"Nevada",85,700,658,-2,0,0,-1,"0700-0759",10,708,808,6,827,814,-13,0,0,-1,"0800-0859",0,"",0,87,76,60,1,414,2,NA,NA,NA,NA,NA,NA,NA,NA
2011,1,1,28,5,2011-01-28,"OO",20304,"OO","N930SW",6404,14771,1477101,32457,"SFO","San Francisco, CA","CA",6,"California",91,11603,1160301,31603,"EUG","Eugene, OR","OR",41,"Oregon",92,831,820,-11,0,0,-1,"0800-0859",17,837,948,3,1002,951,-11,0,0,-1,"1000-1059",0,"",0,91,91,71,1,451,2,NA,NA,NA,NA,NA,NA,NA,NA
2011,1,1,5,3,2011-01-05,"OO",20304,"OO","N789SK",6535,14771,1477101,32457,"SFO","San Francisco, CA","CA",6,"California",91,14908,1490802,32575,"SNA","Santa Ana, CA","CA",6,"California",91,1250,1307,17,17,1,1,"1200-1259",11,1318,1426,4,1415,1430,15,15,1,1,"1400-1459",0,"",0,85,83,68,1,372,2,0,0,0,0,15,NA,NA,NA
2011,1,1,31,1,2011-01-31,"UA",19977,"UA","N803UA",119,14771,1477101,32457,"SFO","San Francisco, CA","CA",6,"California",91,12892,1289201,32575,"LAX","Los Angeles, CA","CA",6,"California",91,1559,1554,-5,0,0,-1,"1500-1559",14,1608,1657,9,1720,1706,-14,0,0,-1,"1700-1759",0,"",0,81,72,49,1,337,2,NA,NA,NA,NA,NA,NA,NA,NA
2011,1,1,22,6,2011-01-22,"AS",19930,"AS","N588AS",313,14771,1477101,32457,"SFO","San Francisco, CA","CA",6,"California",91,14747,1474702,30559,"SEA","Seattle, WA","WA",53,"Washington",93,1730,1715,-15,0,0,-1,"1700-1759",16,1731,1916,4,1930,1920,-10,0,0,-1,"1900-1959",0,"",0,120,125,105,1,679,3,NA,NA,NA,NA,NA,NA,NA,NA
2011,1,1,18,2,2011-01-18,"OO",20304,"OO","N973SW",6380,14771,1477101,32457,"SFO","San Francisco, CA","CA",6,"California",91,10713,1071301,30713,"BOI","Boise, ID","ID",16,"Idaho",83,1039,1145,66,66,1,4,"1000-1059",20,1205,1415,3,1312,1418,66,66,1,4,"1300-1359",0,"",0,93,93,70,1,522,3,0,0,0,0,66,NA,NA,NA
2011,1,1,24,1,2011-01-24,"OO",20304,"OO","N271YV",6824,14771,1477101,32457,"SFO","San Francisco, CA","CA",6,"California",91,14487,1448701,33792,"RDD","Redding, CA","CA",6,"California",91,1745,1743,-2,0,0,-1,"1700-1759",12,1755,1841,4,1850,1845,-5,0,0,-1,"1800-1859",0,"",0,65,62,46,1,199,1,NA,NA,NA,NA,NA,NA,NA,NA
2011,1,1,16,7,2011-01-16,"OO",20304,"OO","N235SW",6263,14771,1477101,32457,"SFO","San Francisco, CA","CA",6,"California",91,11638,1163802,31638,"FAT","Fresno, CA","CA",6,"California",91,1002,NA,NA,NA,NA,NA,"1000-1059",NA,NA,NA,NA,1058,NA,NA,NA,NA,NA,"1000-1059",1,"B",0,56,NA,NA,1,158,1,NA,NA,NA,NA,NA,NA,NA,NA
2011,1,1,5,3,2011-01-05,"OO",20304,"OO","N585SW",6750,14771,1477101,32457,"SFO","San Francisco, CA","CA",6,"California",91,14893,1489301,33192,"SMF","Sacramento, CA","CA",6,"California",91,2245,NA,NA,NA,NA,NA,"2200-2259",NA,NA,NA,NA,2328,NA,NA,NA,NA,NA,"2300-2359",1,"A",0,43,NA,NA,1,86,1,NA,NA,NA,NA,NA,NA,NA,NA
2011,1,1,22,6,2011-01-22,"UA",19977,"UA","N596UA",41,14771,1477101,32457,"SFO","San Francisco, CA","CA",6,"California",91,12982,1298201,32982,"LIH","Lihue, HI","HI",15,"Hawaii",2,901,1103,122,122,1,8,"0900-0959",19,1122,1415,5,1256,1420,84,84,1,5,"1200-1259",0,"",0,355,317,293,1,2447,10,84,0,0,0,0,NA,NA,NA
2011,1,1,16,7,2011-01-16,"AS",19930,"AS","N703AS",305,14771,1477101,32457,"SFO","San Francisco, CA","CA",6,"California",91,14747,1474702,30559,"SEA","Seattle, WA","WA",53,"Washington",93,1305,1430,85,85,1,5,"1300-1359",12,1442,1623,7,1513,1630,77,77,1,5,"1500-1559",0,"",0,128,120,101,1,679,3,0,0,0,0,77,NA,NA,NA
2011,1,1,26,3,2011-01-26,"OO",20304,"OO","N290SW",6747,14771,1477101,32457,"SFO","San Francisco, CA","CA",6,"California",91,14893,1489301,33192,"SMF","Sacramento, CA","CA",6,"California",91,950,1120,90,90,1,6,"0900-0959",16,1136,1210,5,1033,1215,102,102,1,6,"1000-1059",0,"",0,43,55,34,1,86,1,0,90,12,0,0,NA,NA,NA
2011,1,1,2,7,2011-01-02,"WN",19393,"WN","N953WN",248,14771,1477101,32457,"SFO","San Francisco, CA","CA",6,"California",91,14908,1490802,32575,"SNA","Santa Ana, CA","CA",6,"California",91,1945,1951,6,6,0,0,"1900-1959",10,2001,2108,5,2105,2113,8,8,0,0,"2100-2159",0,"",0,80,82,67,1,372,2,NA,NA,NA,NA,NA,NA,NA,NA
2011,1,1,29,6,2011-01-29,"UA",19977,"UA","N414UA",152,14771,1477101,32457,"SFO","San Francisco, CA","CA",6,"California",91,13930,1393001,30977,"ORD","Chicago, IL","IL",17,"Illinois",41,2359,2350,-9,0,0,-1,"2300-2359",11,1,529,5,606,534,-32,0,0,-2,"0600-0659",0,"",0,247,224,208,1,1846,8,NA,NA,NA,NA,NA,NA,NA,NA
