"Year","Quarter","Month","DayofMonth","DayOfWeek","FlightDate","UniqueCarrier","AirlineID","Carrier","TailNum","FlightNum","OriginAirportID","OriginAirportSeqID","OriginCityMarketID","Origin","OriginCityName","OriginState","OriginStateFips","OriginStateName","OriginWac","DestAirportID","DestAirportSeqID","DestCityMarketID","Dest","DestCityName","DestState","DestStateFips","DestStateName","DestWac","CRSDepTime","DepTime","DepDelay","DepDelayMinutes","DepDel15","DepartureDelayGroups","DepTimeBlk","TaxiOut","WheelsOff","WheelsOn","TaxiIn","CRSArrTime","ArrTime","ArrDelay","ArrDelayMinutes","ArrDel15","ArrivalDelayGroups","ArrTimeBlk","Cancelled","CancellationCode","Diverted","CRSElapsedTime","ActualElapsedTime","AirTime","Flights","Distance","DistanceGroup","CarrierDelay","WeatherDelay","NASDelay","SecurityDelay","LateAircraftDelay","FirstDepTime","TotalAddGTime","LongestAddGTime"
2011,3,7,30,6,2011-07-30,"US",20355,"US","N183UW",885,12953,1295302,31703,"LGA","New York, NY","NY",36,"New York",22,11057,1105703,31057,"CLT","Charlotte, NC","NC",37,"North Carolina",36,815,809,-6,0,0,-1,"0800-0859",19,828,950,55,1014,1045,31,31,1,2,"1000-1059",0,"",0,119,156,82,1,544,3,0,0,31,0,0,NA,NA,NA
2011,3,7,24,7,2011-07-24,"FL",20437,"FL","N717JL",508,12953,1295302,31703,"LGA","New York, NY","NY",36,"New York",22,13342,1334203,33342,"MKE","Milwaukee, WI","WI",55,"Wisconsin",45,1459,1458,-1,0,0,-1,"1400-1459",32,1530,1620,3,1616,1623,7,7,0,0,"1600-1659",0,"",0,137,145,110,1,738,3,NA,NA,NA,NA,NA,NA,NA,NA
2011,3,7,13,3,2011-07-13,"UA",19977,"UA","N556UA",661,12953,1295302,31703,"LGA","New York, NY","NY",36,"New York",22,13930,1393002,30977,"ORD","Chicago, IL","IL",17,"Illinois",41,900,858,-2,0,0,-1,"0900-0959",17,915,1015,8,1037,1023,-14,0,0,-1,"1000-1059",0,"",0,157,145,120,1,733,3,NA,NA,NA,NA,NA,NA,NA,NA
2011,3,7,15,5,2011-07-15,"AA",19805,"AA","N560AA",1741,12953,1295302,31703,"LGA","New York, NY","NY",36,"New York",22,10693,1069302,30693,"BNA","Nashville, TN","TN",47,"Tennessee",54,1505,1459,-6,0,0,-1,"1500-1559",50,1549,1634,7,1635,1641,6,6,0,0,"1600-1659",0,"",0,150,162,105,1,764,4,NA,NA,NA,NA,NA,NA,NA,NA
2011,3,7,7,4,2011-07-07,"US",20355,"US","N955UW",2144,12953,1295302,31703,"LGA","New York, NY","NY",36,"New York",22,10721,1072102,30721,"BOS","Boston, MA","MA",25,"Massachusetts",13,2100,2052,-8,0,0,-1,"2100-2159",24,2116,2150,6,2213,2156,-17,0,0,-2,"2200-2259",0,"",0,73,64,34,1,184,1,NA,NA,NA,NA,NA,NA,NA,NA
2011,3,7,13,3,2011-07-13,"DL",19790,"DL","N612DL",781,12953,1295302,31703,"LGA","New York, NY","NY",36,"New York",22,10397,1039704,30397,"ATL","Atlanta, GA","GA",13,"Georgia",34,1300,1258,-2,0,0,-1,"1300-1359",22,1320,1503,11,1531,1514,-17,0,0,-2,"1500-1559",0,"",0,151,136,103,1,762,4,NA,NA,NA,NA,NA,NA,NA,NA
2011,3,7,25,1,2011-07-25,"DL",19790,"DL","N339NB",1382,12953,1295302,31703,"LGA","New York, NY","NY",36,"New York",22,10721,1072102,30721,"BOS","Boston, MA","MA",25,"Massachusetts",13,1230,NA,NA,NA,NA,NA,"1200-1259",NA,NA,NA,NA,1349,NA,NA,NA,NA,NA,"1300-1359",1,"A",0,79,NA,NA,1,184,1,NA,NA,NA,NA,NA,NA,NA,NA
2011,3,7,7,4,2011-07-07,"MQ",20398,"MQ","N733MQ",4409,12953,1295302,31703,"LGA","New York, NY","NY",36,"New York",22,10721,1072102,30721,"BOS","Boston, MA","MA",25,"Massachusetts",13,1920,NA,NA,NA,NA,NA,"1900-1959",NA,NA,NA,NA,2030,NA,NA,NA,NA,NA,"2000-2059",1,"A",0,70,NA,NA,1,184,1,NA,NA,NA,NA,NA,NA,NA,NA
2011,3,7,7,4,2011-07-07,"UA",19977,"UA","N401UA",745,12953,1295302,31703,"LGA","New York, NY","NY",36,"New York",22,11292,1129202,30325,"DEN","Denver, CO","CO",8,"Colorado",82,1520,1519,-1,0,0,-1,"1500-1559",26,1545,2028,9,1740,2037,NA,NA,NA,NA,"1700-1759",0,"",1,260,NA,NA,1,1620,7,NA,NA,NA,NA,NA,NA,NA,NA
2011,3,7,24,7,2011-07-24,"MQ",20398,"MQ","N736MQ",4504,12953,1295302,31703,"LGA","New York, NY","NY",36,"New York",22,10721,1072102,30721,"BOS","Boston, MA","MA",25,"Massachusetts",13,929,918,-11,0,0,-1,"0900-0959",20,938,1012,10,1039,1022,-17,0,0,-2,"1000-1059",0,"",0,70,64,34,1,184,1,NA,NA,NA,NA,NA,NA,NA,NA
2011,3,7,25,1,2011-07-25,"DL",19790,"DL","N342NW",2019,12953,1295302,31703,"LGA","New York, NY","NY",36,"New York",22,13487,1348702,31650,"MSP","Minneapolis, MN","MN",27,"Minnesota",63,1815,2129,194,194,1,12,"1800-1859",20,2149,2317,7,2025,2324,179,179,1,11,"2000-2059",0,"",0,190,175,148,1,1020,5,4,0,0,0,175,NA,NA,NA
2011,3,7,23,6,2011-07-23,"CO",19704,"CO","N17730",1575,12953,1295302,31703,"LGA","New York, NY","NY",36,"New York",22,12266,1226603,31453,"IAH","Houston, TX","TX",48,"Texas",74,1029,1033,4,4,0,0,"1000-1059",20,1053,1254,7,1317,1301,-16,0,0,-2,"1300-1359",0,"",0,228,208,181,1,1416,6,NA,NA,NA,NA,NA,NA,NA,NA
2011,3,7,14,4,2011-07-14,"AA",19805,"AA","N594AA",335,12953,1295302,31703,"LGA","New York, NY","NY",36,"New York",22,13930,1393002,30977,"ORD","Chicago, IL","IL",17,"Illinois",41,1520,1516,-4,0,0,-1,"1500-1559",69,1625,1724,10,1710,1734,24,24,1,1,"1700-1759",0,"",0,170,198,119,1,733,3,0,0,24,0,0,NA,NA,NA
2011,3,7,14,4,2011-07-14,"F9",20436,"F9","N908FR",463,12953,1295302,31703,"LGA","New York, NY","NY",36,"New York",22,13342,1334203,33342,"MKE","Milwaukee, WI","WI",55,"Wisconsin",45,605,604,-1,0,0,-1,"0600-0659",19,623,719,6,721,725,4,4,0,0,"0700-0759",0,"",0,136,141,116,1,738,3,NA,NA,NA,NA,NA,NA,NA,NA
2011,3,7,6,3,2011-07-06,"CO",19704,"CO","N18622",1483,12953,1295302,31703,"LGA","New York, NY","NY",36,"New York",22,12266,1226603,31453,"IAH","Houston, TX","TX",48,"Texas",74,1450,1443,-7,0,0,-1,"1400-1459",28,1511,1725,11,1754,1736,-18,0,0,-2,"1700-1759",0,"",0,244,233,194,1,1416,6,NA,NA,NA,NA,NA,NA,NA,NA
2011,3,7,5,2,2011-07-05,"UA",19977,"UA","N496UA",667,12953,1295302,31703,"LGA","New York, NY","NY",36,"New York",22,13930,1393002,30977,"ORD","Chicago, IL","IL",17,"Illinois",41,800,759,-1,0,0,-1,"0800-0859",30,829,915,2,933,917,-16,0,0,-2,"0900-0959",0,"",0,153,138,106,1,733,3,NA,NA,NA,NA,NA,NA,NA,NA
2011,3,7,19,2,2011-07-19,"AA",19805,"AA","N5DLAA",1643,12953,1295302,31703,"LGA","New York, NY","NY",36,"New York",22,13303,1330303,32467,"MIA","Miami, FL","FL",12,"Florida",33,700,703,3,3,0,0,"0700-0759",18,721,942,3,1000,945,-15,0,0,-1,"1000-1059",0,"",0,180,162,141,1,1096,5,NA,NA,NA,NA,NA,NA,NA,NA
2011,3,7,2,6,2011-07-02,"F9",20436,"F9","N204FR",505,12953,1295302,31703,"LGA","New York, NY","NY",36,"New York",22,11292,1129202,30325,"DEN","Denver, CO","CO",8,"Colorado",82,830,822,-8,0,0,-1,"0800-0859",15,837,1010,26,1100,1036,-24,0,0,-2,"1100-1159",0,"",0,270,254,213,1,1620,7,NA,NA,NA,NA,NA,NA,NA,NA
2011,3,7,15,5,2011-07-15,"DL",19790,"DL","N341NB",1382,12953,1295302,31703,"LGA","New York, NY","NY",36,"New York",22,10721,1072102,30721,"BOS","Boston, MA","MA",25,"Massachusetts",13,1230,1228,-2,0,0,-1,"1200-1259",61,1329,1401,9,1349,1410,21,21,1,1,"1300-1359",0,"",0,79,102,32,1,184,1,0,0,21,0,0,NA,NA,NA
2011,3,7,30,6,2011-07-30,"CO",19704,"CO","N46625",1433,12953,1295302,31703,"LGA","New York, NY","NY",36,"New York",22,12266,1226603,31453,"IAH","Houston, TX","TX",48,"Texas",74,1700,1659,-1,0,0,-1,"1700-1759",17,1716,1911,10,1956,1921,-35,0,0,-2,"1900-1959",0,"",0,236,202,175,1,1416,6,NA,NA,NA,NA,NA,NA,NA,NA
2011,3,7,9,6,2011-07-09,"UA",19977,"UA","N497UA",481,12953,1295302,31703,"LGA","New York, NY","NY",36,"New York",22,13930,1393002,30977,"ORD","Chicago, IL","IL",17,"Illinois",41,1700,1655,-5,0,0,-1,"1700-1759",12,1707,1757,22,1838,1819,-19,0,0,-2,"1800-1859",0,"",0,158,144,110,1,733,3,NA,NA,NA,NA,NA,NA,NA,NA
2011,3,7,22,5,2011-07-22,"UA",19977,"UA","N831UA",582,12953,1295302,31703,"LGA","New York, NY","NY",36,"New York",22,13930,1393002,30977,"ORD","Chicago, IL","IL",17,"Illinois",41,1230,1547,197,197,1,12,"1200-1259",49,1636,1719,3,1403,1722,199,199,1,12,"1400-1459",0,"",0,153,155,103,1,733,3,0,0,47,0,152,NA,NA,NA
2011,3,7,22,5,2011-07-22,"WN",19393,"WN","N408WN",2976,12953,1295302,31703,"LGA","New York, NY","NY",36,"New York",22,10821,1082103,30852,"BWI","Baltimore, MD","MD",24,"Maryland",35,720,718,-2,0,0,-1,"0700-0759",13,731,810,3,830,813,-17,0,0,-2,"0800-0859",0,"",0,70,55,39,1,185,1,NA,NA,NA,NA,NA,NA,NA,NA
2011,3,7,11,1,2011-07-11,"AA",19805,"AA","N3BLAA",319,12953,1295302,31703,"LGA","New York, NY","NY",36,"New York",22,13930,1393002,30977,"ORD","Chicago, IL","IL",17,"Illinois",41,955,1109,74,74,1,4,"0900-0959",31,1140,1233,17,1135,1250,75,75,1,5,"1100-1159",0,"",0,160,161,113,1,733,3,0,0,75,0,0,NA,NA,NA
2011,3,7,15,5,2011-07-15,"FL",20437,"FL","N971AT",506,12953,1295302,31703,"LGA","New York, NY","NY",36,"New York",22,13342,1334203,33342,"MKE","Milwaukee, WI","WI",55,"Wisconsin",45,1859,1900,1,1,0,0,"1800-1859",24,1924,2005,6,2022,2011,-11,0,0,-1,"2000-2059",0,"",0,143,131,101,1,738,3,NA,NA,NA,NA,NA,NA,NA,NA
2011,3,7,11,1,2011-07-11,"DL",19790,"DL","N353NB",1372,12953,1295302,31703,"LGA","New York, NY","NY",36,"New York",22,10721,1072102,30721,"BOS","Boston, MA","MA",25,"Massachusetts",13,730,729,-1,0,0,-1,"0700-0759",18,747,824,6,840,830,-10,0,0,-1,"0800-0859",0,"",0,70,61,37,1,184,1,NA,NA,NA,NA,NA,NA,NA,NA
2011,3,7,17,7,2011-07-17,"MQ",20398,"MQ","N512MQ",4610,12953,1295302,31703,"LGA","New York, NY","NY",36,"New York",22,10397,1039704,30397,"ATL","Atlanta, GA","GA",13,"Georgia",34,825,818,-7,0,0,-1,"0800-0859",19,837,1018,8,1050,1026,-24,0,0,-2,"1000-1059",0,"",0,145,128,101,1,762,4,NA,NA,NA,NA,NA,NA,NA,NA
2011,3,7,12,2,2011-07-12,"US",20355,"US","N944UW",2118,12953,1295302,31703,"LGA","New York, NY","NY",36,"New York",22,10721,1072102,30721,"BOS","Boston, MA","MA",25,"Massachusetts",13,800,756,-4,0,0,-1,"0800-0859",8,804,848,8,906,856,-10,0,0,-1,"0900-0959",0,"",0,66,60,44,1,184,1,NA,NA,NA,NA,NA,NA,NA,NA
2011,3,7,6,3,2011-07-06,"AA",19805,"AA","N639AA",1565,12953,1295302,31703,"LGA","New York, NY","NY",36,"New York",22,13303,1330303,32467,"MIA","Miami, FL","FL",12,"Florida",33,1345,1405,20,20,1,1,"1300-1359",26,1431,1724,7,1700,1731,31,31,1,2,"1700-1759",0,"",0,195,206,173,1,1096,5,20,0,11,0,0,NA,NA,NA
2011,3,7,2,6,2011-07-02,"WN",19393,"WN","N294WN",3977,12953,1295302,31703,"LGA","New York, NY","NY",36,"New York",22,10821,1082103,30852,"BWI","Baltimore, MD","MD",24,"Maryland",35,1100,1112,12,12,0,0,"1100-1159",14,1126,1200,4,1205,1204,-1,0,0,-1,"1200-1259",0,"",0,65,52,34,1,185,1,NA,NA,NA,NA,NA,NA,NA,NA
2011,3,7,31,7,2011-07-31,"MQ",20398,"MQ","N725MQ",4429,12953,1295302,31703,"LGA","New York, NY","NY",36,"New York",22,11066,1106602,31066,"CMH","Columbus, OH","OH",39,"Ohio",44,1350,1345,-5,0,0,-1,"1300-1359",18,1403,1519,6,1540,1525,-15,0,0,-1,"1500-1559",0,"",0,110,100,76,1,479,2,NA,NA,NA,NA,NA,NA,NA,NA
2011,3,7,22,5,2011-07-22,"WN",19393,"WN","N408WN",2976,12953,1295302,31703,"LGA","New York, NY","NY",36,"New York",22,10821,1082103,30852,"BWI","Baltimore, MD","MD",24,"Maryland",35,720,718,-2,0,0,-1,"0700-0759",13,731,810,3,830,813,-17,0,0,-2,"0800-0859",0,"",0,70,55,39,1,185,1,NA,NA,NA,NA,NA,NA,NA,NA
2011,3,7,24,7,2011-07-24,"MQ",20398,"MQ","N509MQ",4579,12953,1295302,31703,"LGA","New York, NY","NY",36,"New York",22,11057,1105703,31057,"CLT","Charlotte, NC","NC",37,"North Carolina",36,1545,1542,-3,0,0,-1,"1500-1559",21,1603,1730,10,1755,1740,-15,0,0,-1,"1700-1759",0,"",0,130,118,87,1,544,3,NA,NA,NA,NA,NA,NA,NA,NA
2011,3,7,7,4,2011-07-07,"DL",19790,"DL","N528US",2347,12953,1295302,31703,"LGA","New York, NY","NY",36,"New York",22,10397,1039704,30397,"ATL","Atlanta, GA","GA",13,"Georgia",34,1459,1456,-3,0,0,-1,"1400-1459",41,1537,1733,6,1736,1739,3,3,0,0,"1700-1759",0,"",0,157,163,116,1,762,4,NA,NA,NA,NA,NA,NA,NA,NA
2011,3,7,17,7,2011-07-17,"DL",19790,"DL","N354NB",1485,12953,1295302,31703,"LGA","New York, NY","NY",36,"New York",22,13204,1320402,31454,"MCO","Orlando, FL","FL",12,"Florida",33,1930,1928,-2,0,0,-1,"1900-1959",39,2007,2206,7,2213,2213,0,0,0,0,"2200-2259",0,"",0,163,165,119,1,950,4,NA,NA,NA,NA,NA,NA,NA,NA
2011,3,7,2,6,2011-07-02,"F9",20436,"F9","N934FR",451,12953,1295302,31703,"LGA","New York, NY","NY",36,"New York",22,13342,1334203,33342,"MKE","Milwaukee, WI","WI",55,"Wisconsin",45,1159,1150,-9,0,0,-1,"1100-1159",19,1209,1254,4,1326,1258,-28,0,0,-2,"1300-1359",0,"",0,147,128,105,1,738,3,NA,NA,NA,NA,NA,NA,NA,NA
2011,3,7,24,7,2011-07-24,"DL",19790,"DL","N326US",1919,12953,1295302,31703,"LGA","New York, NY","NY",36,"New York",22,13487,1348702,31650,"MSP","Minneapolis, MN","MN",27,"Minnesota",63,627,619,-8,0,0,-1,"0600-0659",25,644,811,6,824,817,-7,0,0,-1,"0800-0859",0,"",0,177,178,147,1,1020,5,NA,NA,NA,NA,NA,NA,NA,NA
2011,3,7,1,5,2011-07-01,"MQ",20398,"MQ","N544MQ",4655,12953,1295302,31703,"LGA","New York, NY","NY",36,"New York",22,10693,1069302,30693,"BNA","Nashville, TN","TN",47,"Tennessee",54,810,803,-7,0,0,-1,"0800-0859",19,822,904,4,935,908,-27,0,0,-2,"0900-0959",0,"",0,145,125,102,1,764,4,NA,NA,NA,NA,NA,NA,NA,NA
2011,3,7,23,6,2011-07-23,"AA",19805,"AA","N4YJAA",363,12953,1295302,31703,"LGA","New York, NY","NY",36,"New York",22,13930,1393002,30977,"ORD","Chicago, IL","IL",17,"Illinois",41,2000,1944,-16,0,0,-2,"2000-2059",12,1956,2040,6,2140,2046,-54,0,0,-2,"2100-2159",0,"",0,160,122,104,1,733,3,NA,NA,NA,NA,NA,NA,NA,NA
2011,3,7,16,6,2011-07-16,"MQ",20398,"MQ","N8EGMQ",4595,12953,1295302,31703,"LGA","New York, NY","NY",36,"New York",22,14492,1449202,34492,"RDU","Raleigh/Durham, NC","NC",37,"North Carolina",36,1120,1114,-6,0,0,-1,"1100-1159",14,1128,1228,3,1255,1231,-24,0,0,-2,"1200-1259",0,"",0,95,77,60,1,431,2,NA,NA,NA,NA,NA,NA,NA,NA
2011,3,7,8,5,2011-07-08,"DL",19790,"DL","N988DL",995,12953,1295302,31703,"LGA","New York, NY","NY",36,"New York",22,11193,1119302,33105,"CVG","Cincinnati, OH","KY",21,"Kentucky",52,1728,1829,61,61,1,4,"1700-1759",54,1923,2051,6,1946,2057,71,71,1,4,"1900-1959",0,"",0,138,148,88,1,585,3,0,0,10,0,61,NA,NA,NA
2011,3,7,4,1,2011-07-04,"DL",19790,"DL","N343NB",1779,12953,1295302,31703,"LGA","New York, NY","NY",36,"New York",22,11697,1169703,32467,"FLL","Fort Lauderdale, FL","FL",12,"Florida",33,1759,1851,52,52,1,3,"1700-1759",37,1928,2205,4,2105,2209,64,64,1,4,"2100-2159",0,"",0,186,198,157,1,1076,5,52,0,12,0,0,NA,NA,NA
2011,3,7,19,2,2011-07-19,"US",20355,"US","N755US",2169,12953,1295302,31703,"LGA","New York, NY","NY",36,"New York",22,11278,1127802,30852,"DCA","Washington, DC","VA",51,"Virginia",38,1000,951,-9,0,0,-1,"1000-1059",33,1024,1108,4,1116,1112,-4,0,0,-1,"1100-1159",0,"",0,76,81,44,1,214,1,NA,NA,NA,NA,NA,NA,NA,NA
2011,3,7,25,1,2011-07-25,"US",20355,"US","N169UW",1753,12953,1295302,31703,"LGA","New York, NY","NY",36,"New York",22,11057,1105703,31057,"CLT","Charlotte, NC","NC",37,"North Carolina",36,1445,1920,275,275,1,12,"1400-1459",27,1947,2109,21,1645,2130,285,285,1,12,"1600-1659",0,"",0,120,130,82,1,544,3,0,275,10,0,0,1442,149,149
2011,3,7,18,1,2011-07-18,"AA",19805,"AA","N4UBAA",709,12953,1295302,31703,"LGA","New York, NY","NY",36,"New York",22,11298,1129803,30194,"DFW","Dallas/Fort Worth, TX","TX",48,"Texas",74,740,745,5,5,0,0,"0700-0759",15,800,949,12,1025,1001,-24,0,0,-2,"1000-1059",0,"",0,225,196,169,1,1389,6,NA,NA,NA,NA,NA,NA,NA,NA
2011,3,7,3,7,2011-07-03,"AA",19805,"AA","N5EKAA",321,12953,1295302,31703,"LGA","New York, NY","NY",36,"New York",22,13930,1393002,30977,"ORD","Chicago, IL","IL",17,"Illinois",41,1105,1056,-9,0,0,-1,"1100-1159",19,1115,1210,5,1245,1215,-30,0,0,-2,"1200-1259",0,"",0,160,139,115,1,733,3,NA,NA,NA,NA,NA,NA,NA,NA
2011,3,7,25,1,2011-07-25,"FL",20437,"FL","N961AT",718,12953,1295302,31703,"LGA","New York, NY","NY",36,"New York",22,10874,1087402,30647,"CAK","Akron, OH","OH",39,"Ohio",44,2054,2132,38,38,1,2,"2000-2059",12,2144,2243,4,2226,2247,21,21,1,1,"2200-2259",0,"",0,92,75,59,1,397,2,0,0,0,0,21,NA,NA,NA
2011,3,7,20,3,2011-07-20,"CO",19704,"CO","N79279",1832,12953,1295302,31703,"LGA","New York, NY","NY",36,"New York",22,12266,1226603,31453,"IAH","Houston, TX","TX",48,"Texas",74,1705,1704,-1,0,0,-1,"1700-1759",13,1717,1918,10,1959,1928,-31,0,0,-2,"1900-1959",0,"",0,234,204,181,1,1416,6,NA,NA,NA,NA,NA,NA,NA,NA
2011,3,7,30,6,2011-07-30,"MQ",20398,"MQ","N711MQ",4542,12953,1295302,31703,"LGA","New York, NY","NY",36,"New York",22,11066,1106602,31066,"CMH","Columbus, OH","OH",39,"Ohio",44,1210,1254,44,44,1,2,"1200-1259",12,1306,1422,4,1400,1426,26,26,1,1,"1400-1459",0,"",0,110,92,76,1,479,2,0,0,0,0,26,NA,NA,NA
2011,3,7,28,4,2011-07-28,"WN",19393,"WN","N908WN",231,12953,1295302,31703,"LGA","New York, NY","NY",36,"New York",22,13232,1323202,30977,"MDW","Chicago, IL","IL",17,"Illinois",41,1850,2005,75,75,1,5,"1800-1859",49,2054,2141,3,2035,2144,69,69,1,4,"2000-2059",0,"",0,165,159,107,1,725,3,3,0,0,0,66,NA,NA,NA
2011,3,7,28,4,2011-07-28,"US",20355,"US","N950UW",2118,12953,1295302,31703,"LGA","New York, NY","NY",36,"New York",22,10721,1072102,30721,"BOS","Boston, MA","MA",25,"Massachusetts",13,800,749,-11,0,0,-1,"0800-0859",39,828,902,9,906,911,5,5,0,0,"0900-0959",0,"",0,66,82,34,1,184,1,NA,NA,NA,NA,NA,NA,NA,NA
2011,3,7,23,6,2011-07-23,"EV",20366,"EV","N828AS",5717,12953,1295302,31703,"LGA","New York, NY","NY",36,"New York",22,12264,1226402,30852,"IAD","Washington, DC","VA",51,"Virginia",38,1427,1422,-5,0,0,-1,"1400-1459",12,1434,1519,5,1552,1524,-28,0,0,-2,"1500-1559",0,"",0,85,62,45,1,229,1,NA,NA,NA,NA,NA,NA,NA,NA
2011,3,7,17,7,2011-07-17,"DL",19790,"DL","N900DE",1647,12953,1295302,31703,"LGA","New York, NY","NY",36,"New York",22,10397,1039704,30397,"ATL","Atlanta, GA","GA",13,"Georgia",34,1100,1055,-5,0,0,-1,"1100-1159",23,1118,1259,9,1335,1308,-27,0,0,-2,"1300-1359",0,"",0,155,133,101,1,762,4,NA,NA,NA,NA,NA,NA,NA,NA
2011,3,7,7,4,2011-07-07,"AA",19805,"AA","N5DUAA",321,12953,1295302,31703,"LGA","New York, NY","NY",36,"New York",22,13930,1393002,30977,"ORD","Chicago, IL","IL",17,"Illinois",41,1105,1100,-5,0,0,-1,"1100-1159",18,1118,1211,5,1245,1216,-29,0,0,-2,"1200-1259",0,"",0,160,136,113,1,733,3,NA,NA,NA,NA,NA,NA,NA,NA
2011,3,7,19,2,2011-07-19,"US",20355,"US","",1505,12953,1295302,31703,"LGA","New York, NY","NY",36,"New York",22,11057,1105703,31057,"CLT","Charlotte, NC","NC",37,"North Carolina",36,1859,NA,NA,NA,NA,NA,"1800-1859",NA,NA,NA,NA,2100,NA,NA,NA,NA,NA,"2100-2159",1,"C",0,121,NA,NA,1,544,3,NA,NA,NA,NA,NA,NA,NA,NA
2011,3,7,19,2,2011-07-19,"UA",19977,"UA","N801UA",693,12953,1295302,31703,"LGA","New York, NY","NY",36,"New York",22,13930,1393002,30977,"ORD","Chicago, IL","IL",17,"Illinois",41,1900,2030,90,90,1,6,"1900-1959",54,2124,2213,6,2038,2219,101,101,1,6,"2000-2059",0,"",0,158,169,109,1,733,3,0,0,16,0,85,NA,NA,NA
2011,3,7,17,7,2011-07-17,"AA",19805,"AA","N3FKAA",2187,12953,1295302,31703,"LGA","New York, NY","NY",36,"New York",22,13303,1330303,32467,"MIA","Miami, FL","FL",12,"Florida",33,750,748,-2,0,0,-1,"0700-0759",13,801,1017,8,1100,1025,-35,0,0,-2,"1100-1159",0,"",0,190,157,136,1,1096,5,NA,NA,NA,NA,NA,NA,NA,NA
2011,3,7,20,3,2011-07-20,"MQ",20398,"MQ","N531MQ",4655,12953,1295302,31703,"LGA","New York, NY","NY",36,"New York",22,10693,1069302,30693,"BNA","Nashville, TN","TN",47,"Tennessee",54,810,809,-1,0,0,-1,"0800-0859",28,837,920,7,935,927,-8,0,0,-1,"0900-0959",0,"",0,145,138,103,1,764,4,NA,NA,NA,NA,NA,NA,NA,NA
2011,3,7,12,2,2011-07-12,"AA",19805,"AA","N509AA",785,12953,1295302,31703,"LGA","New York, NY","NY",36,"New York",22,11298,1129803,30194,"DFW","Dallas/Fort Worth, TX","TX",48,"Texas",74,1900,1855,-5,0,0,-1,"1900-1959",24,1919,2127,9,2155,2136,-19,0,0,-2,"2100-2159",0,"",0,235,221,188,1,1389,6,NA,NA,NA,NA,NA,NA,NA,NA
2011,3,7,14,4,2011-07-14,"DL",19790,"DL","N325NB",1388,12953,1295302,31703,"LGA","New York, NY","NY",36,"New York",22,10721,1072102,30721,"BOS","Boston, MA","MA",25,"Massachusetts",13,1530,1526,-4,0,0,-1,"1500-1559",66,1632,1705,9,1647,1714,27,27,1,1,"1600-1659",0,"",0,77,108,33,1,184,1,0,0,27,0,0,NA,NA,NA
2011,3,7,19,2,2011-07-19,"US",20355,"US","N955UW",2118,12953,1295302,31703,"LGA","New York, NY","NY",36,"New York",22,10721,1072102,30721,"BOS","Boston, MA","MA",25,"Massachusetts",13,800,750,-10,0,0,-1,"0800-0859",22,812,854,6,906,900,-6,0,0,-1,"0900-0959",0,"",0,66,70,42,1,184,1,NA,NA,NA,NA,NA,NA,NA,NA
2011,3,7,2,6,2011-07-02,"AA",19805,"AA","N349AA",2093,12953,1295302,31703,"LGA","New York, NY","NY",36,"New York",22,13303,1330303,32467,"MIA","Miami, FL","FL",12,"Florida",33,1155,1149,-6,0,0,-1,"1100-1159",13,1202,1424,8,1505,1432,-33,0,0,-2,"1500-1559",0,"",0,190,163,142,1,1096,5,NA,NA,NA,NA,NA,NA,NA,NA
2011,3,7,17,7,2011-07-17,"MQ",20398,"MQ","N5PBMQ",4654,12953,1295302,31703,"LGA","New York, NY","NY",36,"New York",22,10397,1039704,30397,"ATL","Atlanta, GA","GA",13,"Georgia",34,955,1011,16,16,1,1,"0900-0959",14,1025,1207,7,1210,1214,4,4,0,0,"1200-1259",0,"",0,135,123,102,1,762,4,NA,NA,NA,NA,NA,NA,NA,NA
2011,3,7,9,6,2011-07-09,"DL",19790,"DL","N340NW",1787,12953,1295302,31703,"LGA","New York, NY","NY",36,"New York",22,13487,1348702,31650,"MSP","Minneapolis, MN","MN",27,"Minnesota",63,1405,1453,48,48,1,3,"1400-1459",10,1503,1626,9,1616,1635,19,19,1,1,"1600-1659",0,"",0,191,162,143,1,1020,5,4,0,3,0,12,NA,NA,NA
2011,3,7,28,4,2011-07-28,"MQ",20398,"MQ","N725MQ",4489,12953,1295302,31703,"LGA","New York, NY","NY",36,"New York",22,10721,1072102,30721,"BOS","Boston, MA","MA",25,"Massachusetts",13,1725,1722,-3,0,0,-1,"1700-1759",40,1802,1836,6,1840,1842,2,2,0,0,"1800-1859",0,"",0,75,80,34,1,184,1,NA,NA,NA,NA,NA,NA,NA,NA
2011,3,7,15,5,2011-07-15,"DL",19790,"DL","N317NB",1378,12953,1295302,31703,"LGA","New York, NY","NY",36,"New York",22,10721,1072102,30721,"BOS","Boston, MA","MA",25,"Massachusetts",13,1030,1027,-3,0,0,-1,"1000-1059",30,1057,1129,9,1152,1138,-14,0,0,-1,"1100-1159",0,"",0,82,71,32,1,184,1,NA,NA,NA,NA,NA,NA,NA,NA
2011,3,7,28,4,2011-07-28,"US",20355,"US","N715UW",2169,12953,1295302,31703,"LGA","New York, NY","NY",36,"New York",22,11278,1127802,30852,"DCA","Washington, DC","VA",51,"Virginia",38,1000,951,-9,0,0,-1,"1000-1059",56,1047,1131,3,1116,1134,18,18,1,1,"1100-1159",0,"",0,76,103,44,1,214,1,0,0,18,0,0,NA,NA,NA
2011,3,7,17,7,2011-07-17,"MQ",20398,"MQ","N512MQ",4610,12953,1295302,31703,"LGA","New York, NY","NY",36,"New York",22,10397,1039704,30397,"ATL","Atlanta, GA","GA",13,"Georgia",34,825,818,-7,0,0,-1,"0800-0859",19,837,1018,8,1050,1026,-24,0,0,-2,"1000-1059",0,"",0,145,128,101,1,762,4,NA,NA,NA,NA,NA,NA,NA,NA
2011,3,7,24,7,2011-07-24,"US",20355,"US","N112US",1489,12953,1295302,31703,"LGA","New York, NY","NY",36,"New York",22,11057,1105703,31057,"CLT","Charlotte, NC","NC",37,"North Carolina",36,1859,1853,-6,0,0,-1,"1800-1859",42,1935,2100,6,2100,2106,6,6,0,0,"2100-2159",0,"",0,121,133,85,1,544,3,NA,NA,NA,NA,NA,NA,NA,NA
2011,3,7,6,3,2011-07-06,"AA",19805,"AA","N5CYAA",1643,12953,1295302,31703,"LGA","New York, NY","NY",36,"New York",22,13303,1330303,32467,"MIA","Miami, FL","FL",12,"Florida",33,700,655,-5,0,0,-1,"0700-0759",15,710,947,4,1000,951,-9,0,0,-1,"1000-1059",0,"",0,180,176,157,1,1096,5,NA,NA,NA,NA,NA,NA,NA,NA
2011,3,7,28,4,2011-07-28,"F9",20436,"F9","N949FR",451,12953,1295302,31703,"LGA","New York, NY","NY",36,"New York",22,13342,1334203,33342,"MKE","Milwaukee, WI","WI",55,"Wisconsin",45,1159,1150,-9,0,0,-1,"1100-1159",56,1246,1337,6,1319,1343,24,24,1,1,"1300-1359",0,"",0,140,173,111,1,738,3,0,0,24,0,0,NA,NA,NA
2011,3,7,26,2,2011-07-26,"UA",19977,"UA","N826UA",693,12953,1295302,31703,"LGA","New York, NY","NY",36,"New York",22,13930,1393002,30977,"ORD","Chicago, IL","IL",17,"Illinois",41,1900,2157,177,177,1,11,"1900-1959",44,2241,2333,11,2038,2344,186,186,1,12,"2000-2059",0,"",0,158,167,112,1,733,3,0,177,9,0,0,1859,129,129
2011,3,7,7,4,2011-07-07,"AA",19805,"AA","N5DUAA",321,12953,1295302,31703,"LGA","New York, NY","NY",36,"New York",22,13930,1393002,30977,"ORD","Chicago, IL","IL",17,"Illinois",41,1105,1100,-5,0,0,-1,"1100-1159",18,1118,1211,5,1245,1216,-29,0,0,-2,"1200-1259",0,"",0,160,136,113,1,733,3,NA,NA,NA,NA,NA,NA,NA,NA
2011,3,7,19,2,2011-07-19,"UA",19977,"UA","N431UA",409,12953,1295302,31703,"LGA","New York, NY","NY",36,"New York",22,11292,1129202,30325,"DEN","Denver, CO","CO",8,"Colorado",82,1729,1749,20,20,1,1,"1700-1759",78,1907,2047,31,1949,2118,89,89,1,5,"1900-1959",0,"",0,260,329,220,1,1620,7,0,0,87,0,2,NA,NA,NA
2011,3,7,11,1,2011-07-11,"US",20355,"US","N758US",2173,12953,1295302,31703,"LGA","New York, NY","NY",36,"New York",22,11278,1127802,30852,"DCA","Washington, DC","VA",51,"Virginia",38,1200,1151,-9,0,0,-1,"1200-1259",20,1211,1256,4,1313,1300,-13,0,0,-1,"1300-1359",0,"",0,73,69,45,1,214,1,NA,NA,NA,NA,NA,NA,NA,NA
2011,3,7,15,5,2011-07-15,"UA",19977,"UA","N824UA",683,12953,1295302,31703,"LGA","New York, NY","NY",36,"New York",22,13930,1393002,30977,"ORD","Chicago, IL","IL",17,"Illinois",41,1400,1359,-1,0,0,-1,"1400-1459",52,1451,1534,3,1538,1537,-1,0,0,-1,"1500-1559",0,"",0,158,158,103,1,733,3,NA,NA,NA,NA,NA,NA,NA,NA
2011,3,7,11,1,2011-07-11,"MQ",20398,"MQ","N531MQ",4661,12953,1295302,31703,"LGA","New York, NY","NY",36,"New York",22,10397,1039704,30397,"ATL","Atlanta, GA","GA",13,"Georgia",34,1640,1640,0,0,0,0,"1600-1659",45,1725,1913,7,1910,1920,10,10,0,0,"1900-1959",0,"",0,150,160,108,1,762,4,NA,NA,NA,NA,NA,NA,NA,NA
2011,3,7,26,2,2011-07-26,"DL",19790,"DL","N666DN",61,12953,1295302,31703,"LGA","New York, NY","NY",36,"New York",22,10397,1039704,30397,"ATL","Atlanta, GA","GA",13,"Georgia",34,1700,1724,24,24,1,1,"1700-1759",36,1800,1943,15,1940,1958,18,18,1,1,"1900-1959",0,"",0,160,154,103,1,762,4,9,0,0,0,9,NA,NA,NA
2011,3,7,3,7,2011-07-03,"MQ",20398,"MQ","N719MQ",4501,12953,1295302,31703,"LGA","New York, NY","NY",36,"New York",22,15380,1538002,35380,"TVC","Traverse City, MI","MI",26,"Michigan",43,1435,1422,-13,0,0,-1,"1400-1459",23,1445,1623,3,1650,1626,-24,0,0,-2,"1600-1659",0,"",0,135,124,98,1,655,3,NA,NA,NA,NA,NA,NA,NA,NA
2011,3,7,28,4,2011-07-28,"MQ",20398,"MQ","N730MQ",4439,12953,1295302,31703,"LGA","New York, NY","NY",36,"New York",22,14492,1449202,34492,"RDU","Raleigh/Durham, NC","NC",37,"North Carolina",36,830,826,-4,0,0,-1,"0800-0859",36,902,1005,2,1010,1007,-3,0,0,-1,"1000-1059",0,"",0,100,101,63,1,431,2,NA,NA,NA,NA,NA,NA,NA,NA
2011,3,7,20,3,2011-07-20,"DL",19790,"DL","N507US",947,12953,1295302,31703,"LGA","New York, NY","NY",36,"New York",22,10397,1039704,30397,"ATL","Atlanta, GA","GA",13,"Georgia",34,1900,2005,65,65,1,4,"1900-1959",28,2033,2212,12,2138,2224,46,46,1,3,"2100-2159",0,"",0,158,139,99,1,762,4,0,0,9,0,37,NA,NA,NA
2011,3,7,6,3,2011-07-06,"US",20355,"US","N749US",2187,12953,1295302,31703,"LGA","New York, NY","NY",36,"New York",22,11278,1127802,30852,"DCA","Washington, DC","VA",51,"Virginia",38,1900,1908,8,8,0,0,"1900-1959",54,2002,2048,5,2017,2053,36,36,1,2,"2000-2059",0,"",0,77,105,46,1,214,1,0,0,28,0,8,NA,NA,NA
2011,3,7,20,3,2011-07-20,"US",20355,"US","N956UW",2142,12953,1295302,31703,"LGA","New York, NY","NY",36,"New York",22,10721,1072102,30721,"BOS","Boston, MA","MA",25,"Massachusetts",13,2000,1951,-9,0,0,-1,"2000-2059",26,2017,2101,2,2116,2103,-13,0,0,-1,"2100-2159",0,"",0,76,72,44,1,184,1,NA,NA,NA,NA,NA,NA,NA,NA
2011,3,7,25,1,2011-07-25,"FL",20437,"FL","N971AT",716,12953,1295302,31703,"LGA","New York, NY","NY",36,"New York",22,10874,1087402,30647,"CAK","Akron, OH","OH",39,"Ohio",44,730,730,0,0,0,0,"0700-0759",16,746,851,5,855,856,1,1,0,0,"0800-0859",0,"",0,85,86,65,1,397,2,NA,NA,NA,NA,NA,NA,NA,NA
2011,3,7,26,2,2011-07-26,"FL",20437,"FL","N924AT",508,12953,1295302,31703,"LGA","New York, NY","NY",36,"New York",22,13342,1334203,33342,"MKE","Milwaukee, WI","WI",55,"Wisconsin",45,1459,1457,-2,0,0,-1,"1400-1459",21,1518,1616,3,1616,1619,3,3,0,0,"1600-1659",0,"",0,137,142,118,1,738,3,NA,NA,NA,NA,NA,NA,NA,NA
2011,3,7,5,2,2011-07-05,"MQ",20398,"MQ","N506MQ",4674,12953,1295302,31703,"LGA","New York, NY","NY",36,"New York",22,11042,1104202,30647,"CLE","Cleveland, OH","OH",39,"Ohio",44,1850,1849,-1,0,0,-1,"1800-1859",33,1922,2024,5,2030,2029,-1,0,0,-1,"2000-2059",0,"",0,100,100,62,1,419,2,NA,NA,NA,NA,NA,NA,NA,NA
2011,3,7,19,2,2011-07-19,"AA",19805,"AA","N5DLAA",1643,12953,1295302,31703,"LGA","New York, NY","NY",36,"New York",22,13303,1330303,32467,"MIA","Miami, FL","FL",12,"Florida",33,700,703,3,3,0,0,"0700-0759",18,721,942,3,1000,945,-15,0,0,-1,"1000-1059",0,"",0,180,162,141,1,1096,5,NA,NA,NA,NA,NA,NA,NA,NA
2011,3,7,11,1,2011-07-11,"DL",19790,"DL","N370NB",1374,12953,1295302,31703,"LGA","New York, NY","NY",36,"New York",22,10721,1072102,30721,"BOS","Boston, MA","MA",25,"Massachusetts",13,830,827,-3,0,0,-1,"0800-0859",20,847,923,10,950,933,-17,0,0,-2,"0900-0959",0,"",0,80,66,36,1,184,1,NA,NA,NA,NA,NA,NA,NA,NA
2011,3,7,13,3,2011-07-13,"US",20355,"US","N944UW",2120,12953,1295302,31703,"LGA","New York, NY","NY",36,"New York",22,10721,1072102,30721,"BOS","Boston, MA","MA",25,"Massachusetts",13,900,852,-8,0,0,-1,"0900-0959",26,918,949,7,1019,956,-23,0,0,-2,"1000-1059",0,"",0,79,64,31,1,184,1,NA,NA,NA,NA,NA,NA,NA,NA
2011,3,7,29,5,2011-07-29,"MQ",20398,"MQ","N5PBMQ",4593,12953,1295302,31703,"LGA","New York, NY","NY",36,"New York",22,14492,1449202,34492,"RDU","Raleigh/Durham, NC","NC",37,"North Carolina",36,1320,1316,-4,0,0,-1,"1300-1359",20,1336,1439,5,1500,1444,-16,0,0,-2,"1500-1559",0,"",0,100,88,63,1,431,2,NA,NA,NA,NA,NA,NA,NA,NA
2011,3,7,21,4,2011-07-21,"DL",19790,"DL","N918DL",2231,12953,1295302,31703,"LGA","New York, NY","NY",36,"New York",22,11433,1143302,31295,"DTW","Detroit, MI","MI",26,"Michigan",43,1600,2150,350,350,1,12,"1600-1659",31,2221,2337,8,1815,2345,330,330,1,12,"1800-1859",0,"",0,135,115,76,1,502,3,330,0,0,0,0,NA,NA,NA
2011,3,7,30,6,2011-07-30,"US",20355,"US","N944UW",2122,12953,1295302,31703,"LGA","New York, NY","NY",36,"New York",22,10721,1072102,30721,"BOS","Boston, MA","MA",25,"Massachusetts",13,1000,952,-8,0,0,-1,"1000-1059",23,1015,1053,5,1113,1058,-15,0,0,-1,"1100-1159",0,"",0,73,66,38,1,184,1,NA,NA,NA,NA,NA,NA,NA,NA
2011,3,7,6,3,2011-07-06,"DL",19790,"DL","N373DA",1948,12953,1295302,31703,"LGA","New York, NY","NY",36,"New York",22,11433,1143302,31295,"DTW","Detroit, MI","MI",26,"Michigan",43,1435,1430,-5,0,0,-1,"1400-1459",20,1450,1608,7,1641,1615,-26,0,0,-2,"1600-1659",0,"",0,126,105,78,1,502,3,NA,NA,NA,NA,NA,NA,NA,NA
2011,3,7,12,2,2011-07-12,"F9",20436,"F9","N926FR",463,12953,1295302,31703,"LGA","New York, NY","NY",36,"New York",22,13342,1334203,33342,"MKE","Milwaukee, WI","WI",55,"Wisconsin",45,605,601,-4,0,0,-1,"0600-0659",16,617,717,5,721,722,1,1,0,0,"0700-0759",0,"",0,136,141,120,1,738,3,NA,NA,NA,NA,NA,NA,NA,NA
2011,3,7,6,3,2011-07-06,"US",20355,"US","N181UW",1511,12953,1295302,31703,"LGA","New York, NY","NY",36,"New York",22,11057,1105703,31057,"CLT","Charlotte, NC","NC",37,"North Carolina",36,1125,1120,-5,0,0,-1,"1100-1159",11,1131,1253,6,1323,1259,-24,0,0,-2,"1300-1359",0,"",0,118,99,82,1,544,3,NA,NA,NA,NA,NA,NA,NA,NA
2011,3,7,22,5,2011-07-22,"AA",19805,"AA","N4XAAA",335,12953,1295302,31703,"LGA","New York, NY","NY",36,"New York",22,13930,1393002,30977,"ORD","Chicago, IL","IL",17,"Illinois",41,1520,1649,89,89,1,5,"1500-1559",27,1716,1803,10,1710,1813,63,63,1,4,"1700-1759",0,"",0,170,144,107,1,733,3,0,0,16,0,47,NA,NA,NA
2011,3,7,12,2,2011-07-12,"B6",20409,"B6","N568JB",369,12953,1295302,31703,"LGA","New York, NY","NY",36,"New York",22,14027,1402702,34027,"PBI","West Palm Beach/Palm Beach, FL","FL",12,"Florida",33,1629,1625,-4,0,0,-1,"1600-1659",18,1643,1851,5,1928,1856,-32,0,0,-2,"1900-1959",0,"",0,179,151,128,1,1035,5,NA,NA,NA,NA,NA,NA,NA,NA
2011,3,7,15,5,2011-07-15,"DL",19790,"DL","N317NB",1378,12953,1295302,31703,"LGA","New York, NY","NY",36,"New York",22,10721,1072102,30721,"BOS","Boston, MA","MA",25,"Massachusetts",13,1030,1027,-3,0,0,-1,"1000-1059",30,1057,1129,9,1152,1138,-14,0,0,-1,"1100-1159",0,"",0,82,71,32,1,184,1,NA,NA,NA,NA,NA,NA,NA,NA
2011,3,7,2,6,2011-07-02,"DL",19790,"DL","N623DL",61,12953,1295302,31703,"LGA","New York, NY","NY",36,"New York",22,10397,1039704,30397,"ATL","Atlanta, GA","GA",13,"Georgia",34,1700,1709,9,9,0,0,"1700-1759",28,1737,1920,9,1940,1929,-11,0,0,-1,"1900-1959",0,"",0,160,140,103,1,762,4,NA,NA,NA,NA,NA,NA,NA,NA
2011,3,7,25,1,2011-07-25,"DL",19790,"DL","N342NW",2019,12953,1295302,31703,"LGA","New York, NY","NY",36,"New York",22,13487,1348702,31650,"MSP","Minneapolis, MN","MN",27,"Minnesota",63,1815,2129,194,194,1,12,"1800-1859",20,2149,2317,7,2025,2324,179,179,1,11,"2000-2059",0,"",0,190,175,148,1,1020,5,4,0,0,0,175,NA,NA,NA
