"Year","Quarter","Month","DayofMonth","DayOfWeek","FlightDate","UniqueCarrier","AirlineID","Carrier","TailNum","FlightNum","OriginAirportID","OriginAirportSeqID","OriginCityMarketID","Origin","OriginCityName","OriginState","OriginStateFips","OriginStateName","OriginWac","DestAirportID","DestAirportSeqID","DestCityMarketID","Dest","DestCityName","DestState","DestStateFips","DestStateName","DestWac","CRSDepTime","DepTime","DepDelay","DepDelayMinutes","DepDel15","DepartureDelayGroups","DepTimeBlk","TaxiOut","WheelsOff","WheelsOn","TaxiIn","CRSArrTime","ArrTime","ArrDelay","ArrDelayMinutes","ArrDel15","ArrivalDelayGroups","ArrTimeBlk","Cancelled","CancellationCode","Diverted","CRSElapsedTime","ActualElapsedTime","AirTime","Flights","Distance","DistanceGroup","CarrierDelay","WeatherDelay","NASDelay","SecurityDelay","LateAircraftDelay","FirstDepTime","TotalAddGTime","LongestAddGTime"
2011,2,5,28,6,2011-05-28,"WN",19393,"WN","N746SW",1783,12892,1289201,32575,"LAX","Los Angeles, CA","CA",6,"California",91,13796,1379601,32457,"OAK","Oakland, CA","CA",6,"California",91,1615,1612,-3,0,0,-1,"1600-1659",7,1619,1720,6,1725,1726,1,1,0,0,"1700-1759",0,"",0,70,74,61,1,337,2,NA,NA,NA,NA,NA,NA,NA,NA
2011,2,5,20,5,2011-05-20,"DL",19790,"DL","N655DL",1755,12892,1289201,32575,"LAX","Los Angeles, CA","CA",6,"California",91,10397,1039703,30397,"ATL","Atlanta, GA","GA",13,"Georgia",34,1420,1510,50,50,1,3,"1400-1459",16,1526,2227,21,2141,2248,67,67,1,4,"2100-2159",0,"",0,261,278,241,1,1946,8,0,0,67,0,0,NA,NA,NA
2011,2,5,26,4,2011-05-26,"AA",19805,"AA","N336AA",2,12892,1289201,32575,"LAX","Los Angeles, CA","CA",6,"California",91,12478,1247801,31703,"JFK","New York, NY","NY",36,"New York",22,925,959,34,34,1,2,"0900-0959",24,1023,1840,15,1800,1855,55,55,1,3,"1800-1859",0,"",0,335,356,317,1,2475,10,0,0,55,0,0,NA,NA,NA
2011,2,5,1,7,2011-05-01,"AS",19930,"AS","N534AS",473,12892,1289201,32575,"LAX","Los Angeles, CA","CA",6,"California",91,14057,1405701,34057,"PDX","Portland, OR","OR",41,"Oregon",92,2105,2057,-8,0,0,-1,"2100-2159",19,2116,2314,4,2327,2318,-9,0,0,-1,"2300-2359",0,"",0,142,141,118,1,834,4,NA,NA,NA,NA,NA,NA,NA,NA
2011,2,5,30,1,2011-05-30,"CO",19704,"CO","N77295",40,12892,1289201,32575,"LAX","Los Angeles, CA","CA",6,"California",91,11618,1161801,31703,"EWR","Newark, NJ","NJ",34,"New Jersey",21,645,640,-5,0,0,-1,"0600-0659",14,654,1448,8,1459,1456,-3,0,0,-1,"1400-1459",0,"",0,314,316,294,1,2454,10,NA,NA,NA,NA,NA,NA,NA,NA
2011,2,5,6,5,2011-05-06,"MQ",20398,"MQ","N854MQ",3067,12892,1289201,32575,"LAX","Los Angeles, CA","CA",6,"California",91,13476,1347601,34922,"MRY","Monterey, CA","CA",6,"California",91,935,932,-3,0,0,-1,"0900-0959",14,946,1029,4,1035,1033,-2,0,0,-1,"1000-1059",0,"",0,60,61,43,1,267,2,NA,NA,NA,NA,NA,NA,NA,NA
2011,2,5,7,6,2011-05-07,"WN",19393,"WN","N727SW",2087,12892,1289201,32575,"LAX","Los Angeles, CA","CA",6,"California",91,13796,1379601,32457,"OAK","Oakland, CA","CA",6,"California",91,835,835,0,0,0,0,"0800-0859",13,848,945,5,950,950,0,0,0,0,"0900-0959",0,"",0,75,75,57,1,337,2,NA,NA,NA,NA,NA,NA,NA,NA
2011,2,5,3,2,2011-05-03,"OO",20304,"OO","N804SK",4711,12892,1289201,32575,"LAX","Los Angeles, CA","CA",6,"California",91,12889,1288902,32211,"LAS","Las Vegas, NV","NV",32,"Nevada",85,1710,1702,-8,0,0,-1,"1700-1759",19,1721,1805,4,1819,1809,-10,0,0,-1,"1800-1859",0,"",0,69,67,44,1,236,1,NA,NA,NA,NA,NA,NA,NA,NA
2011,2,5,21,6,2011-05-21,"MQ",20398,"MQ","N840MQ",3076,12892,1289201,32575,"LAX","Los Angeles, CA","CA",6,"California",91,10713,1071301,30713,"BOI","Boise, ID","ID",16,"Idaho",83,710,712,2,2,0,0,"0700-0759",23,735,1006,2,1010,1008,-2,0,0,-1,"1000-1059",0,"",0,120,116,91,1,674,3,NA,NA,NA,NA,NA,NA,NA,NA
2011,2,5,18,3,2011-05-18,"AS",19930,"AS","N569AS",477,12892,1289201,32575,"LAX","Los Angeles, CA","CA",6,"California",91,14747,1474702,30559,"SEA","Seattle, WA","WA",53,"Washington",93,615,610,-5,0,0,-1,"0600-0659",10,620,837,4,853,841,-12,0,0,-1,"0800-0859",0,"",0,158,151,137,1,954,4,NA,NA,NA,NA,NA,NA,NA,NA
2011,2,5,7,6,2011-05-07,"WN",19393,"WN","N727SW",2087,12892,1289201,32575,"LAX","Los Angeles, CA","CA",6,"California",91,13796,1379601,32457,"OAK","Oakland, CA","CA",6,"California",91,835,835,0,0,0,0,"0800-0859",13,848,945,5,950,950,0,0,0,0,"0900-0959",0,"",0,75,75,57,1,337,2,NA,NA,NA,NA,NA,NA,NA,NA
2011,2,5,25,3,2011-05-25,"DL",19790,"DL","N626DL",80,12892,1289201,32575,"LAX","Los Angeles, CA","CA",6,"California",91,10397,1039703,30397,"ATL","Atlanta, GA","GA",13,"Georgia",34,900,858,-2,0,0,-1,"0900-0959",23,921,1552,7,1625,1559,-26,0,0,-2,"1600-1659",0,"",0,265,241,211,1,1946,8,NA,NA,NA,NA,NA,NA,NA,NA
2011,2,5,27,5,2011-05-27,"WN",19393,"WN","N930WN",1301,12892,1289201,32575,"LAX","Los Angeles, CA","CA",6,"California",91,15376,1537601,30436,"TUS","Tucson, AZ","AZ",4,"Arizona",81,630,627,-3,0,0,-1,"0600-0659",6,633,735,3,745,738,-7,0,0,-1,"0700-0759",0,"",0,75,71,62,1,451,2,NA,NA,NA,NA,NA,NA,NA,NA
2011,2,5,8,7,2011-05-08,"AA",19805,"AA","N5DDAA",1804,12892,1289201,32575,"LAX","Los Angeles, CA","CA",6,"California",91,13303,1330302,32467,"MIA","Miami, FL","FL",12,"Florida",33,2330,2327,-3,0,0,-1,"2300-2359",14,2341,649,2,720,651,-29,0,0,-2,"0700-0759",0,"",0,290,264,248,1,2342,10,NA,NA,NA,NA,NA,NA,NA,NA
2011,2,5,26,4,2011-05-26,"OO",20304,"OO","N805SK",4690,12892,1289201,32575,"LAX","Los Angeles, CA","CA",6,"California",91,14869,1486902,34614,"SLC","Salt Lake City, UT","UT",49,"Utah",87,710,711,1,1,0,0,"0700-0759",24,735,956,14,1004,1010,6,6,0,0,"1000-1059",0,"",0,114,119,81,1,590,3,NA,NA,NA,NA,NA,NA,NA,NA
2011,2,5,8,7,2011-05-08,"HA",19690,"HA","N380HA",9,12892,1289201,32575,"LAX","Los Angeles, CA","CA",6,"California",91,12173,1217301,32134,"HNL","Honolulu, HI","HI",15,"Hawaii",2,1805,1815,10,10,0,0,"1800-1859",12,1827,2027,8,2035,2035,0,0,0,0,"2000-2059",0,"",0,330,320,300,1,2556,11,NA,NA,NA,NA,NA,NA,NA,NA
2011,2,5,12,4,2011-05-12,"US",20355,"US","N804AW",49,12892,1289201,32575,"LAX","Los Angeles, CA","CA",6,"California",91,12889,1288902,32211,"LAS","Las Vegas, NV","NV",32,"Nevada",85,1240,1235,-5,0,0,-1,"1200-1259",14,1249,1333,6,1344,1339,-5,0,0,-1,"1300-1359",0,"",0,64,64,44,1,236,1,NA,NA,NA,NA,NA,NA,NA,NA
2011,2,5,11,3,2011-05-11,"WN",19393,"WN","N933WN",1280,12892,1289201,32575,"LAX","Los Angeles, CA","CA",6,"California",91,12889,1288902,32211,"LAS","Las Vegas, NV","NV",32,"Nevada",85,1450,1456,6,6,0,0,"1400-1459",16,1512,1558,3,1555,1601,6,6,0,0,"1500-1559",0,"",0,65,65,46,1,236,1,NA,NA,NA,NA,NA,NA,NA,NA
2011,2,5,20,5,2011-05-20,"MQ",20398,"MQ","N542MQ",3808,12892,1289201,32575,"LAX","Los Angeles, CA","CA",6,"California",91,14107,1410701,30466,"PHX","Phoenix, AZ","AZ",4,"Arizona",81,2150,2147,-3,0,0,-1,"2100-2159",11,2158,2300,6,2310,2306,-4,0,0,-1,"2300-2359",0,"",0,80,79,62,1,370,2,NA,NA,NA,NA,NA,NA,NA,NA
2011,2,5,10,2,2011-05-10,"WN",19393,"WN","N664WN",389,12892,1289201,32575,"LAX","Los Angeles, CA","CA",6,"California",91,15016,1501602,31123,"STL","St. Louis, MO","MO",29,"Missouri",64,1305,1305,0,0,0,0,"1300-1359",14,1319,1834,5,1850,1839,-11,0,0,-1,"1800-1859",0,"",0,225,214,195,1,1593,7,NA,NA,NA,NA,NA,NA,NA,NA
2011,2,5,31,2,2011-05-31,"WN",19393,"WN","N686SW",1874,12892,1289201,32575,"LAX","Los Angeles, CA","CA",6,"California",91,12889,1288902,32211,"LAS","Las Vegas, NV","NV",32,"Nevada",85,1020,1037,17,17,1,1,"1000-1059",11,1048,1131,5,1120,1136,16,16,1,1,"1100-1159",0,"",0,60,59,43,1,236,1,7,0,0,0,9,NA,NA,NA
2011,2,5,29,7,2011-05-29,"DL",19790,"DL","N354NW",1905,12892,1289201,32575,"LAX","Los Angeles, CA","CA",6,"California",91,13244,1324401,33244,"MEM","Memphis, TN","TN",47,"Tennessee",54,800,754,-6,0,0,-1,"0800-0859",16,810,1320,8,1344,1328,-16,0,0,-2,"1300-1359",0,"",0,224,214,190,1,1619,7,NA,NA,NA,NA,NA,NA,NA,NA
2011,2,5,3,2,2011-05-03,"DL",19790,"DL","N353NW",1322,12892,1289201,32575,"LAX","Los Angeles, CA","CA",6,"California",91,13495,1349501,33495,"MSY","New Orleans, LA","LA",22,"Louisiana",72,1830,1825,-5,0,0,-1,"1800-1859",14,1839,2345,11,10,2356,-14,0,0,-1,"0001-0559",0,"",0,220,211,186,1,1671,7,NA,NA,NA,NA,NA,NA,NA,NA
2011,2,5,6,5,2011-05-06,"AA",19805,"AA","N469AA",2602,12892,1289201,32575,"LAX","Los Angeles, CA","CA",6,"California",91,11298,1129802,30194,"DFW","Dallas/Fort Worth, TX","TX",48,"Texas",74,1045,1041,-4,0,0,-1,"1000-1059",16,1057,1537,8,1550,1545,-5,0,0,-1,"1500-1559",0,"",0,185,184,160,1,1235,5,NA,NA,NA,NA,NA,NA,NA,NA
2011,2,5,17,2,2011-05-17,"AA",19805,"AA","N3AAAA",2410,12892,1289201,32575,"LAX","Los Angeles, CA","CA",6,"California",91,11298,1129802,30194,"DFW","Dallas/Fort Worth, TX","TX",48,"Texas",74,600,553,-7,0,0,-1,"0600-0659",16,609,1030,9,1105,1039,-26,0,0,-2,"1100-1159",0,"",0,185,166,141,1,1235,5,NA,NA,NA,NA,NA,NA,NA,NA
2011,2,5,15,7,2011-05-15,"UA",19977,"UA","N492UA",227,12892,1289201,32575,"LAX","Los Angeles, CA","CA",6,"California",91,14771,1477101,32457,"SFO","San Francisco, CA","CA",6,"California",91,1510,1507,-3,0,0,-1,"1500-1559",17,1524,1621,5,1630,1626,-4,0,0,-1,"1600-1659",0,"",0,80,79,57,1,337,2,NA,NA,NA,NA,NA,NA,NA,NA
2011,2,5,14,6,2011-05-14,"AS",19930,"AS","N644AS",569,12892,1289201,32575,"LAX","Los Angeles, CA","CA",6,"California",91,14057,1405701,34057,"PDX","Portland, OR","OR",41,"Oregon",92,1325,1324,-1,0,0,-1,"1300-1359",17,1341,1526,5,1541,1531,-10,0,0,-1,"1500-1559",0,"",0,136,127,105,1,834,4,NA,NA,NA,NA,NA,NA,NA,NA
2011,2,5,12,4,2011-05-12,"US",20355,"US","N524UW",7,12892,1289201,32575,"LAX","Los Angeles, CA","CA",6,"California",91,14107,1410701,30466,"PHX","Phoenix, AZ","AZ",4,"Arizona",81,1245,1246,1,1,0,0,"1200-1259",16,1302,1401,11,1405,1412,7,7,0,0,"1400-1459",0,"",0,80,86,59,1,370,2,NA,NA,NA,NA,NA,NA,NA,NA
2011,2,5,6,5,2011-05-06,"OO",20304,"OO","N582SW",6409,12892,1289201,32575,"LAX","Los Angeles, CA","CA",6,"California",91,14698,1469801,34236,"SBP","San Luis Obispo, CA","CA",6,"California",91,1920,1916,-4,0,0,-1,"1900-1959",12,1928,2006,3,2017,2009,-8,0,0,-1,"2000-2059",0,"",0,57,53,38,1,155,1,NA,NA,NA,NA,NA,NA,NA,NA
2011,2,5,20,5,2011-05-20,"OO",20304,"OO","N465SW",6219,12892,1289201,32575,"LAX","Los Angeles, CA","CA",6,"California",91,14057,1405701,34057,"PDX","Portland, OR","OR",41,"Oregon",92,1925,1958,33,33,1,2,"1900-1959",11,2009,2204,3,2154,2207,13,13,0,0,"2100-2159",0,"",0,149,129,115,1,834,4,NA,NA,NA,NA,NA,NA,NA,NA
2011,2,5,24,2,2011-05-24,"UA",19977,"UA","N816UA",458,12892,1289201,32575,"LAX","Los Angeles, CA","CA",6,"California",91,14122,1412201,30198,"PIT","Pittsburgh, PA","PA",42,"Pennsylvania",23,1103,1058,-5,0,0,-1,"1100-1159",13,1111,1807,4,1835,1811,-24,0,0,-2,"1800-1859",0,"",0,272,253,236,1,2136,9,NA,NA,NA,NA,NA,NA,NA,NA
2011,2,5,27,5,2011-05-27,"OO",20304,"OO","N433SW",4807,12892,1289201,32575,"LAX","Los Angeles, CA","CA",6,"California",91,14679,1467902,33570,"SAN","San Diego, CA","CA",6,"California",91,1050,1044,-6,0,0,-1,"1000-1059",12,1056,1125,4,1143,1129,-14,0,0,-1,"1100-1159",0,"",0,53,45,29,1,109,1,NA,NA,NA,NA,NA,NA,NA,NA
2011,2,5,13,5,2011-05-13,"MQ",20398,"MQ","N834MQ",3021,12892,1289201,32575,"LAX","Los Angeles, CA","CA",6,"California",91,11540,1154001,30615,"ELP","El Paso, TX","TX",48,"Texas",74,1315,1312,-3,0,0,-1,"1300-1359",14,1326,1600,6,1610,1606,-4,0,0,-1,"1600-1659",0,"",0,115,114,94,1,714,3,NA,NA,NA,NA,NA,NA,NA,NA
2011,2,5,19,4,2011-05-19,"WN",19393,"WN","N795SW",1331,12892,1289201,32575,"LAX","Los Angeles, CA","CA",6,"California",91,12889,1288902,32211,"LAS","Las Vegas, NV","NV",32,"Nevada",85,2010,2046,36,36,1,2,"2000-2059",6,2052,2136,4,2110,2140,30,30,1,2,"2100-2159",0,"",0,60,54,44,1,236,1,2,0,0,0,28,NA,NA,NA
2011,2,5,12,4,2011-05-12,"OO",20304,"OO","N562SW",6355,12892,1289201,32575,"LAX","Los Angeles, CA","CA",6,"California",91,14689,1468901,34689,"SBA","Santa Barbara, CA","CA",6,"California",91,1612,1611,-1,0,0,-1,"1600-1659",18,1629,1651,4,1653,1655,2,2,0,0,"1600-1659",0,"",0,41,44,22,1,89,1,NA,NA,NA,NA,NA,NA,NA,NA
2011,2,5,8,7,2011-05-08,"AA",19805,"AA","N3DSAA",1910,12892,1289201,32575,"LAX","Los Angeles, CA","CA",6,"California",91,12889,1288902,32211,"LAS","Las Vegas, NV","NV",32,"Nevada",85,1220,1216,-4,0,0,-1,"1200-1259",18,1234,1321,8,1330,1329,-1,0,0,-1,"1300-1359",0,"",0,70,73,47,1,236,1,NA,NA,NA,NA,NA,NA,NA,NA
2011,2,5,27,5,2011-05-27,"WN",19393,"WN","N930WN",1301,12892,1289201,32575,"LAX","Los Angeles, CA","CA",6,"California",91,15376,1537601,30436,"TUS","Tucson, AZ","AZ",4,"Arizona",81,630,627,-3,0,0,-1,"0600-0659",6,633,735,3,745,738,-7,0,0,-1,"0700-0759",0,"",0,75,71,62,1,451,2,NA,NA,NA,NA,NA,NA,NA,NA
2011,2,5,27,5,2011-05-27,"DL",19790,"DL","N337NW",1644,12892,1289201,32575,"LAX","Los Angeles, CA","CA",6,"California",91,15304,1530401,33195,"TPA","Tampa, FL","FL",12,"Florida",33,2330,2328,-2,0,0,-1,"2300-2359",19,2347,657,7,705,704,-1,0,0,-1,"0700-0759",0,"",0,275,276,250,1,2158,9,NA,NA,NA,NA,NA,NA,NA,NA
2011,2,5,16,1,2011-05-16,"AA",19805,"AA","N3BEAA",1198,12892,1289201,32575,"LAX","Los Angeles, CA","CA",6,"California",91,12889,1288902,32211,"LAS","Las Vegas, NV","NV",32,"Nevada",85,1820,1815,-5,0,0,-1,"1800-1859",18,1833,1916,5,1930,1921,-9,0,0,-1,"1900-1959",0,"",0,70,66,43,1,236,1,NA,NA,NA,NA,NA,NA,NA,NA
2011,2,5,1,7,2011-05-01,"OO",20304,"OO","N271YV",6300,12892,1289201,32575,"LAX","Los Angeles, CA","CA",6,"California",91,14262,1426201,34262,"PSP","Palm Springs, CA","CA",6,"California",91,823,821,-2,0,0,-1,"0800-0859",13,834,904,3,915,907,-8,0,0,-1,"0900-0959",0,"",0,52,46,30,1,110,1,NA,NA,NA,NA,NA,NA,NA,NA
2011,2,5,3,2,2011-05-03,"WN",19393,"WN","N640SW",1066,12892,1289201,32575,"LAX","Los Angeles, CA","CA",6,"California",91,14570,1457001,34570,"RNO","Reno, NV","NV",32,"Nevada",85,1135,1134,-1,0,0,-1,"1100-1159",7,1141,1241,3,1255,1244,-11,0,0,-1,"1200-1259",0,"",0,80,70,60,1,390,2,NA,NA,NA,NA,NA,NA,NA,NA
2011,2,5,17,2,2011-05-17,"CO",19704,"CO","N57857",46,12892,1289201,32575,"LAX","Los Angeles, CA","CA",6,"California",91,12266,1226602,31453,"IAH","Houston, TX","TX",48,"Texas",74,1230,1244,14,14,0,0,"1200-1259",18,1302,1735,8,1743,1743,0,0,0,0,"1700-1759",0,"",0,193,179,153,1,1379,6,NA,NA,NA,NA,NA,NA,NA,NA
2011,2,5,25,3,2011-05-25,"US",20355,"US","N170US",1448,12892,1289201,32575,"LAX","Los Angeles, CA","CA",6,"California",91,14100,1410001,34100,"PHL","Philadelphia, PA","PA",42,"Pennsylvania",23,2355,14,19,19,1,1,"2300-2359",13,27,831,6,801,837,36,36,1,2,"0800-0859",0,"",0,306,323,304,1,2401,10,0,0,17,0,19,NA,NA,NA
2011,2,5,20,5,2011-05-20,"OO",20304,"OO","N807SK",4555,12892,1289201,32575,"LAX","Los Angeles, CA","CA",6,"California",91,14771,1477101,32457,"SFO","San Francisco, CA","CA",6,"California",91,2045,2040,-5,0,0,-1,"2000-2059",19,2059,2150,4,2209,2154,-15,0,0,-1,"2200-2259",0,"",0,84,74,51,1,337,2,NA,NA,NA,NA,NA,NA,NA,NA
2011,2,5,22,7,2011-05-22,"AA",19805,"AA","N5CNAA",222,12892,1289201,32575,"LAX","Los Angeles, CA","CA",6,"California",91,10721,1072101,30721,"BOS","Boston, MA","MA",25,"Massachusetts",13,710,721,11,11,0,0,"0700-0759",12,733,1525,7,1540,1532,-8,0,0,-1,"1500-1559",0,"",0,330,311,292,1,2611,11,NA,NA,NA,NA,NA,NA,NA,NA
2011,2,5,8,7,2011-05-08,"OO",20304,"OO","N817SK",4464,12892,1289201,32575,"LAX","Los Angeles, CA","CA",6,"California",91,12889,1288902,32211,"LAS","Las Vegas, NV","NV",32,"Nevada",85,1135,1132,-3,0,0,-1,"1100-1159",19,1151,1237,8,1247,1245,-2,0,0,-1,"1200-1259",0,"",0,72,73,46,1,236,1,NA,NA,NA,NA,NA,NA,NA,NA
2011,2,5,19,4,2011-05-19,"OO",20304,"OO","N969SW",7035,12892,1289201,32575,"LAX","Los Angeles, CA","CA",6,"California",91,14057,1405701,34057,"PDX","Portland, OR","OR",41,"Oregon",92,1137,1137,0,0,0,0,"1100-1159",20,1157,1418,3,1412,1421,9,9,0,0,"1400-1459",0,"",0,155,164,141,1,834,4,NA,NA,NA,NA,NA,NA,NA,NA
2011,2,5,31,2,2011-05-31,"DL",19790,"DL","N317US",1322,12892,1289201,32575,"LAX","Los Angeles, CA","CA",6,"California",91,13495,1349501,33495,"MSY","New Orleans, LA","LA",22,"Louisiana",72,1830,1831,1,1,0,0,"1800-1859",44,1915,37,5,10,42,32,32,1,2,"0001-0559",0,"",0,220,251,202,1,1671,7,0,0,32,0,0,NA,NA,NA
2011,2,5,4,3,2011-05-04,"MQ",20398,"MQ","N834MQ",3156,12892,1289201,32575,"LAX","Los Angeles, CA","CA",6,"California",91,14674,1467401,34674,"SAF","Santa Fe, NM","NM",35,"New Mexico",86,910,904,-6,0,0,-1,"0900-0959",14,918,1154,3,1205,1157,-8,0,0,-1,"1200-1259",0,"",0,115,113,96,1,710,3,NA,NA,NA,NA,NA,NA,NA,NA
2011,2,5,20,5,2011-05-20,"OO",20304,"OO","N465SW",6219,12892,1289201,32575,"LAX","Los Angeles, CA","CA",6,"California",91,14057,1405701,34057,"PDX","Portland, OR","OR",41,"Oregon",92,1925,1958,33,33,1,2,"1900-1959",11,2009,2204,3,2154,2207,13,13,0,0,"2100-2159",0,"",0,149,129,115,1,834,4,NA,NA,NA,NA,NA,NA,NA,NA
2011,2,5,7,6,2011-05-07,"OO",20304,"OO","N919SW",6511,12892,1289201,32575,"LAX","Los Angeles, CA","CA",6,"California",91,11638,1163802,31638,"FAT","Fresno, CA","CA",6,"California",91,1919,1913,-6,0,0,-1,"1900-1959",9,1922,1954,9,2017,2003,-14,0,0,-1,"2000-2059",0,"",0,58,50,32,1,209,1,NA,NA,NA,NA,NA,NA,NA,NA
2011,2,5,26,4,2011-05-26,"WN",19393,"WN","N955WN",461,12892,1289201,32575,"LAX","Los Angeles, CA","CA",6,"California",91,14893,1489301,33192,"SMF","Sacramento, CA","CA",6,"California",91,600,600,0,0,0,0,"0600-0659",6,606,711,4,720,715,-5,0,0,-1,"0700-0759",0,"",0,80,75,65,1,373,2,NA,NA,NA,NA,NA,NA,NA,NA
2011,2,5,27,5,2011-05-27,"AA",19805,"AA","N515AA",2448,12892,1289201,32575,"LAX","Los Angeles, CA","CA",6,"California",91,11298,1129802,30194,"DFW","Dallas/Fort Worth, TX","TX",48,"Texas",74,1520,1534,14,14,0,0,"1500-1559",15,1549,2019,10,2020,2029,9,9,0,0,"2000-2059",0,"",0,180,175,150,1,1235,5,NA,NA,NA,NA,NA,NA,NA,NA
2011,2,5,8,7,2011-05-08,"AA",19805,"AA","N3FSAA",1182,12892,1289201,32575,"LAX","Los Angeles, CA","CA",6,"California",91,10423,1042302,30423,"AUS","Austin, TX","TX",48,"Texas",74,655,647,-8,0,0,-1,"0600-0659",12,659,1128,6,1155,1134,-21,0,0,-2,"1100-1159",0,"",0,180,167,149,1,1242,5,NA,NA,NA,NA,NA,NA,NA,NA
2011,2,5,26,4,2011-05-26,"AA",19805,"AA","N5ESAA",276,12892,1289201,32575,"LAX","Los Angeles, CA","CA",6,"California",91,13303,1330302,32467,"MIA","Miami, FL","FL",12,"Florida",33,2305,2307,2,2,0,0,"2300-2359",23,2330,701,12,655,713,18,18,1,1,"0600-0659",0,"",0,290,306,271,1,2342,10,0,0,18,0,0,NA,NA,NA
2011,2,5,28,6,2011-05-28,"CO",19704,"CO","N57869",294,12892,1289201,32575,"LAX","Los Angeles, CA","CA",6,"California",91,12266,1226602,31453,"IAH","Houston, TX","TX",48,"Texas",74,800,757,-3,0,0,-1,"0800-0859",13,810,1256,6,1312,1302,-10,0,0,-1,"1300-1359",0,"",0,192,185,166,1,1379,6,NA,NA,NA,NA,NA,NA,NA,NA
2011,2,5,5,4,2011-05-05,"AA",19805,"AA","N332AA",10,12892,1289201,32575,"LAX","Los Angeles, CA","CA",6,"California",91,12478,1247801,31703,"JFK","New York, NY","NY",36,"New York",22,2125,2140,15,15,1,1,"2100-2159",17,2157,544,10,540,554,14,14,0,0,"0001-0559",0,"",0,315,314,287,1,2475,10,NA,NA,NA,NA,NA,NA,NA,NA
2011,2,5,4,3,2011-05-04,"OO",20304,"OO","N229SW",6310,12892,1289201,32575,"LAX","Los Angeles, CA","CA",6,"California",91,14262,1426201,34262,"PSP","Palm Springs, CA","CA",6,"California",91,2049,2048,-1,0,0,-1,"2000-2059",15,2103,2134,3,2136,2137,1,1,0,0,"2100-2159",0,"",0,47,49,31,1,110,1,NA,NA,NA,NA,NA,NA,NA,NA
2011,2,5,25,3,2011-05-25,"DL",19790,"DL","N634DL",1419,12892,1289201,32575,"LAX","Los Angeles, CA","CA",6,"California",91,11433,1143301,31295,"DTW","Detroit, MI","MI",26,"Michigan",43,1124,1152,28,28,1,1,"1100-1159",19,1211,1927,14,1848,1941,53,53,1,3,"1800-1859",0,"",0,264,289,256,1,1979,8,4,0,25,0,24,NA,NA,NA
2011,2,5,10,2,2011-05-10,"MQ",20398,"MQ","N846MQ",3104,12892,1289201,32575,"LAX","Los Angeles, CA","CA",6,"California",91,14831,1483102,32457,"SJC","San Jose, CA","CA",6,"California",91,1030,1016,-14,0,0,-1,"1000-1059",19,1035,1131,5,1140,1136,-4,0,0,-1,"1100-1159",0,"",0,70,80,56,1,308,2,NA,NA,NA,NA,NA,NA,NA,NA
2011,2,5,11,3,2011-05-11,"OO",20304,"OO","N797SK",6466,12892,1289201,32575,"LAX","Los Angeles, CA","CA",6,"California",91,14869,1486902,34614,"SLC","Salt Lake City, UT","UT",49,"Utah",87,753,816,23,23,1,1,"0700-0759",21,837,1104,2,1040,1106,26,26,1,1,"1000-1059",0,"",0,107,110,87,1,590,3,16,0,3,0,7,NA,NA,NA
2011,2,5,6,5,2011-05-06,"MQ",20398,"MQ","N840MQ",3024,12892,1289201,32575,"LAX","Los Angeles, CA","CA",6,"California",91,14570,1457001,34570,"RNO","Reno, NV","NV",32,"Nevada",85,1200,1240,40,40,1,2,"1200-1259",13,1253,NA,NA,1320,NA,NA,NA,NA,NA,"1300-1359",0,"",1,80,NA,NA,1,390,2,NA,NA,NA,NA,NA,NA,NA,NA
2011,2,5,14,6,2011-05-14,"AA",19805,"AA","N579AA",2462,12892,1289201,32575,"LAX","Los Angeles, CA","CA",6,"California",91,11298,1129802,30194,"DFW","Dallas/Fort Worth, TX","TX",48,"Texas",74,1805,1758,-7,0,0,-1,"1800-1859",14,1812,2237,4,2305,2241,-24,0,0,-2,"2300-2359",0,"",0,180,163,145,1,1235,5,NA,NA,NA,NA,NA,NA,NA,NA
2011,2,5,28,6,2011-05-28,"OO",20304,"OO","N233SW",7003,12892,1289201,32575,"LAX","Los Angeles, CA","CA",6,"California",91,10561,1056102,30561,"BFL","Bakersfield, CA","CA",6,"California",91,1050,1041,-9,0,0,-1,"1000-1059",23,1104,1137,4,1136,1141,5,5,0,0,"1100-1159",0,"",0,46,60,33,1,109,1,NA,NA,NA,NA,NA,NA,NA,NA
2011,2,5,19,4,2011-05-19,"AA",19805,"AA","N339AA",10,12892,1289201,32575,"LAX","Los Angeles, CA","CA",6,"California",91,12478,1247801,31703,"JFK","New York, NY","NY",36,"New York",22,2125,2126,1,1,0,0,"2100-2159",21,2147,535,4,540,539,-1,0,0,-1,"0001-0559",0,"",0,315,313,288,1,2475,10,NA,NA,NA,NA,NA,NA,NA,NA
2011,2,5,31,2,2011-05-31,"WN",19393,"WN","N686SW",1874,12892,1289201,32575,"LAX","Los Angeles, CA","CA",6,"California",91,12889,1288902,32211,"LAS","Las Vegas, NV","NV",32,"Nevada",85,1020,1037,17,17,1,1,"1000-1059",11,1048,1131,5,1120,1136,16,16,1,1,"1100-1159",0,"",0,60,59,43,1,236,1,7,0,0,0,9,NA,NA,NA
2011,2,5,28,6,2011-05-28,"DL",19790,"DL","N706TW",958,12892,1289201,32575,"LAX","Los Angeles, CA","CA",6,"California",91,12478,1247801,31703,"JFK","New York, NY","NY",36,"New York",22,830,827,-3,0,0,-1,"0800-0859",20,847,1630,17,1710,1647,-23,0,0,-2,"1700-1759",0,"",0,340,320,283,1,2475,10,NA,NA,NA,NA,NA,NA,NA,NA
2011,2,5,8,7,2011-05-08,"MQ",20398,"MQ","N828MQ",3095,12892,1289201,32575,"LAX","Los Angeles, CA","CA",6,"California",91,15376,1537601,30436,"TUS","Tucson, AZ","AZ",4,"Arizona",81,1430,1426,-4,0,0,-1,"1400-1459",14,1440,1544,5,1555,1549,-6,0,0,-1,"1500-1559",0,"",0,85,83,64,1,451,2,NA,NA,NA,NA,NA,NA,NA,NA
2011,2,5,23,1,2011-05-23,"F9",20436,"F9","N932FR",412,12892,1289201,32575,"LAX","Los Angeles, CA","CA",6,"California",91,11292,1129202,30325,"DEN","Denver, CO","CO",8,"Colorado",82,1856,1947,51,51,1,3,"1800-1859",12,1959,2245,7,2211,2252,41,41,1,2,"2200-2259",0,"",0,135,125,106,1,862,4,0,0,22,0,19,NA,NA,NA
2011,2,5,20,5,2011-05-20,"WN",19393,"WN","N277WN",1166,12892,1289201,32575,"LAX","Los Angeles, CA","CA",6,"California",91,14771,1477101,32457,"SFO","San Francisco, CA","CA",6,"California",91,2050,2119,29,29,1,1,"2000-2059",6,2125,2216,4,2210,2220,10,10,0,0,"2200-2259",0,"",0,80,61,51,1,337,2,NA,NA,NA,NA,NA,NA,NA,NA
2011,2,5,19,4,2011-05-19,"OO",20304,"OO","N969SW",7035,12892,1289201,32575,"LAX","Los Angeles, CA","CA",6,"California",91,14057,1405701,34057,"PDX","Portland, OR","OR",41,"Oregon",92,1137,1137,0,0,0,0,"1100-1159",20,1157,1418,3,1412,1421,9,9,0,0,"1400-1459",0,"",0,155,164,141,1,834,4,NA,NA,NA,NA,NA,NA,NA,NA
2011,2,5,11,3,2011-05-11,"DL",19790,"DL","N344NW",1806,12892,1289201,32575,"LAX","Los Angeles, CA","CA",6,"California",91,11433,1143301,31295,"DTW","Detroit, MI","MI",26,"Michigan",43,1300,1543,163,163,1,10,"1300-1359",14,1557,2303,5,2028,2308,160,160,1,10,"2000-2059",0,"",0,268,265,246,1,1979,8,0,0,0,0,160,NA,NA,NA
2011,2,5,10,2,2011-05-10,"OO",20304,"OO","N270YV",6411,12892,1289201,32575,"LAX","Los Angeles, CA","CA",6,"California",91,14698,1469801,34236,"SBP","San Luis Obispo, CA","CA",6,"California",91,1333,1326,-7,0,0,-1,"1300-1359",23,1349,1427,3,1430,1430,0,0,0,0,"1400-1459",0,"",0,57,64,38,1,155,1,NA,NA,NA,NA,NA,NA,NA,NA
2011,2,5,22,7,2011-05-22,"UA",19977,"UA","N676UA",698,12892,1289201,32575,"LAX","Los Angeles, CA","CA",6,"California",91,12173,1217301,32134,"HNL","Honolulu, HI","HI",15,"Hawaii",2,1300,1257,-3,0,0,-1,"1300-1359",27,1324,1536,4,1540,1540,0,0,0,0,"1500-1559",0,"",0,340,343,312,1,2556,11,NA,NA,NA,NA,NA,NA,NA,NA
2011,2,5,4,3,2011-05-04,"UA",19977,"UA","N835UA",306,12892,1289201,32575,"LAX","Los Angeles, CA","CA",6,"California",91,10821,1082103,30852,"BWI","Baltimore, MD","MD",24,"Maryland",35,953,947,-6,0,0,-1,"0900-0959",12,959,1725,4,1748,1729,-19,0,0,-2,"1700-1759",0,"",0,295,282,266,1,2329,10,NA,NA,NA,NA,NA,NA,NA,NA
2011,2,5,15,7,2011-05-15,"WN",19393,"WN","N420WN",3744,12892,1289201,32575,"LAX","Los Angeles, CA","CA",6,"California",91,14831,1483102,32457,"SJC","San Jose, CA","CA",6,"California",91,1015,1021,6,6,0,0,"1000-1059",11,1032,1123,4,1120,1127,7,7,0,0,"1100-1159",0,"",0,65,66,51,1,308,2,NA,NA,NA,NA,NA,NA,NA,NA
2011,2,5,4,3,2011-05-04,"UA",19977,"UA","N835UA",306,12892,1289201,32575,"LAX","Los Angeles, CA","CA",6,"California",91,10821,1082103,30852,"BWI","Baltimore, MD","MD",24,"Maryland",35,953,947,-6,0,0,-1,"0900-0959",12,959,1725,4,1748,1729,-19,0,0,-2,"1700-1759",0,"",0,295,282,266,1,2329,10,NA,NA,NA,NA,NA,NA,NA,NA
2011,2,5,13,5,2011-05-13,"OO",20304,"OO","N617QX",4537,12892,1289201,32575,"LAX","Los Angeles, CA","CA",6,"California",91,14771,1477101,32457,"SFO","San Francisco, CA","CA",6,"California",91,1630,1629,-1,0,0,-1,"1600-1659",12,1641,1734,4,1753,1738,-15,0,0,-1,"1700-1759",0,"",0,83,69,53,1,337,2,NA,NA,NA,NA,NA,NA,NA,NA
2011,2,5,29,7,2011-05-29,"HA",19690,"HA","N382HA",9,12892,1289201,32575,"LAX","Los Angeles, CA","CA",6,"California",91,12173,1217301,32134,"HNL","Honolulu, HI","HI",15,"Hawaii",2,1805,1804,-1,0,0,-1,"1800-1859",12,1816,2032,10,2035,2042,7,7,0,0,"2000-2059",0,"",0,330,338,316,1,2556,11,NA,NA,NA,NA,NA,NA,NA,NA
2011,2,5,31,2,2011-05-31,"DL",19790,"DL","N317US",1322,12892,1289201,32575,"LAX","Los Angeles, CA","CA",6,"California",91,13495,1349501,33495,"MSY","New Orleans, LA","LA",22,"Louisiana",72,1830,1831,1,1,0,0,"1800-1859",44,1915,37,5,10,42,32,32,1,2,"0001-0559",0,"",0,220,251,202,1,1671,7,0,0,32,0,0,NA,NA,NA
2011,2,5,12,4,2011-05-12,"DL",19790,"DL","N319US",1431,12892,1289201,32575,"LAX","Los Angeles, CA","CA",6,"California",91,14869,1486902,34614,"SLC","Salt Lake City, UT","UT",49,"Utah",87,1015,1012,-3,0,0,-1,"1000-1059",16,1028,1251,6,1304,1257,-7,0,0,-1,"1300-1359",0,"",0,109,105,83,1,590,3,NA,NA,NA,NA,NA,NA,NA,NA
2011,2,5,9,1,2011-05-09,"AA",19805,"AA","N547AA",2468,12892,1289201,32575,"LAX","Los Angeles, CA","CA",6,"California",91,11298,1129802,30194,"DFW","Dallas/Fort Worth, TX","TX",48,"Texas",74,1825,1817,-8,0,0,-1,"1800-1859",18,1835,2304,3,2320,2307,-13,0,0,-1,"2300-2359",0,"",0,175,170,149,1,1235,5,NA,NA,NA,NA,NA,NA,NA,NA
2011,2,5,6,5,2011-05-06,"AA",19805,"AA","N469AA",2602,12892,1289201,32575,"LAX","Los Angeles, CA","CA",6,"California",91,11298,1129802,30194,"DFW","Dallas/Fort Worth, TX","TX",48,"Texas",74,1045,1041,-4,0,0,-1,"1000-1059",16,1057,1537,8,1550,1545,-5,0,0,-1,"1500-1559",0,"",0,185,184,160,1,1235,5,NA,NA,NA,NA,NA,NA,NA,NA
2011,2,5,4,3,2011-05-04,"WN",19393,"WN","N400WN",2712,12892,1289201,32575,"LAX","Los Angeles, CA","CA",6,"California",91,14771,1477101,32457,"SFO","San Francisco, CA","CA",6,"California",91,820,820,0,0,0,0,"0800-0859",10,830,924,3,935,927,-8,0,0,-1,"0900-0959",0,"",0,75,67,54,1,337,2,NA,NA,NA,NA,NA,NA,NA,NA
2011,2,5,16,1,2011-05-16,"UA",19977,"UA","N541UA",750,12892,1289201,32575,"LAX","Los Angeles, CA","CA",6,"California",91,11292,1129202,30325,"DEN","Denver, CO","CO",8,"Colorado",82,1736,1746,10,10,0,0,"1700-1759",8,1754,2035,5,2048,2040,-8,0,0,-1,"2000-2059",0,"",0,132,114,101,1,862,4,NA,NA,NA,NA,NA,NA,NA,NA
2011,2,5,30,1,2011-05-30,"OO",20304,"OO","N926SW",6470,12892,1289201,32575,"LAX","Los Angeles, CA","CA",6,"California",91,14869,1486902,34614,"SLC","Salt Lake City, UT","UT",49,"Utah",87,2110,2103,-7,0,0,-1,"2100-2159",29,2132,2358,18,2359,16,17,17,1,1,"2300-2359",0,"",0,109,133,86,1,590,3,0,0,17,0,0,NA,NA,NA
2011,2,5,4,3,2011-05-04,"US",20355,"US","N813AW",122,12892,1289201,32575,"LAX","Los Angeles, CA","CA",6,"California",91,14107,1410701,30466,"PHX","Phoenix, AZ","AZ",4,"Arizona",81,745,738,-7,0,0,-1,"0700-0759",25,803,902,18,916,920,4,4,0,0,"0900-0959",0,"",0,91,102,59,1,370,2,NA,NA,NA,NA,NA,NA,NA,NA
2011,2,5,28,6,2011-05-28,"CO",19704,"CO","N75858",533,12892,1289201,32575,"LAX","Los Angeles, CA","CA",6,"California",91,11618,1161801,31703,"EWR","Newark, NJ","NJ",34,"New Jersey",21,2200,2206,6,6,0,0,"2200-2259",13,2219,550,8,558,558,0,0,0,0,"0001-0559",0,"",0,298,292,271,1,2454,10,NA,NA,NA,NA,NA,NA,NA,NA
2011,2,5,21,6,2011-05-21,"MQ",20398,"MQ","N840MQ",3076,12892,1289201,32575,"LAX","Los Angeles, CA","CA",6,"California",91,10713,1071301,30713,"BOI","Boise, ID","ID",16,"Idaho",83,710,712,2,2,0,0,"0700-0759",23,735,1006,2,1010,1008,-2,0,0,-1,"1000-1059",0,"",0,120,116,91,1,674,3,NA,NA,NA,NA,NA,NA,NA,NA
2011,2,5,26,4,2011-05-26,"OO",20304,"OO","N824SK",4555,12892,1289201,32575,"LAX","Los Angeles, CA","CA",6,"California",91,14771,1477101,32457,"SFO","San Francisco, CA","CA",6,"California",91,2045,2042,-3,0,0,-1,"2000-2059",16,2058,2154,4,2209,2158,-11,0,0,-1,"2200-2259",0,"",0,84,76,56,1,337,2,NA,NA,NA,NA,NA,NA,NA,NA
2011,2,5,22,7,2011-05-22,"AA",19805,"AA","N4XHAA",2448,12892,1289201,32575,"LAX","Los Angeles, CA","CA",6,"California",91,11298,1129802,30194,"DFW","Dallas/Fort Worth, TX","TX",48,"Texas",74,1520,1602,42,42,1,2,"1500-1559",22,1624,2244,11,2020,2255,NA,NA,NA,NA,"2000-2059",0,"",1,180,NA,NA,1,1235,5,NA,NA,NA,NA,NA,NA,NA,NA
2011,2,5,16,1,2011-05-16,"WN",19393,"WN","N688SW",3779,12892,1289201,32575,"LAX","Los Angeles, CA","CA",6,"California",91,14831,1483102,32457,"SJC","San Jose, CA","CA",6,"California",91,1110,1128,18,18,1,1,"1100-1159",6,1134,1225,5,1215,1230,15,15,1,1,"1200-1259",0,"",0,65,62,51,1,308,2,7,0,0,0,8,NA,NA,NA
2011,2,5,24,2,2011-05-24,"MQ",20398,"MQ","N854MQ",3027,12892,1289201,32575,"LAX","Los Angeles, CA","CA",6,"California",91,13476,1347601,34922,"MRY","Monterey, CA","CA",6,"California",91,2010,2002,-8,0,0,-1,"2000-2059",13,2015,2059,3,2115,2102,-13,0,0,-1,"2100-2159",0,"",0,65,60,44,1,267,2,NA,NA,NA,NA,NA,NA,NA,NA
2011,2,5,26,4,2011-05-26,"OO",20304,"OO","N409SW",4789,12892,1289201,32575,"LAX","Los Angeles, CA","CA",6,"California",91,14679,1467902,33570,"SAN","San Diego, CA","CA",6,"California",91,1843,1842,-1,0,0,-1,"1800-1859",21,1903,1930,4,1934,1934,0,0,0,0,"1900-1959",0,"",0,51,52,27,1,109,1,NA,NA,NA,NA,NA,NA,NA,NA
2011,2,5,31,2,2011-05-31,"MQ",20398,"MQ","N828MQ",3027,12892,1289201,32575,"LAX","Los Angeles, CA","CA",6,"California",91,13476,1347601,34922,"MRY","Monterey, CA","CA",6,"California",91,2010,2015,5,5,0,0,"2000-2059",19,2034,2120,7,2115,2127,12,12,0,0,"2100-2159",0,"",0,65,72,46,1,267,2,NA,NA,NA,NA,NA,NA,NA,NA
2011,2,5,26,4,2011-05-26,"MQ",20398,"MQ","N833MQ",3005,12892,1289201,32575,"LAX","Los Angeles, CA","CA",6,"California",91,14679,1467902,33570,"SAN","San Diego, CA","CA",6,"California",91,2230,2227,-3,0,0,-1,"2200-2259",18,2245,2312,7,2320,2319,-1,0,0,-1,"2300-2359",0,"",0,50,52,27,1,109,1,NA,NA,NA,NA,NA,NA,NA,NA
2011,2,5,6,5,2011-05-06,"CO",19704,"CO","N75425",594,12892,1289201,32575,"LAX","Los Angeles, CA","CA",6,"California",91,12266,1226602,31453,"IAH","Houston, TX","TX",48,"Texas",74,1650,1659,9,9,0,0,"1600-1659",19,1718,2204,5,2159,2209,10,10,0,0,"2100-2159",0,"",0,189,190,166,1,1379,6,NA,NA,NA,NA,NA,NA,NA,NA
2011,2,5,30,1,2011-05-30,"WN",19393,"WN","N953WN",251,12892,1289201,32575,"LAX","Los Angeles, CA","CA",6,"California",91,15016,1501602,31123,"STL","St. Louis, MO","MO",29,"Missouri",64,815,814,-1,0,0,-1,"0800-0859",8,822,1327,2,1345,1329,-16,0,0,-2,"1300-1359",0,"",0,210,195,185,1,1593,7,NA,NA,NA,NA,NA,NA,NA,NA
2011,2,5,2,1,2011-05-02,"OO",20304,"OO","N952SW",6452,12892,1289201,32575,"LAX","Los Angeles, CA","CA",6,"California",91,15376,1537601,30436,"TUS","Tucson, AZ","AZ",4,"Arizona",81,1128,1127,-1,0,0,-1,"1100-1159",10,1137,1244,8,1253,1252,-1,0,0,-1,"1200-1259",0,"",0,85,85,67,1,451,2,NA,NA,NA,NA,NA,NA,NA,NA
2011,2,5,12,4,2011-05-12,"DL",19790,"DL","N319US",1431,12892,1289201,32575,"LAX","Los Angeles, CA","CA",6,"California",91,14869,1486902,34614,"SLC","Salt Lake City, UT","UT",49,"Utah",87,1015,1012,-3,0,0,-1,"1000-1059",16,1028,1251,6,1304,1257,-7,0,0,-1,"1300-1359",0,"",0,109,105,83,1,590,3,NA,NA,NA,NA,NA,NA,NA,NA
