"Year","Quarter","Month","DayofMonth","DayOfWeek","FlightDate","UniqueCarrier","AirlineID","Carrier","TailNum","FlightNum","OriginAirportID","OriginAirportSeqID","OriginCityMarketID","Origin","OriginCityName","OriginState","OriginStateFips","OriginStateName","OriginWac","DestAirportID","DestAirportSeqID","DestCityMarketID","Dest","DestCityName","DestState","DestStateFips","DestStateName","DestWac","CRSDepTime","DepTime","DepDelay","DepDelayMinutes","DepDel15","DepartureDelayGroups","DepTimeBlk","TaxiOut","WheelsOff","WheelsOn","TaxiIn","CRSArrTime","ArrTime","ArrDelay","ArrDelayMinutes","ArrDel15","ArrivalDelayGroups","ArrTimeBlk","Cancelled","CancellationCode","Diverted","CRSElapsedTime","ActualElapsedTime","AirTime","Flights","Distance","DistanceGroup","CarrierDelay","WeatherDelay","NASDelay","SecurityDelay","LateAircraftDelay","FirstDepTime","TotalAddGTime","LongestAddGTime"
2011,2,4,10,7,2011-04-10,"OO",20304,"OO","N584SW",6674,12892,1289201,32575,"LAX","Los Angeles, CA","CA",6,"California",91,11041,1104102,31041,"CLD","Carlsbad, CA","CA",6,"California",91,1245,1236,-9,0,0,-1,"1200-1259",13,1249,1316,4,1331,1320,-11,0,0,-1,"1300-1359",0,"",0,46,44,27,1,86,1,NA,NA,NA,NA,NA,NA,NA,NA
2011,2,4,11,1,2011-04-11,"DL",19790,"DL","N375NC",1063,12892,1289201,32575,"LAX","Los Angeles, CA","CA",6,"California",91,13204,1320401,31454,"MCO","Orlando, FL","FL",12,"Florida",33,2225,2240,15,15,1,1,"2200-2259",21,2301,554,5,606,559,-7,0,0,-1,"0600-0659",0,"",0,281,259,233,1,2217,9,NA,NA,NA,NA,NA,NA,NA,NA
2011,2,4,23,6,2011-04-23,"WN",19393,"WN","N704SW",2342,12892,1289201,32575,"LAX","Los Angeles, CA","CA",6,"California",91,14771,1477101,32457,"SFO","San Francisco, CA","CA",6,"California",91,610,607,-3,0,0,-1,"0600-0659",14,621,717,4,730,721,-9,0,0,-1,"0700-0759",0,"",0,80,74,56,1,337,2,NA,NA,NA,NA,NA,NA,NA,NA
2011,2,4,2,6,2011-04-02,"MQ",20398,"MQ","N852MQ",3067,12892,1289201,32575,"LAX","Los Angeles, CA","CA",6,"California",91,13476,1347601,34922,"MRY","Monterey, CA","CA",6,"California",91,1005,959,-6,0,0,-1,"1000-1059",18,1017,1059,7,1105,1106,1,1,0,0,"1100-1159",0,"",0,60,67,42,1,267,2,NA,NA,NA,NA,NA,NA,NA,NA
2011,2,4,27,3,2011-04-27,"WN",19393,"WN","N352SW",389,12892,1289201,32575,"LAX","Los Angeles, CA","CA",6,"California",91,15016,1501602,31123,"STL","St. Louis, MO","MO",29,"Missouri",64,1305,1305,0,0,0,0,"1300-1359",38,1343,1851,5,1850,1856,6,6,0,0,"1800-1859",0,"",0,225,231,188,1,1593,7,NA,NA,NA,NA,NA,NA,NA,NA
2011,2,4,14,4,2011-04-14,"AA",19805,"AA","N5ECAA",222,12892,1289201,32575,"LAX","Los Angeles, CA","CA",6,"California",91,10721,1072101,30721,"BOS","Boston, MA","MA",25,"Massachusetts",13,710,707,-3,0,0,-1,"0700-0759",23,730,1518,9,1540,1527,-13,0,0,-1,"1500-1559",0,"",0,330,320,288,1,2611,11,NA,NA,NA,NA,NA,NA,NA,NA
2011,2,4,3,7,2011-04-03,"AA",19805,"AA","N610AA",252,12892,1289201,32575,"LAX","Los Angeles, CA","CA",6,"California",91,13303,1330302,32467,"MIA","Miami, FL","FL",12,"Florida",33,1520,1548,28,28,1,1,"1500-1559",18,1606,2317,2,2255,2319,24,24,1,1,"2200-2259",0,"",0,275,271,251,1,2342,10,24,0,0,0,0,NA,NA,NA
2011,2,4,6,3,2011-04-06,"UA",19977,"UA","N854UA",808,12892,1289201,32575,"LAX","Los Angeles, CA","CA",6,"California",91,14771,1477101,32457,"SFO","San Francisco, CA","CA",6,"California",91,1236,1228,-8,0,0,-1,"1200-1259",19,1247,1342,6,1411,1348,-23,0,0,-2,"1400-1459",0,"",0,95,80,55,1,337,2,NA,NA,NA,NA,NA,NA,NA,NA
2011,2,4,16,6,2011-04-16,"AA",19805,"AA","N3FKAA",74,12892,1289201,32575,"LAX","Los Angeles, CA","CA",6,"California",91,12264,1226401,30852,"IAD","Washington, DC","VA",51,"Virginia",38,2300,2258,-2,0,0,-1,"2300-2359",14,2312,631,6,655,637,-18,0,0,-2,"0600-0659",0,"",0,295,279,259,1,2288,10,NA,NA,NA,NA,NA,NA,NA,NA
2011,2,4,27,3,2011-04-27,"DL",19790,"DL","N3759",1568,12892,1289201,32575,"LAX","Los Angeles, CA","CA",6,"California",91,13487,1348701,31650,"MSP","Minneapolis, MN","MN",27,"Minnesota",63,1805,2007,122,122,1,8,"1800-1859",15,2022,121,7,2334,128,114,114,1,7,"2300-2359",0,"",0,209,201,179,1,1536,7,0,0,0,0,114,NA,NA,NA
2011,2,4,19,2,2011-04-19,"UA",19977,"UA","N474UA",31,12892,1289201,32575,"LAX","Los Angeles, CA","CA",6,"California",91,12264,1226401,30852,"IAD","Washington, DC","VA",51,"Virginia",38,1210,1433,143,143,1,9,"1200-1259",11,1444,2159,9,2006,2208,122,122,1,8,"2000-2059",0,"",0,296,275,255,1,2288,10,0,0,0,0,122,NA,NA,NA
2011,2,4,30,6,2011-04-30,"OO",20304,"OO","N582SW",6354,12892,1289201,32575,"LAX","Los Angeles, CA","CA",6,"California",91,14689,1468901,34689,"SBA","Santa Barbara, CA","CA",6,"California",91,923,915,-8,0,0,-1,"0900-0959",21,936,957,3,1009,1000,-9,0,0,-1,"1000-1059",0,"",0,46,45,21,1,89,1,NA,NA,NA,NA,NA,NA,NA,NA
2011,2,4,28,4,2011-04-28,"AS",19930,"AS","N706AS",465,12892,1289201,32575,"LAX","Los Angeles, CA","CA",6,"California",91,14747,1474702,30559,"SEA","Seattle, WA","WA",53,"Washington",93,1610,1636,26,26,1,1,"1600-1659",10,1646,1908,8,1845,1916,31,31,1,2,"1800-1859",0,"",0,155,160,142,1,954,4,10,0,5,0,16,NA,NA,NA
2011,2,4,8,5,2011-04-08,"AA",19805,"AA","N5EDAA",2422,12892,1289201,32575,"LAX","Los Angeles, CA","CA",6,"California",91,11298,1129802,30194,"DFW","Dallas/Fort Worth, TX","TX",48,"Texas",74,815,808,-7,0,0,-1,"0800-0859",20,828,1303,11,1315,1314,-1,0,0,-1,"1300-1359",0,"",0,180,186,155,1,1235,5,NA,NA,NA,NA,NA,NA,NA,NA
2011,2,4,18,1,2011-04-18,"AA",19805,"AA","N3FSAA",1358,12892,1289201,32575,"LAX","Los Angeles, CA","CA",6,"California",91,13930,1393001,30977,"ORD","Chicago, IL","IL",17,"Illinois",41,1510,1510,0,0,0,0,"1500-1559",13,1523,2038,6,2105,2044,-21,0,0,-2,"2100-2159",0,"",0,235,214,195,1,1745,7,NA,NA,NA,NA,NA,NA,NA,NA
2011,2,4,15,5,2011-04-15,"OO",20304,"OO","N217SW",6944,12892,1289201,32575,"LAX","Los Angeles, CA","CA",6,"California",91,11041,1104102,31041,"CLD","Carlsbad, CA","CA",6,"California",91,1423,1418,-5,0,0,-1,"1400-1459",11,1429,1453,3,1509,1456,-13,0,0,-1,"1500-1559",0,"",0,46,38,24,1,86,1,NA,NA,NA,NA,NA,NA,NA,NA
2011,2,4,16,6,2011-04-16,"AA",19805,"AA","N3BRAA",1563,12892,1289201,32575,"LAX","Los Angeles, CA","CA",6,"California",91,14771,1477101,32457,"SFO","San Francisco, CA","CA",6,"California",91,1655,1653,-2,0,0,-1,"1600-1659",14,1707,1812,4,1815,1816,1,1,0,0,"1800-1859",0,"",0,80,83,65,1,337,2,NA,NA,NA,NA,NA,NA,NA,NA
2011,2,4,10,7,2011-04-10,"AA",19805,"AA","N3DNAA",1092,12892,1289201,32575,"LAX","Los Angeles, CA","CA",6,"California",91,13930,1393001,30977,"ORD","Chicago, IL","IL",17,"Illinois",41,2305,2259,-6,0,0,-1,"2300-2359",19,2318,435,5,500,440,-20,0,0,-2,"0001-0559",0,"",0,235,221,197,1,1745,7,NA,NA,NA,NA,NA,NA,NA,NA
2011,2,4,18,1,2011-04-18,"MQ",20398,"MQ","N833MQ",3121,12892,1289201,32575,"LAX","Los Angeles, CA","CA",6,"California",91,14831,1483102,32457,"SJC","San Jose, CA","CA",6,"California",91,1320,1315,-5,0,0,-1,"1300-1359",24,1339,1432,2,1430,1434,4,4,0,0,"1400-1459",0,"",0,70,79,53,1,308,2,NA,NA,NA,NA,NA,NA,NA,NA
2011,2,4,26,2,2011-04-26,"CO",19704,"CO","N35271",556,12892,1289201,32575,"LAX","Los Angeles, CA","CA",6,"California",91,11042,1104201,30647,"CLE","Cleveland, OH","OH",39,"Ohio",44,1030,1023,-7,0,0,-1,"1000-1059",10,1033,1727,5,1748,1732,-16,0,0,-2,"1700-1759",0,"",0,258,249,234,1,2053,9,NA,NA,NA,NA,NA,NA,NA,NA
2011,2,4,20,3,2011-04-20,"DL",19790,"DL","N340NB",1061,12892,1289201,32575,"LAX","Los Angeles, CA","CA",6,"California",91,13204,1320401,31454,"MCO","Orlando, FL","FL",12,"Florida",33,1020,1024,4,4,0,0,"1000-1059",14,1038,1758,10,1803,1808,5,5,0,0,"1800-1859",0,"",0,283,284,260,1,2217,9,NA,NA,NA,NA,NA,NA,NA,NA
2011,2,4,27,3,2011-04-27,"WN",19393,"WN","N554WN",418,12892,1289201,32575,"LAX","Los Angeles, CA","CA",6,"California",91,13232,1323201,30977,"MDW","Chicago, IL","IL",17,"Illinois",41,750,750,0,0,0,0,"0700-0759",7,757,1325,6,1345,1331,-14,0,0,-1,"1300-1359",0,"",0,235,221,208,1,1751,8,NA,NA,NA,NA,NA,NA,NA,NA
2011,2,4,24,7,2011-04-24,"AA",19805,"AA","N3FPAA",1358,12892,1289201,32575,"LAX","Los Angeles, CA","CA",6,"California",91,13930,1393001,30977,"ORD","Chicago, IL","IL",17,"Illinois",41,1510,1516,6,6,0,0,"1500-1559",26,1542,2059,6,2105,2105,0,0,0,0,"2100-2159",0,"",0,235,229,197,1,1745,7,NA,NA,NA,NA,NA,NA,NA,NA
2011,2,4,28,4,2011-04-28,"WN",19393,"WN","N626SW",1277,12892,1289201,32575,"LAX","Los Angeles, CA","CA",6,"California",91,12889,1288902,32211,"LAS","Las Vegas, NV","NV",32,"Nevada",85,800,801,1,1,0,0,"0800-0859",11,812,855,5,900,900,0,0,0,0,"0900-0959",0,"",0,60,59,43,1,236,1,NA,NA,NA,NA,NA,NA,NA,NA
2011,2,4,4,1,2011-04-04,"UA",19977,"UA","N810UA",444,12892,1289201,32575,"LAX","Los Angeles, CA","CA",6,"California",91,14771,1477101,32457,"SFO","San Francisco, CA","CA",6,"California",91,1344,1336,-8,0,0,-1,"1300-1359",10,1346,1436,5,1508,1441,-27,0,0,-2,"1500-1559",0,"",0,84,65,50,1,337,2,NA,NA,NA,NA,NA,NA,NA,NA
2011,2,4,29,5,2011-04-29,"B6",20409,"B6","N579JB",670,12892,1289201,32575,"LAX","Los Angeles, CA","CA",6,"California",91,12478,1247801,31703,"JFK","New York, NY","NY",36,"New York",22,740,738,-2,0,0,-1,"0700-0759",11,749,1523,11,1600,1534,-26,0,0,-2,"1600-1659",0,"",0,320,296,274,1,2475,10,NA,NA,NA,NA,NA,NA,NA,NA
2011,2,4,1,5,2011-04-01,"DL",19790,"DL","N375NC",1001,12892,1289201,32575,"LAX","Los Angeles, CA","CA",6,"California",91,14869,1486902,34614,"SLC","Salt Lake City, UT","UT",49,"Utah",87,1015,1013,-2,0,0,-1,"1000-1059",15,1028,1250,6,1303,1256,-7,0,0,-1,"1300-1359",0,"",0,108,103,82,1,590,3,NA,NA,NA,NA,NA,NA,NA,NA
2011,2,4,15,5,2011-04-15,"WN",19393,"WN","N638SW",1049,12892,1289201,32575,"LAX","Los Angeles, CA","CA",6,"California",91,15016,1501602,31123,"STL","St. Louis, MO","MO",29,"Missouri",64,740,742,2,2,0,0,"0700-0759",10,752,1311,4,1310,1315,5,5,0,0,"1300-1359",0,"",0,210,213,199,1,1593,7,NA,NA,NA,NA,NA,NA,NA,NA
2011,2,4,17,7,2011-04-17,"OO",20304,"OO","N236SW",6385,12892,1289201,32575,"LAX","Los Angeles, CA","CA",6,"California",91,14698,1469801,34236,"SBP","San Luis Obispo, CA","CA",6,"California",91,1035,1025,-10,0,0,-1,"1000-1059",14,1039,1116,2,1135,1118,-17,0,0,-2,"1100-1159",0,"",0,60,53,37,1,155,1,NA,NA,NA,NA,NA,NA,NA,NA
2011,2,4,17,7,2011-04-17,"WN",19393,"WN","N774SW",3844,12892,1289201,32575,"LAX","Los Angeles, CA","CA",6,"California",91,10821,1082103,30852,"BWI","Baltimore, MD","MD",24,"Maryland",35,700,1103,243,243,1,12,"0700-0759",11,1114,1845,5,1450,1850,240,240,1,12,"1400-1459",0,"",0,290,287,271,1,2329,10,240,0,0,0,0,NA,NA,NA
2011,2,4,30,6,2011-04-30,"WN",19393,"WN","N651SW",3147,12892,1289201,32575,"LAX","Los Angeles, CA","CA",6,"California",91,14771,1477101,32457,"SFO","San Francisco, CA","CA",6,"California",91,1305,1321,16,16,1,1,"1300-1359",10,1331,1429,4,1420,1433,13,13,0,0,"1400-1459",0,"",0,75,72,58,1,337,2,NA,NA,NA,NA,NA,NA,NA,NA
2011,2,4,21,4,2011-04-21,"OO",20304,"OO","N235SW",6309,12892,1289201,32575,"LAX","Los Angeles, CA","CA",6,"California",91,14262,1426201,34262,"PSP","Palm Springs, CA","CA",6,"California",91,1827,1842,15,15,1,1,"1800-1859",21,1903,1933,3,1915,1936,21,21,1,1,"1900-1959",0,"",0,48,54,30,1,110,1,0,0,6,0,15,NA,NA,NA
2011,2,4,16,6,2011-04-16,"CO",19704,"CO","N78285",1503,12892,1289201,32575,"LAX","Los Angeles, CA","CA",6,"California",91,11618,1161801,31703,"EWR","Newark, NJ","NJ",34,"New Jersey",21,1530,1750,140,140,1,9,"1500-1559",14,1804,151,11,2336,202,146,146,1,9,"2300-2359",0,"",0,306,312,287,1,2454,10,0,0,146,0,0,NA,NA,NA
2011,2,4,6,3,2011-04-06,"UA",19977,"UA","N545UA",57,12892,1289201,32575,"LAX","Los Angeles, CA","CA",6,"California",91,12758,1275803,32758,"KOA","Kona, HI","HI",15,"Hawaii",2,853,924,31,31,1,2,"0800-0859",18,942,1203,3,1138,1206,28,28,1,1,"1100-1159",0,"",0,345,342,321,1,2504,11,28,0,0,0,0,NA,NA,NA
2011,2,4,23,6,2011-04-23,"UA",19977,"UA","N453UA",306,12892,1289201,32575,"LAX","Los Angeles, CA","CA",6,"California",91,10821,1082103,30852,"BWI","Baltimore, MD","MD",24,"Maryland",35,950,948,-2,0,0,-1,"0900-0959",12,1000,1715,2,1745,1717,-28,0,0,-2,"1700-1759",0,"",0,295,269,255,1,2329,10,NA,NA,NA,NA,NA,NA,NA,NA
2011,2,4,4,1,2011-04-04,"AS",19930,"AS","N302AS",469,12892,1289201,32575,"LAX","Los Angeles, CA","CA",6,"California",91,14747,1474702,30559,"SEA","Seattle, WA","WA",53,"Washington",93,820,821,1,1,0,0,"0800-0859",14,835,1105,8,1110,1113,3,3,0,0,"1100-1159",0,"",0,170,172,150,1,954,4,NA,NA,NA,NA,NA,NA,NA,NA
2011,2,4,23,6,2011-04-23,"WN",19393,"WN","N286WN",2641,12892,1289201,32575,"LAX","Los Angeles, CA","CA",6,"California",91,14869,1486902,34614,"SLC","Salt Lake City, UT","UT",49,"Utah",87,740,747,7,7,0,0,"0700-0759",10,757,1020,7,1025,1027,2,2,0,0,"1000-1059",0,"",0,105,100,83,1,590,3,NA,NA,NA,NA,NA,NA,NA,NA
2011,2,4,7,4,2011-04-07,"DL",19790,"DL","N351NW",1583,12892,1289201,32575,"LAX","Los Angeles, CA","CA",6,"California",91,12889,1288902,32211,"LAS","Las Vegas, NV","NV",32,"Nevada",85,630,629,-1,0,0,-1,"0600-0659",18,647,730,5,740,735,-5,0,0,-1,"0700-0759",0,"",0,70,66,43,1,236,1,NA,NA,NA,NA,NA,NA,NA,NA
2011,2,4,13,3,2011-04-13,"AA",19805,"AA","N5BYAA",2444,12892,1289201,32575,"LAX","Los Angeles, CA","CA",6,"California",91,11298,1129802,30194,"DFW","Dallas/Fort Worth, TX","TX",48,"Texas",74,1005,1000,-5,0,0,-1,"1000-1059",10,1010,1435,6,1505,1441,-24,0,0,-2,"1500-1559",0,"",0,180,161,145,1,1235,5,NA,NA,NA,NA,NA,NA,NA,NA
2011,2,4,4,1,2011-04-04,"UA",19977,"UA","N496UA",261,12892,1289201,32575,"LAX","Los Angeles, CA","CA",6,"California",91,13204,1320401,31454,"MCO","Orlando, FL","FL",12,"Florida",33,835,835,0,0,0,0,"0800-0859",13,848,1614,5,1613,1619,6,6,0,0,"1600-1659",0,"",0,278,284,266,1,2217,9,NA,NA,NA,NA,NA,NA,NA,NA
2011,2,4,11,1,2011-04-11,"DL",19790,"DL","N861NW",176,12892,1289201,32575,"LAX","Los Angeles, CA","CA",6,"California",91,10397,1039703,30397,"ATL","Atlanta, GA","GA",13,"Georgia",34,1150,1339,109,109,1,7,"1100-1159",21,1400,2052,10,1920,2102,102,102,1,6,"1900-1959",0,"",0,270,263,232,1,1946,8,0,0,0,0,102,NA,NA,NA
2011,2,4,10,7,2011-04-10,"FL",20437,"FL","N330AT",58,12892,1289201,32575,"LAX","Los Angeles, CA","CA",6,"California",91,10397,1039703,30397,"ATL","Atlanta, GA","GA",13,"Georgia",34,2345,2347,2,2,0,0,"2300-2359",11,2358,641,4,700,645,-15,0,0,-1,"0700-0759",0,"",0,255,238,223,1,1946,8,NA,NA,NA,NA,NA,NA,NA,NA
2011,2,4,5,2,2011-04-05,"US",20355,"US","N813AW",356,12892,1289201,32575,"LAX","Los Angeles, CA","CA",6,"California",91,12889,1288902,32211,"LAS","Las Vegas, NV","NV",32,"Nevada",85,730,726,-4,0,0,-1,"0700-0759",11,737,822,9,834,831,-3,0,0,-1,"0800-0859",0,"",0,64,65,45,1,236,1,NA,NA,NA,NA,NA,NA,NA,NA
2011,2,4,25,1,2011-04-25,"OO",20304,"OO","N586SW",6946,12892,1289201,32575,"LAX","Los Angeles, CA","CA",6,"California",91,11041,1104102,31041,"CLD","Carlsbad, CA","CA",6,"California",91,1015,1009,-6,0,0,-1,"1000-1059",10,1019,1042,3,1059,1045,-14,0,0,-1,"1000-1059",0,"",0,44,36,23,1,86,1,NA,NA,NA,NA,NA,NA,NA,NA
2011,2,4,27,3,2011-04-27,"AS",19930,"AS","N558AS",467,12892,1289201,32575,"LAX","Los Angeles, CA","CA",6,"California",91,14747,1474702,30559,"SEA","Seattle, WA","WA",53,"Washington",93,1400,1403,3,3,0,0,"1400-1459",12,1415,1632,8,1645,1640,-5,0,0,-1,"1600-1659",0,"",0,165,157,137,1,954,4,NA,NA,NA,NA,NA,NA,NA,NA
2011,2,4,28,4,2011-04-28,"AA",19805,"AA","N5CSAA",192,12892,1289201,32575,"LAX","Los Angeles, CA","CA",6,"California",91,10721,1072101,30721,"BOS","Boston, MA","MA",25,"Massachusetts",13,2055,2056,1,1,0,0,"2000-2059",18,2114,506,4,515,510,-5,0,0,-1,"0001-0559",0,"",0,320,314,292,1,2611,11,NA,NA,NA,NA,NA,NA,NA,NA
2011,2,4,13,3,2011-04-13,"WN",19393,"WN","N213WN",1291,12892,1289201,32575,"LAX","Los Angeles, CA","CA",6,"California",91,14831,1483102,32457,"SJC","San Jose, CA","CA",6,"California",91,1735,1811,36,36,1,2,"1700-1759",6,1817,1912,3,1840,1915,35,35,1,2,"1800-1859",0,"",0,65,64,55,1,308,2,34,0,0,0,1,NA,NA,NA
2011,2,4,10,7,2011-04-10,"YV",20378,"YV","N920FJ",2649,12892,1289201,32575,"LAX","Los Angeles, CA","CA",6,"California",91,12889,1288902,32211,"LAS","Las Vegas, NV","NV",32,"Nevada",85,840,838,-2,0,0,-1,"0800-0859",12,850,937,7,943,944,1,1,0,0,"0900-0959",0,"",0,63,66,47,1,236,1,NA,NA,NA,NA,NA,NA,NA,NA
2011,2,4,21,4,2011-04-21,"WN",19393,"WN","N208WN",741,12892,1289201,32575,"LAX","Los Angeles, CA","CA",6,"California",91,12191,1219101,31453,"HOU","Houston, TX","TX",48,"Texas",74,900,902,2,2,0,0,"0900-0959",9,911,1354,5,1405,1359,-6,0,0,-1,"1400-1459",0,"",0,185,177,163,1,1390,6,NA,NA,NA,NA,NA,NA,NA,NA
2011,2,4,2,6,2011-04-02,"MQ",20398,"MQ","N846MQ",3023,12892,1289201,32575,"LAX","Los Angeles, CA","CA",6,"California",91,14679,1467902,33570,"SAN","San Diego, CA","CA",6,"California",91,1700,1658,-2,0,0,-1,"1700-1759",18,1716,1745,4,1750,1749,-1,0,0,-1,"1700-1759",0,"",0,50,51,29,1,109,1,NA,NA,NA,NA,NA,NA,NA,NA
2011,2,4,30,6,2011-04-30,"UA",19977,"UA","N670UA",44,12892,1289201,32575,"LAX","Los Angeles, CA","CA",6,"California",91,12264,1226401,30852,"IAD","Washington, DC","VA",51,"Virginia",38,2245,2242,-3,0,0,-1,"2200-2259",14,2256,600,6,635,606,-29,0,0,-2,"0600-0659",0,"",0,290,264,244,1,2288,10,NA,NA,NA,NA,NA,NA,NA,NA
2011,2,4,22,5,2011-04-22,"AA",19805,"AA","N3EEAA",813,12892,1289201,32575,"LAX","Los Angeles, CA","CA",6,"California",91,14771,1477101,32457,"SFO","San Francisco, CA","CA",6,"California",91,1455,1451,-4,0,0,-1,"1400-1459",13,1504,1557,3,1610,1600,-10,0,0,-1,"1600-1659",0,"",0,75,69,53,1,337,2,NA,NA,NA,NA,NA,NA,NA,NA
2011,2,4,12,2,2011-04-12,"OO",20304,"OO","N941SW",6811,12892,1289201,32575,"LAX","Los Angeles, CA","CA",6,"California",91,14570,1457001,34570,"RNO","Reno, NV","NV",32,"Nevada",85,2235,2237,2,2,0,0,"2200-2259",21,2258,1,6,2359,7,8,8,0,0,"2300-2359",0,"",0,84,90,63,1,390,2,NA,NA,NA,NA,NA,NA,NA,NA
2011,2,4,25,1,2011-04-25,"WN",19393,"WN","N795SW",1011,12892,1289201,32575,"LAX","Los Angeles, CA","CA",6,"California",91,12191,1219101,31453,"HOU","Houston, TX","TX",48,"Texas",74,1805,1925,80,80,1,5,"1800-1859",6,1931,5,6,2310,11,61,61,1,4,"2300-2359",0,"",0,185,166,154,1,1390,6,54,0,0,0,7,NA,NA,NA
2011,2,4,12,2,2011-04-12,"UA",19977,"UA","N556UA",116,12892,1289201,32575,"LAX","Los Angeles, CA","CA",6,"California",91,13930,1393001,30977,"ORD","Chicago, IL","IL",17,"Illinois",41,1255,1253,-2,0,0,-1,"1200-1259",17,1310,1820,7,1855,1827,-28,0,0,-2,"1800-1859",0,"",0,240,214,190,1,1745,7,NA,NA,NA,NA,NA,NA,NA,NA
2011,2,4,30,6,2011-04-30,"OO",20304,"OO","N929SW",6275,12892,1289201,32575,"LAX","Los Angeles, CA","CA",6,"California",91,14570,1457001,34570,"RNO","Reno, NV","NV",32,"Nevada",85,1345,1343,-2,0,0,-1,"1300-1359",18,1401,1508,4,1507,1512,5,5,0,0,"1500-1559",0,"",0,82,89,67,1,390,2,NA,NA,NA,NA,NA,NA,NA,NA
2011,2,4,19,2,2011-04-19,"AA",19805,"AA","N320AA",2,12892,1289201,32575,"LAX","Los Angeles, CA","CA",6,"California",91,12478,1247801,31703,"JFK","New York, NY","NY",36,"New York",22,925,921,-4,0,0,-1,"0900-0959",14,935,1719,11,1800,1730,-30,0,0,-2,"1800-1859",0,"",0,335,309,284,1,2475,10,NA,NA,NA,NA,NA,NA,NA,NA
2011,2,4,18,1,2011-04-18,"UA",19977,"UA","N511UA",90,12892,1289201,32575,"LAX","Los Angeles, CA","CA",6,"California",91,14771,1477101,32457,"SFO","San Francisco, CA","CA",6,"California",91,650,644,-6,0,0,-1,"0600-0659",16,700,758,5,810,803,-7,0,0,-1,"0800-0859",0,"",0,80,79,58,1,337,2,NA,NA,NA,NA,NA,NA,NA,NA
2011,2,4,9,6,2011-04-09,"OO",20304,"OO","N284YV",6473,12892,1289201,32575,"LAX","Los Angeles, CA","CA",6,"California",91,12363,1236301,32363,"IPL","El Centro, CA","CA",6,"California",91,1314,1312,-2,0,0,-1,"1300-1359",18,1330,1413,6,1415,1419,4,4,0,0,"1400-1459",0,"",0,61,67,43,1,181,1,NA,NA,NA,NA,NA,NA,NA,NA
2011,2,4,8,5,2011-04-08,"WN",19393,"WN","N331SW",1646,12892,1289201,32575,"LAX","Los Angeles, CA","CA",6,"California",91,14107,1410701,30466,"PHX","Phoenix, AZ","AZ",4,"Arizona",81,715,713,-2,0,0,-1,"0700-0759",8,721,817,6,830,823,-7,0,0,-1,"0800-0859",0,"",0,75,70,56,1,370,2,NA,NA,NA,NA,NA,NA,NA,NA
2011,2,4,15,5,2011-04-15,"OO",20304,"OO","N234SW",6283,12892,1289201,32575,"LAX","Los Angeles, CA","CA",6,"California",91,12436,1243601,32436,"IYK","Inyokern, CA","CA",6,"California",91,2004,2001,-3,0,0,-1,"2000-2059",17,2018,2052,6,2100,2058,-2,0,0,-1,"2100-2159",0,"",0,56,57,34,1,123,1,NA,NA,NA,NA,NA,NA,NA,NA
2011,2,4,25,1,2011-04-25,"AA",19805,"AA","N328AA",40,12892,1289201,32575,"LAX","Los Angeles, CA","CA",6,"California",91,12478,1247801,31703,"JFK","New York, NY","NY",36,"New York",22,1100,1101,1,1,0,0,"1100-1159",19,1120,1910,19,1935,1929,-6,0,0,-1,"1900-1959",0,"",0,335,328,290,1,2475,10,NA,NA,NA,NA,NA,NA,NA,NA
2011,2,4,16,6,2011-04-16,"WN",19393,"WN","N326SW",1367,12892,1289201,32575,"LAX","Los Angeles, CA","CA",6,"California",91,11292,1129202,30325,"DEN","Denver, CO","CO",8,"Colorado",82,800,812,12,12,0,0,"0800-0859",10,822,1109,5,1120,1114,-6,0,0,-1,"1100-1159",0,"",0,140,122,107,1,862,4,NA,NA,NA,NA,NA,NA,NA,NA
2011,2,4,25,1,2011-04-25,"UA",19977,"UA","N827UA",444,12892,1289201,32575,"LAX","Los Angeles, CA","CA",6,"California",91,14771,1477101,32457,"SFO","San Francisco, CA","CA",6,"California",91,1344,1342,-2,0,0,-1,"1300-1359",18,1400,1504,7,1508,1511,3,3,0,0,"1500-1559",0,"",0,84,89,64,1,337,2,NA,NA,NA,NA,NA,NA,NA,NA
2011,2,4,26,2,2011-04-26,"WN",19393,"WN","N403WN",647,12892,1289201,32575,"LAX","Los Angeles, CA","CA",6,"California",91,12889,1288902,32211,"LAS","Las Vegas, NV","NV",32,"Nevada",85,1940,1937,-3,0,0,-1,"1900-1959",11,1948,2029,5,2040,2034,-6,0,0,-1,"2000-2059",0,"",0,60,57,41,1,236,1,NA,NA,NA,NA,NA,NA,NA,NA
2011,2,4,22,5,2011-04-22,"OO",20304,"OO","N724SK",6296,12892,1289201,32575,"LAX","Los Angeles, CA","CA",6,"California",91,11298,1129802,30194,"DFW","Dallas/Fort Worth, TX","TX",48,"Texas",74,1845,1838,-7,0,0,-1,"1800-1859",18,1856,2325,6,2342,2331,-11,0,0,-1,"2300-2359",0,"",0,177,173,149,1,1235,5,NA,NA,NA,NA,NA,NA,NA,NA
2011,2,4,25,1,2011-04-25,"CO",19704,"CO","N75858",503,12892,1289201,32575,"LAX","Los Angeles, CA","CA",6,"California",91,11618,1161801,31703,"EWR","Newark, NJ","NJ",34,"New Jersey",21,2200,2239,39,39,1,2,"2200-2259",20,2259,629,7,559,636,37,37,1,2,"0001-0559",0,"",0,299,297,270,1,2454,10,0,0,13,0,24,NA,NA,NA
2011,2,4,2,6,2011-04-02,"OO",20304,"OO","N235SW",6309,12892,1289201,32575,"LAX","Los Angeles, CA","CA",6,"California",91,14262,1426201,34262,"PSP","Palm Springs, CA","CA",6,"California",91,1825,1840,15,15,1,1,"1800-1859",12,1852,1924,3,1912,1927,15,15,1,1,"1900-1959",0,"",0,47,47,32,1,110,1,0,0,0,0,15,NA,NA,NA
2011,2,4,14,4,2011-04-14,"DL",19790,"DL","N128DL",2354,12892,1289201,32575,"LAX","Los Angeles, CA","CA",6,"California",91,10397,1039703,30397,"ATL","Atlanta, GA","GA",13,"Georgia",34,2355,33,38,38,1,2,"2300-2359",15,48,721,17,711,738,27,27,1,1,"0700-0759",0,"",0,256,245,213,1,1946,8,11,0,0,0,16,NA,NA,NA
2011,2,4,30,6,2011-04-30,"UA",19977,"UA","N673UA",328,12892,1289201,32575,"LAX","Los Angeles, CA","CA",6,"California",91,11292,1129202,30325,"DEN","Denver, CO","CO",8,"Colorado",82,716,710,-6,0,0,-1,"0700-0759",17,727,1007,6,1034,1013,-21,0,0,-2,"1000-1059",0,"",0,138,123,100,1,862,4,NA,NA,NA,NA,NA,NA,NA,NA
2011,2,4,21,4,2011-04-21,"DL",19790,"DL","N706TW",2362,12892,1289201,32575,"LAX","Los Angeles, CA","CA",6,"California",91,12478,1247801,31703,"JFK","New York, NY","NY",36,"New York",22,1630,1628,-2,0,0,-1,"1600-1659",22,1650,18,15,51,33,-18,0,0,-2,"0001-0559",0,"",0,321,305,268,1,2475,10,NA,NA,NA,NA,NA,NA,NA,NA
2011,2,4,16,6,2011-04-16,"DL",19790,"DL","N126DL",2154,12892,1289201,32575,"LAX","Los Angeles, CA","CA",6,"California",91,10397,1039703,30397,"ATL","Atlanta, GA","GA",13,"Georgia",34,630,629,-1,0,0,-1,"0600-0659",18,647,1319,8,1351,1327,-24,0,0,-2,"1300-1359",0,"",0,261,238,212,1,1946,8,NA,NA,NA,NA,NA,NA,NA,NA
2011,2,4,16,6,2011-04-16,"WN",19393,"WN","N326SW",1367,12892,1289201,32575,"LAX","Los Angeles, CA","CA",6,"California",91,11292,1129202,30325,"DEN","Denver, CO","CO",8,"Colorado",82,800,812,12,12,0,0,"0800-0859",10,822,1109,5,1120,1114,-6,0,0,-1,"1100-1159",0,"",0,140,122,107,1,862,4,NA,NA,NA,NA,NA,NA,NA,NA
2011,2,4,10,7,2011-04-10,"WN",19393,"WN","N947WN",446,12892,1289201,32575,"LAX","Los Angeles, CA","CA",6,"California",91,15016,1501602,31123,"STL","St. Louis, MO","MO",29,"Missouri",64,1255,1253,-2,0,0,-1,"1200-1259",11,1304,1805,4,1825,1809,-16,0,0,-2,"1800-1859",0,"",0,210,196,181,1,1593,7,NA,NA,NA,NA,NA,NA,NA,NA
2011,2,4,10,7,2011-04-10,"FL",20437,"FL","N330AT",58,12892,1289201,32575,"LAX","Los Angeles, CA","CA",6,"California",91,10397,1039703,30397,"ATL","Atlanta, GA","GA",13,"Georgia",34,2345,2347,2,2,0,0,"2300-2359",11,2358,641,4,700,645,-15,0,0,-1,"0700-0759",0,"",0,255,238,223,1,1946,8,NA,NA,NA,NA,NA,NA,NA,NA
2011,2,4,17,7,2011-04-17,"OO",20304,"OO","N233SW",6461,12892,1289201,32575,"LAX","Los Angeles, CA","CA",6,"California",91,16218,1621801,33785,"YUM","Yuma, AZ","AZ",4,"Arizona",81,2105,2122,17,17,1,1,"2100-2159",22,2144,2237,1,2212,2238,26,26,1,1,"2200-2259",0,"",0,67,76,53,1,237,1,0,0,9,0,17,NA,NA,NA
2011,2,4,15,5,2011-04-15,"AA",19805,"AA","N5CTAA",1804,12892,1289201,32575,"LAX","Los Angeles, CA","CA",6,"California",91,13303,1330302,32467,"MIA","Miami, FL","FL",12,"Florida",33,2330,2329,-1,0,0,-1,"2300-2359",20,2349,700,8,720,708,-12,0,0,-1,"0700-0759",0,"",0,290,279,251,1,2342,10,NA,NA,NA,NA,NA,NA,NA,NA
2011,2,4,10,7,2011-04-10,"WN",19393,"WN","N661SW",994,12892,1289201,32575,"LAX","Los Angeles, CA","CA",6,"California",91,15376,1537601,30436,"TUS","Tucson, AZ","AZ",4,"Arizona",81,1645,1710,25,25,1,1,"1600-1659",9,1719,1825,2,1800,1827,27,27,1,1,"1800-1859",0,"",0,75,77,66,1,451,2,25,0,2,0,0,NA,NA,NA
2011,2,4,22,5,2011-04-22,"AA",19805,"AA","N3FEAA",1254,12892,1289201,32575,"LAX","Los Angeles, CA","CA",6,"California",91,13303,1330302,32467,"MIA","Miami, FL","FL",12,"Florida",33,2145,2207,22,22,1,1,"2100-2159",14,2221,539,4,535,543,8,8,0,0,"0001-0559",0,"",0,290,276,258,1,2342,10,NA,NA,NA,NA,NA,NA,NA,NA
2011,2,4,25,1,2011-04-25,"B6",20409,"B6","N651JB",672,12892,1289201,32575,"LAX","Los Angeles, CA","CA",6,"California",91,12478,1247801,31703,"JFK","New York, NY","NY",36,"New York",22,1140,1153,13,13,0,0,"1100-1159",13,1206,1952,11,2002,2003,1,1,0,0,"2000-2059",0,"",0,322,310,286,1,2475,10,NA,NA,NA,NA,NA,NA,NA,NA
2011,2,4,6,3,2011-04-06,"AA",19805,"AA","",1798,12892,1289201,32575,"LAX","Los Angeles, CA","CA",6,"California",91,14771,1477101,32457,"SFO","San Francisco, CA","CA",6,"California",91,1925,NA,NA,NA,NA,NA,"1900-1959",NA,NA,NA,NA,2045,NA,NA,NA,NA,NA,"2000-2059",1,"A",0,80,NA,NA,1,337,2,NA,NA,NA,NA,NA,NA,NA,NA
2011,2,4,1,5,2011-04-01,"WN",19393,"WN","N237WN",387,12892,1289201,32575,"LAX","Los Angeles, CA","CA",6,"California",91,12889,1288902,32211,"LAS","Las Vegas, NV","NV",32,"Nevada",85,930,928,-2,0,0,-1,"0900-0959",7,935,1019,4,1035,1023,-12,0,0,-1,"1000-1059",0,"",0,65,55,44,1,236,1,NA,NA,NA,NA,NA,NA,NA,NA
2011,2,4,20,3,2011-04-20,"AA",19805,"AA","N3GCAA",114,12892,1289201,32575,"LAX","Los Angeles, CA","CA",6,"California",91,11618,1161801,31703,"EWR","Newark, NJ","NJ",34,"New Jersey",21,800,754,-6,0,0,-1,"0800-0859",17,811,1540,21,1625,1601,-24,0,0,-2,"1600-1659",0,"",0,325,307,269,1,2454,10,NA,NA,NA,NA,NA,NA,NA,NA
2011,2,4,28,4,2011-04-28,"MQ",20398,"MQ","N837MQ",3019,12892,1289201,32575,"LAX","Los Angeles, CA","CA",6,"California",91,11638,1163802,31638,"FAT","Fresno, CA","CA",6,"California",91,2115,2109,-6,0,0,-1,"2100-2159",12,2121,2203,3,2210,2206,-4,0,0,-1,"2200-2259",0,"",0,55,57,42,1,209,1,NA,NA,NA,NA,NA,NA,NA,NA
2011,2,4,27,3,2011-04-27,"OO",20304,"OO","N983CA",6344,12892,1289201,32575,"LAX","Los Angeles, CA","CA",6,"California",91,14679,1467902,33570,"SAN","San Diego, CA","CA",6,"California",91,2258,2255,-3,0,0,-1,"2200-2259",16,2311,2335,4,2352,2339,-13,0,0,-1,"2300-2359",0,"",0,54,44,24,1,109,1,NA,NA,NA,NA,NA,NA,NA,NA
2011,2,4,23,6,2011-04-23,"WN",19393,"WN","N359SW",922,12892,1289201,32575,"LAX","Los Angeles, CA","CA",6,"California",91,12889,1288902,32211,"LAS","Las Vegas, NV","NV",32,"Nevada",85,1945,2011,26,26,1,1,"1900-1959",7,2018,2103,3,2050,2106,16,16,1,1,"2000-2059",0,"",0,65,55,45,1,236,1,0,0,2,0,14,NA,NA,NA
2011,2,4,29,5,2011-04-29,"B6",20409,"B6","N579JB",670,12892,1289201,32575,"LAX","Los Angeles, CA","CA",6,"California",91,12478,1247801,31703,"JFK","New York, NY","NY",36,"New York",22,740,738,-2,0,0,-1,"0700-0759",11,749,1523,11,1600,1534,-26,0,0,-2,"1600-1659",0,"",0,320,296,274,1,2475,10,NA,NA,NA,NA,NA,NA,NA,NA
2011,2,4,28,4,2011-04-28,"OO",20304,"OO","N976SW",6333,12892,1289201,32575,"LAX","Los Angeles, CA","CA",6,"California",91,14679,1467902,33570,"SAN","San Diego, CA","CA",6,"California",91,1300,1256,-4,0,0,-1,"1300-1359",29,1325,1349,4,1352,1353,1,1,0,0,"1300-1359",0,"",0,52,57,24,1,109,1,NA,NA,NA,NA,NA,NA,NA,NA
2011,2,4,27,3,2011-04-27,"WN",19393,"WN","N441WN",368,12892,1289201,32575,"LAX","Los Angeles, CA","CA",6,"California",91,11292,1129202,30325,"DEN","Denver, CO","CO",8,"Colorado",82,1320,1333,13,13,0,0,"1300-1359",16,1349,1633,6,1630,1639,9,9,0,0,"1600-1659",0,"",0,130,126,104,1,862,4,NA,NA,NA,NA,NA,NA,NA,NA
2011,2,4,11,1,2011-04-11,"OO",20304,"OO","N779SK",6968,12892,1289201,32575,"LAX","Los Angeles, CA","CA",6,"California",91,14747,1474702,30559,"SEA","Seattle, WA","WA",53,"Washington",93,1526,1539,13,13,0,0,"1500-1559",18,1557,1802,5,1803,1807,4,4,0,0,"1800-1859",0,"",0,157,148,125,1,954,4,NA,NA,NA,NA,NA,NA,NA,NA
2011,2,4,26,2,2011-04-26,"WN",19393,"WN","N485WN",1280,12892,1289201,32575,"LAX","Los Angeles, CA","CA",6,"California",91,12889,1288902,32211,"LAS","Las Vegas, NV","NV",32,"Nevada",85,1450,1524,34,34,1,2,"1400-1459",6,1530,1611,6,1555,1617,22,22,1,1,"1500-1559",0,"",0,65,53,41,1,236,1,15,0,0,0,7,NA,NA,NA
2011,2,4,28,4,2011-04-28,"WN",19393,"WN","N626SW",1277,12892,1289201,32575,"LAX","Los Angeles, CA","CA",6,"California",91,12889,1288902,32211,"LAS","Las Vegas, NV","NV",32,"Nevada",85,800,801,1,1,0,0,"0800-0859",11,812,855,5,900,900,0,0,0,0,"0900-0959",0,"",0,60,59,43,1,236,1,NA,NA,NA,NA,NA,NA,NA,NA
2011,2,4,28,4,2011-04-28,"AA",19805,"AA","N3DXAA",733,12892,1289201,32575,"LAX","Los Angeles, CA","CA",6,"California",91,12889,1288902,32211,"LAS","Las Vegas, NV","NV",32,"Nevada",85,925,919,-6,0,0,-1,"0900-0959",17,936,1020,8,1035,1028,-7,0,0,-1,"1000-1059",0,"",0,70,69,44,1,236,1,NA,NA,NA,NA,NA,NA,NA,NA
2011,2,4,9,6,2011-04-09,"MQ",20398,"MQ","N837MQ",3073,12892,1289201,32575,"LAX","Los Angeles, CA","CA",6,"California",91,14679,1467902,33570,"SAN","San Diego, CA","CA",6,"California",91,1915,1910,-5,0,0,-1,"1900-1959",9,1919,1948,5,2000,1953,-7,0,0,-1,"2000-2059",0,"",0,45,43,29,1,109,1,NA,NA,NA,NA,NA,NA,NA,NA
2011,2,4,29,5,2011-04-29,"CO",19704,"CO","N78866",1614,12892,1289201,32575,"LAX","Los Angeles, CA","CA",6,"California",91,12266,1226602,31453,"IAH","Houston, TX","TX",48,"Texas",74,30,49,19,19,1,1,"0001-0559",10,59,530,6,535,536,1,1,0,0,"0001-0559",0,"",0,185,167,151,1,1379,6,NA,NA,NA,NA,NA,NA,NA,NA
2011,2,4,3,7,2011-04-03,"UA",19977,"UA","N406UA",126,12892,1289201,32575,"LAX","Los Angeles, CA","CA",6,"California",91,13930,1393001,30977,"ORD","Chicago, IL","IL",17,"Illinois",41,2300,2327,27,27,1,1,"2300-2359",11,2338,506,4,458,510,12,12,0,0,"0001-0559",0,"",0,238,223,208,1,1745,7,NA,NA,NA,NA,NA,NA,NA,NA
2011,2,4,25,1,2011-04-25,"AS",19930,"AS","N523AS",245,12892,1289201,32575,"LAX","Los Angeles, CA","CA",6,"California",91,14747,1474702,30559,"SEA","Seattle, WA","WA",53,"Washington",93,2100,2053,-7,0,0,-1,"2100-2159",13,2106,2341,3,2337,2344,7,7,0,0,"2300-2359",0,"",0,157,171,155,1,954,4,NA,NA,NA,NA,NA,NA,NA,NA
2011,2,4,4,1,2011-04-04,"OO",20304,"OO","N785SK",6654,12892,1289201,32575,"LAX","Los Angeles, CA","CA",6,"California",91,11298,1129802,30194,"DFW","Dallas/Fort Worth, TX","TX",48,"Texas",74,724,716,-8,0,0,-1,"0700-0759",13,729,1204,6,1221,1210,-11,0,0,-1,"1200-1259",0,"",0,177,174,155,1,1235,5,NA,NA,NA,NA,NA,NA,NA,NA
2011,2,4,20,3,2011-04-20,"OO",20304,"OO","N978SW",6290,12892,1289201,32575,"LAX","Los Angeles, CA","CA",6,"California",91,13476,1347601,34922,"MRY","Monterey, CA","CA",6,"California",91,735,804,29,29,1,1,"0700-0759",15,819,905,3,843,908,25,25,1,1,"0800-0859",0,"",0,68,64,46,1,267,2,0,0,0,0,25,NA,NA,NA
2011,2,4,8,5,2011-04-08,"WN",19393,"WN","N341SW",2095,12892,1289201,32575,"LAX","Los Angeles, CA","CA",6,"California",91,14831,1483102,32457,"SJC","San Jose, CA","CA",6,"California",91,945,1002,17,17,1,1,"0900-0959",9,1011,1059,4,1050,1103,13,13,0,0,"1000-1059",0,"",0,65,61,48,1,308,2,NA,NA,NA,NA,NA,NA,NA,NA
