"Year","Quarter","Month","DayofMonth","DayOfWeek","FlightDate","UniqueCarrier","AirlineID","Carrier","TailNum","FlightNum","OriginAirportID","OriginAirportSeqID","OriginCityMarketID","Origin","OriginCityName","OriginState","OriginStateFips","OriginStateName","OriginWac","DestAirportID","DestAirportSeqID","DestCityMarketID","Dest","DestCityName","DestState","DestStateFips","DestStateName","DestWac","CRSDepTime","DepTime","DepDelay","DepDelayMinutes","DepDel15","DepartureDelayGroups","DepTimeBlk","TaxiOut","WheelsOff","WheelsOn","TaxiIn","CRSArrTime","ArrTime","ArrDelay","ArrDelayMinutes","ArrDel15","ArrivalDelayGroups","ArrTimeBlk","Cancelled","CancellationCode","Diverted","CRSElapsedTime","ActualElapsedTime","AirTime","Flights","Distance","DistanceGroup","CarrierDelay","WeatherDelay","NASDelay","SecurityDelay","LateAircraftDelay","FirstDepTime","TotalAddGTime","LongestAddGTime"
2011,1,1,31,1,2011-01-31,"WN",19393,"WN","N711HK",1750,14107,1410701,30466,"PHX","Phoenix, AZ","AZ",4,"Arizona",81,10800,1080002,32575,"BUR","Burbank, CA","CA",6,"California",91,1035,1044,9,9,0,0,"1000-1059",6,1050,1057,2,1110,1059,-11,0,0,-1,"1100-1159",0,"",0,95,75,67,1,369,2,NA,NA,NA,NA,NA,NA,NA,NA
2011,1,1,28,5,2011-01-28,"US",20355,"US","N626AW",9,14107,1410701,30466,"PHX","Phoenix, AZ","AZ",4,"Arizona",81,13930,1393001,30977,"ORD","Chicago, IL","IL",17,"Illinois",41,1940,1936,-4,0,0,-1,"1900-1959",12,1948,2350,4,2358,2354,-4,0,0,-1,"2300-2359",0,"",0,198,198,182,1,1440,6,NA,NA,NA,NA,NA,NA,NA,NA
2011,1,1,6,4,2011-01-06,"US",20355,"US","N621AW",51,14107,1410701,30466,"PHX","Phoenix, AZ","AZ",4,"Arizona",81,13487,1348701,31650,"MSP","Minneapolis, MN","MN",27,"Minnesota",63,1310,1302,-8,0,0,-1,"1300-1359",11,1313,1658,4,1718,1702,-16,0,0,-2,"1700-1759",0,"",0,188,180,165,1,1276,6,NA,NA,NA,NA,NA,NA,NA,NA
2011,1,1,12,3,2011-01-12,"CO",19704,"CO","N37434",1634,14107,1410701,30466,"PHX","Phoenix, AZ","AZ",4,"Arizona",81,11618,1161801,31703,"EWR","Newark, NJ","NJ",34,"New Jersey",21,1725,1727,2,2,0,0,"1700-1759",17,1744,14,7,2356,21,25,25,1,1,"2300-2359",0,"",0,271,294,270,1,2133,9,0,0,25,0,0,NA,NA,NA
2011,1,1,31,1,2011-01-31,"US",20355,"US","N839AW",524,14107,1410701,30466,"PHX","Phoenix, AZ","AZ",4,"Arizona",81,14570,1457001,34570,"RNO","Reno, NV","NV",32,"Nevada",85,1440,1433,-7,0,0,-1,"1400-1459",13,1446,1519,2,1532,1521,-11,0,0,-1,"1500-1559",0,"",0,112,108,93,1,601,3,NA,NA,NA,NA,NA,NA,NA,NA
2011,1,1,19,3,2011-01-19,"YV",20378,"YV","N942LR",2710,14107,1410701,30466,"PHX","Phoenix, AZ","AZ",4,"Arizona",81,14908,1490802,32575,"SNA","Santa Ana, CA","CA",6,"California",91,1659,1655,-4,0,0,-1,"1600-1659",10,1705,1659,6,1717,1705,-12,0,0,-1,"1700-1759",0,"",0,78,70,54,1,338,2,NA,NA,NA,NA,NA,NA,NA,NA
2011,1,1,20,4,2011-01-20,"YV",20378,"YV","N904FJ",2829,14107,1410701,30466,"PHX","Phoenix, AZ","AZ",4,"Arizona",81,15376,1537601,30436,"TUS","Tucson, AZ","AZ",4,"Arizona",81,1946,1942,-4,0,0,-1,"1900-1959",24,2006,2028,5,2032,2033,1,1,0,0,"2000-2059",0,"",0,46,51,22,1,110,1,NA,NA,NA,NA,NA,NA,NA,NA
2011,1,1,8,6,2011-01-08,"YV",20378,"YV","N927LR",2990,14107,1410701,30466,"PHX","Phoenix, AZ","AZ",4,"Arizona",81,14570,1457001,34570,"RNO","Reno, NV","NV",32,"Nevada",85,1745,1745,0,0,0,0,"1700-1759",6,1751,1819,6,1835,1825,-10,0,0,-1,"1800-1859",0,"",0,110,100,88,1,601,3,NA,NA,NA,NA,NA,NA,NA,NA
2011,1,1,9,7,2011-01-09,"WN",19393,"WN","N510SW",621,14107,1410701,30466,"PHX","Phoenix, AZ","AZ",4,"Arizona",81,13891,1389101,32575,"ONT","Ontario, CA","CA",6,"California",91,2045,2054,9,9,0,0,"2000-2059",6,2100,2055,4,2055,2059,4,4,0,0,"2000-2059",0,"",0,70,65,55,1,325,2,NA,NA,NA,NA,NA,NA,NA,NA
2011,1,1,21,5,2011-01-21,"YV",20378,"YV","N987HA",2839,14107,1410701,30466,"PHX","Phoenix, AZ","AZ",4,"Arizona",81,11695,1169501,31695,"FLG","Flagstaff, AZ","AZ",4,"Arizona",81,947,937,-10,0,0,-1,"0900-0959",28,1005,1034,6,1055,1040,-15,0,0,-1,"1000-1059",0,"",0,68,63,29,1,119,1,NA,NA,NA,NA,NA,NA,NA,NA
2011,1,1,2,7,2011-01-02,"AA",19805,"AA","N3AVAA",566,14107,1410701,30466,"PHX","Phoenix, AZ","AZ",4,"Arizona",81,11298,1129802,30194,"DFW","Dallas/Fort Worth, TX","TX",48,"Texas",74,1410,1420,10,10,0,0,"1400-1459",9,1429,1709,16,1725,1725,0,0,0,0,"1700-1759",0,"",0,135,125,100,1,868,4,NA,NA,NA,NA,NA,NA,NA,NA
2011,1,1,14,5,2011-01-14,"YV",20378,"YV","N77260",2874,14107,1410701,30466,"PHX","Phoenix, AZ","AZ",4,"Arizona",81,10561,1056102,30561,"BFL","Bakersfield, CA","CA",6,"California",91,1445,1436,-9,0,0,-1,"1400-1459",14,1450,1451,4,1516,1455,-21,0,0,-2,"1500-1559",0,"",0,91,79,61,1,425,2,NA,NA,NA,NA,NA,NA,NA,NA
2011,1,1,23,7,2011-01-23,"UA",19977,"UA","N538UA",377,14107,1410701,30466,"PHX","Phoenix, AZ","AZ",4,"Arizona",81,11292,1129202,30325,"DEN","Denver, CO","CO",8,"Colorado",82,1633,1630,-3,0,0,-1,"1600-1659",10,1640,1802,5,1819,1807,-12,0,0,-1,"1800-1859",0,"",0,106,97,82,1,602,3,NA,NA,NA,NA,NA,NA,NA,NA
2011,1,1,16,7,2011-01-16,"US",20355,"US","N661AW",500,14107,1410701,30466,"PHX","Phoenix, AZ","AZ",4,"Arizona",81,12339,1233903,32337,"IND","Indianapolis, IN","IN",18,"Indiana",42,1940,1938,-2,0,0,-1,"1900-1959",15,1953,59,5,57,104,7,7,0,0,"0001-0559",0,"",0,197,206,186,1,1489,6,NA,NA,NA,NA,NA,NA,NA,NA
2011,1,1,19,3,2011-01-19,"WN",19393,"WN","N752SW",1202,14107,1410701,30466,"PHX","Phoenix, AZ","AZ",4,"Arizona",81,14908,1490802,32575,"SNA","Santa Ana, CA","CA",6,"California",91,1200,1219,19,19,1,1,"1200-1259",9,1228,1232,4,1220,1236,16,16,1,1,"1200-1259",0,"",0,80,77,64,1,338,2,2,0,0,0,14,NA,NA,NA
2011,1,1,8,6,2011-01-08,"US",20355,"US","N174US",1256,14107,1410701,30466,"PHX","Phoenix, AZ","AZ",4,"Arizona",81,14100,1410001,34100,"PHL","Philadelphia, PA","PA",42,"Pennsylvania",23,1310,1308,-2,0,0,-1,"1300-1359",14,1322,1925,4,1938,1929,-9,0,0,-1,"1900-1959",0,"",0,268,261,243,1,2075,9,NA,NA,NA,NA,NA,NA,NA,NA
2011,1,1,8,6,2011-01-08,"US",20355,"US","N653AW",280,14107,1410701,30466,"PHX","Phoenix, AZ","AZ",4,"Arizona",81,14831,1483102,32457,"SJC","San Jose, CA","CA",6,"California",91,1055,1049,-6,0,0,-1,"1000-1059",14,1103,1150,6,1153,1156,3,3,0,0,"1100-1159",0,"",0,118,127,107,1,622,3,NA,NA,NA,NA,NA,NA,NA,NA
2011,1,1,5,3,2011-01-05,"WN",19393,"WN","N385SW",3420,14107,1410701,30466,"PHX","Phoenix, AZ","AZ",4,"Arizona",81,12889,1288902,32211,"LAS","Las Vegas, NV","NV",32,"Nevada",85,745,NA,NA,NA,NA,NA,"0700-0759",NA,NA,NA,NA,750,NA,NA,NA,NA,NA,"0700-0759",1,"A",0,65,NA,NA,1,256,2,NA,NA,NA,NA,NA,NA,NA,NA
2011,1,1,10,1,2011-01-10,"US",20355,"US","N664AW",500,14107,1410701,30466,"PHX","Phoenix, AZ","AZ",4,"Arizona",81,12339,1233903,32337,"IND","Indianapolis, IN","IN",18,"Indiana",42,1940,1933,-7,0,0,-1,"1900-1959",8,1941,28,4,57,32,-25,0,0,-2,"0001-0559",0,"",0,197,179,167,1,1489,6,NA,NA,NA,NA,NA,NA,NA,NA
2011,1,1,20,4,2011-01-20,"US",20355,"US","N631AW",57,14107,1410701,30466,"PHX","Phoenix, AZ","AZ",4,"Arizona",81,13487,1348701,31650,"MSP","Minneapolis, MN","MN",27,"Minnesota",63,945,943,-2,0,0,-1,"0900-0959",17,1000,1358,5,1356,1403,7,7,0,0,"1300-1359",0,"",0,191,200,178,1,1276,6,NA,NA,NA,NA,NA,NA,NA,NA
2011,1,1,8,6,2011-01-08,"US",20355,"US","N622AW",460,14107,1410701,30466,"PHX","Phoenix, AZ","AZ",4,"Arizona",81,12339,1233903,32337,"IND","Indianapolis, IN","IN",18,"Indiana",42,955,946,-9,0,0,-1,"0900-0959",17,1003,1458,6,1524,1504,-20,0,0,-2,"1500-1559",0,"",0,209,198,175,1,1489,6,NA,NA,NA,NA,NA,NA,NA,NA
2011,1,1,21,5,2011-01-21,"WN",19393,"WN","N436WN",1223,14107,1410701,30466,"PHX","Phoenix, AZ","AZ",4,"Arizona",81,12892,1289201,32575,"LAX","Los Angeles, CA","CA",6,"California",91,1035,1035,0,0,0,0,"1000-1059",12,1047,1046,9,1105,1055,-10,0,0,-1,"1100-1159",0,"",0,90,80,59,1,370,2,NA,NA,NA,NA,NA,NA,NA,NA
2011,1,1,16,7,2011-01-16,"OO",20304,"OO","N762SK",1139,14107,1410701,30466,"PHX","Phoenix, AZ","AZ",4,"Arizona",81,12266,1226602,31453,"IAH","Houston, TX","TX",48,"Texas",74,1000,959,-1,0,0,-1,"1000-1059",19,1018,1333,6,1332,1339,7,7,0,0,"1300-1359",0,"",0,152,160,135,1,1009,5,NA,NA,NA,NA,NA,NA,NA,NA
2011,1,1,28,5,2011-01-28,"US",20355,"US","N629AW",88,14107,1410701,30466,"PHX","Phoenix, AZ","AZ",4,"Arizona",81,14057,1405701,34057,"PDX","Portland, OR","OR",41,"Oregon",92,1115,1109,-6,0,0,-1,"1100-1159",19,1128,1250,3,1304,1253,-11,0,0,-1,"1300-1359",0,"",0,169,164,142,1,1009,5,NA,NA,NA,NA,NA,NA,NA,NA
2011,1,1,25,2,2011-01-25,"YV",20378,"YV","N7305V",2775,14107,1410701,30466,"PHX","Phoenix, AZ","AZ",4,"Arizona",81,10561,1056102,30561,"BFL","Bakersfield, CA","CA",6,"California",91,1100,1130,30,30,1,2,"1100-1159",30,1200,1206,4,1134,1210,36,36,1,2,"1100-1159",0,"",0,94,100,66,1,425,2,0,30,6,0,0,NA,NA,NA
2011,1,1,26,3,2011-01-26,"WN",19393,"WN","N362SW",462,14107,1410701,30466,"PHX","Phoenix, AZ","AZ",4,"Arizona",81,14679,1467902,33570,"SAN","San Diego, CA","CA",6,"California",91,800,759,-1,0,0,-1,"0800-0859",13,812,802,2,810,804,-6,0,0,-1,"0800-0859",0,"",0,70,65,50,1,304,2,NA,NA,NA,NA,NA,NA,NA,NA
2011,1,1,10,1,2011-01-10,"WN",19393,"WN","N400WN",3155,14107,1410701,30466,"PHX","Phoenix, AZ","AZ",4,"Arizona",81,13891,1389101,32575,"ONT","Ontario, CA","CA",6,"California",91,1040,1044,4,4,0,0,"1000-1059",17,1101,1056,5,1050,1101,11,11,0,0,"1000-1059",0,"",0,70,77,55,1,325,2,NA,NA,NA,NA,NA,NA,NA,NA
2011,1,1,23,7,2011-01-23,"UA",19977,"UA","N538UA",377,14107,1410701,30466,"PHX","Phoenix, AZ","AZ",4,"Arizona",81,11292,1129202,30325,"DEN","Denver, CO","CO",8,"Colorado",82,1633,1630,-3,0,0,-1,"1600-1659",10,1640,1802,5,1819,1807,-12,0,0,-1,"1800-1859",0,"",0,106,97,82,1,602,3,NA,NA,NA,NA,NA,NA,NA,NA
2011,1,1,29,6,2011-01-29,"DL",19790,"DL","N361NW",264,14107,1410701,30466,"PHX","Phoenix, AZ","AZ",4,"Arizona",81,13487,1348701,31650,"MSP","Minneapolis, MN","MN",27,"Minnesota",63,1340,1329,-11,0,0,-1,"1300-1359",15,1344,1722,16,1750,1738,-12,0,0,-1,"1700-1759",0,"",0,190,189,158,1,1276,6,NA,NA,NA,NA,NA,NA,NA,NA
2011,1,1,18,2,2011-01-18,"WN",19393,"WN","N551WN",925,14107,1410701,30466,"PHX","Phoenix, AZ","AZ",4,"Arizona",81,10140,1014001,30140,"ABQ","Albuquerque, NM","NM",35,"New Mexico",86,1105,1114,9,9,0,0,"1100-1159",20,1134,1218,4,1215,1222,7,7,0,0,"1200-1259",0,"",0,70,68,44,1,328,2,NA,NA,NA,NA,NA,NA,NA,NA
2011,1,1,6,4,2011-01-06,"AS",19930,"AS","N754AS",645,14107,1410701,30466,"PHX","Phoenix, AZ","AZ",4,"Arizona",81,14747,1474702,30559,"SEA","Seattle, WA","WA",53,"Washington",93,1205,1202,-3,0,0,-1,"1200-1259",14,1216,1353,7,1420,1400,-20,0,0,-2,"1400-1459",0,"",0,195,178,157,1,1107,5,NA,NA,NA,NA,NA,NA,NA,NA
2011,1,1,11,2,2011-01-11,"FL",20437,"FL","N337AT",539,14107,1410701,30466,"PHX","Phoenix, AZ","AZ",4,"Arizona",81,10397,1039703,30397,"ATL","Atlanta, GA","GA",13,"Georgia",34,1420,1456,36,36,1,2,"1400-1459",13,1509,2005,14,1948,2019,31,31,1,2,"1900-1959",0,"",0,208,203,176,1,1587,7,0,0,0,0,31,NA,NA,NA
2011,1,1,12,3,2011-01-12,"CO",19704,"CO","N37434",1634,14107,1410701,30466,"PHX","Phoenix, AZ","AZ",4,"Arizona",81,11618,1161801,31703,"EWR","Newark, NJ","NJ",34,"New Jersey",21,1725,1727,2,2,0,0,"1700-1759",17,1744,14,7,2356,21,25,25,1,1,"2300-2359",0,"",0,271,294,270,1,2133,9,0,0,25,0,0,NA,NA,NA
2011,1,1,11,2,2011-01-11,"DL",19790,"DL","N372DA",2592,14107,1410701,30466,"PHX","Phoenix, AZ","AZ",4,"Arizona",81,13487,1348701,31650,"MSP","Minneapolis, MN","MN",27,"Minnesota",63,1630,1623,-7,0,0,-1,"1600-1659",21,1644,2020,28,2036,2048,12,12,0,0,"2000-2059",0,"",0,186,205,156,1,1276,6,NA,NA,NA,NA,NA,NA,NA,NA
2011,1,1,6,4,2011-01-06,"WN",19393,"WN","N773SA",289,14107,1410701,30466,"PHX","Phoenix, AZ","AZ",4,"Arizona",81,14771,1477101,32457,"SFO","San Francisco, CA","CA",6,"California",91,715,712,-3,0,0,-1,"0700-0759",10,722,812,6,825,818,-7,0,0,-1,"0800-0859",0,"",0,130,126,110,1,651,3,NA,NA,NA,NA,NA,NA,NA,NA
2011,1,1,31,1,2011-01-31,"WN",19393,"WN","N376SW",2236,14107,1410701,30466,"PHX","Phoenix, AZ","AZ",4,"Arizona",81,13851,1385102,33851,"OKC","Oklahoma City, OK","OK",40,"Oklahoma",73,1050,1101,11,11,0,0,"1000-1059",9,1110,1352,3,1355,1355,0,0,0,0,"1300-1359",0,"",0,125,114,102,1,833,4,NA,NA,NA,NA,NA,NA,NA,NA
2011,1,1,9,7,2011-01-09,"US",20355,"US","N628AW",456,14107,1410701,30466,"PHX","Phoenix, AZ","AZ",4,"Arizona",81,14869,1486902,34614,"SLC","Salt Lake City, UT","UT",49,"Utah",87,1745,1743,-2,0,0,-1,"1700-1759",11,1754,1916,5,1920,1921,1,1,0,0,"1900-1959",0,"",0,95,98,82,1,507,3,NA,NA,NA,NA,NA,NA,NA,NA
2011,1,1,26,3,2011-01-26,"YV",20378,"YV","N931LR",2917,14107,1410701,30466,"PHX","Phoenix, AZ","AZ",4,"Arizona",81,15376,1537601,30436,"TUS","Tucson, AZ","AZ",4,"Arizona",81,820,810,-10,0,0,-1,"0800-0859",20,830,851,9,905,900,-5,0,0,-1,"0900-0959",0,"",0,45,50,21,1,110,1,NA,NA,NA,NA,NA,NA,NA,NA
2011,1,1,6,4,2011-01-06,"US",20355,"US","N520UW",55,14107,1410701,30466,"PHX","Phoenix, AZ","AZ",4,"Arizona",81,13487,1348701,31650,"MSP","Minneapolis, MN","MN",27,"Minnesota",63,1950,1943,-7,0,0,-1,"1900-1959",18,2001,2338,5,2356,2343,-13,0,0,-1,"2300-2359",0,"",0,186,180,157,1,1276,6,NA,NA,NA,NA,NA,NA,NA,NA
2011,1,1,30,7,2011-01-30,"WN",19393,"WN","N773SA",357,14107,1410701,30466,"PHX","Phoenix, AZ","AZ",4,"Arizona",81,14747,1474702,30559,"SEA","Seattle, WA","WA",53,"Washington",93,2020,2048,28,28,1,1,"2000-2059",8,2056,2231,6,2220,2237,17,17,1,1,"2200-2259",0,"",0,180,169,155,1,1107,5,2,0,0,0,15,NA,NA,NA
2011,1,1,19,3,2011-01-19,"DL",19790,"DL","N645DL",1546,14107,1410701,30466,"PHX","Phoenix, AZ","AZ",4,"Arizona",81,10397,1039703,30397,"ATL","Atlanta, GA","GA",13,"Georgia",34,1215,1329,74,74,1,4,"1200-1259",17,1346,1842,6,1744,1848,64,64,1,4,"1700-1759",0,"",0,209,199,176,1,1587,7,0,0,0,0,64,NA,NA,NA
2011,1,1,19,3,2011-01-19,"US",20355,"US","N633AW",361,14107,1410701,30466,"PHX","Phoenix, AZ","AZ",4,"Arizona",81,12889,1288902,32211,"LAS","Las Vegas, NV","NV",32,"Nevada",85,1750,1747,-3,0,0,-1,"1700-1759",29,1816,1809,6,1759,1815,16,16,1,1,"1700-1759",0,"",0,69,88,53,1,256,2,0,0,16,0,0,NA,NA,NA
2011,1,1,24,1,2011-01-24,"WN",19393,"WN","N426WN",256,14107,1410701,30466,"PHX","Phoenix, AZ","AZ",4,"Arizona",81,11292,1129202,30325,"DEN","Denver, CO","CO",8,"Colorado",82,2040,2037,-3,0,0,-1,"2000-2059",7,2044,2218,7,2225,2225,0,0,0,0,"2200-2259",0,"",0,105,108,94,1,602,3,NA,NA,NA,NA,NA,NA,NA,NA
2011,1,1,28,5,2011-01-28,"YV",20378,"YV","N910FJ",2715,14107,1410701,30466,"PHX","Phoenix, AZ","AZ",4,"Arizona",81,11638,1163802,31638,"FAT","Fresno, CA","CA",6,"California",91,1750,1750,0,0,0,0,"1700-1759",17,1807,1818,6,1833,1824,-9,0,0,-1,"1800-1859",0,"",0,103,94,71,1,493,2,NA,NA,NA,NA,NA,NA,NA,NA
2011,1,1,17,1,2011-01-17,"WN",19393,"WN","N679AA",1861,14107,1410701,30466,"PHX","Phoenix, AZ","AZ",4,"Arizona",81,12339,1233903,32337,"IND","Indianapolis, IN","IN",18,"Indiana",42,1730,1749,19,19,1,1,"1700-1759",6,1755,2251,5,2255,2256,1,1,0,0,"2200-2259",0,"",0,205,187,176,1,1489,6,NA,NA,NA,NA,NA,NA,NA,NA
2011,1,1,5,3,2011-01-05,"F9",20436,"F9","N923FR",868,14107,1410701,30466,"PHX","Phoenix, AZ","AZ",4,"Arizona",81,11292,1129202,30325,"DEN","Denver, CO","CO",8,"Colorado",82,745,738,-7,0,0,-1,"0700-0759",13,751,915,5,933,920,-13,0,0,-1,"0900-0959",0,"",0,108,102,84,1,602,3,NA,NA,NA,NA,NA,NA,NA,NA
2011,1,1,30,7,2011-01-30,"AA",19805,"AA","N3ALAA",1051,14107,1410701,30466,"PHX","Phoenix, AZ","AZ",4,"Arizona",81,13303,1330302,32467,"MIA","Miami, FL","FL",12,"Florida",33,830,832,2,2,0,0,"0800-0859",10,842,1411,4,1435,1415,-20,0,0,-2,"1400-1459",0,"",0,245,223,209,1,1972,8,NA,NA,NA,NA,NA,NA,NA,NA
2011,1,1,3,1,2011-01-03,"WN",19393,"WN","N622SW",1713,14107,1410701,30466,"PHX","Phoenix, AZ","AZ",4,"Arizona",81,10140,1014001,30140,"ABQ","Albuquerque, NM","NM",35,"New Mexico",86,1130,1159,29,29,1,1,"1100-1159",7,1206,1250,3,1235,1253,18,18,1,1,"1200-1259",0,"",0,65,54,44,1,328,2,6,0,0,0,12,NA,NA,NA
2011,1,1,3,1,2011-01-03,"CO",19704,"CO","N76517",363,14107,1410701,30466,"PHX","Phoenix, AZ","AZ",4,"Arizona",81,11042,1104201,30647,"CLE","Cleveland, OH","OH",39,"Ohio",44,615,610,-5,0,0,-1,"0600-0659",11,621,1128,7,1157,1135,-22,0,0,-2,"1100-1159",0,"",0,222,205,187,1,1737,7,NA,NA,NA,NA,NA,NA,NA,NA
2011,1,1,9,7,2011-01-09,"WN",19393,"WN","N523SW",2450,14107,1410701,30466,"PHX","Phoenix, AZ","AZ",4,"Arizona",81,14831,1483102,32457,"SJC","San Jose, CA","CA",6,"California",91,1335,1402,27,27,1,1,"1300-1359",13,1415,1506,4,1435,1510,35,35,1,2,"1400-1459",0,"",0,120,128,111,1,622,3,8,0,8,0,19,NA,NA,NA
2011,1,1,27,4,2011-01-27,"WN",19393,"WN","N472WN",2703,14107,1410701,30466,"PHX","Phoenix, AZ","AZ",4,"Arizona",81,14679,1467902,33570,"SAN","San Diego, CA","CA",6,"California",91,1800,1806,6,6,0,0,"1800-1859",10,1816,1804,3,1810,1807,-3,0,0,-1,"1800-1859",0,"",0,70,61,48,1,304,2,NA,NA,NA,NA,NA,NA,NA,NA
2011,1,1,6,4,2011-01-06,"US",20355,"US","N507AY",27,14107,1410701,30466,"PHX","Phoenix, AZ","AZ",4,"Arizona",81,12892,1289201,32575,"LAX","Los Angeles, CA","CA",6,"California",91,1110,1111,1,1,0,0,"1100-1159",19,1130,1129,8,1141,1137,-4,0,0,-1,"1100-1159",0,"",0,91,86,59,1,370,2,NA,NA,NA,NA,NA,NA,NA,NA
2011,1,1,28,5,2011-01-28,"US",20355,"US","N810AW",209,14107,1410701,30466,"PHX","Phoenix, AZ","AZ",4,"Arizona",81,14683,1468301,33214,"SAT","San Antonio, TX","TX",48,"Texas",74,1945,1940,-5,0,0,-1,"1900-1959",19,1959,2241,2,2245,2243,-2,0,0,-1,"2200-2259",0,"",0,120,123,102,1,843,4,NA,NA,NA,NA,NA,NA,NA,NA
2011,1,1,3,1,2011-01-03,"US",20355,"US","N604AW",687,14107,1410701,30466,"PHX","Phoenix, AZ","AZ",4,"Arizona",81,11618,1161801,31703,"EWR","Newark, NJ","NJ",34,"New Jersey",21,945,944,-1,0,0,-1,"0900-0959",15,959,1553,6,1627,1559,-28,0,0,-2,"1600-1659",0,"",0,282,255,234,1,2133,9,NA,NA,NA,NA,NA,NA,NA,NA
2011,1,1,30,7,2011-01-30,"YV",20378,"YV","N7264V",2847,14107,1410701,30466,"PHX","Phoenix, AZ","AZ",4,"Arizona",81,16218,1621801,33785,"YUM","Yuma, AZ","AZ",4,"Arizona",81,2105,2100,-5,0,0,-1,"2100-2159",32,2132,2204,10,2220,2214,-6,0,0,-1,"2200-2259",0,"",0,75,74,32,1,160,1,NA,NA,NA,NA,NA,NA,NA,NA
2011,1,1,27,4,2011-01-27,"YV",20378,"YV","N930LR",2917,14107,1410701,30466,"PHX","Phoenix, AZ","AZ",4,"Arizona",81,15376,1537601,30436,"TUS","Tucson, AZ","AZ",4,"Arizona",81,820,817,-3,0,0,-1,"0800-0859",10,827,849,4,905,853,-12,0,0,-1,"0900-0959",0,"",0,45,36,22,1,110,1,NA,NA,NA,NA,NA,NA,NA,NA
2011,1,1,10,1,2011-01-10,"US",20355,"US","N520UW",53,14107,1410701,30466,"PHX","Phoenix, AZ","AZ",4,"Arizona",81,13487,1348701,31650,"MSP","Minneapolis, MN","MN",27,"Minnesota",63,1610,1606,-4,0,0,-1,"1600-1659",20,1626,2007,9,2016,2016,0,0,0,0,"2000-2059",0,"",0,186,190,161,1,1276,6,NA,NA,NA,NA,NA,NA,NA,NA
2011,1,1,28,5,2011-01-28,"WN",19393,"WN","N797MX",427,14107,1410701,30466,"PHX","Phoenix, AZ","AZ",4,"Arizona",81,11066,1106601,31066,"CMH","Columbus, OH","OH",39,"Ohio",44,1115,1127,12,12,0,0,"1100-1159",20,1147,1712,3,1700,1715,15,15,1,1,"1700-1759",0,"",0,225,228,205,1,1671,7,11,0,3,0,1,NA,NA,NA
2011,1,1,25,2,2011-01-25,"WN",19393,"WN","N782SA",802,14107,1410701,30466,"PHX","Phoenix, AZ","AZ",4,"Arizona",81,14100,1410001,34100,"PHL","Philadelphia, PA","PA",42,"Pennsylvania",23,935,944,9,9,0,0,"0900-0959",10,954,1556,6,1605,1602,-3,0,0,-1,"1600-1659",0,"",0,270,258,242,1,2075,9,NA,NA,NA,NA,NA,NA,NA,NA
2011,1,1,17,1,2011-01-17,"WN",19393,"WN","N459WN",2989,14107,1410701,30466,"PHX","Phoenix, AZ","AZ",4,"Arizona",81,14679,1467902,33570,"SAN","San Diego, CA","CA",6,"California",91,1035,1051,16,16,1,1,"1000-1059",11,1102,1053,3,1050,1056,6,6,0,0,"1000-1059",0,"",0,75,65,51,1,304,2,NA,NA,NA,NA,NA,NA,NA,NA
2011,1,1,5,3,2011-01-05,"F9",20436,"F9","N923FR",868,14107,1410701,30466,"PHX","Phoenix, AZ","AZ",4,"Arizona",81,11292,1129202,30325,"DEN","Denver, CO","CO",8,"Colorado",82,745,738,-7,0,0,-1,"0700-0759",13,751,915,5,933,920,-13,0,0,-1,"0900-0959",0,"",0,108,102,84,1,602,3,NA,NA,NA,NA,NA,NA,NA,NA
2011,1,1,11,2,2011-01-11,"CO",19704,"CO","N79279",1661,14107,1410701,30466,"PHX","Phoenix, AZ","AZ",4,"Arizona",81,12266,1226602,31453,"IAH","Houston, TX","TX",48,"Texas",74,1427,1803,216,216,1,12,"1400-1459",9,1812,2116,5,1800,2121,201,201,1,12,"1800-1859",0,"",0,153,138,124,1,1009,5,9,0,0,0,192,NA,NA,NA
2011,1,1,6,4,2011-01-06,"OO",20304,"OO","N603SK",4738,14107,1410701,30466,"PHX","Phoenix, AZ","AZ",4,"Arizona",81,14869,1486902,34614,"SLC","Salt Lake City, UT","UT",49,"Utah",87,600,557,-3,0,0,-1,"0600-0659",16,613,724,5,747,729,-18,0,0,-2,"0700-0759",0,"",0,107,92,71,1,507,3,NA,NA,NA,NA,NA,NA,NA,NA
2011,1,1,4,2,2011-01-04,"WN",19393,"WN","N440LV",106,14107,1410701,30466,"PHX","Phoenix, AZ","AZ",4,"Arizona",81,14893,1489301,33192,"SMF","Sacramento, CA","CA",6,"California",91,700,700,0,0,0,0,"0700-0759",9,709,755,7,810,802,-8,0,0,-1,"0800-0859",0,"",0,130,122,106,1,647,3,NA,NA,NA,NA,NA,NA,NA,NA
2011,1,1,4,2,2011-01-04,"YV",20378,"YV","N570ML",2695,14107,1410701,30466,"PHX","Phoenix, AZ","AZ",4,"Arizona",81,11638,1163802,31638,"FAT","Fresno, CA","CA",6,"California",91,1449,1710,141,141,1,9,"1400-1459",7,1717,1735,4,1533,1739,126,126,1,8,"1500-1559",0,"",0,104,89,78,1,493,2,126,0,0,0,0,NA,NA,NA
2011,1,1,4,2,2011-01-04,"YV",20378,"YV","N570ML",2695,14107,1410701,30466,"PHX","Phoenix, AZ","AZ",4,"Arizona",81,11638,1163802,31638,"FAT","Fresno, CA","CA",6,"California",91,1449,1710,141,141,1,9,"1400-1459",7,1717,1735,4,1533,1739,126,126,1,8,"1500-1559",0,"",0,104,89,78,1,493,2,126,0,0,0,0,NA,NA,NA
2011,1,1,17,1,2011-01-17,"YV",20378,"YV","N926LR",2879,14107,1410701,30466,"PHX","Phoenix, AZ","AZ",4,"Arizona",81,10561,1056102,30561,"BFL","Bakersfield, CA","CA",6,"California",91,2100,2150,50,50,1,3,"2100-2159",10,2200,2202,5,2131,2207,36,36,1,2,"2100-2159",0,"",0,91,77,62,1,425,2,0,0,0,0,36,NA,NA,NA
2011,1,1,11,2,2011-01-11,"WN",19393,"WN","N212WN",1849,14107,1410701,30466,"PHX","Phoenix, AZ","AZ",4,"Arizona",81,11697,1169702,32467,"FLL","Fort Lauderdale, FL","FL",12,"Florida",33,940,942,2,2,0,0,"0900-0959",8,950,1534,7,1550,1541,-9,0,0,-1,"1500-1559",0,"",0,250,239,224,1,1972,8,NA,NA,NA,NA,NA,NA,NA,NA
2011,1,1,6,4,2011-01-06,"YV",20378,"YV","N934FJ",2719,14107,1410701,30466,"PHX","Phoenix, AZ","AZ",4,"Arizona",81,14689,1468901,34689,"SBA","Santa Barbara, CA","CA",6,"California",91,1118,1112,-6,0,0,-1,"1100-1159",21,1133,1146,5,1159,1151,-8,0,0,-1,"1100-1159",0,"",0,101,99,73,1,455,2,NA,NA,NA,NA,NA,NA,NA,NA
2011,1,1,12,3,2011-01-12,"AS",19930,"AS","N559AS",633,14107,1410701,30466,"PHX","Phoenix, AZ","AZ",4,"Arizona",81,14747,1474702,30559,"SEA","Seattle, WA","WA",53,"Washington",93,1455,1446,-9,0,0,-1,"1400-1459",14,1500,1648,8,1702,1656,-6,0,0,-1,"1700-1759",0,"",0,187,190,168,1,1107,5,NA,NA,NA,NA,NA,NA,NA,NA
2011,1,1,26,3,2011-01-26,"WN",19393,"WN","N926WN",2413,14107,1410701,30466,"PHX","Phoenix, AZ","AZ",4,"Arizona",81,14908,1490802,32575,"SNA","Santa Ana, CA","CA",6,"California",91,1410,1601,111,111,1,7,"1400-1459",10,1611,1611,9,1430,1620,110,110,1,7,"1400-1459",0,"",0,80,79,60,1,338,2,50,0,0,0,60,NA,NA,NA
2011,1,1,28,5,2011-01-28,"WN",19393,"WN","N253WN",1105,14107,1410701,30466,"PHX","Phoenix, AZ","AZ",4,"Arizona",81,13232,1323201,30977,"MDW","Chicago, IL","IL",17,"Illinois",41,610,608,-2,0,0,-1,"0600-0659",10,618,1023,4,1035,1027,-8,0,0,-1,"1000-1059",0,"",0,205,199,185,1,1444,6,NA,NA,NA,NA,NA,NA,NA,NA
2011,1,1,30,7,2011-01-30,"AS",19930,"AS","N703AS",659,14107,1410701,30466,"PHX","Phoenix, AZ","AZ",4,"Arizona",81,14057,1405701,34057,"PDX","Portland, OR","OR",41,"Oregon",92,1105,1058,-7,0,0,-1,"1100-1159",10,1108,1235,3,1305,1238,-27,0,0,-2,"1300-1359",0,"",0,180,160,147,1,1009,5,NA,NA,NA,NA,NA,NA,NA,NA
2011,1,1,21,5,2011-01-21,"YV",20378,"YV","N17358",2905,14107,1410701,30466,"PHX","Phoenix, AZ","AZ",4,"Arizona",81,11921,1192101,31921,"GJT","Grand Junction, CO","CO",8,"Colorado",82,1310,1258,-12,0,0,-1,"1300-1359",23,1321,1424,6,1513,1430,-43,0,0,-2,"1500-1559",0,"",0,123,92,63,1,438,2,NA,NA,NA,NA,NA,NA,NA,NA
2011,1,1,9,7,2011-01-09,"YV",20378,"YV","N919FJ",2910,14107,1410701,30466,"PHX","Phoenix, AZ","AZ",4,"Arizona",81,14262,1426201,34262,"PSP","Palm Springs, CA","CA",6,"California",91,829,827,-2,0,0,-1,"0800-0859",12,839,825,5,837,830,-7,0,0,-1,"0800-0859",0,"",0,68,63,46,1,261,2,NA,NA,NA,NA,NA,NA,NA,NA
2011,1,1,6,4,2011-01-06,"AS",19930,"AS","N754AS",645,14107,1410701,30466,"PHX","Phoenix, AZ","AZ",4,"Arizona",81,14747,1474702,30559,"SEA","Seattle, WA","WA",53,"Washington",93,1205,1202,-3,0,0,-1,"1200-1259",14,1216,1353,7,1420,1400,-20,0,0,-2,"1400-1459",0,"",0,195,178,157,1,1107,5,NA,NA,NA,NA,NA,NA,NA,NA
2011,1,1,20,4,2011-01-20,"YV",20378,"YV","N904FJ",2829,14107,1410701,30466,"PHX","Phoenix, AZ","AZ",4,"Arizona",81,15376,1537601,30436,"TUS","Tucson, AZ","AZ",4,"Arizona",81,1946,1942,-4,0,0,-1,"1900-1959",24,2006,2028,5,2032,2033,1,1,0,0,"2000-2059",0,"",0,46,51,22,1,110,1,NA,NA,NA,NA,NA,NA,NA,NA
2011,1,1,30,7,2011-01-30,"WN",19393,"WN","N951WN",1772,14107,1410701,30466,"PHX","Phoenix, AZ","AZ",4,"Arizona",81,12889,1288902,32211,"LAS","Las Vegas, NV","NV",32,"Nevada",85,910,909,-1,0,0,-1,"0900-0959",9,918,908,4,915,912,-3,0,0,-1,"0900-0959",0,"",0,65,63,50,1,256,2,NA,NA,NA,NA,NA,NA,NA,NA
2011,1,1,2,7,2011-01-02,"YV",20378,"YV","N989HA",2849,14107,1410701,30466,"PHX","Phoenix, AZ","AZ",4,"Arizona",81,16218,1621801,33785,"YUM","Yuma, AZ","AZ",4,"Arizona",81,2240,2234,-6,0,0,-1,"2200-2259",17,2251,2336,4,2346,2340,-6,0,0,-1,"2300-2359",0,"",0,66,66,45,1,160,1,NA,NA,NA,NA,NA,NA,NA,NA
2011,1,1,2,7,2011-01-02,"WN",19393,"WN","N436WN",3518,14107,1410701,30466,"PHX","Phoenix, AZ","AZ",4,"Arizona",81,14747,1474702,30559,"SEA","Seattle, WA","WA",53,"Washington",93,1130,1143,13,13,0,0,"1100-1159",13,1156,1330,9,1340,1339,-1,0,0,-1,"1300-1359",0,"",0,190,176,154,1,1107,5,NA,NA,NA,NA,NA,NA,NA,NA
2011,1,1,20,4,2011-01-20,"US",20355,"US","N839AW",625,14107,1410701,30466,"PHX","Phoenix, AZ","AZ",4,"Arizona",81,13796,1379601,32457,"OAK","Oakland, CA","CA",6,"California",91,1435,1428,-7,0,0,-1,"1400-1459",19,1447,1528,7,1535,1535,0,0,0,0,"1500-1559",0,"",0,120,127,101,1,646,3,NA,NA,NA,NA,NA,NA,NA,NA
2011,1,1,23,7,2011-01-23,"US",20355,"US","N839AW",287,14107,1410701,30466,"PHX","Phoenix, AZ","AZ",4,"Arizona",81,14831,1483102,32457,"SJC","San Jose, CA","CA",6,"California",91,1740,1739,-1,0,0,-1,"1700-1759",14,1753,1827,4,1839,1831,-8,0,0,-1,"1800-1859",0,"",0,119,112,94,1,622,3,NA,NA,NA,NA,NA,NA,NA,NA
2011,1,1,5,3,2011-01-05,"US",20355,"US","N826AW",455,14107,1410701,30466,"PHX","Phoenix, AZ","AZ",4,"Arizona",81,14869,1486902,34614,"SLC","Salt Lake City, UT","UT",49,"Utah",87,830,824,-6,0,0,-1,"0800-0859",15,839,952,3,1007,955,-12,0,0,-1,"1000-1059",0,"",0,97,91,73,1,507,3,NA,NA,NA,NA,NA,NA,NA,NA
2011,1,1,14,5,2011-01-14,"WN",19393,"WN","N397SW",1687,14107,1410701,30466,"PHX","Phoenix, AZ","AZ",4,"Arizona",81,11540,1154001,30615,"ELP","El Paso, TX","TX",48,"Texas",74,1420,1416,-4,0,0,-1,"1400-1459",9,1425,1519,3,1525,1522,-3,0,0,-1,"1500-1559",0,"",0,65,66,54,1,347,2,NA,NA,NA,NA,NA,NA,NA,NA
2011,1,1,20,4,2011-01-20,"DL",19790,"DL","N699DL",2646,14107,1410701,30466,"PHX","Phoenix, AZ","AZ",4,"Arizona",81,10397,1039703,30397,"ATL","Atlanta, GA","GA",13,"Georgia",34,700,654,-6,0,0,-1,"0700-0759",14,708,1207,7,1226,1214,-12,0,0,-1,"1200-1259",0,"",0,206,200,179,1,1587,7,NA,NA,NA,NA,NA,NA,NA,NA
2011,1,1,10,1,2011-01-10,"US",20355,"US","N675AW",248,14107,1410701,30466,"PHX","Phoenix, AZ","AZ",4,"Arizona",81,12889,1288902,32211,"LAS","Las Vegas, NV","NV",32,"Nevada",85,1054,1053,-1,0,0,-1,"1000-1059",16,1109,1104,6,1101,1110,9,9,0,0,"1100-1159",0,"",0,67,77,55,1,256,2,NA,NA,NA,NA,NA,NA,NA,NA
2011,1,1,3,1,2011-01-03,"WN",19393,"WN","N629SW",2203,14107,1410701,30466,"PHX","Phoenix, AZ","AZ",4,"Arizona",81,11540,1154001,30615,"ELP","El Paso, TX","TX",48,"Texas",74,655,655,0,0,0,0,"0600-0659",12,707,755,3,800,758,-2,0,0,-1,"0800-0859",0,"",0,65,63,48,1,347,2,NA,NA,NA,NA,NA,NA,NA,NA
2011,1,1,4,2,2011-01-04,"DL",19790,"DL","N695DL",2046,14107,1410701,30466,"PHX","Phoenix, AZ","AZ",4,"Arizona",81,10397,1039703,30397,"ATL","Atlanta, GA","GA",13,"Georgia",34,1646,1646,0,0,0,0,"1600-1659",20,1706,2151,9,2214,2200,-14,0,0,-1,"2200-2259",0,"",0,208,194,165,1,1587,7,NA,NA,NA,NA,NA,NA,NA,NA
2011,1,1,10,1,2011-01-10,"US",20355,"US","N541UW",542,14107,1410701,30466,"PHX","Phoenix, AZ","AZ",4,"Arizona",81,11298,1129802,30194,"DFW","Dallas/Fort Worth, TX","TX",48,"Texas",74,955,1036,41,41,1,2,"0900-0959",23,1059,1337,7,1320,1344,24,24,1,1,"1300-1359",0,"",0,145,128,98,1,868,4,24,0,0,0,0,NA,NA,NA
2011,1,1,9,7,2011-01-09,"WN",19393,"WN","N710SW",502,14107,1410701,30466,"PHX","Phoenix, AZ","AZ",4,"Arizona",81,14683,1468301,33214,"SAT","San Antonio, TX","TX",48,"Texas",74,1915,2036,81,81,1,5,"1900-1959",8,2044,2326,3,2215,2329,74,74,1,4,"2200-2259",0,"",0,120,113,102,1,843,4,8,0,0,0,66,NA,NA,NA
2011,1,1,5,3,2011-01-05,"F9",20436,"F9","N923FR",868,14107,1410701,30466,"PHX","Phoenix, AZ","AZ",4,"Arizona",81,11292,1129202,30325,"DEN","Denver, CO","CO",8,"Colorado",82,745,738,-7,0,0,-1,"0700-0759",13,751,915,5,933,920,-13,0,0,-1,"0900-0959",0,"",0,108,102,84,1,602,3,NA,NA,NA,NA,NA,NA,NA,NA
2011,1,1,21,5,2011-01-21,"YV",20378,"YV","N7305V",2837,14107,1410701,30466,"PHX","Phoenix, AZ","AZ",4,"Arizona",81,10800,1080002,32575,"BUR","Burbank, CA","CA",6,"California",91,1535,1532,-3,0,0,-1,"1500-1559",10,1542,1550,5,1604,1555,-9,0,0,-1,"1600-1659",0,"",0,89,83,68,1,369,2,NA,NA,NA,NA,NA,NA,NA,NA
2011,1,1,18,2,2011-01-18,"WN",19393,"WN","N200WN",2319,14107,1410701,30466,"PHX","Phoenix, AZ","AZ",4,"Arizona",81,11292,1129202,30325,"DEN","Denver, CO","CO",8,"Colorado",82,1955,1952,-3,0,0,-1,"1900-1959",16,2008,2128,7,2140,2135,-5,0,0,-1,"2100-2159",0,"",0,105,103,80,1,602,3,NA,NA,NA,NA,NA,NA,NA,NA
2011,1,1,28,5,2011-01-28,"US",20355,"US","N204UW",702,14107,1410701,30466,"PHX","Phoenix, AZ","AZ",4,"Arizona",81,14100,1410001,34100,"PHL","Philadelphia, PA","PA",42,"Pennsylvania",23,1157,1156,-1,0,0,-1,"1100-1159",13,1209,1804,38,1820,1842,22,22,1,1,"1800-1859",0,"",0,263,286,235,1,2075,9,0,0,22,0,0,NA,NA,NA
2011,1,1,27,4,2011-01-27,"US",20355,"US","N628AW",57,14107,1410701,30466,"PHX","Phoenix, AZ","AZ",4,"Arizona",81,13487,1348701,31650,"MSP","Minneapolis, MN","MN",27,"Minnesota",63,945,942,-3,0,0,-1,"0900-0959",21,1003,1412,3,1356,1415,19,19,1,1,"1300-1359",0,"",0,191,213,189,1,1276,6,0,0,19,0,0,NA,NA,NA
2011,1,1,10,1,2011-01-10,"WN",19393,"WN","N400WN",3155,14107,1410701,30466,"PHX","Phoenix, AZ","AZ",4,"Arizona",81,13891,1389101,32575,"ONT","Ontario, CA","CA",6,"California",91,1040,1044,4,4,0,0,"1000-1059",17,1101,1056,5,1050,1101,11,11,0,0,"1000-1059",0,"",0,70,77,55,1,325,2,NA,NA,NA,NA,NA,NA,NA,NA
2011,1,1,4,2,2011-01-04,"WN",19393,"WN","N261WN",187,14107,1410701,30466,"PHX","Phoenix, AZ","AZ",4,"Arizona",81,14570,1457001,34570,"RNO","Reno, NV","NV",32,"Nevada",85,1315,1321,6,6,0,0,"1300-1359",7,1328,1400,5,1410,1405,-5,0,0,-1,"1400-1459",0,"",0,115,104,92,1,601,3,NA,NA,NA,NA,NA,NA,NA,NA
2011,1,1,5,3,2011-01-05,"WN",19393,"WN","N333SW",166,14107,1410701,30466,"PHX","Phoenix, AZ","AZ",4,"Arizona",81,12892,1289201,32575,"LAX","Los Angeles, CA","CA",6,"California",91,1155,1208,13,13,0,0,"1100-1159",10,1218,1218,8,1220,1226,6,6,0,0,"1200-1259",0,"",0,85,78,60,1,370,2,NA,NA,NA,NA,NA,NA,NA,NA
2011,1,1,2,7,2011-01-02,"AA",19805,"AA","N3AVAA",566,14107,1410701,30466,"PHX","Phoenix, AZ","AZ",4,"Arizona",81,11298,1129802,30194,"DFW","Dallas/Fort Worth, TX","TX",48,"Texas",74,1410,1420,10,10,0,0,"1400-1459",9,1429,1709,16,1725,1725,0,0,0,0,"1700-1759",0,"",0,135,125,100,1,868,4,NA,NA,NA,NA,NA,NA,NA,NA
2011,1,1,22,6,2011-01-22,"WN",19393,"WN","N378SW",1720,14107,1410701,30466,"PHX","Phoenix, AZ","AZ",4,"Arizona",81,12889,1288902,32211,"LAS","Las Vegas, NV","NV",32,"Nevada",85,1320,1319,-1,0,0,-1,"1300-1359",7,1326,1311,5,1325,1316,-9,0,0,-1,"1300-1359",0,"",0,65,57,45,1,256,2,NA,NA,NA,NA,NA,NA,NA,NA
