"Year","Quarter","Month","DayofMonth","DayOfWeek","FlightDate","UniqueCarrier","AirlineID","Carrier","TailNum","FlightNum","OriginAirportID","OriginAirportSeqID","OriginCityMarketID","Origin","OriginCityName","OriginState","OriginStateFips","OriginStateName","OriginWac","DestAirportID","DestAirportSeqID","DestCityMarketID","Dest","DestCityName","DestState","DestStateFips","DestStateName","DestWac","CRSDepTime","DepTime","DepDelay","DepDelayMinutes","DepDel15","DepartureDelayGroups","DepTimeBlk","TaxiOut","WheelsOff","WheelsOn","TaxiIn","CRSArrTime","ArrTime","ArrDelay","ArrDelayMinutes","ArrDel15","ArrivalDelayGroups","ArrTimeBlk","Cancelled","CancellationCode","Diverted","CRSElapsedTime","ActualElapsedTime","AirTime","Flights","Distance","DistanceGroup","CarrierDelay","WeatherDelay","NASDelay","SecurityDelay","LateAircraftDelay","FirstDepTime","TotalAddGTime","LongestAddGTime"
2011,1,3,29,2,2011-03-29,"OO",20304,"OO","N426SW",4658,14869,1486902,34614,"SLC","Salt Lake City, UT","UT",49,"Utah",87,10779,1077901,30779,"BTM","Butte, MT","MT",30,"Montana",84,1120,1113,-7,0,0,-1,"1100-1159",21,1134,1239,4,1245,1243,-2,0,0,-1,"1200-1259",0,"",0,85,90,65,1,357,2,NA,NA,NA,NA,NA,NA,NA,NA
2011,1,3,25,5,2011-03-25,"DL",19790,"DL","N321US",1210,14869,1486902,34614,"SLC","Salt Lake City, UT","UT",49,"Utah",87,10721,1072101,30721,"BOS","Boston, MA","MA",25,"Massachusetts",13,950,946,-4,0,0,-1,"0900-0959",52,1038,1624,9,1627,1633,6,6,0,0,"1600-1659",0,"",0,277,287,226,1,2105,9,NA,NA,NA,NA,NA,NA,NA,NA
2011,1,3,7,1,2011-03-07,"WN",19393,"WN","N353SW",2563,14869,1486902,34614,"SLC","Salt Lake City, UT","UT",49,"Utah",87,11292,1129202,30325,"DEN","Denver, CO","CO",8,"Colorado",82,1810,1848,38,38,1,2,"1800-1859",33,1921,2032,11,1930,2043,73,73,1,4,"1900-1959",0,"",0,80,115,71,1,390,2,17,0,35,0,21,NA,NA,NA
2011,1,3,28,1,2011-03-28,"OO",20304,"OO","N418SW",4634,14869,1486902,34614,"SLC","Salt Lake City, UT","UT",49,"Utah",87,12954,1295401,32575,"LGB","Long Beach, CA","CA",6,"California",91,835,832,-3,0,0,-1,"0800-0859",17,849,933,3,935,936,1,1,0,0,"0900-0959",0,"",0,120,124,104,1,589,3,NA,NA,NA,NA,NA,NA,NA,NA
2011,1,3,28,1,2011-03-28,"OO",20304,"OO","N869AS",4585,14869,1486902,34614,"SLC","Salt Lake City, UT","UT",49,"Utah",87,11921,1192101,31921,"GJT","Grand Junction, CO","CO",8,"Colorado",82,2015,2010,-5,0,0,-1,"2000-2059",26,2036,2115,3,2124,2118,-6,0,0,-1,"2100-2159",0,"",0,69,68,39,1,217,1,NA,NA,NA,NA,NA,NA,NA,NA
2011,1,3,28,1,2011-03-28,"OO",20304,"OO","N869AS",4585,14869,1486902,34614,"SLC","Salt Lake City, UT","UT",49,"Utah",87,11921,1192101,31921,"GJT","Grand Junction, CO","CO",8,"Colorado",82,2015,2010,-5,0,0,-1,"2000-2059",26,2036,2115,3,2124,2118,-6,0,0,-1,"2100-2159",0,"",0,69,68,39,1,217,1,NA,NA,NA,NA,NA,NA,NA,NA
2011,1,3,12,6,2011-03-12,"OO",20304,"OO","N459SW",4727,14869,1486902,34614,"SLC","Salt Lake City, UT","UT",49,"Utah",87,12156,1215601,32156,"HLN","Helena, MT","MT",30,"Montana",84,2005,2002,-3,0,0,-1,"2000-2059",27,2029,2128,4,2139,2132,-7,0,0,-1,"2100-2159",0,"",0,94,90,59,1,402,2,NA,NA,NA,NA,NA,NA,NA,NA
2011,1,3,25,5,2011-03-25,"DL",19790,"DL","N321US",1210,14869,1486902,34614,"SLC","Salt Lake City, UT","UT",49,"Utah",87,10721,1072101,30721,"BOS","Boston, MA","MA",25,"Massachusetts",13,950,946,-4,0,0,-1,"0900-0959",52,1038,1624,9,1627,1633,6,6,0,0,"1600-1659",0,"",0,277,287,226,1,2105,9,NA,NA,NA,NA,NA,NA,NA,NA
2011,1,3,9,3,2011-03-09,"OO",20304,"OO","N463SW",4676,14869,1486902,34614,"SLC","Salt Lake City, UT","UT",49,"Utah",87,10140,1014001,30140,"ABQ","Albuquerque, NM","NM",35,"New Mexico",86,1645,1643,-2,0,0,-1,"1600-1659",23,1706,1816,5,1826,1821,-5,0,0,-1,"1800-1859",0,"",0,101,98,70,1,493,2,NA,NA,NA,NA,NA,NA,NA,NA
2011,1,3,9,3,2011-03-09,"OO",20304,"OO","N715SK",7029,14869,1486902,34614,"SLC","Salt Lake City, UT","UT",49,"Utah",87,14771,1477101,32457,"SFO","San Francisco, CA","CA",6,"California",91,1117,1111,-6,0,0,-1,"1100-1159",25,1136,1223,4,1232,1227,-5,0,0,-1,"1200-1259",0,"",0,135,136,107,1,599,3,NA,NA,NA,NA,NA,NA,NA,NA
2011,1,3,28,1,2011-03-28,"OO",20304,"OO","N432SW",4617,14869,1486902,34614,"SLC","Salt Lake City, UT","UT",49,"Utah",87,10849,1084901,30849,"BZN","Bozeman, MT","MT",30,"Montana",84,2145,2143,-2,0,0,-1,"2100-2159",16,2159,2256,6,2316,2302,-14,0,0,-1,"2300-2359",0,"",0,91,79,57,1,347,2,NA,NA,NA,NA,NA,NA,NA,NA
2011,1,3,27,7,2011-03-27,"OO",20304,"OO","N298SW",7760,14869,1486902,34614,"SLC","Salt Lake City, UT","UT",49,"Utah",87,11525,1152501,31525,"EKO","Elko, NV","NV",32,"Nevada",85,1105,1104,-1,0,0,-1,"1100-1159",9,1113,1106,2,1117,1108,-9,0,0,-1,"1100-1159",0,"",0,72,64,53,1,200,1,NA,NA,NA,NA,NA,NA,NA,NA
2011,1,3,24,4,2011-03-24,"OO",20304,"OO","N807SK",4701,14869,1486902,34614,"SLC","Salt Lake City, UT","UT",49,"Utah",87,12892,1289201,32575,"LAX","Los Angeles, CA","CA",6,"California",91,935,929,-6,0,0,-1,"0900-0959",11,940,1019,10,1034,1029,-5,0,0,-1,"1000-1059",0,"",0,119,120,99,1,590,3,NA,NA,NA,NA,NA,NA,NA,NA
2011,1,3,2,3,2011-03-02,"OO",20304,"OO","N606SK",4505,14869,1486902,34614,"SLC","Salt Lake City, UT","UT",49,"Utah",87,11637,1163702,31637,"FAR","Fargo, ND","ND",38,"North Dakota",66,2015,2007,-8,0,0,-1,"2000-2059",17,2024,2305,3,2323,2308,-15,0,0,-1,"2300-2359",0,"",0,128,121,101,1,865,4,NA,NA,NA,NA,NA,NA,NA,NA
2011,1,3,1,2,2011-03-01,"OO",20304,"OO","N237SW",7798,14869,1486902,34614,"SLC","Salt Lake City, UT","UT",49,"Utah",87,11097,1109701,31097,"COD","Cody, WY","WY",56,"Wyoming",88,2135,2135,0,0,0,0,"2100-2159",13,2148,2247,3,2307,2250,-17,0,0,-2,"2300-2359",0,"",0,92,75,59,1,298,2,NA,NA,NA,NA,NA,NA,NA,NA
2011,1,3,26,6,2011-03-26,"OO",20304,"OO","N298SW",7765,14869,1486902,34614,"SLC","Salt Lake City, UT","UT",49,"Utah",87,14113,1411301,34113,"PIH","Pocatello, ID","ID",16,"Idaho",83,1056,1055,-1,0,0,-1,"1000-1059",12,1107,1143,4,1202,1147,-15,0,0,-1,"1200-1259",0,"",0,66,52,36,1,150,1,NA,NA,NA,NA,NA,NA,NA,NA
2011,1,3,15,2,2011-03-15,"WN",19393,"WN","N362SW",935,14869,1486902,34614,"SLC","Salt Lake City, UT","UT",49,"Utah",87,13796,1379601,32457,"OAK","Oakland, CA","CA",6,"California",91,2100,2116,16,16,1,1,"2100-2159",9,2125,2207,4,2200,2211,11,11,0,0,"2200-2259",0,"",0,120,115,102,1,589,3,NA,NA,NA,NA,NA,NA,NA,NA
2011,1,3,25,5,2011-03-25,"DL",19790,"DL","N376DA",2650,14869,1486902,34614,"SLC","Salt Lake City, UT","UT",49,"Utah",87,10721,1072101,30721,"BOS","Boston, MA","MA",25,"Massachusetts",13,1655,1813,78,78,1,5,"1600-1659",11,1824,8,7,2332,15,43,43,1,2,"2300-2359",0,"",0,277,242,224,1,2105,9,1,0,0,0,42,NA,NA,NA
2011,1,3,4,5,2011-03-04,"OO",20304,"OO","N461SW",4581,14869,1486902,34614,"SLC","Salt Lake City, UT","UT",49,"Utah",87,14893,1489301,33192,"SMF","Sacramento, CA","CA",6,"California",91,2140,2137,-3,0,0,-1,"2100-2159",22,2159,2226,4,2227,2230,3,3,0,0,"2200-2259",0,"",0,107,113,87,1,532,3,NA,NA,NA,NA,NA,NA,NA,NA
2011,1,3,30,3,2011-03-30,"OO",20304,"OO","N299SW",7811,14869,1486902,34614,"SLC","Salt Lake City, UT","UT",49,"Utah",87,11865,1186501,31865,"GCC","Gillette, WY","WY",56,"Wyoming",88,1105,1059,-6,0,0,-1,"1100-1159",26,1125,1302,3,1258,1305,7,7,0,0,"1200-1259",0,"",0,113,126,97,1,410,2,NA,NA,NA,NA,NA,NA,NA,NA
2011,1,3,20,7,2011-03-20,"DL",19790,"DL","N325US",1543,14869,1486902,34614,"SLC","Salt Lake City, UT","UT",49,"Utah",87,14570,1457001,34570,"RNO","Reno, NV","NV",32,"Nevada",85,1135,1151,16,16,1,1,"1100-1159",16,1207,1215,5,1209,1220,11,11,0,0,"1200-1259",0,"",0,94,89,68,1,422,2,NA,NA,NA,NA,NA,NA,NA,NA
2011,1,3,31,4,2011-03-31,"OO",20304,"OO","N864AS",4504,14869,1486902,34614,"SLC","Salt Lake City, UT","UT",49,"Utah",87,10620,1062001,30620,"BIL","Billings, MT","MT",30,"Montana",84,1705,1700,-5,0,0,-1,"1700-1759",20,1720,1820,3,1833,1823,-10,0,0,-1,"1800-1859",0,"",0,88,83,60,1,387,2,NA,NA,NA,NA,NA,NA,NA,NA
2011,1,3,20,7,2011-03-20,"WN",19393,"WN","N315SW",395,14869,1486902,34614,"SLC","Salt Lake City, UT","UT",49,"Utah",87,11292,1129202,30325,"DEN","Denver, CO","CO",8,"Colorado",82,1040,1048,8,8,0,0,"1000-1059",12,1100,1157,6,1205,1203,-2,0,0,-1,"1200-1259",0,"",0,85,75,57,1,390,2,NA,NA,NA,NA,NA,NA,NA,NA
2011,1,3,27,7,2011-03-27,"WN",19393,"WN","N950WN",1561,14869,1486902,34614,"SLC","Salt Lake City, UT","UT",49,"Utah",87,11292,1129202,30325,"DEN","Denver, CO","CO",8,"Colorado",82,1515,1514,-1,0,0,-1,"1500-1559",10,1524,1619,5,1635,1624,-11,0,0,-1,"1600-1659",0,"",0,80,70,55,1,390,2,NA,NA,NA,NA,NA,NA,NA,NA
2011,1,3,17,4,2011-03-17,"OO",20304,"OO","N817SK",4528,14869,1486902,34614,"SLC","Salt Lake City, UT","UT",49,"Utah",87,11292,1129202,30325,"DEN","Denver, CO","CO",8,"Colorado",82,1100,1058,-2,0,0,-1,"1100-1159",13,1111,1206,8,1226,1214,-12,0,0,-1,"1200-1259",0,"",0,86,76,55,1,390,2,NA,NA,NA,NA,NA,NA,NA,NA
2011,1,3,24,4,2011-03-24,"DL",19790,"DL","N3743H",2083,14869,1486902,34614,"SLC","Salt Lake City, UT","UT",49,"Utah",87,12889,1288902,32211,"LAS","Las Vegas, NV","NV",32,"Nevada",85,2015,2017,2,2,0,0,"2000-2059",15,2032,2035,8,2046,2043,-3,0,0,-1,"2000-2059",0,"",0,91,86,63,1,368,2,NA,NA,NA,NA,NA,NA,NA,NA
2011,1,3,10,4,2011-03-10,"OO",20304,"OO","N823SK",4606,14869,1486902,34614,"SLC","Salt Lake City, UT","UT",49,"Utah",87,14747,1474702,30559,"SEA","Seattle, WA","WA",53,"Washington",93,1455,1456,1,1,0,0,"1400-1459",13,1509,1558,5,1602,1603,1,1,0,0,"1600-1659",0,"",0,127,127,109,1,689,3,NA,NA,NA,NA,NA,NA,NA,NA
2011,1,3,29,2,2011-03-29,"OO",20304,"OO","N822SK",4644,14869,1486902,34614,"SLC","Salt Lake City, UT","UT",49,"Utah",87,10713,1071301,30713,"BOI","Boise, ID","ID",16,"Idaho",83,1022,1034,12,12,0,0,"1000-1059",10,1044,1136,3,1133,1139,6,6,0,0,"1100-1159",0,"",0,71,65,52,1,291,2,NA,NA,NA,NA,NA,NA,NA,NA
2011,1,3,18,5,2011-03-18,"DL",19790,"DL","N676DL",2352,14869,1486902,34614,"SLC","Salt Lake City, UT","UT",49,"Utah",87,14057,1405701,34057,"PDX","Portland, OR","OR",41,"Oregon",92,2009,2016,7,7,0,0,"2000-2059",20,2036,2108,5,2114,2113,-1,0,0,-1,"2100-2159",0,"",0,125,117,92,1,630,3,NA,NA,NA,NA,NA,NA,NA,NA
2011,1,3,9,3,2011-03-09,"DL",19790,"DL","N330NW",1106,14869,1486902,34614,"SLC","Salt Lake City, UT","UT",49,"Utah",87,10821,1082103,30852,"BWI","Baltimore, MD","MD",24,"Maryland",35,945,1001,16,16,1,1,"0900-0959",17,1018,1557,7,1555,1604,9,9,0,0,"1500-1559",0,"",0,250,243,219,1,1864,8,NA,NA,NA,NA,NA,NA,NA,NA
2011,1,3,2,3,2011-03-02,"OO",20304,"OO","N820SK",4455,14869,1486902,34614,"SLC","Salt Lake City, UT","UT",49,"Utah",87,12266,1226602,31453,"IAH","Houston, TX","TX",48,"Texas",74,1400,1359,-1,0,0,-1,"1400-1459",15,1414,1730,9,1756,1739,-17,0,0,-2,"1700-1759",0,"",0,176,160,136,1,1195,5,NA,NA,NA,NA,NA,NA,NA,NA
2011,1,3,15,2,2011-03-15,"WN",19393,"WN","N650SW",620,14869,1486902,34614,"SLC","Salt Lake City, UT","UT",49,"Utah",87,13796,1379601,32457,"OAK","Oakland, CA","CA",6,"California",91,1605,1614,9,9,0,0,"1600-1659",9,1623,1703,3,1705,1706,1,1,0,0,"1700-1759",0,"",0,120,112,100,1,589,3,NA,NA,NA,NA,NA,NA,NA,NA
2011,1,3,21,1,2011-03-21,"OO",20304,"OO","N454SW",4562,14869,1486902,34614,"SLC","Salt Lake City, UT","UT",49,"Utah",87,13486,1348601,33486,"MSO","Missoula, MT","MT",30,"Montana",84,2010,2010,0,0,0,0,"2000-2059",18,2028,2130,5,2152,2135,-17,0,0,-2,"2100-2159",0,"",0,102,85,62,1,436,2,NA,NA,NA,NA,NA,NA,NA,NA
2011,1,3,31,4,2011-03-31,"OO",20304,"OO","N816SK",4538,14869,1486902,34614,"SLC","Salt Lake City, UT","UT",49,"Utah",87,11298,1129802,30194,"DFW","Dallas/Fort Worth, TX","TX",48,"Texas",74,1450,1444,-6,0,0,-1,"1400-1459",12,1456,1746,10,1839,1756,-43,0,0,-2,"1800-1859",0,"",0,169,132,110,1,988,4,NA,NA,NA,NA,NA,NA,NA,NA
2011,1,3,5,6,2011-03-05,"DL",19790,"DL","N6705Y",2041,14869,1486902,34614,"SLC","Salt Lake City, UT","UT",49,"Utah",87,12892,1289201,32575,"LAX","Los Angeles, CA","CA",6,"California",91,2145,2207,22,22,1,1,"2100-2159",18,2225,2251,15,2246,2306,20,20,1,1,"2200-2259",0,"",0,121,119,86,1,590,3,20,0,0,0,0,NA,NA,NA
2011,1,3,27,7,2011-03-27,"DL",19790,"DL","N325NB",1583,14869,1486902,34614,"SLC","Salt Lake City, UT","UT",49,"Utah",87,12889,1288902,32211,"LAS","Las Vegas, NV","NV",32,"Nevada",85,936,941,5,5,0,0,"0900-0959",32,1013,1016,12,1008,1028,20,20,1,1,"1000-1059",0,"",0,92,107,63,1,368,2,0,0,20,0,0,NA,NA,NA
2011,1,3,22,2,2011-03-22,"OO",20304,"OO","N466SW",4657,14869,1486902,34614,"SLC","Salt Lake City, UT","UT",49,"Utah",87,14771,1477101,32457,"SFO","San Francisco, CA","CA",6,"California",91,1635,1634,-1,0,0,-1,"1600-1659",10,1644,1733,3,1748,1736,-12,0,0,-1,"1700-1759",0,"",0,133,122,109,1,599,3,NA,NA,NA,NA,NA,NA,NA,NA
2011,1,3,8,2,2011-03-08,"US",20355,"US","N824AW",46,14869,1486902,34614,"SLC","Salt Lake City, UT","UT",49,"Utah",87,14107,1410701,30466,"PHX","Phoenix, AZ","AZ",4,"Arizona",81,1325,1335,10,10,0,0,"1300-1359",12,1347,1457,6,1502,1503,1,1,0,0,"1500-1559",0,"",0,97,88,70,1,507,3,NA,NA,NA,NA,NA,NA,NA,NA
2011,1,3,9,3,2011-03-09,"OO",20304,"OO","N236SW",7811,14869,1486902,34614,"SLC","Salt Lake City, UT","UT",49,"Utah",87,11865,1186501,31865,"GCC","Gillette, WY","WY",56,"Wyoming",88,1105,1056,-9,0,0,-1,"1100-1159",14,1110,1231,3,1258,1234,-24,0,0,-2,"1200-1259",0,"",0,113,98,81,1,410,2,NA,NA,NA,NA,NA,NA,NA,NA
2011,1,3,30,3,2011-03-30,"DL",19790,"DL","N333NW",1882,14869,1486902,34614,"SLC","Salt Lake City, UT","UT",49,"Utah",87,11433,1143301,31295,"DTW","Detroit, MI","MI",26,"Michigan",43,1710,1709,-1,0,0,-1,"1700-1759",33,1742,2243,8,2231,2251,20,20,1,1,"2200-2259",0,"",0,201,222,181,1,1481,6,0,0,20,0,0,NA,NA,NA
2011,1,3,23,3,2011-03-23,"OO",20304,"OO","N862AS",4446,14869,1486902,34614,"SLC","Salt Lake City, UT","UT",49,"Utah",87,10620,1062001,30620,"BIL","Billings, MT","MT",30,"Montana",84,1520,1518,-2,0,0,-1,"1500-1559",13,1531,1624,4,1644,1628,-16,0,0,-2,"1600-1659",0,"",0,84,70,53,1,387,2,NA,NA,NA,NA,NA,NA,NA,NA
2011,1,3,11,5,2011-03-11,"DL",19790,"DL","N321NB",2482,14869,1486902,34614,"SLC","Salt Lake City, UT","UT",49,"Utah",87,14057,1405701,34057,"PDX","Portland, OR","OR",41,"Oregon",92,843,838,-5,0,0,-1,"0800-0859",28,906,944,3,947,947,0,0,0,0,"0900-0959",0,"",0,124,129,98,1,630,3,NA,NA,NA,NA,NA,NA,NA,NA
2011,1,3,21,1,2011-03-21,"OO",20304,"OO","N824SK",4701,14869,1486902,34614,"SLC","Salt Lake City, UT","UT",49,"Utah",87,12892,1289201,32575,"LAX","Los Angeles, CA","CA",6,"California",91,935,940,5,5,0,0,"0900-0959",14,954,1037,5,1034,1042,8,8,0,0,"1000-1059",0,"",0,119,122,103,1,590,3,NA,NA,NA,NA,NA,NA,NA,NA
2011,1,3,25,5,2011-03-25,"OO",20304,"OO","N865AS",4713,14869,1486902,34614,"SLC","Salt Lake City, UT","UT",49,"Utah",87,14893,1489301,33192,"SMF","Sacramento, CA","CA",6,"California",91,1510,1527,17,17,1,1,"1500-1559",13,1540,1603,5,1557,1608,11,11,0,0,"1500-1559",0,"",0,107,101,83,1,532,3,NA,NA,NA,NA,NA,NA,NA,NA
2011,1,3,18,5,2011-03-18,"WN",19393,"WN","N622SW",1380,14869,1486902,34614,"SLC","Salt Lake City, UT","UT",49,"Utah",87,12892,1289201,32575,"LAX","Los Angeles, CA","CA",6,"California",91,1315,1317,2,2,0,0,"1300-1359",9,1326,1402,10,1415,1412,-3,0,0,-1,"1400-1459",0,"",0,120,115,96,1,590,3,NA,NA,NA,NA,NA,NA,NA,NA
2011,1,3,10,4,2011-03-10,"OO",20304,"OO","N418SW",6604,14869,1486902,34614,"SLC","Salt Lake City, UT","UT",49,"Utah",87,11292,1129202,30325,"DEN","Denver, CO","CO",8,"Colorado",82,700,707,7,7,0,0,"0700-0759",11,718,817,6,834,823,-11,0,0,-1,"0800-0859",0,"",0,94,76,59,1,390,2,NA,NA,NA,NA,NA,NA,NA,NA
2011,1,3,28,1,2011-03-28,"OO",20304,"OO","N439SW",4761,14869,1486902,34614,"SLC","Salt Lake City, UT","UT",49,"Utah",87,14252,1425201,34252,"PSC","Pasco/Kennewick/Richland, WA","WA",53,"Washington",93,840,838,-2,0,0,-1,"0800-0859",19,857,918,7,928,925,-3,0,0,-1,"0900-0959",0,"",0,108,107,81,1,521,3,NA,NA,NA,NA,NA,NA,NA,NA
2011,1,3,2,3,2011-03-02,"DL",19790,"DL","N339NB",2891,14869,1486902,34614,"SLC","Salt Lake City, UT","UT",49,"Utah",87,14908,1490802,32575,"SNA","Santa Ana, CA","CA",6,"California",91,1115,1115,0,0,0,0,"1100-1159",16,1131,1203,4,1212,1207,-5,0,0,-1,"1200-1259",0,"",0,117,112,92,1,588,3,NA,NA,NA,NA,NA,NA,NA,NA
2011,1,3,16,3,2011-03-16,"DL",19790,"DL","N693DL",1912,14869,1486902,34614,"SLC","Salt Lake City, UT","UT",49,"Utah",87,10397,1039703,30397,"ATL","Atlanta, GA","GA",13,"Georgia",34,1110,1201,51,51,1,3,"1100-1159",16,1217,1715,7,1646,1722,36,36,1,2,"1600-1659",0,"",0,216,201,178,1,1589,7,36,0,0,0,0,NA,NA,NA
2011,1,3,11,5,2011-03-11,"OO",20304,"OO","N810SK",4586,14869,1486902,34614,"SLC","Salt Lake City, UT","UT",49,"Utah",87,13930,1393001,30977,"ORD","Chicago, IL","IL",17,"Illinois",41,1705,1659,-6,0,0,-1,"1700-1759",12,1711,2032,5,2116,2037,-39,0,0,-2,"2100-2159",0,"",0,191,158,141,1,1249,5,NA,NA,NA,NA,NA,NA,NA,NA
2011,1,3,19,6,2011-03-19,"OO",20304,"OO","N367CA",4607,14869,1486902,34614,"SLC","Salt Lake City, UT","UT",49,"Utah",87,13198,1319801,33198,"MCI","Kansas City, MO","MO",29,"Missouri",64,950,944,-6,0,0,-1,"0900-0959",15,959,1255,9,1322,1304,-18,0,0,-2,"1300-1359",0,"",0,152,140,116,1,919,4,NA,NA,NA,NA,NA,NA,NA,NA
2011,1,3,6,7,2011-03-06,"WN",19393,"WN","N236WN",1844,14869,1486902,34614,"SLC","Salt Lake City, UT","UT",49,"Utah",87,12889,1288902,32211,"LAS","Las Vegas, NV","NV",32,"Nevada",85,1925,1957,32,32,1,2,"1900-1959",10,2007,2008,4,1945,2012,27,27,1,1,"1900-1959",0,"",0,80,75,61,1,368,2,10,0,0,0,17,NA,NA,NA
2011,1,3,12,6,2011-03-12,"DL",19790,"DL","N648DL",1770,14869,1486902,34614,"SLC","Salt Lake City, UT","UT",49,"Utah",87,12478,1247801,31703,"JFK","New York, NY","NY",36,"New York",22,1100,1120,20,20,1,1,"1100-1159",44,1204,1802,15,1736,1817,41,41,1,2,"1700-1759",0,"",0,276,297,238,1,1989,8,20,0,21,0,0,NA,NA,NA
2011,1,3,18,5,2011-03-18,"OO",20304,"OO","N431SW",4578,14869,1486902,34614,"SLC","Salt Lake City, UT","UT",49,"Utah",87,10779,1077901,30779,"BTM","Butte, MT","MT",30,"Montana",84,2145,2140,-5,0,0,-1,"2100-2159",28,2208,2256,3,2318,2259,-19,0,0,-2,"2300-2359",0,"",0,93,79,48,1,357,2,NA,NA,NA,NA,NA,NA,NA,NA
2011,1,3,27,7,2011-03-27,"MQ",20398,"MQ","N503MQ",3767,14869,1486902,34614,"SLC","Salt Lake City, UT","UT",49,"Utah",87,13930,1393001,30977,"ORD","Chicago, IL","IL",17,"Illinois",41,1540,1645,65,65,1,4,"1500-1559",14,1659,2023,14,1955,2037,42,42,1,2,"1900-1959",0,"",0,195,172,144,1,1249,5,0,0,0,0,42,NA,NA,NA
2011,1,3,30,3,2011-03-30,"DL",19790,"DL","N333NW",1882,14869,1486902,34614,"SLC","Salt Lake City, UT","UT",49,"Utah",87,11433,1143301,31295,"DTW","Detroit, MI","MI",26,"Michigan",43,1710,1709,-1,0,0,-1,"1700-1759",33,1742,2243,8,2231,2251,20,20,1,1,"2200-2259",0,"",0,201,222,181,1,1481,6,0,0,20,0,0,NA,NA,NA
2011,1,3,13,7,2011-03-13,"OO",20304,"OO","N465SW",4510,14869,1486902,34614,"SLC","Salt Lake City, UT","UT",49,"Utah",87,11109,1110901,30189,"COS","Colorado Springs, CO","CO",8,"Colorado",82,1715,1717,2,2,0,0,"1700-1759",25,1742,1843,9,1854,1852,-2,0,0,-1,"1800-1859",0,"",0,99,95,61,1,410,2,NA,NA,NA,NA,NA,NA,NA,NA
2011,1,3,13,7,2011-03-13,"OO",20304,"OO","N820SK",4495,14869,1486902,34614,"SLC","Salt Lake City, UT","UT",49,"Utah",87,13930,1393001,30977,"ORD","Chicago, IL","IL",17,"Illinois",41,1115,1110,-5,0,0,-1,"1100-1159",21,1131,1503,8,1526,1511,-15,0,0,-1,"1500-1559",0,"",0,191,181,152,1,1249,5,NA,NA,NA,NA,NA,NA,NA,NA
2011,1,3,8,2,2011-03-08,"OO",20304,"OO","N800SK",4455,14869,1486902,34614,"SLC","Salt Lake City, UT","UT",49,"Utah",87,12266,1226602,31453,"IAH","Houston, TX","TX",48,"Texas",74,1400,1413,13,13,0,0,"1400-1459",13,1426,1754,6,1756,1800,4,4,0,0,"1700-1759",0,"",0,176,167,148,1,1195,5,NA,NA,NA,NA,NA,NA,NA,NA
2011,1,3,29,2,2011-03-29,"OO",20304,"OO","N869AS",4727,14869,1486902,34614,"SLC","Salt Lake City, UT","UT",49,"Utah",87,12156,1215601,32156,"HLN","Helena, MT","MT",30,"Montana",84,2005,1955,-10,0,0,-1,"2000-2059",15,2010,2123,3,2139,2126,-13,0,0,-1,"2100-2159",0,"",0,94,91,73,1,402,2,NA,NA,NA,NA,NA,NA,NA,NA
2011,1,3,25,5,2011-03-25,"DL",19790,"DL","N323US",2374,14869,1486902,34614,"SLC","Salt Lake City, UT","UT",49,"Utah",87,11193,1119301,33105,"CVG","Cincinnati, OH","KY",21,"Kentucky",52,950,953,3,3,0,0,"0900-0959",77,1110,1554,7,1517,1601,44,44,1,2,"1500-1559",0,"",0,207,248,164,1,1449,6,0,0,44,0,0,NA,NA,NA
2011,1,3,30,3,2011-03-30,"WN",19393,"WN","N649SW",167,14869,1486902,34614,"SLC","Salt Lake City, UT","UT",49,"Utah",87,10713,1071301,30713,"BOI","Boise, ID","ID",16,"Idaho",83,1630,1649,19,19,1,1,"1600-1659",13,1702,1753,2,1735,1755,20,20,1,1,"1700-1759",0,"",0,65,66,51,1,291,2,8,0,1,0,11,NA,NA,NA
2011,1,3,18,5,2011-03-18,"WN",19393,"WN","N339SW",156,14869,1486902,34614,"SLC","Salt Lake City, UT","UT",49,"Utah",87,14747,1474702,30559,"SEA","Seattle, WA","WA",53,"Washington",93,1720,1720,0,0,0,0,"1700-1759",21,1741,1819,19,1830,1838,8,8,0,0,"1800-1859",0,"",0,130,138,98,1,689,3,NA,NA,NA,NA,NA,NA,NA,NA
2011,1,3,23,3,2011-03-23,"OO",20304,"OO","N441SW",4760,14869,1486902,34614,"SLC","Salt Lake City, UT","UT",49,"Utah",87,14262,1426201,34262,"PSP","Palm Springs, CA","CA",6,"California",91,1135,1128,-7,0,0,-1,"1100-1159",10,1138,1210,6,1217,1216,-1,0,0,-1,"1200-1259",0,"",0,102,108,92,1,541,3,NA,NA,NA,NA,NA,NA,NA,NA
2011,1,3,29,2,2011-03-29,"DL",19790,"DL","N358NB",1296,14869,1486902,34614,"SLC","Salt Lake City, UT","UT",49,"Utah",87,13244,1324401,33244,"MEM","Memphis, TN","TN",47,"Tennessee",54,1400,1355,-5,0,0,-1,"1400-1459",16,1411,1737,5,1805,1742,-23,0,0,-2,"1800-1859",0,"",0,185,167,146,1,1261,6,NA,NA,NA,NA,NA,NA,NA,NA
2011,1,3,22,2,2011-03-22,"OO",20304,"OO","N410SW",4555,14869,1486902,34614,"SLC","Salt Lake City, UT","UT",49,"Utah",87,14489,1448901,34489,"RDM","Bend/Redmond, OR","OR",41,"Oregon",92,1135,1127,-8,0,0,-1,"1100-1159",16,1143,1157,3,1219,1200,-19,0,0,-2,"1200-1259",0,"",0,104,93,74,1,526,3,NA,NA,NA,NA,NA,NA,NA,NA
2011,1,3,11,5,2011-03-11,"OO",20304,"OO","N813SK",4518,14869,1486902,34614,"SLC","Salt Lake City, UT","UT",49,"Utah",87,11292,1129202,30325,"DEN","Denver, CO","CO",8,"Colorado",82,1240,1238,-2,0,0,-1,"1200-1259",12,1250,1346,7,1406,1353,-13,0,0,-1,"1400-1459",0,"",0,86,75,56,1,390,2,NA,NA,NA,NA,NA,NA,NA,NA
2011,1,3,13,7,2011-03-13,"OO",20304,"OO","N466SW",4674,14869,1486902,34614,"SLC","Salt Lake City, UT","UT",49,"Utah",87,10800,1080002,32575,"BUR","Burbank, CA","CA",6,"California",91,1505,1459,-6,0,0,-1,"1500-1559",18,1517,1551,3,1600,1554,-6,0,0,-1,"1600-1659",0,"",0,115,115,94,1,574,3,NA,NA,NA,NA,NA,NA,NA,NA
2011,1,3,5,6,2011-03-05,"OO",20304,"OO","N236SW",7788,14869,1486902,34614,"SLC","Salt Lake City, UT","UT",49,"Utah",87,15041,1504101,35041,"SUN","Sun Valley/Hailey/Ketchum, ID","ID",16,"Idaho",83,1110,1102,-8,0,0,-1,"1100-1159",15,1117,NA,NA,1229,NA,NA,NA,NA,NA,"1200-1259",0,"",1,79,NA,NA,1,223,1,NA,NA,NA,NA,NA,NA,NA,NA
2011,1,3,31,4,2011-03-31,"OO",20304,"OO","N613SK",4534,14869,1486902,34614,"SLC","Salt Lake City, UT","UT",49,"Utah",87,14683,1468301,33214,"SAT","San Antonio, TX","TX",48,"Texas",74,1355,1351,-4,0,0,-1,"1300-1359",12,1403,1708,4,1742,1712,-30,0,0,-2,"1700-1759",0,"",0,167,141,125,1,1086,5,NA,NA,NA,NA,NA,NA,NA,NA
2011,1,3,4,5,2011-03-04,"OO",20304,"OO","N613SK",4718,14869,1486902,34614,"SLC","Salt Lake City, UT","UT",49,"Utah",87,14683,1468301,33214,"SAT","San Antonio, TX","TX",48,"Texas",74,945,942,-3,0,0,-1,"0900-0959",11,953,1307,3,1332,1310,-22,0,0,-2,"1300-1359",0,"",0,167,148,134,1,1086,5,NA,NA,NA,NA,NA,NA,NA,NA
2011,1,3,26,6,2011-03-26,"F9",20436,"F9","N941FR",584,14869,1486902,34614,"SLC","Salt Lake City, UT","UT",49,"Utah",87,11292,1129202,30325,"DEN","Denver, CO","CO",8,"Colorado",82,1434,1453,19,19,1,1,"1400-1459",17,1510,1606,5,1550,1611,21,21,1,1,"1500-1559",0,"",0,76,78,56,1,390,2,15,0,2,0,4,NA,NA,NA
2011,1,3,24,4,2011-03-24,"DL",19790,"DL","N3743H",2083,14869,1486902,34614,"SLC","Salt Lake City, UT","UT",49,"Utah",87,12889,1288902,32211,"LAS","Las Vegas, NV","NV",32,"Nevada",85,2015,2017,2,2,0,0,"2000-2059",15,2032,2035,8,2046,2043,-3,0,0,-1,"2000-2059",0,"",0,91,86,63,1,368,2,NA,NA,NA,NA,NA,NA,NA,NA
2011,1,3,4,5,2011-03-04,"OO",20304,"OO","N812SK",4495,14869,1486902,34614,"SLC","Salt Lake City, UT","UT",49,"Utah",87,13930,1393001,30977,"ORD","Chicago, IL","IL",17,"Illinois",41,1115,1110,-5,0,0,-1,"1100-1159",21,1131,1501,5,1526,1506,-20,0,0,-2,"1500-1559",0,"",0,191,176,150,1,1249,5,NA,NA,NA,NA,NA,NA,NA,NA
2011,1,3,11,5,2011-03-11,"OO",20304,"OO","N301YV",7759,14869,1486902,34614,"SLC","Salt Lake City, UT","UT",49,"Utah",87,11525,1152501,31525,"EKO","Elko, NV","NV",32,"Nevada",85,744,740,-4,0,0,-1,"0700-0759",12,752,745,5,755,750,-5,0,0,-1,"0700-0759",0,"",0,71,70,53,1,200,1,NA,NA,NA,NA,NA,NA,NA,NA
2011,1,3,7,1,2011-03-07,"OO",20304,"OO","N216SW",7761,14869,1486902,34614,"SLC","Salt Lake City, UT","UT",49,"Utah",87,11525,1152501,31525,"EKO","Elko, NV","NV",32,"Nevada",85,1645,1646,1,1,0,0,"1600-1659",91,1817,1802,7,1657,1809,72,72,1,4,"1600-1659",0,"",0,72,143,45,1,200,1,1,0,71,0,0,NA,NA,NA
2011,1,3,24,4,2011-03-24,"WN",19393,"WN","N282WN",1697,14869,1486902,34614,"SLC","Salt Lake City, UT","UT",49,"Utah",87,12889,1288902,32211,"LAS","Las Vegas, NV","NV",32,"Nevada",85,1535,1537,2,2,0,0,"1500-1559",13,1550,1557,4,1555,1601,6,6,0,0,"1500-1559",0,"",0,80,84,67,1,368,2,NA,NA,NA,NA,NA,NA,NA,NA
2011,1,3,3,4,2011-03-03,"DL",19790,"DL","N368NW",1028,14869,1486902,34614,"SLC","Salt Lake City, UT","UT",49,"Utah",87,11618,1161801,31703,"EWR","Newark, NJ","NJ",34,"New Jersey",21,1710,1710,0,0,0,0,"1700-1759",23,1733,2315,7,2336,2322,-14,0,0,-1,"2300-2359",0,"",0,266,252,222,1,1968,8,NA,NA,NA,NA,NA,NA,NA,NA
2011,1,3,10,4,2011-03-10,"OO",20304,"OO","N446SW",4641,14869,1486902,34614,"SLC","Salt Lake City, UT","UT",49,"Utah",87,11638,1163802,31638,"FAT","Fresno, CA","CA",6,"California",91,2000,1958,-2,0,0,-1,"2000-2059",16,2014,2034,5,2046,2039,-7,0,0,-1,"2000-2059",0,"",0,106,101,80,1,501,3,NA,NA,NA,NA,NA,NA,NA,NA
2011,1,3,10,4,2011-03-10,"OO",20304,"OO","N446SW",4641,14869,1486902,34614,"SLC","Salt Lake City, UT","UT",49,"Utah",87,11638,1163802,31638,"FAT","Fresno, CA","CA",6,"California",91,2000,1958,-2,0,0,-1,"2000-2059",16,2014,2034,5,2046,2039,-7,0,0,-1,"2000-2059",0,"",0,106,101,80,1,501,3,NA,NA,NA,NA,NA,NA,NA,NA
2011,1,3,15,2,2011-03-15,"OO",20304,"OO","N732SK",6525,14869,1486902,34614,"SLC","Salt Lake City, UT","UT",49,"Utah",87,13930,1393001,30977,"ORD","Chicago, IL","IL",17,"Illinois",41,555,712,77,77,1,5,"0001-0559",24,736,1107,5,1005,1112,67,67,1,4,"1000-1059",0,"",0,190,180,151,1,1249,5,67,0,0,0,0,NA,NA,NA
2011,1,3,4,5,2011-03-04,"DL",19790,"DL","N393DA",2157,14869,1486902,34614,"SLC","Salt Lake City, UT","UT",49,"Utah",87,14747,1474702,30559,"SEA","Seattle, WA","WA",53,"Washington",93,1105,1109,4,4,0,0,"1100-1159",29,1138,1227,4,1218,1231,13,13,0,0,"1200-1259",0,"",0,133,142,109,1,689,3,NA,NA,NA,NA,NA,NA,NA,NA
2011,1,3,9,3,2011-03-09,"OO",20304,"OO","N367CA",4466,14869,1486902,34614,"SLC","Salt Lake City, UT","UT",49,"Utah",87,11298,1129802,30194,"DFW","Dallas/Fort Worth, TX","TX",48,"Texas",74,835,834,-1,0,0,-1,"0800-0859",17,851,1149,8,1208,1157,-11,0,0,-1,"1200-1259",0,"",0,153,143,118,1,988,4,NA,NA,NA,NA,NA,NA,NA,NA
2011,1,3,12,6,2011-03-12,"OO",20304,"OO","N823SK",4628,14869,1486902,34614,"SLC","Salt Lake City, UT","UT",49,"Utah",87,14252,1425201,34252,"PSC","Pasco/Kennewick/Richland, WA","WA",53,"Washington",93,2150,2141,-9,0,0,-1,"2100-2159",19,2200,2215,7,2233,2222,-11,0,0,-1,"2200-2259",0,"",0,103,101,75,1,521,3,NA,NA,NA,NA,NA,NA,NA,NA
2011,1,3,24,4,2011-03-24,"DL",19790,"DL","N372DA",1995,14869,1486902,34614,"SLC","Salt Lake City, UT","UT",49,"Utah",87,14679,1467902,33570,"SAN","San Diego, CA","CA",6,"California",91,2135,2136,1,1,0,0,"2100-2159",15,2151,2226,5,2231,2231,0,0,0,0,"2200-2259",0,"",0,116,115,95,1,626,3,NA,NA,NA,NA,NA,NA,NA,NA
2011,1,3,26,6,2011-03-26,"F9",20436,"F9","N941FR",584,14869,1486902,34614,"SLC","Salt Lake City, UT","UT",49,"Utah",87,11292,1129202,30325,"DEN","Denver, CO","CO",8,"Colorado",82,1434,1453,19,19,1,1,"1400-1459",17,1510,1606,5,1550,1611,21,21,1,1,"1500-1559",0,"",0,76,78,56,1,390,2,15,0,2,0,4,NA,NA,NA
2011,1,3,3,4,2011-03-03,"DL",19790,"DL","N372DA",1482,14869,1486902,34614,"SLC","Salt Lake City, UT","UT",49,"Utah",87,14057,1405701,34057,"PDX","Portland, OR","OR",41,"Oregon",92,1115,1111,-4,0,0,-1,"1100-1159",17,1128,1158,6,1216,1204,-12,0,0,-1,"1200-1259",0,"",0,121,113,90,1,630,3,NA,NA,NA,NA,NA,NA,NA,NA
2011,1,3,6,7,2011-03-06,"MQ",20398,"MQ","N510MQ",3825,14869,1486902,34614,"SLC","Salt Lake City, UT","UT",49,"Utah",87,13930,1393001,30977,"ORD","Chicago, IL","IL",17,"Illinois",41,710,736,26,26,1,1,"0700-0759",13,749,1119,10,1120,1129,9,9,0,0,"1100-1159",0,"",0,190,173,150,1,1249,5,NA,NA,NA,NA,NA,NA,NA,NA
2011,1,3,20,7,2011-03-20,"DL",19790,"DL","N6715C",1046,14869,1486902,34614,"SLC","Salt Lake City, UT","UT",49,"Utah",87,10397,1039703,30397,"ATL","Atlanta, GA","GA",13,"Georgia",34,1215,1215,0,0,0,0,"1200-1259",15,1230,1730,7,1748,1737,-11,0,0,-1,"1700-1759",0,"",0,213,202,180,1,1589,7,NA,NA,NA,NA,NA,NA,NA,NA
2011,1,3,4,5,2011-03-04,"DL",19790,"DL","N6713Y",1036,14869,1486902,34614,"SLC","Salt Lake City, UT","UT",49,"Utah",87,10397,1039703,30397,"ATL","Atlanta, GA","GA",13,"Georgia",34,1515,1515,0,0,0,0,"1500-1559",18,1533,2033,8,2055,2041,-14,0,0,-1,"2000-2059",0,"",0,220,206,180,1,1589,7,NA,NA,NA,NA,NA,NA,NA,NA
2011,1,3,27,7,2011-03-27,"OO",20304,"OO","N459SW",4635,14869,1486902,34614,"SLC","Salt Lake City, UT","UT",49,"Utah",87,14831,1483102,32457,"SJC","San Jose, CA","CA",6,"California",91,2000,2006,6,6,0,0,"2000-2059",10,2016,2056,4,2059,2100,1,1,0,0,"2000-2059",0,"",0,119,114,100,1,585,3,NA,NA,NA,NA,NA,NA,NA,NA
2011,1,3,24,4,2011-03-24,"OO",20304,"OO","N406SW",4570,14869,1486902,34614,"SLC","Salt Lake City, UT","UT",49,"Utah",87,14893,1489301,33192,"SMF","Sacramento, CA","CA",6,"California",91,1705,1700,-5,0,0,-1,"1700-1759",15,1715,1750,5,1752,1755,3,3,0,0,"1700-1759",0,"",0,107,115,95,1,532,3,NA,NA,NA,NA,NA,NA,NA,NA
2011,1,3,16,3,2011-03-16,"OO",20304,"OO","N813SK",4689,14869,1486902,34614,"SLC","Salt Lake City, UT","UT",49,"Utah",87,13244,1324401,33244,"MEM","Memphis, TN","TN",47,"Tennessee",54,1759,1752,-7,0,0,-1,"1700-1759",14,1806,2132,5,2205,2137,-28,0,0,-2,"2200-2259",0,"",0,186,165,146,1,1261,6,NA,NA,NA,NA,NA,NA,NA,NA
2011,1,3,23,3,2011-03-23,"WN",19393,"WN","N206WN",1788,14869,1486902,34614,"SLC","Salt Lake City, UT","UT",49,"Utah",87,10821,1082103,30852,"BWI","Baltimore, MD","MD",24,"Maryland",35,1105,1101,-4,0,0,-1,"1100-1159",9,1110,1656,3,1720,1659,-21,0,0,-2,"1700-1759",0,"",0,255,238,226,1,1864,8,NA,NA,NA,NA,NA,NA,NA,NA
2011,1,3,31,4,2011-03-31,"DL",19790,"DL","N649DL",2570,14869,1486902,34614,"SLC","Salt Lake City, UT","UT",49,"Utah",87,10397,1039703,30397,"ATL","Atlanta, GA","GA",13,"Georgia",34,55,53,-2,0,0,-1,"0001-0559",12,105,559,5,621,604,-17,0,0,-2,"0600-0659",0,"",0,206,191,174,1,1589,7,NA,NA,NA,NA,NA,NA,NA,NA
2011,1,3,19,6,2011-03-19,"OO",20304,"OO","N439SW",4541,14869,1486902,34614,"SLC","Salt Lake City, UT","UT",49,"Utah",87,15376,1537601,30436,"TUS","Tucson, AZ","AZ",4,"Arizona",81,957,956,-1,0,0,-1,"0900-0959",20,1016,1048,4,1047,1052,5,5,0,0,"1000-1059",0,"",0,110,116,92,1,601,3,NA,NA,NA,NA,NA,NA,NA,NA
2011,1,3,18,5,2011-03-18,"DL",19790,"DL","N641DL",1783,14869,1486902,34614,"SLC","Salt Lake City, UT","UT",49,"Utah",87,12889,1288902,32211,"LAS","Las Vegas, NV","NV",32,"Nevada",85,1357,1357,0,0,0,0,"1300-1359",14,1411,1409,10,1422,1419,-3,0,0,-1,"1400-1459",0,"",0,85,82,58,1,368,2,NA,NA,NA,NA,NA,NA,NA,NA
2011,1,3,25,5,2011-03-25,"DL",19790,"DL","N752AT",1299,14869,1486902,34614,"SLC","Salt Lake City, UT","UT",49,"Utah",87,12892,1289201,32575,"LAX","Los Angeles, CA","CA",6,"California",91,1120,1157,37,37,1,2,"1100-1159",80,1317,1344,11,1223,1355,92,92,1,6,"1200-1259",0,"",0,123,178,87,1,590,3,37,0,55,0,0,NA,NA,NA
2011,1,3,10,4,2011-03-10,"OO",20304,"OO","N446SW",4641,14869,1486902,34614,"SLC","Salt Lake City, UT","UT",49,"Utah",87,11638,1163802,31638,"FAT","Fresno, CA","CA",6,"California",91,2000,1958,-2,0,0,-1,"2000-2059",16,2014,2034,5,2046,2039,-7,0,0,-1,"2000-2059",0,"",0,106,101,80,1,501,3,NA,NA,NA,NA,NA,NA,NA,NA
2011,1,3,16,3,2011-03-16,"OO",20304,"OO","N613SK",4445,14869,1486902,34614,"SLC","Salt Lake City, UT","UT",49,"Utah",87,14107,1410701,30466,"PHX","Phoenix, AZ","AZ",4,"Arizona",81,950,946,-4,0,0,-1,"0900-0959",15,1001,1019,4,1030,1023,-7,0,0,-1,"1000-1059",0,"",0,100,97,78,1,507,3,NA,NA,NA,NA,NA,NA,NA,NA
