"Year","Quarter","Month","DayofMonth","DayOfWeek","FlightDate","UniqueCarrier","AirlineID","Carrier","TailNum","FlightNum","OriginAirportID","OriginAirportSeqID","OriginCityMarketID","Origin","OriginCityName","OriginState","OriginStateFips","OriginStateName","OriginWac","DestAirportID","DestAirportSeqID","DestCityMarketID","Dest","DestCityName","DestState","DestStateFips","DestStateName","DestWac","CRSDepTime","DepTime","DepDelay","DepDelayMinutes","DepDel15","DepartureDelayGroups","DepTimeBlk","TaxiOut","WheelsOff","WheelsOn","TaxiIn","CRSArrTime","ArrTime","ArrDelay","ArrDelayMinutes","ArrDel15","ArrivalDelayGroups","ArrTimeBlk","Cancelled","CancellationCode","Diverted","CRSElapsedTime","ActualElapsedTime","AirTime","Flights","Distance","DistanceGroup","CarrierDelay","WeatherDelay","NASDelay","SecurityDelay","LateAircraftDelay","FirstDepTime","TotalAddGTime","LongestAddGTime"
2011,3,7,4,1,2011-07-04,"WN",19393,"WN","N914WN",1168,14747,1474703,30559,"SEA","Seattle, WA","WA",53,"Washington",93,14107,1410702,30466,"PHX","Phoenix, AZ","AZ",4,"Arizona",81,2050,2050,0,0,0,0,"2000-2059",8,2058,2318,3,2340,2321,-19,0,0,-2,"2300-2359",0,"",0,170,151,140,1,1107,5,NA,NA,NA,NA,NA,NA,NA,NA
2011,3,7,17,7,2011-07-17,"AA",19805,"AA","N3EEAA",1016,14747,1474703,30559,"SEA","Seattle, WA","WA",53,"Washington",93,11298,1129803,30194,"DFW","Dallas/Fort Worth, TX","TX",48,"Texas",74,600,556,-4,0,0,-1,"0600-0659",13,609,1133,5,1145,1138,-7,0,0,-1,"1100-1159",0,"",0,225,222,204,1,1660,7,NA,NA,NA,NA,NA,NA,NA,NA
2011,3,7,18,1,2011-07-18,"AS",19930,"AS","N609AS",516,14747,1474703,30559,"SEA","Seattle, WA","WA",53,"Washington",93,14908,1490803,32575,"SNA","Santa Ana, CA","CA",6,"California",91,1830,1827,-3,0,0,-1,"1800-1859",14,1841,2104,5,2116,2109,-7,0,0,-1,"2100-2159",0,"",0,166,162,143,1,978,4,NA,NA,NA,NA,NA,NA,NA,NA
2011,3,7,14,4,2011-07-14,"AS",19930,"AS","N532AS",324,14747,1474703,30559,"SEA","Seattle, WA","WA",53,"Washington",93,14831,1483103,32457,"SJC","San Jose, CA","CA",6,"California",91,945,942,-3,0,0,-1,"0900-0959",21,1003,1147,6,1150,1153,3,3,0,0,"1100-1159",0,"",0,125,131,104,1,697,3,NA,NA,NA,NA,NA,NA,NA,NA
2011,3,7,29,5,2011-07-29,"AS",19930,"AS","N611AS",332,14747,1474703,30559,"SEA","Seattle, WA","WA",53,"Washington",93,14831,1483103,32457,"SJC","San Jose, CA","CA",6,"California",91,1725,1720,-5,0,0,-1,"1700-1759",9,1729,1915,4,1926,1919,-7,0,0,-1,"1900-1959",0,"",0,121,119,106,1,697,3,NA,NA,NA,NA,NA,NA,NA,NA
2011,3,7,25,1,2011-07-25,"AS",19930,"AS","N613AS",638,14747,1474703,30559,"SEA","Seattle, WA","WA",53,"Washington",93,14107,1410702,30466,"PHX","Phoenix, AZ","AZ",4,"Arizona",81,1540,1532,-8,0,0,-1,"1500-1559",18,1550,1832,9,1833,1841,8,8,0,0,"1800-1859",0,"",0,173,189,162,1,1107,5,NA,NA,NA,NA,NA,NA,NA,NA
2011,3,7,10,7,2011-07-10,"AS",19930,"AS","N529AS",632,14747,1474703,30559,"SEA","Seattle, WA","WA",53,"Washington",93,14107,1410702,30466,"PHX","Phoenix, AZ","AZ",4,"Arizona",81,730,728,-2,0,0,-1,"0700-0759",11,739,1009,5,1018,1014,-4,0,0,-1,"1000-1059",0,"",0,168,166,150,1,1107,5,NA,NA,NA,NA,NA,NA,NA,NA
2011,3,7,8,5,2011-07-08,"DL",19790,"DL","N3764D",1980,14747,1474703,30559,"SEA","Seattle, WA","WA",53,"Washington",93,11433,1143302,31295,"DTW","Detroit, MI","MI",26,"Michigan",43,700,658,-2,0,0,-1,"0700-0759",33,731,1402,9,1416,1411,-5,0,0,-1,"1400-1459",0,"",0,256,253,211,1,1927,8,NA,NA,NA,NA,NA,NA,NA,NA
2011,3,7,8,5,2011-07-08,"B6",20409,"B6","N618JB",291,14747,1474703,30559,"SEA","Seattle, WA","WA",53,"Washington",93,12954,1295402,32575,"LGB","Long Beach, CA","CA",6,"California",91,1137,1146,9,9,0,0,"1100-1159",18,1204,1412,5,1413,1417,4,4,0,0,"1400-1459",0,"",0,156,151,128,1,965,4,NA,NA,NA,NA,NA,NA,NA,NA
2011,3,7,14,4,2011-07-14,"WN",19393,"WN","N917WN",2610,14747,1474703,30559,"SEA","Seattle, WA","WA",53,"Washington",93,13796,1379601,32457,"OAK","Oakland, CA","CA",6,"California",91,1515,1512,-3,0,0,-1,"1500-1559",10,1522,1705,6,1720,1711,-9,0,0,-1,"1700-1759",0,"",0,125,119,103,1,672,3,NA,NA,NA,NA,NA,NA,NA,NA
2011,3,7,25,1,2011-07-25,"AS",19930,"AS","N619AS",328,14747,1474703,30559,"SEA","Seattle, WA","WA",53,"Washington",93,14831,1483103,32457,"SJC","San Jose, CA","CA",6,"California",91,1550,1642,52,52,1,3,"1500-1559",12,1654,1832,3,1759,1835,36,36,1,2,"1700-1759",0,"",0,129,113,98,1,697,3,36,0,0,0,0,NA,NA,NA
2011,3,7,7,4,2011-07-07,"US",20355,"US","N637AW",72,14747,1474703,30559,"SEA","Seattle, WA","WA",53,"Washington",93,14107,1410702,30466,"PHX","Phoenix, AZ","AZ",4,"Arizona",81,2015,2013,-2,0,0,-1,"2000-2059",12,2025,2247,4,2308,2251,-17,0,0,-2,"2300-2359",0,"",0,173,158,142,1,1107,5,NA,NA,NA,NA,NA,NA,NA,NA
2011,3,7,1,5,2011-07-01,"DL",19790,"DL","N645DL",868,14747,1474703,30559,"SEA","Seattle, WA","WA",53,"Washington",93,10397,1039704,30397,"ATL","Atlanta, GA","GA",13,"Georgia",34,2255,2252,-3,0,0,-1,"2200-2259",14,2306,621,13,635,634,-1,0,0,-1,"0600-0659",0,"",0,280,282,255,1,2182,9,NA,NA,NA,NA,NA,NA,NA,NA
2011,3,7,18,1,2011-07-18,"CO",19704,"CO","N53441",1704,14747,1474703,30559,"SEA","Seattle, WA","WA",53,"Washington",93,12266,1226603,31453,"IAH","Houston, TX","TX",48,"Texas",74,705,705,0,0,0,0,"0700-0759",14,719,1318,6,1320,1324,4,4,0,0,"1300-1359",0,"",0,255,259,239,1,1874,8,NA,NA,NA,NA,NA,NA,NA,NA
2011,3,7,17,7,2011-07-17,"AS",19930,"AS","N644AS",632,14747,1474703,30559,"SEA","Seattle, WA","WA",53,"Washington",93,14107,1410702,30466,"PHX","Phoenix, AZ","AZ",4,"Arizona",81,730,725,-5,0,0,-1,"0700-0759",10,735,1010,5,1020,1015,-5,0,0,-1,"1000-1059",0,"",0,170,170,155,1,1107,5,NA,NA,NA,NA,NA,NA,NA,NA
2011,3,7,9,6,2011-07-09,"AS",19930,"AS","N596AS",75,14747,1474703,30559,"SEA","Seattle, WA","WA",53,"Washington",93,12523,1252302,32523,"JNU","Juneau, AK","AK",2,"Alaska",1,1055,1052,-3,0,0,-1,"1000-1059",16,1108,1211,4,1227,1215,-12,0,0,-1,"1200-1259",0,"",0,152,143,123,1,909,4,NA,NA,NA,NA,NA,NA,NA,NA
2011,3,7,24,7,2011-07-24,"AS",19930,"AS","N305AS",678,14747,1474703,30559,"SEA","Seattle, WA","WA",53,"Washington",93,11292,1129202,30325,"DEN","Denver, CO","CO",8,"Colorado",82,1755,1756,1,1,0,0,"1700-1759",10,1806,2117,7,2130,2124,-6,0,0,-1,"2100-2159",0,"",0,155,148,131,1,1024,5,NA,NA,NA,NA,NA,NA,NA,NA
2011,3,7,29,5,2011-07-29,"AS",19930,"AS","N319AS",20,14747,1474703,30559,"SEA","Seattle, WA","WA",53,"Washington",93,13930,1393002,30977,"ORD","Chicago, IL","IL",17,"Illinois",41,845,845,0,0,0,0,"0800-0859",19,904,1417,7,1435,1424,-11,0,0,-1,"1400-1459",0,"",0,230,219,193,1,1721,7,NA,NA,NA,NA,NA,NA,NA,NA
2011,3,7,5,2,2011-07-05,"DL",19790,"DL","N3737C",1980,14747,1474703,30559,"SEA","Seattle, WA","WA",53,"Washington",93,11433,1143302,31295,"DTW","Detroit, MI","MI",26,"Michigan",43,700,659,-1,0,0,-1,"0700-0759",14,713,1354,12,1416,1406,-10,0,0,-1,"1400-1459",0,"",0,256,247,221,1,1927,8,NA,NA,NA,NA,NA,NA,NA,NA
2011,3,7,9,6,2011-07-09,"UA",19977,"UA","",685,14747,1474703,30559,"SEA","Seattle, WA","WA",53,"Washington",93,14771,1477101,32457,"SFO","San Francisco, CA","CA",6,"California",91,748,NA,NA,NA,NA,NA,"0700-0759",NA,NA,NA,NA,1000,NA,NA,NA,NA,NA,"1000-1059",1,"A",0,132,NA,NA,1,679,3,NA,NA,NA,NA,NA,NA,NA,NA
2011,3,7,15,5,2011-07-15,"AA",19805,"AA","N3AXAA",2098,14747,1474703,30559,"SEA","Seattle, WA","WA",53,"Washington",93,13930,1393002,30977,"ORD","Chicago, IL","IL",17,"Illinois",41,850,844,-6,0,0,-1,"0800-0859",42,926,1457,6,1445,1503,18,18,1,1,"1400-1459",0,"",0,235,259,211,1,1721,7,0,0,18,0,0,NA,NA,NA
2011,3,7,9,6,2011-07-09,"DL",19790,"DL","N3773D",496,14747,1474703,30559,"SEA","Seattle, WA","WA",53,"Washington",93,11433,1143302,31295,"DTW","Detroit, MI","MI",26,"Michigan",43,1335,1336,1,1,0,0,"1300-1359",13,1349,2016,6,2048,2022,-26,0,0,-2,"2000-2059",0,"",0,253,226,207,1,1927,8,NA,NA,NA,NA,NA,NA,NA,NA
2011,3,7,12,2,2011-07-12,"CO",19704,"CO","N33284",1880,14747,1474703,30559,"SEA","Seattle, WA","WA",53,"Washington",93,11618,1161802,31703,"EWR","Newark, NJ","NJ",34,"New Jersey",21,1515,1511,-4,0,0,-1,"1500-1559",14,1525,2303,8,2315,2311,-4,0,0,-1,"2300-2359",0,"",0,300,300,278,1,2402,10,NA,NA,NA,NA,NA,NA,NA,NA
2011,3,7,8,5,2011-07-08,"AS",19930,"AS","N769AS",68,14747,1474703,30559,"SEA","Seattle, WA","WA",53,"Washington",93,12523,1252302,32523,"JNU","Juneau, AK","AK",2,"Alaska",1,610,613,3,3,0,0,"0600-0659",16,629,740,3,740,743,3,3,0,0,"0700-0759",0,"",0,150,150,131,1,909,4,NA,NA,NA,NA,NA,NA,NA,NA
2011,3,7,27,3,2011-07-27,"AS",19930,"AS","N516AS",664,14747,1474703,30559,"SEA","Seattle, WA","WA",53,"Washington",93,11298,1129803,30194,"DFW","Dallas/Fort Worth, TX","TX",48,"Texas",74,1815,1945,90,90,1,6,"1800-1859",13,1958,120,4,2359,124,85,85,1,5,"2300-2359",0,"",0,224,219,202,1,1660,7,4,0,0,0,81,NA,NA,NA
2011,3,7,22,5,2011-07-22,"DL",19790,"DL","N3734B",1560,14747,1474703,30559,"SEA","Seattle, WA","WA",53,"Washington",93,11193,1119302,33105,"CVG","Cincinnati, OH","KY",21,"Kentucky",52,1245,1250,5,5,0,0,"1200-1259",14,1304,1954,5,2005,1959,-6,0,0,-1,"2000-2059",0,"",0,260,249,230,1,1965,8,NA,NA,NA,NA,NA,NA,NA,NA
2011,3,7,10,7,2011-07-10,"AS",19930,"AS","N565AS",630,14747,1474703,30559,"SEA","Seattle, WA","WA",53,"Washington",93,14107,1410702,30466,"PHX","Phoenix, AZ","AZ",4,"Arizona",81,1040,1037,-3,0,0,-1,"1000-1059",17,1054,1323,5,1334,1328,-6,0,0,-1,"1300-1359",0,"",0,174,171,149,1,1107,5,NA,NA,NA,NA,NA,NA,NA,NA
2011,3,7,11,1,2011-07-11,"WN",19393,"WN","N261WN",3689,14747,1474703,30559,"SEA","Seattle, WA","WA",53,"Washington",93,11292,1129202,30325,"DEN","Denver, CO","CO",8,"Colorado",82,605,605,0,0,0,0,"0600-0659",19,624,932,6,945,938,-7,0,0,-1,"0900-0959",0,"",0,160,153,128,1,1024,5,NA,NA,NA,NA,NA,NA,NA,NA
2011,3,7,3,7,2011-07-03,"OO",20304,"OO","N218AG",3474,14747,1474703,30559,"SEA","Seattle, WA","WA",53,"Washington",93,12954,1295402,32575,"LGB","Long Beach, CA","CA",6,"California",91,1200,1201,1,1,0,0,"1200-1259",21,1222,1443,4,1437,1447,10,10,0,0,"1400-1459",0,"",0,157,166,141,1,965,4,NA,NA,NA,NA,NA,NA,NA,NA
2011,3,7,25,1,2011-07-25,"DL",19790,"DL","N656DL",768,14747,1474703,30559,"SEA","Seattle, WA","WA",53,"Washington",93,10397,1039704,30397,"ATL","Atlanta, GA","GA",13,"Georgia",34,2355,2357,2,2,0,0,"2300-2359",17,14,717,7,735,724,-11,0,0,-1,"0700-0759",0,"",0,280,267,243,1,2182,9,NA,NA,NA,NA,NA,NA,NA,NA
2011,3,7,12,2,2011-07-12,"AS",19930,"AS","N556AS",111,14747,1474703,30559,"SEA","Seattle, WA","WA",53,"Washington",93,10299,1029903,30299,"ANC","Anchorage, AK","AK",2,"Alaska",1,2025,2020,-5,0,0,-1,"2000-2059",14,2034,2246,4,2256,2250,-6,0,0,-1,"2200-2259",0,"",0,211,210,192,1,1448,6,NA,NA,NA,NA,NA,NA,NA,NA
2011,3,7,13,3,2011-07-13,"DL",19790,"DL","N144DA",1929,14747,1474703,30559,"SEA","Seattle, WA","WA",53,"Washington",93,10397,1039704,30397,"ATL","Atlanta, GA","GA",13,"Georgia",34,1305,1307,2,2,0,0,"1300-1359",15,1322,2047,10,2102,2057,-5,0,0,-1,"2100-2159",0,"",0,297,290,265,1,2182,9,NA,NA,NA,NA,NA,NA,NA,NA
2011,3,7,17,7,2011-07-17,"CO",19704,"CO","N38417",1695,14747,1474703,30559,"SEA","Seattle, WA","WA",53,"Washington",93,11618,1161802,31703,"EWR","Newark, NJ","NJ",34,"New Jersey",21,1605,1615,10,10,0,0,"1600-1659",15,1630,1,6,2359,7,8,8,0,0,"2300-2359",0,"",0,294,292,271,1,2402,10,NA,NA,NA,NA,NA,NA,NA,NA
2011,3,7,18,1,2011-07-18,"DL",19790,"DL","N386DA",1560,14747,1474703,30559,"SEA","Seattle, WA","WA",53,"Washington",93,11193,1119302,33105,"CVG","Cincinnati, OH","KY",21,"Kentucky",52,1245,1241,-4,0,0,-1,"1200-1259",13,1254,1941,4,2005,1945,-20,0,0,-2,"2000-2059",0,"",0,260,244,227,1,1965,8,NA,NA,NA,NA,NA,NA,NA,NA
2011,3,7,29,5,2011-07-29,"AS",19930,"AS","N512AS",18,14747,1474703,30559,"SEA","Seattle, WA","WA",53,"Washington",93,13204,1320402,31454,"MCO","Orlando, FL","FL",12,"Florida",33,845,839,-6,0,0,-1,"0800-0859",28,907,1702,7,1716,1709,-7,0,0,-1,"1700-1759",0,"",0,331,330,295,1,2554,11,NA,NA,NA,NA,NA,NA,NA,NA
2011,3,7,31,7,2011-07-31,"AS",19930,"AS","N594AS",14,14747,1474703,30559,"SEA","Seattle, WA","WA",53,"Washington",93,11618,1161802,31703,"EWR","Newark, NJ","NJ",34,"New Jersey",21,1505,1500,-5,0,0,-1,"1500-1559",15,1515,2251,4,2319,2255,-24,0,0,-2,"2300-2359",0,"",0,314,295,276,1,2402,10,NA,NA,NA,NA,NA,NA,NA,NA
2011,3,7,3,7,2011-07-03,"AS",19930,"AS","N532AS",324,14747,1474703,30559,"SEA","Seattle, WA","WA",53,"Washington",93,14831,1483103,32457,"SJC","San Jose, CA","CA",6,"California",91,945,940,-5,0,0,-1,"0900-0959",23,1003,1147,4,1148,1151,3,3,0,0,"1100-1159",0,"",0,123,131,104,1,697,3,NA,NA,NA,NA,NA,NA,NA,NA
2011,3,7,21,4,2011-07-21,"AA",19805,"AA","N3AJAA",1580,14747,1474703,30559,"SEA","Seattle, WA","WA",53,"Washington",93,13930,1393002,30977,"ORD","Chicago, IL","IL",17,"Illinois",41,615,614,-1,0,0,-1,"0600-0659",17,631,1150,20,1210,1210,0,0,0,0,"1200-1259",0,"",0,235,236,199,1,1721,7,NA,NA,NA,NA,NA,NA,NA,NA
2011,3,7,23,6,2011-07-23,"OO",20304,"OO","N218AG",3482,14747,1474703,30559,"SEA","Seattle, WA","WA",53,"Washington",93,14689,1468902,34689,"SBA","Santa Barbara, CA","CA",6,"California",91,1436,1443,7,7,0,0,"1400-1459",18,1501,1703,5,1700,1708,8,8,0,0,"1700-1759",0,"",0,144,145,122,1,908,4,NA,NA,NA,NA,NA,NA,NA,NA
2011,3,7,15,5,2011-07-15,"AA",19805,"AA","N3AXAA",2098,14747,1474703,30559,"SEA","Seattle, WA","WA",53,"Washington",93,13930,1393002,30977,"ORD","Chicago, IL","IL",17,"Illinois",41,850,844,-6,0,0,-1,"0800-0859",42,926,1457,6,1445,1503,18,18,1,1,"1400-1459",0,"",0,235,259,211,1,1721,7,0,0,18,0,0,NA,NA,NA
2011,3,7,22,5,2011-07-22,"WN",19393,"WN","N439WN",2610,14747,1474703,30559,"SEA","Seattle, WA","WA",53,"Washington",93,13796,1379601,32457,"OAK","Oakland, CA","CA",6,"California",91,1515,1518,3,3,0,0,"1500-1559",10,1528,1703,4,1720,1707,-13,0,0,-1,"1700-1759",0,"",0,125,109,95,1,672,3,NA,NA,NA,NA,NA,NA,NA,NA
2011,3,7,22,5,2011-07-22,"CO",19704,"CO","N37408",866,14747,1474703,30559,"SEA","Seattle, WA","WA",53,"Washington",93,12266,1226603,31453,"IAH","Houston, TX","TX",48,"Texas",74,2350,2350,0,0,0,0,"2300-2359",11,1,537,6,555,543,-12,0,0,-1,"0001-0559",0,"",0,245,233,216,1,1874,8,NA,NA,NA,NA,NA,NA,NA,NA
2011,3,7,24,7,2011-07-24,"AS",19930,"AS","N577AS",730,14747,1474703,30559,"SEA","Seattle, WA","WA",53,"Washington",93,12266,1226603,31453,"IAH","Houston, TX","TX",48,"Texas",74,1125,1132,7,7,0,0,"1100-1159",17,1149,1742,10,1748,1752,4,4,0,0,"1700-1759",0,"",0,263,260,233,1,1874,8,NA,NA,NA,NA,NA,NA,NA,NA
2011,3,7,23,6,2011-07-23,"WN",19393,"WN","N768SW",1316,14747,1474703,30559,"SEA","Seattle, WA","WA",53,"Washington",93,12889,1288903,32211,"LAS","Las Vegas, NV","NV",32,"Nevada",85,1400,1400,0,0,0,0,"1400-1459",14,1414,1610,6,1630,1616,-14,0,0,-1,"1600-1659",0,"",0,150,136,116,1,867,4,NA,NA,NA,NA,NA,NA,NA,NA
2011,3,7,1,5,2011-07-01,"DL",19790,"DL","N3743H",1560,14747,1474703,30559,"SEA","Seattle, WA","WA",53,"Washington",93,11193,1119302,33105,"CVG","Cincinnati, OH","KY",21,"Kentucky",52,1245,1242,-3,0,0,-1,"1200-1259",17,1259,1949,5,2005,1954,-11,0,0,-1,"2000-2059",0,"",0,260,252,230,1,1965,8,NA,NA,NA,NA,NA,NA,NA,NA
2011,3,7,12,2,2011-07-12,"OO",20304,"OO","N794SK",5374,14747,1474703,30559,"SEA","Seattle, WA","WA",53,"Washington",93,12892,1289202,32575,"LAX","Los Angeles, CA","CA",6,"California",91,1120,1120,0,0,0,0,"1100-1159",19,1139,1349,13,1355,1402,7,7,0,0,"1300-1359",0,"",0,155,162,130,1,954,4,NA,NA,NA,NA,NA,NA,NA,NA
2011,3,7,16,6,2011-07-16,"OO",20304,"OO","N963SW",5517,14747,1474703,30559,"SEA","Seattle, WA","WA",53,"Washington",93,12892,1289202,32575,"LAX","Los Angeles, CA","CA",6,"California",91,1745,1743,-2,0,0,-1,"1700-1759",16,1759,2028,9,2030,2037,7,7,0,0,"2000-2059",0,"",0,165,174,149,1,954,4,NA,NA,NA,NA,NA,NA,NA,NA
2011,3,7,16,6,2011-07-16,"AS",19930,"AS","N309AS",674,14747,1474703,30559,"SEA","Seattle, WA","WA",53,"Washington",93,11292,1129202,30325,"DEN","Denver, CO","CO",8,"Colorado",82,1550,1548,-2,0,0,-1,"1500-1559",13,1601,1916,8,1923,1924,1,1,0,0,"1900-1959",0,"",0,153,156,135,1,1024,5,NA,NA,NA,NA,NA,NA,NA,NA
2011,3,7,1,5,2011-07-01,"AS",19930,"AS","N754AS",68,14747,1474703,30559,"SEA","Seattle, WA","WA",53,"Washington",93,12523,1252302,32523,"JNU","Juneau, AK","AK",2,"Alaska",1,610,609,-1,0,0,-1,"0600-0659",21,630,746,4,740,750,10,10,0,0,"0700-0759",0,"",0,150,161,136,1,909,4,NA,NA,NA,NA,NA,NA,NA,NA
2011,3,7,25,1,2011-07-25,"AS",19930,"AS","N611AS",630,14747,1474703,30559,"SEA","Seattle, WA","WA",53,"Washington",93,14107,1410702,30466,"PHX","Phoenix, AZ","AZ",4,"Arizona",81,1040,1039,-1,0,0,-1,"1000-1059",20,1059,1325,5,1334,1330,-4,0,0,-1,"1300-1359",0,"",0,174,171,146,1,1107,5,NA,NA,NA,NA,NA,NA,NA,NA
2011,3,7,22,5,2011-07-22,"WN",19393,"WN","N288WN",328,14747,1474703,30559,"SEA","Seattle, WA","WA",53,"Washington",93,15016,1501603,31123,"STL","St. Louis, MO","MO",29,"Missouri",64,1255,1254,-1,0,0,-1,"1200-1259",17,1311,1827,3,1845,1830,-15,0,0,-1,"1800-1859",0,"",0,230,216,196,1,1709,7,NA,NA,NA,NA,NA,NA,NA,NA
2011,3,7,13,3,2011-07-13,"AS",19930,"AS","N583AS",678,14747,1474703,30559,"SEA","Seattle, WA","WA",53,"Washington",93,11292,1129202,30325,"DEN","Denver, CO","CO",8,"Colorado",82,1755,1747,-8,0,0,-1,"1700-1759",17,1804,2117,7,2129,2124,-5,0,0,-1,"2100-2159",0,"",0,154,157,133,1,1024,5,NA,NA,NA,NA,NA,NA,NA,NA
2011,3,7,13,3,2011-07-13,"OO",20304,"OO","N583SW",6341,14747,1474703,30559,"SEA","Seattle, WA","WA",53,"Washington",93,14057,1405702,34057,"PDX","Portland, OR","OR",41,"Oregon",92,813,810,-3,0,0,-1,"0800-0859",8,818,851,2,900,853,-7,0,0,-1,"0900-0959",0,"",0,47,43,33,1,129,1,NA,NA,NA,NA,NA,NA,NA,NA
2011,3,7,28,4,2011-07-28,"AS",19930,"AS","N788AS",312,14747,1474703,30559,"SEA","Seattle, WA","WA",53,"Washington",93,14771,1477101,32457,"SFO","San Francisco, CA","CA",6,"California",91,1215,1208,-7,0,0,-1,"1200-1259",15,1223,1406,5,1429,1411,-18,0,0,-2,"1400-1459",0,"",0,134,123,103,1,679,3,NA,NA,NA,NA,NA,NA,NA,NA
2011,3,7,21,4,2011-07-21,"US",20355,"US","N656AW",67,14747,1474703,30559,"SEA","Seattle, WA","WA",53,"Washington",93,14100,1410002,34100,"PHL","Philadelphia, PA","PA",42,"Pennsylvania",23,1115,1148,33,33,1,2,"1100-1159",27,1215,1950,4,1923,1954,31,31,1,2,"1900-1959",0,"",0,308,306,275,1,2378,10,0,0,0,0,31,NA,NA,NA
2011,3,7,3,7,2011-07-03,"AS",19930,"AS","N565AS",99,14747,1474703,30559,"SEA","Seattle, WA","WA",53,"Washington",93,10299,1029903,30299,"ANC","Anchorage, AK","AK",2,"Alaska",1,1330,1330,0,0,0,0,"1300-1359",11,1341,1546,4,1600,1550,-10,0,0,-1,"1600-1659",0,"",0,210,200,185,1,1448,6,NA,NA,NA,NA,NA,NA,NA,NA
2011,3,7,20,3,2011-07-20,"AS",19930,"AS","N526AS",2,14747,1474703,30559,"SEA","Seattle, WA","WA",53,"Washington",93,11278,1127802,30852,"DCA","Washington, DC","VA",51,"Virginia",38,1405,1417,12,12,0,0,"1400-1459",15,1432,2154,3,2157,2157,0,0,0,0,"2100-2159",0,"",0,292,280,262,1,2329,10,NA,NA,NA,NA,NA,NA,NA,NA
2011,3,7,10,7,2011-07-10,"OO",20304,"OO","N218AG",3486,14747,1474703,30559,"SEA","Seattle, WA","WA",53,"Washington",93,14057,1405702,34057,"PDX","Portland, OR","OR",41,"Oregon",92,600,559,-1,0,0,-1,"0600-0659",20,619,649,6,649,655,6,6,0,0,"0600-0659",0,"",0,49,56,30,1,129,1,NA,NA,NA,NA,NA,NA,NA,NA
2011,3,7,20,3,2011-07-20,"AS",19930,"AS","N793AS",318,14747,1474703,30559,"SEA","Seattle, WA","WA",53,"Washington",93,14771,1477101,32457,"SFO","San Francisco, CA","CA",6,"California",91,945,947,2,2,0,0,"0900-0959",12,959,1138,6,1155,1144,-11,0,0,-1,"1100-1159",0,"",0,130,117,99,1,679,3,NA,NA,NA,NA,NA,NA,NA,NA
2011,3,7,8,5,2011-07-08,"AS",19930,"AS","N315AS",600,14747,1474703,30559,"SEA","Seattle, WA","WA",53,"Washington",93,12889,1288903,32211,"LAS","Las Vegas, NV","NV",32,"Nevada",85,600,558,-2,0,0,-1,"0600-0659",11,609,803,9,826,812,-14,0,0,-1,"0800-0859",0,"",0,146,134,114,1,867,4,NA,NA,NA,NA,NA,NA,NA,NA
2011,3,7,2,6,2011-07-02,"F9",20436,"F9","N918FR",840,14747,1474703,30559,"SEA","Seattle, WA","WA",53,"Washington",93,11292,1129202,30325,"DEN","Denver, CO","CO",8,"Colorado",82,735,757,22,22,1,1,"0700-0759",15,812,1113,5,1110,1118,8,8,0,0,"1100-1159",0,"",0,155,141,121,1,1024,5,NA,NA,NA,NA,NA,NA,NA,NA
2011,3,7,1,5,2011-07-01,"DL",19790,"DL","N3743H",1560,14747,1474703,30559,"SEA","Seattle, WA","WA",53,"Washington",93,11193,1119302,33105,"CVG","Cincinnati, OH","KY",21,"Kentucky",52,1245,1242,-3,0,0,-1,"1200-1259",17,1259,1949,5,2005,1954,-11,0,0,-1,"2000-2059",0,"",0,260,252,230,1,1965,8,NA,NA,NA,NA,NA,NA,NA,NA
2011,3,7,21,4,2011-07-21,"CO",19704,"CO","N75433",1476,14747,1474703,30559,"SEA","Seattle, WA","WA",53,"Washington",93,11618,1161802,31703,"EWR","Newark, NJ","NJ",34,"New Jersey",21,2230,2225,-5,0,0,-1,"2200-2259",8,2233,549,10,623,559,-24,0,0,-2,"0600-0659",0,"",0,293,274,256,1,2402,10,NA,NA,NA,NA,NA,NA,NA,NA
2011,3,7,9,6,2011-07-09,"AS",19930,"AS","N618AS",632,14747,1474703,30559,"SEA","Seattle, WA","WA",53,"Washington",93,14107,1410702,30466,"PHX","Phoenix, AZ","AZ",4,"Arizona",81,730,727,-3,0,0,-1,"0700-0759",10,737,1002,7,1018,1009,-9,0,0,-1,"1000-1059",0,"",0,168,162,145,1,1107,5,NA,NA,NA,NA,NA,NA,NA,NA
2011,3,7,9,6,2011-07-09,"AS",19930,"AS","N303AS",604,14747,1474703,30559,"SEA","Seattle, WA","WA",53,"Washington",93,12889,1288903,32211,"LAS","Las Vegas, NV","NV",32,"Nevada",85,1120,1132,12,12,0,0,"1100-1159",14,1146,1342,5,1348,1347,-1,0,0,-1,"1300-1359",0,"",0,148,135,116,1,867,4,NA,NA,NA,NA,NA,NA,NA,NA
2011,3,7,10,7,2011-07-10,"AS",19930,"AS","N552AS",12,14747,1474703,30559,"SEA","Seattle, WA","WA",53,"Washington",93,10721,1072102,30721,"BOS","Boston, MA","MA",25,"Massachusetts",13,845,839,-6,0,0,-1,"0800-0859",20,859,1631,15,1708,1646,-22,0,0,-2,"1700-1759",0,"",0,323,307,272,1,2496,10,NA,NA,NA,NA,NA,NA,NA,NA
2011,3,7,4,1,2011-07-04,"AA",19805,"AA","N4WXAA",1200,14747,1474703,30559,"SEA","Seattle, WA","WA",53,"Washington",93,11298,1129803,30194,"DFW","Dallas/Fort Worth, TX","TX",48,"Texas",74,1530,1525,-5,0,0,-1,"1500-1559",18,1543,2103,12,2120,2115,-5,0,0,-1,"2100-2159",0,"",0,230,230,200,1,1660,7,NA,NA,NA,NA,NA,NA,NA,NA
2011,3,7,11,1,2011-07-11,"US",20355,"US","N601AW",78,14747,1474703,30559,"SEA","Seattle, WA","WA",53,"Washington",93,14100,1410002,34100,"PHL","Philadelphia, PA","PA",42,"Pennsylvania",23,845,841,-4,0,0,-1,"0800-0859",14,855,1650,6,1654,1656,2,2,0,0,"1600-1659",0,"",0,309,315,295,1,2378,10,NA,NA,NA,NA,NA,NA,NA,NA
2011,3,7,10,7,2011-07-10,"AS",19930,"AS","N565AS",630,14747,1474703,30559,"SEA","Seattle, WA","WA",53,"Washington",93,14107,1410702,30466,"PHX","Phoenix, AZ","AZ",4,"Arizona",81,1040,1037,-3,0,0,-1,"1000-1059",17,1054,1323,5,1334,1328,-6,0,0,-1,"1300-1359",0,"",0,174,171,149,1,1107,5,NA,NA,NA,NA,NA,NA,NA,NA
2011,3,7,18,1,2011-07-18,"AS",19930,"AS","N519AS",123,14747,1474703,30559,"SEA","Seattle, WA","WA",53,"Washington",93,11630,1163002,31517,"FAI","Fairbanks, AK","AK",2,"Alaska",1,1350,1347,-3,0,0,-1,"1300-1359",19,1406,1628,3,1635,1631,-4,0,0,-1,"1600-1659",0,"",0,225,224,202,1,1533,7,NA,NA,NA,NA,NA,NA,NA,NA
2011,3,7,29,5,2011-07-29,"OO",20304,"OO","N219AG",3476,14747,1474703,30559,"SEA","Seattle, WA","WA",53,"Washington",93,12954,1295402,32575,"LGB","Long Beach, CA","CA",6,"California",91,1625,1625,0,0,0,0,"1600-1659",18,1643,1859,3,1856,1902,6,6,0,0,"1800-1859",0,"",0,151,157,136,1,965,4,NA,NA,NA,NA,NA,NA,NA,NA
2011,3,7,4,1,2011-07-04,"AS",19930,"AS","N305AS",460,14747,1474703,30559,"SEA","Seattle, WA","WA",53,"Washington",93,12892,1289202,32575,"LAX","Los Angeles, CA","CA",6,"California",91,1100,1057,-3,0,0,-1,"1100-1159",20,1117,1334,9,1339,1343,4,4,0,0,"1300-1359",0,"",0,159,166,137,1,954,4,NA,NA,NA,NA,NA,NA,NA,NA
2011,3,7,29,5,2011-07-29,"AS",19930,"AS","N611AS",332,14747,1474703,30559,"SEA","Seattle, WA","WA",53,"Washington",93,14831,1483103,32457,"SJC","San Jose, CA","CA",6,"California",91,1725,1720,-5,0,0,-1,"1700-1759",9,1729,1915,4,1926,1919,-7,0,0,-1,"1900-1959",0,"",0,121,119,106,1,697,3,NA,NA,NA,NA,NA,NA,NA,NA
2011,3,7,8,5,2011-07-08,"DL",19790,"DL","N3764D",1980,14747,1474703,30559,"SEA","Seattle, WA","WA",53,"Washington",93,11433,1143302,31295,"DTW","Detroit, MI","MI",26,"Michigan",43,700,658,-2,0,0,-1,"0700-0759",33,731,1402,9,1416,1411,-5,0,0,-1,"1400-1459",0,"",0,256,253,211,1,1927,8,NA,NA,NA,NA,NA,NA,NA,NA
2011,3,7,22,5,2011-07-22,"WN",19393,"WN","N455WN",435,14747,1474703,30559,"SEA","Seattle, WA","WA",53,"Washington",93,13796,1379601,32457,"OAK","Oakland, CA","CA",6,"California",91,1200,1155,-5,0,0,-1,"1200-1259",23,1218,1346,4,1405,1350,-15,0,0,-1,"1400-1459",0,"",0,125,115,88,1,672,3,NA,NA,NA,NA,NA,NA,NA,NA
2011,3,7,10,7,2011-07-10,"OO",20304,"OO","N218AG",3486,14747,1474703,30559,"SEA","Seattle, WA","WA",53,"Washington",93,14057,1405702,34057,"PDX","Portland, OR","OR",41,"Oregon",92,600,559,-1,0,0,-1,"0600-0659",20,619,649,6,649,655,6,6,0,0,"0600-0659",0,"",0,49,56,30,1,129,1,NA,NA,NA,NA,NA,NA,NA,NA
2011,3,7,20,3,2011-07-20,"WN",19393,"WN","N796SW",471,14747,1474703,30559,"SEA","Seattle, WA","WA",53,"Washington",93,14869,1486903,34614,"SLC","Salt Lake City, UT","UT",49,"Utah",87,655,654,-1,0,0,-1,"0600-0659",10,704,933,3,950,936,-14,0,0,-1,"0900-0959",0,"",0,115,102,89,1,689,3,NA,NA,NA,NA,NA,NA,NA,NA
2011,3,7,11,1,2011-07-11,"DL",19790,"DL","N355NW",1857,14747,1474703,30559,"SEA","Seattle, WA","WA",53,"Washington",93,14869,1486903,34614,"SLC","Salt Lake City, UT","UT",49,"Utah",87,1015,1014,-1,0,0,-1,"1000-1059",20,1034,1301,5,1310,1306,-4,0,0,-1,"1300-1359",0,"",0,115,112,87,1,689,3,NA,NA,NA,NA,NA,NA,NA,NA
2011,3,7,5,2,2011-07-05,"WN",19393,"WN","N372SW",832,14747,1474703,30559,"SEA","Seattle, WA","WA",53,"Washington",93,11884,1188402,31884,"GEG","Spokane, WA","WA",53,"Washington",93,1710,1719,9,9,0,0,"1700-1759",10,1729,1806,3,1805,1809,4,4,0,0,"1800-1859",0,"",0,55,50,37,1,224,1,NA,NA,NA,NA,NA,NA,NA,NA
2011,3,7,2,6,2011-07-02,"AS",19930,"AS","N315AS",85,14747,1474703,30559,"SEA","Seattle, WA","WA",53,"Washington",93,10299,1029903,30299,"ANC","Anchorage, AK","AK",2,"Alaska",1,900,858,-2,0,0,-1,"0900-0959",16,914,1114,5,1132,1119,-13,0,0,-1,"1100-1159",0,"",0,212,201,180,1,1448,6,NA,NA,NA,NA,NA,NA,NA,NA
2011,3,7,31,7,2011-07-31,"AS",19930,"AS","N794AS",690,14747,1474703,30559,"SEA","Seattle, WA","WA",53,"Washington",93,11884,1188402,31884,"GEG","Spokane, WA","WA",53,"Washington",93,1200,1159,-1,0,0,-1,"1200-1259",19,1218,1254,4,1303,1258,-5,0,0,-1,"1300-1359",0,"",0,63,59,36,1,224,1,NA,NA,NA,NA,NA,NA,NA,NA
2011,3,7,27,3,2011-07-27,"WN",19393,"WN","N310SW",1152,14747,1474703,30559,"SEA","Seattle, WA","WA",53,"Washington",93,10713,1071302,30713,"BOI","Boise, ID","ID",16,"Idaho",83,825,823,-2,0,0,-1,"0800-0859",10,833,1028,9,1040,1037,-3,0,0,-1,"1000-1059",0,"",0,75,74,55,1,399,2,NA,NA,NA,NA,NA,NA,NA,NA
2011,3,7,8,5,2011-07-08,"WN",19393,"WN","N656SW",171,14747,1474703,30559,"SEA","Seattle, WA","WA",53,"Washington",93,14831,1483103,32457,"SJC","San Jose, CA","CA",6,"California",91,1855,1907,12,12,0,0,"1800-1859",15,1922,2108,3,2100,2111,11,11,0,0,"2100-2159",0,"",0,125,124,106,1,697,3,NA,NA,NA,NA,NA,NA,NA,NA
2011,3,7,3,7,2011-07-03,"OO",20304,"OO","N773SK",5374,14747,1474703,30559,"SEA","Seattle, WA","WA",53,"Washington",93,12892,1289202,32575,"LAX","Los Angeles, CA","CA",6,"California",91,1109,1109,0,0,0,0,"1100-1159",17,1126,1333,7,1344,1340,-4,0,0,-1,"1300-1359",0,"",0,155,151,127,1,954,4,NA,NA,NA,NA,NA,NA,NA,NA
2011,3,7,17,7,2011-07-17,"UA",19977,"UA","N476UA",274,14747,1474703,30559,"SEA","Seattle, WA","WA",53,"Washington",93,14771,1477101,32457,"SFO","San Francisco, CA","CA",6,"California",91,1149,1147,-2,0,0,-1,"1100-1159",14,1201,1351,5,1354,1356,2,2,0,0,"1300-1359",0,"",0,125,129,110,1,679,3,NA,NA,NA,NA,NA,NA,NA,NA
2011,3,7,30,6,2011-07-30,"AS",19930,"AS","N755AS",698,14747,1474703,30559,"SEA","Seattle, WA","WA",53,"Washington",93,11884,1188402,31884,"GEG","Spokane, WA","WA",53,"Washington",93,2300,2255,-5,0,0,-1,"2300-2359",10,2305,2340,3,2359,2343,-16,0,0,-2,"2300-2359",0,"",0,59,48,35,1,224,1,NA,NA,NA,NA,NA,NA,NA,NA
2011,3,7,22,5,2011-07-22,"DL",19790,"DL","N3740C",2183,14747,1474703,30559,"SEA","Seattle, WA","WA",53,"Washington",93,14869,1486903,34614,"SLC","Salt Lake City, UT","UT",49,"Utah",87,720,718,-2,0,0,-1,"0700-0759",18,736,1005,13,1030,1018,-12,0,0,-1,"1000-1059",0,"",0,130,120,89,1,689,3,NA,NA,NA,NA,NA,NA,NA,NA
2011,3,7,6,3,2011-07-06,"WN",19393,"WN","N955WN",110,14747,1474703,30559,"SEA","Seattle, WA","WA",53,"Washington",93,12889,1288903,32211,"LAS","Las Vegas, NV","NV",32,"Nevada",85,2030,2029,-1,0,0,-1,"2000-2059",12,2041,2246,5,2255,2251,-4,0,0,-1,"2200-2259",0,"",0,145,142,125,1,867,4,NA,NA,NA,NA,NA,NA,NA,NA
2011,3,7,4,1,2011-07-04,"B6",20409,"B6","N558JB",498,14747,1474703,30559,"SEA","Seattle, WA","WA",53,"Washington",93,10721,1072102,30721,"BOS","Boston, MA","MA",25,"Massachusetts",13,2325,2336,11,11,0,0,"2300-2359",10,2346,759,15,730,814,44,44,1,2,"0700-0759",0,"",0,305,338,313,1,2496,10,0,0,33,0,11,NA,NA,NA
2011,3,7,15,5,2011-07-15,"AS",19930,"AS","N553AS",600,14747,1474703,30559,"SEA","Seattle, WA","WA",53,"Washington",93,12889,1288903,32211,"LAS","Las Vegas, NV","NV",32,"Nevada",85,600,558,-2,0,0,-1,"0600-0659",10,608,811,7,825,818,-7,0,0,-1,"0800-0859",0,"",0,145,140,123,1,867,4,NA,NA,NA,NA,NA,NA,NA,NA
2011,3,7,31,7,2011-07-31,"WN",19393,"WN","N436WN",1295,14747,1474703,30559,"SEA","Seattle, WA","WA",53,"Washington",93,13232,1323202,30977,"MDW","Chicago, IL","IL",17,"Illinois",41,1030,1032,2,2,0,0,"1000-1059",16,1048,1613,5,1630,1618,-12,0,0,-1,"1600-1659",0,"",0,240,226,205,1,1733,7,NA,NA,NA,NA,NA,NA,NA,NA
2011,3,7,17,7,2011-07-17,"AS",19930,"AS","N624AS",522,14747,1474703,30559,"SEA","Seattle, WA","WA",53,"Washington",93,10800,1080003,32575,"BUR","Burbank, CA","CA",6,"California",91,812,815,3,3,0,0,"0800-0859",10,825,1037,4,1037,1041,4,4,0,0,"1000-1059",0,"",0,145,146,132,1,937,4,NA,NA,NA,NA,NA,NA,NA,NA
2011,3,7,12,2,2011-07-12,"DL",19790,"DL","N392DA",1560,14747,1474703,30559,"SEA","Seattle, WA","WA",53,"Washington",93,11193,1119302,33105,"CVG","Cincinnati, OH","KY",21,"Kentucky",52,1245,1255,10,10,0,0,"1200-1259",24,1319,2003,5,2005,2008,3,3,0,0,"2000-2059",0,"",0,260,253,224,1,1965,8,NA,NA,NA,NA,NA,NA,NA,NA
2011,3,7,16,6,2011-07-16,"WN",19393,"WN","N450WN",2151,14747,1474703,30559,"SEA","Seattle, WA","WA",53,"Washington",93,15016,1501603,31123,"STL","St. Louis, MO","MO",29,"Missouri",64,1215,1218,3,3,0,0,"1200-1259",11,1229,1751,3,1805,1754,-11,0,0,-1,"1800-1859",0,"",0,230,216,202,1,1709,7,NA,NA,NA,NA,NA,NA,NA,NA
2011,3,7,10,7,2011-07-10,"WN",19393,"WN","N456WN",882,14747,1474703,30559,"SEA","Seattle, WA","WA",53,"Washington",93,10140,1014002,30140,"ABQ","Albuquerque, NM","NM",35,"New Mexico",86,1015,1020,5,5,0,0,"1000-1059",9,1029,1400,3,1405,1403,-2,0,0,-1,"1400-1459",0,"",0,170,163,151,1,1180,5,NA,NA,NA,NA,NA,NA,NA,NA
2011,3,7,16,6,2011-07-16,"AS",19930,"AS","N796AS",328,14747,1474703,30559,"SEA","Seattle, WA","WA",53,"Washington",93,14831,1483103,32457,"SJC","San Jose, CA","CA",6,"California",91,1550,1619,29,29,1,1,"1500-1559",11,1630,1816,4,1759,1820,21,21,1,1,"1700-1759",0,"",0,129,121,106,1,697,3,21,0,0,0,0,NA,NA,NA
2011,3,7,30,6,2011-07-30,"AS",19930,"AS","N532AS",87,14747,1474703,30559,"SEA","Seattle, WA","WA",53,"Washington",93,10299,1029903,30299,"ANC","Anchorage, AK","AK",2,"Alaska",1,1005,1003,-2,0,0,-1,"1000-1059",12,1015,1218,5,1238,1223,-15,0,0,-1,"1200-1259",0,"",0,213,200,183,1,1448,6,NA,NA,NA,NA,NA,NA,NA,NA
2011,3,7,17,7,2011-07-17,"CO",19704,"CO","N38417",1695,14747,1474703,30559,"SEA","Seattle, WA","WA",53,"Washington",93,11618,1161802,31703,"EWR","Newark, NJ","NJ",34,"New Jersey",21,1605,1615,10,10,0,0,"1600-1659",15,1630,1,6,2359,7,8,8,0,0,"2300-2359",0,"",0,294,292,271,1,2402,10,NA,NA,NA,NA,NA,NA,NA,NA
2011,3,7,9,6,2011-07-09,"F9",20436,"F9","N207FR",374,14747,1474703,30559,"SEA","Seattle, WA","WA",53,"Washington",93,11292,1129202,30325,"DEN","Denver, CO","CO",8,"Colorado",82,1049,1054,5,5,0,0,"1000-1059",10,1104,1412,6,1425,1418,-7,0,0,-1,"1400-1459",0,"",0,156,144,128,1,1024,5,NA,NA,NA,NA,NA,NA,NA,NA
2011,3,7,21,4,2011-07-21,"WN",19393,"WN","N499WN",1429,14747,1474703,30559,"SEA","Seattle, WA","WA",53,"Washington",93,13232,1323202,30977,"MDW","Chicago, IL","IL",17,"Illinois",41,1410,1409,-1,0,0,-1,"1400-1459",15,1424,1947,3,2010,1950,-20,0,0,-2,"2000-2059",0,"",0,240,221,203,1,1733,7,NA,NA,NA,NA,NA,NA,NA,NA
