"Year","Quarter","Month","DayofMonth","DayOfWeek","FlightDate","UniqueCarrier","AirlineID","Carrier","TailNum","FlightNum","OriginAirportID","OriginAirportSeqID","OriginCityMarketID","Origin","OriginCityName","OriginState","OriginStateFips","OriginStateName","OriginWac","DestAirportID","DestAirportSeqID","DestCityMarketID","Dest","DestCityName","DestState","DestStateFips","DestStateName","DestWac","CRSDepTime","DepTime","DepDelay","DepDelayMinutes","DepDel15","DepartureDelayGroups","DepTimeBlk","TaxiOut","WheelsOff","WheelsOn","TaxiIn","CRSArrTime","ArrTime","ArrDelay","ArrDelayMinutes","ArrDel15","ArrivalDelayGroups","ArrTimeBlk","Cancelled","CancellationCode","Diverted","CRSElapsedTime","ActualElapsedTime","AirTime","Flights","Distance","DistanceGroup","CarrierDelay","WeatherDelay","NASDelay","SecurityDelay","LateAircraftDelay","FirstDepTime","TotalAddGTime","LongestAddGTime"
2011,1,1,19,3,2011-01-19,"UA",19977,"UA","N533UA",352,14747,1474702,30559,"SEA","Seattle, WA","WA",53,"Washington",93,13930,1393001,30977,"ORD","Chicago, IL","IL",17,"Illinois",41,1123,1121,-2,0,0,-1,"1100-1159",9,1130,1647,12,1710,1659,-11,0,0,-1,"1700-1759",0,"",0,227,218,197,1,1721,7,NA,NA,NA,NA,NA,NA,NA,NA
2011,1,1,7,5,2011-01-07,"WN",19393,"WN","N462WN",1112,14747,1474702,30559,"SEA","Seattle, WA","WA",53,"Washington",93,14869,1486902,34614,"SLC","Salt Lake City, UT","UT",49,"Utah",87,1815,1914,59,59,1,3,"1800-1859",13,1927,2157,4,2105,2201,56,56,1,3,"2100-2159",0,"",0,110,107,90,1,689,3,0,0,0,0,56,NA,NA,NA
2011,1,1,19,3,2011-01-19,"AS",19930,"AS","N307AS",614,14747,1474702,30559,"SEA","Seattle, WA","WA",53,"Washington",93,12889,1288902,32211,"LAS","Las Vegas, NV","NV",32,"Nevada",85,2030,2029,-1,0,0,-1,"2000-2059",33,2102,2249,12,2253,2301,8,8,0,0,"2200-2259",0,"",0,143,152,107,1,866,4,NA,NA,NA,NA,NA,NA,NA,NA
2011,1,1,21,5,2011-01-21,"AS",19930,"AS","N319AS",610,14747,1474702,30559,"SEA","Seattle, WA","WA",53,"Washington",93,12889,1288902,32211,"LAS","Las Vegas, NV","NV",32,"Nevada",85,1240,1241,1,1,0,0,"1200-1259",13,1254,1443,10,1513,1453,-20,0,0,-2,"1500-1559",0,"",0,153,132,109,1,866,4,NA,NA,NA,NA,NA,NA,NA,NA
2011,1,1,9,7,2011-01-09,"AS",19930,"AS","N524AS",18,14747,1474702,30559,"SEA","Seattle, WA","WA",53,"Washington",93,13204,1320401,31454,"MCO","Orlando, FL","FL",12,"Florida",33,845,840,-5,0,0,-1,"0800-0859",14,854,1658,4,1706,1702,-4,0,0,-1,"1700-1759",0,"",0,321,322,304,1,2553,11,NA,NA,NA,NA,NA,NA,NA,NA
2011,1,1,20,4,2011-01-20,"F9",20436,"F9","N932FR",844,14747,1474702,30559,"SEA","Seattle, WA","WA",53,"Washington",93,11292,1129202,30325,"DEN","Denver, CO","CO",8,"Colorado",82,850,840,-10,0,0,-1,"0800-0859",21,901,1153,7,1223,1200,-23,0,0,-2,"1200-1259",0,"",0,153,140,112,1,1024,5,NA,NA,NA,NA,NA,NA,NA,NA
2011,1,1,28,5,2011-01-28,"DL",19790,"DL","N334NB",2050,14747,1474702,30559,"SEA","Seattle, WA","WA",53,"Washington",93,14869,1486902,34614,"SLC","Salt Lake City, UT","UT",49,"Utah",87,710,703,-7,0,0,-1,"0700-0759",20,723,958,8,1019,1006,-13,0,0,-1,"1000-1059",0,"",0,129,123,95,1,689,3,NA,NA,NA,NA,NA,NA,NA,NA
2011,1,1,17,1,2011-01-17,"AS",19930,"AS","N513AS",14,14747,1474702,30559,"SEA","Seattle, WA","WA",53,"Washington",93,11618,1161801,31703,"EWR","Newark, NJ","NJ",34,"New Jersey",21,1505,1508,3,3,0,0,"1500-1559",12,1520,2256,6,2313,2302,-11,0,0,-1,"2300-2359",0,"",0,308,294,276,1,2401,10,NA,NA,NA,NA,NA,NA,NA,NA
2011,1,1,29,6,2011-01-29,"UA",19977,"UA","N803UA",260,14747,1474702,30559,"SEA","Seattle, WA","WA",53,"Washington",93,12264,1226401,30852,"IAD","Washington, DC","VA",51,"Virginia",38,1316,1317,1,1,0,0,"1300-1359",12,1329,2038,5,2104,2043,-21,0,0,-2,"2100-2159",0,"",0,288,266,249,1,2306,10,NA,NA,NA,NA,NA,NA,NA,NA
2011,1,1,25,2,2011-01-25,"AS",19930,"AS","N796AS",690,14747,1474702,30559,"SEA","Seattle, WA","WA",53,"Washington",93,11884,1188401,31884,"GEG","Spokane, WA","WA",53,"Washington",93,1200,1155,-5,0,0,-1,"1200-1259",12,1207,1249,3,1303,1252,-11,0,0,-1,"1300-1359",0,"",0,63,57,42,1,224,1,NA,NA,NA,NA,NA,NA,NA,NA
2011,1,1,23,7,2011-01-23,"US",20355,"US","N191UW",1544,14747,1474702,30559,"SEA","Seattle, WA","WA",53,"Washington",93,11057,1105702,31057,"CLT","Charlotte, NC","NC",37,"North Carolina",36,2220,2217,-3,0,0,-1,"2200-2259",15,2232,549,7,607,556,-11,0,0,-1,"0600-0659",0,"",0,287,279,257,1,2279,10,NA,NA,NA,NA,NA,NA,NA,NA
2011,1,1,12,3,2011-01-12,"AS",19930,"AS","N644AS",512,14747,1474702,30559,"SEA","Seattle, WA","WA",53,"Washington",93,14908,1490802,32575,"SNA","Santa Ana, CA","CA",6,"California",91,1430,1424,-6,0,0,-1,"1400-1459",14,1438,1654,4,1709,1658,-11,0,0,-1,"1700-1759",0,"",0,159,154,136,1,978,4,NA,NA,NA,NA,NA,NA,NA,NA
2011,1,1,2,7,2011-01-02,"US",20355,"US","N523UW",87,14747,1474702,30559,"SEA","Seattle, WA","WA",53,"Washington",93,14100,1410001,34100,"PHL","Philadelphia, PA","PA",42,"Pennsylvania",23,1135,1132,-3,0,0,-1,"1100-1159",11,1143,1935,6,1938,1941,3,3,0,0,"1900-1959",0,"",0,303,309,292,1,2378,10,NA,NA,NA,NA,NA,NA,NA,NA
2011,1,1,11,2,2011-01-11,"UA",19977,"UA","N417UA",140,14747,1474702,30559,"SEA","Seattle, WA","WA",53,"Washington",93,14771,1477101,32457,"SFO","San Francisco, CA","CA",6,"California",91,1608,1606,-2,0,0,-1,"1600-1659",11,1617,1750,8,1813,1758,-15,0,0,-1,"1800-1859",0,"",0,125,112,93,1,679,3,NA,NA,NA,NA,NA,NA,NA,NA
2011,1,1,16,7,2011-01-16,"UA",19977,"UA","N593UA",749,14747,1474702,30559,"SEA","Seattle, WA","WA",53,"Washington",93,14771,1477101,32457,"SFO","San Francisco, CA","CA",6,"California",91,715,759,44,44,1,2,"0700-0759",14,813,1018,4,932,1022,50,50,1,3,"0900-0959",0,"",0,137,143,125,1,679,3,0,0,50,0,0,NA,NA,NA
2011,1,1,27,4,2011-01-27,"AS",19930,"AS","N581AS",458,14747,1474702,30559,"SEA","Seattle, WA","WA",53,"Washington",93,12892,1289201,32575,"LAX","Los Angeles, CA","CA",6,"California",91,900,900,0,0,0,0,"0900-0959",35,935,1145,9,1139,1154,15,15,1,1,"1100-1159",0,"",0,159,174,130,1,954,4,0,0,15,0,0,NA,NA,NA
2011,1,1,17,1,2011-01-17,"AS",19930,"AS","N318AS",614,14747,1474702,30559,"SEA","Seattle, WA","WA",53,"Washington",93,12889,1288902,32211,"LAS","Las Vegas, NV","NV",32,"Nevada",85,2030,2026,-4,0,0,-1,"2000-2059",17,2043,2230,6,2253,2236,-17,0,0,-2,"2200-2259",0,"",0,143,130,107,1,866,4,NA,NA,NA,NA,NA,NA,NA,NA
2011,1,1,24,1,2011-01-24,"DL",19790,"DL","N651DL",1950,14747,1474702,30559,"SEA","Seattle, WA","WA",53,"Washington",93,14869,1486902,34614,"SLC","Salt Lake City, UT","UT",49,"Utah",87,600,557,-3,0,0,-1,"0600-0659",18,615,848,7,904,855,-9,0,0,-1,"0900-0959",0,"",0,124,118,93,1,689,3,NA,NA,NA,NA,NA,NA,NA,NA
2011,1,1,10,1,2011-01-10,"AA",19805,"AA","N3DVAA",1014,14747,1474702,30559,"SEA","Seattle, WA","WA",53,"Washington",93,13930,1393001,30977,"ORD","Chicago, IL","IL",17,"Illinois",41,1450,1448,-2,0,0,-1,"1400-1459",16,1504,2029,8,2050,2037,-13,0,0,-1,"2000-2059",0,"",0,240,229,205,1,1721,7,NA,NA,NA,NA,NA,NA,NA,NA
2011,1,1,13,4,2011-01-13,"OO",20304,"OO","N567SW",7008,14747,1474702,30559,"SEA","Seattle, WA","WA",53,"Washington",93,14057,1405701,34057,"PDX","Portland, OR","OR",41,"Oregon",92,815,818,3,3,0,0,"0800-0859",8,826,900,2,901,902,1,1,0,0,"0900-0959",0,"",0,46,44,34,1,129,1,NA,NA,NA,NA,NA,NA,NA,NA
2011,1,1,11,2,2011-01-11,"AA",19805,"AA","N3FYAA",1238,14747,1474702,30559,"SEA","Seattle, WA","WA",53,"Washington",93,13930,1393001,30977,"ORD","Chicago, IL","IL",17,"Illinois",41,845,1048,123,123,1,8,"0800-0859",26,1114,1647,16,1440,1703,143,143,1,9,"1400-1459",0,"",0,235,255,213,1,1721,7,0,0,143,0,0,NA,NA,NA
2011,1,1,8,6,2011-01-08,"WN",19393,"WN","N218WN",165,14747,1474702,30559,"SEA","Seattle, WA","WA",53,"Washington",93,15016,1501602,31123,"STL","St. Louis, MO","MO",29,"Missouri",64,1300,1302,2,2,0,0,"1300-1359",15,1317,1832,16,1840,1848,8,8,0,0,"1800-1859",0,"",0,220,226,195,1,1710,7,NA,NA,NA,NA,NA,NA,NA,NA
2011,1,1,16,7,2011-01-16,"AS",19930,"AS","N318AS",668,14747,1474702,30559,"SEA","Seattle, WA","WA",53,"Washington",93,10423,1042302,30423,"AUS","Austin, TX","TX",48,"Texas",74,1135,1130,-5,0,0,-1,"1100-1159",17,1147,1700,6,1721,1706,-15,0,0,-1,"1700-1759",0,"",0,226,216,193,1,1770,8,NA,NA,NA,NA,NA,NA,NA,NA
2011,1,1,21,5,2011-01-21,"AS",19930,"AS","N768AS",61,14747,1474702,30559,"SEA","Seattle, WA","WA",53,"Washington",93,12523,1252301,32523,"JNU","Juneau, AK","AK",2,"Alaska",1,750,750,0,0,0,0,"0700-0759",13,803,917,4,922,921,-1,0,0,-1,"0900-0959",0,"",0,152,151,134,1,909,4,NA,NA,NA,NA,NA,NA,NA,NA
2011,1,1,26,3,2011-01-26,"AS",19930,"AS","N760AS",470,14747,1474702,30559,"SEA","Seattle, WA","WA",53,"Washington",93,12892,1289201,32575,"LAX","Los Angeles, CA","CA",6,"California",91,1510,1534,24,24,1,1,"1500-1559",11,1545,1746,7,1747,1753,6,6,0,0,"1700-1759",0,"",0,157,139,121,1,954,4,NA,NA,NA,NA,NA,NA,NA,NA
2011,1,1,26,3,2011-01-26,"AS",19930,"AS","N548AS",648,14747,1474702,30559,"SEA","Seattle, WA","WA",53,"Washington",93,15376,1537601,30436,"TUS","Tucson, AZ","AZ",4,"Arizona",81,1155,1154,-1,0,0,-1,"1100-1159",12,1206,1530,3,1548,1533,-15,0,0,-1,"1500-1559",0,"",0,173,159,144,1,1216,5,NA,NA,NA,NA,NA,NA,NA,NA
2011,1,1,23,7,2011-01-23,"AS",19930,"AS","N796AS",482,14747,1474702,30559,"SEA","Seattle, WA","WA",53,"Washington",93,14679,1467902,33570,"SAN","San Diego, CA","CA",6,"California",91,1540,1535,-5,0,0,-1,"1500-1559",17,1552,1802,3,1820,1805,-15,0,0,-1,"1800-1859",0,"",0,160,150,130,1,1050,5,NA,NA,NA,NA,NA,NA,NA,NA
2011,1,1,3,1,2011-01-03,"AS",19930,"AS","N512AS",12,14747,1474702,30559,"SEA","Seattle, WA","WA",53,"Washington",93,10721,1072101,30721,"BOS","Boston, MA","MA",25,"Massachusetts",13,850,855,5,5,0,0,"0800-0859",13,908,1657,5,1709,1702,-7,0,0,-1,"1700-1759",0,"",0,319,307,289,1,2496,10,NA,NA,NA,NA,NA,NA,NA,NA
2011,1,1,15,6,2011-01-15,"AS",19930,"AS","N771AS",300,14747,1474702,30559,"SEA","Seattle, WA","WA",53,"Washington",93,14771,1477101,32457,"SFO","San Francisco, CA","CA",6,"California",91,2025,2022,-3,0,0,-1,"2000-2059",9,2031,2209,6,2238,2215,-23,0,0,-2,"2200-2259",0,"",0,133,113,98,1,679,3,NA,NA,NA,NA,NA,NA,NA,NA
2011,1,1,19,3,2011-01-19,"AS",19930,"AS","N587AS",524,14747,1474702,30559,"SEA","Seattle, WA","WA",53,"Washington",93,10800,1080002,32575,"BUR","Burbank, CA","CA",6,"California",91,1927,2111,104,104,1,6,"1900-1959",12,2123,2311,5,2154,2316,82,82,1,5,"2100-2159",0,"",0,147,125,108,1,937,4,82,0,0,0,0,NA,NA,NA
2011,1,1,6,4,2011-01-06,"AS",19930,"AS","N589AS",324,14747,1474702,30559,"SEA","Seattle, WA","WA",53,"Washington",93,14831,1483102,32457,"SJC","San Jose, CA","CA",6,"California",91,930,926,-4,0,0,-1,"0900-0959",21,947,1130,4,1141,1134,-7,0,0,-1,"1100-1159",0,"",0,131,128,103,1,696,3,NA,NA,NA,NA,NA,NA,NA,NA
2011,1,1,7,5,2011-01-07,"DL",19790,"DL","N655DL",2304,14747,1474702,30559,"SEA","Seattle, WA","WA",53,"Washington",93,10397,1039703,30397,"ATL","Atlanta, GA","GA",13,"Georgia",34,830,835,5,5,0,0,"0800-0859",22,857,1547,7,1608,1554,-14,0,0,-1,"1600-1659",0,"",0,278,259,230,1,2182,9,NA,NA,NA,NA,NA,NA,NA,NA
2011,1,1,10,1,2011-01-10,"AS",19930,"AS","N520AS",662,14747,1474702,30559,"SEA","Seattle, WA","WA",53,"Washington",93,11298,1129802,30194,"DFW","Dallas/Fort Worth, TX","TX",48,"Texas",74,1210,1213,3,3,0,0,"1200-1259",14,1227,1737,5,1800,1742,-18,0,0,-2,"1800-1859",0,"",0,230,209,190,1,1660,7,NA,NA,NA,NA,NA,NA,NA,NA
2011,1,1,3,1,2011-01-03,"OO",20304,"OO","N792SK",6484,14747,1474702,30559,"SEA","Seattle, WA","WA",53,"Washington",93,14771,1477101,32457,"SFO","San Francisco, CA","CA",6,"California",91,1936,1927,-9,0,0,-1,"1900-1959",34,2001,2137,4,2138,2141,3,3,0,0,"2100-2159",0,"",0,122,134,96,1,679,3,NA,NA,NA,NA,NA,NA,NA,NA
2011,1,1,25,2,2011-01-25,"AS",19930,"AS","N796AS",690,14747,1474702,30559,"SEA","Seattle, WA","WA",53,"Washington",93,11884,1188401,31884,"GEG","Spokane, WA","WA",53,"Washington",93,1200,1155,-5,0,0,-1,"1200-1259",12,1207,1249,3,1303,1252,-11,0,0,-1,"1300-1359",0,"",0,63,57,42,1,224,1,NA,NA,NA,NA,NA,NA,NA,NA
2011,1,1,28,5,2011-01-28,"OO",20304,"OO","N271YV",6931,14747,1474702,30559,"SEA","Seattle, WA","WA",53,"Washington",93,14057,1405701,34057,"PDX","Portland, OR","OR",41,"Oregon",92,600,558,-2,0,0,-1,"0600-0659",9,607,644,3,650,647,-3,0,0,-1,"0600-0659",0,"",0,50,49,37,1,129,1,NA,NA,NA,NA,NA,NA,NA,NA
2011,1,1,9,7,2011-01-09,"AS",19930,"AS","N797AS",101,14747,1474702,30559,"SEA","Seattle, WA","WA",53,"Washington",93,10299,1029902,30299,"ANC","Anchorage, AK","AK",2,"Alaska",1,1530,1528,-2,0,0,-1,"1500-1559",28,1556,1814,4,1815,1818,3,3,0,0,"1800-1859",0,"",0,225,230,198,1,1449,6,NA,NA,NA,NA,NA,NA,NA,NA
2011,1,1,26,3,2011-01-26,"UA",19977,"UA","",260,14747,1474702,30559,"SEA","Seattle, WA","WA",53,"Washington",93,12264,1226401,30852,"IAD","Washington, DC","VA",51,"Virginia",38,1316,NA,NA,NA,NA,NA,"1300-1359",NA,NA,NA,NA,2104,NA,NA,NA,NA,NA,"2100-2159",1,"B",0,288,NA,NA,1,2306,10,NA,NA,NA,NA,NA,NA,NA,NA
2011,1,1,25,2,2011-01-25,"CO",19704,"CO","N57862",667,14747,1474702,30559,"SEA","Seattle, WA","WA",53,"Washington",93,10299,1029902,30299,"ANC","Anchorage, AK","AK",2,"Alaska",1,2110,2104,-6,0,0,-1,"2100-2159",16,2120,2340,5,2340,2345,5,5,0,0,"2300-2359",0,"",0,210,221,200,1,1449,6,NA,NA,NA,NA,NA,NA,NA,NA
2011,1,1,8,6,2011-01-08,"AS",19930,"AS","N786AS",99,14747,1474702,30559,"SEA","Seattle, WA","WA",53,"Washington",93,10299,1029902,30299,"ANC","Anchorage, AK","AK",2,"Alaska",1,1300,1258,-2,0,0,-1,"1300-1359",16,1314,1538,4,1541,1542,1,1,0,0,"1500-1559",0,"",0,221,224,204,1,1449,6,NA,NA,NA,NA,NA,NA,NA,NA
2011,1,1,28,5,2011-01-28,"F9",20436,"F9","N933FR",846,14747,1474702,30559,"SEA","Seattle, WA","WA",53,"Washington",93,11292,1129202,30325,"DEN","Denver, CO","CO",8,"Colorado",82,1047,1106,19,19,1,1,"1000-1059",17,1123,1835,7,1420,1842,NA,NA,NA,NA,"1400-1459",0,"",1,153,NA,NA,1,1024,5,NA,NA,NA,NA,NA,NA,NA,NA
2011,1,1,6,4,2011-01-06,"AS",19930,"AS","N520AS",604,14747,1474702,30559,"SEA","Seattle, WA","WA",53,"Washington",93,12889,1288902,32211,"LAS","Las Vegas, NV","NV",32,"Nevada",85,1030,1024,-6,0,0,-1,"1000-1059",26,1050,1250,7,1256,1257,1,1,0,0,"1200-1259",0,"",0,146,153,120,1,866,4,NA,NA,NA,NA,NA,NA,NA,NA
2011,1,1,20,4,2011-01-20,"WN",19393,"WN","N317WN",615,14747,1474702,30559,"SEA","Seattle, WA","WA",53,"Washington",93,12889,1288902,32211,"LAS","Las Vegas, NV","NV",32,"Nevada",85,1455,1456,1,1,0,0,"1400-1459",15,1511,1704,4,1720,1708,-12,0,0,-1,"1700-1759",0,"",0,145,132,113,1,866,4,NA,NA,NA,NA,NA,NA,NA,NA
2011,1,1,7,5,2011-01-07,"AS",19930,"AS","N551AS",672,14747,1474702,30559,"SEA","Seattle, WA","WA",53,"Washington",93,11292,1129202,30325,"DEN","Denver, CO","CO",8,"Colorado",82,1305,1303,-2,0,0,-1,"1300-1359",19,1322,1629,7,1640,1636,-4,0,0,-1,"1600-1659",0,"",0,155,153,127,1,1024,5,NA,NA,NA,NA,NA,NA,NA,NA
2011,1,1,24,1,2011-01-24,"AS",19930,"AS","N796AS",83,14747,1474702,30559,"SEA","Seattle, WA","WA",53,"Washington",93,10299,1029902,30299,"ANC","Anchorage, AK","AK",2,"Alaska",1,800,756,-4,0,0,-1,"0800-0859",13,809,1026,2,1043,1028,-15,0,0,-1,"1000-1059",0,"",0,223,212,197,1,1449,6,NA,NA,NA,NA,NA,NA,NA,NA
2011,1,1,12,3,2011-01-12,"UA",19977,"UA","N855UA",742,14747,1474702,30559,"SEA","Seattle, WA","WA",53,"Washington",93,11292,1129202,30325,"DEN","Denver, CO","CO",8,"Colorado",82,1556,1551,-5,0,0,-1,"1500-1559",16,1607,1905,8,1927,1913,-14,0,0,-1,"1900-1959",0,"",0,151,142,118,1,1024,5,NA,NA,NA,NA,NA,NA,NA,NA
2011,1,1,25,2,2011-01-25,"UA",19977,"UA","N597UA",356,14747,1474702,30559,"SEA","Seattle, WA","WA",53,"Washington",93,11292,1129202,30325,"DEN","Denver, CO","CO",8,"Colorado",82,1431,1424,-7,0,0,-1,"1400-1459",8,1432,1735,8,1801,1743,-18,0,0,-2,"1800-1859",0,"",0,150,139,123,1,1024,5,NA,NA,NA,NA,NA,NA,NA,NA
2011,1,1,19,3,2011-01-19,"DL",19790,"DL","N3773D",2868,14747,1474702,30559,"SEA","Seattle, WA","WA",53,"Washington",93,10397,1039703,30397,"ATL","Atlanta, GA","GA",13,"Georgia",34,2255,2257,2,2,0,0,"2200-2259",13,2310,610,5,629,615,-14,0,0,-1,"0600-0659",0,"",0,274,258,240,1,2182,9,NA,NA,NA,NA,NA,NA,NA,NA
2011,1,1,4,2,2011-01-04,"AS",19930,"AS","N622AS",518,14747,1474702,30559,"SEA","Seattle, WA","WA",53,"Washington",93,14908,1490802,32575,"SNA","Santa Ana, CA","CA",6,"California",91,1940,1936,-4,0,0,-1,"1900-1959",13,1949,2205,7,2219,2212,-7,0,0,-1,"2200-2259",0,"",0,159,156,136,1,978,4,NA,NA,NA,NA,NA,NA,NA,NA
2011,1,1,20,4,2011-01-20,"WN",19393,"WN","N401WN",3328,14747,1474702,30559,"SEA","Seattle, WA","WA",53,"Washington",93,11292,1129202,30325,"DEN","Denver, CO","CO",8,"Colorado",82,1440,1514,34,34,1,2,"1400-1459",13,1527,1818,7,1825,1825,0,0,0,0,"1800-1859",0,"",0,165,131,111,1,1024,5,NA,NA,NA,NA,NA,NA,NA,NA
2011,1,1,11,2,2011-01-11,"AA",19805,"AA","N3FYAA",1238,14747,1474702,30559,"SEA","Seattle, WA","WA",53,"Washington",93,13930,1393001,30977,"ORD","Chicago, IL","IL",17,"Illinois",41,845,1048,123,123,1,8,"0800-0859",26,1114,1647,16,1440,1703,143,143,1,9,"1400-1459",0,"",0,235,255,213,1,1721,7,0,0,143,0,0,NA,NA,NA
2011,1,1,5,3,2011-01-05,"B6",20409,"B6","N629JB",291,14747,1474702,30559,"SEA","Seattle, WA","WA",53,"Washington",93,12954,1295401,32575,"LGB","Long Beach, CA","CA",6,"California",91,1033,1023,-10,0,0,-1,"1000-1059",20,1043,1249,3,1310,1252,-18,0,0,-2,"1300-1359",0,"",0,157,149,126,1,965,4,NA,NA,NA,NA,NA,NA,NA,NA
2011,1,1,13,4,2011-01-13,"WN",19393,"WN","N440LV",3741,14747,1474702,30559,"SEA","Seattle, WA","WA",53,"Washington",93,13796,1379601,32457,"OAK","Oakland, CA","CA",6,"California",91,2100,2141,41,41,1,2,"2100-2159",10,2151,2330,6,2305,2336,31,31,1,2,"2300-2359",0,"",0,125,115,99,1,671,3,7,0,0,0,24,NA,NA,NA
2011,1,1,17,1,2011-01-17,"AS",19930,"AS","N793AS",65,14747,1474702,30559,"SEA","Seattle, WA","WA",53,"Washington",93,12819,1281901,31401,"KTN","Ketchikan, AK","AK",2,"Alaska",1,700,657,-3,0,0,-1,"0700-0759",16,713,808,5,813,813,0,0,0,0,"0800-0859",0,"",0,133,136,115,1,680,3,NA,NA,NA,NA,NA,NA,NA,NA
2011,1,1,13,4,2011-01-13,"WN",19393,"WN","N786SW",3511,14747,1474702,30559,"SEA","Seattle, WA","WA",53,"Washington",93,10713,1071301,30713,"BOI","Boise, ID","ID",16,"Idaho",83,655,654,-1,0,0,-1,"0600-0659",15,709,902,2,910,904,-6,0,0,-1,"0900-0959",0,"",0,75,70,53,1,399,2,NA,NA,NA,NA,NA,NA,NA,NA
2011,1,1,7,5,2011-01-07,"UA",19977,"UA","N408UA",754,14747,1474702,30559,"SEA","Seattle, WA","WA",53,"Washington",93,13930,1393001,30977,"ORD","Chicago, IL","IL",17,"Illinois",41,2320,2311,-9,0,0,-1,"2300-2359",13,2324,430,4,516,434,-42,0,0,-2,"0001-0559",0,"",0,236,203,186,1,1721,7,NA,NA,NA,NA,NA,NA,NA,NA
2011,1,1,14,5,2011-01-14,"AS",19930,"AS","N569AS",859,14747,1474702,30559,"SEA","Seattle, WA","WA",53,"Washington",93,12173,1217301,32134,"HNL","Honolulu, HI","HI",15,"Hawaii",2,1710,1706,-4,0,0,-1,"1700-1759",17,1723,2125,8,2129,2133,4,4,0,0,"2100-2159",0,"",0,379,387,362,1,2677,11,NA,NA,NA,NA,NA,NA,NA,NA
2011,1,1,27,4,2011-01-27,"AA",19805,"AA","N4WRAA",1720,14747,1474702,30559,"SEA","Seattle, WA","WA",53,"Washington",93,11298,1129802,30194,"DFW","Dallas/Fort Worth, TX","TX",48,"Texas",74,825,818,-7,0,0,-1,"0800-0859",38,856,1416,12,1415,1428,13,13,0,0,"1400-1459",0,"",0,230,250,200,1,1660,7,NA,NA,NA,NA,NA,NA,NA,NA
2011,1,1,27,4,2011-01-27,"WN",19393,"WN","N249WN",674,14747,1474702,30559,"SEA","Seattle, WA","WA",53,"Washington",93,12889,1288902,32211,"LAS","Las Vegas, NV","NV",32,"Nevada",85,850,931,41,41,1,2,"0800-0859",17,948,1150,4,1120,1154,34,34,1,2,"1100-1159",0,"",0,150,143,122,1,866,4,0,2,0,0,32,NA,NA,NA
2011,1,1,8,6,2011-01-08,"US",20355,"US","N629AW",7,14747,1474702,30559,"SEA","Seattle, WA","WA",53,"Washington",93,14107,1410701,30466,"PHX","Phoenix, AZ","AZ",4,"Arizona",81,1125,1124,-1,0,0,-1,"1100-1159",14,1138,1457,5,1514,1502,-12,0,0,-1,"1500-1559",0,"",0,169,158,139,1,1107,5,NA,NA,NA,NA,NA,NA,NA,NA
2011,1,1,26,3,2011-01-26,"UA",19977,"UA","N432UA",140,14747,1474702,30559,"SEA","Seattle, WA","WA",53,"Washington",93,14771,1477101,32457,"SFO","San Francisco, CA","CA",6,"California",91,1608,1603,-5,0,0,-1,"1600-1659",10,1613,1750,4,1813,1754,-19,0,0,-2,"1800-1859",0,"",0,125,111,97,1,679,3,NA,NA,NA,NA,NA,NA,NA,NA
2011,1,1,8,6,2011-01-08,"AS",19930,"AS","N508AS",318,14747,1474702,30559,"SEA","Seattle, WA","WA",53,"Washington",93,14771,1477101,32457,"SFO","San Francisco, CA","CA",6,"California",91,1000,1020,20,20,1,1,"1000-1059",16,1036,1223,6,1210,1229,19,19,1,1,"1200-1259",0,"",0,130,129,107,1,679,3,0,0,19,0,0,NA,NA,NA
2011,1,1,27,4,2011-01-27,"AS",19930,"AS","N793AS",630,14747,1474702,30559,"SEA","Seattle, WA","WA",53,"Washington",93,14107,1410701,30466,"PHX","Phoenix, AZ","AZ",4,"Arizona",81,1015,1011,-4,0,0,-1,"1000-1059",19,1030,1357,5,1405,1402,-3,0,0,-1,"1400-1459",0,"",0,170,171,147,1,1107,5,NA,NA,NA,NA,NA,NA,NA,NA
2011,1,1,4,2,2011-01-04,"DL",19790,"DL","N3751B",2814,14747,1474702,30559,"SEA","Seattle, WA","WA",53,"Washington",93,13487,1348701,31650,"MSP","Minneapolis, MN","MN",27,"Minnesota",63,50,44,-6,0,0,-1,"0001-0559",17,101,549,9,559,558,-1,0,0,-1,"0001-0559",0,"",0,189,194,168,1,1399,6,NA,NA,NA,NA,NA,NA,NA,NA
2011,1,1,17,1,2011-01-17,"AS",19930,"AS","N593AS",322,14747,1474702,30559,"SEA","Seattle, WA","WA",53,"Washington",93,14831,1483102,32457,"SJC","San Jose, CA","CA",6,"California",91,645,902,137,137,1,9,"0600-0659",13,915,1104,4,853,1108,135,135,1,9,"0800-0859",0,"",0,128,126,109,1,696,3,0,135,0,0,0,NA,NA,NA
2011,1,1,7,5,2011-01-07,"AS",19930,"AS","N589AS",474,14747,1474702,30559,"SEA","Seattle, WA","WA",53,"Washington",93,12892,1289201,32575,"LAX","Los Angeles, CA","CA",6,"California",91,1735,1732,-3,0,0,-1,"1700-1759",45,1817,2020,6,2012,2026,14,14,0,0,"2000-2059",0,"",0,157,174,123,1,954,4,NA,NA,NA,NA,NA,NA,NA,NA
2011,1,1,4,2,2011-01-04,"AS",19930,"AS","N317AS",618,14747,1474702,30559,"SEA","Seattle, WA","WA",53,"Washington",93,12889,1288902,32211,"LAS","Las Vegas, NV","NV",32,"Nevada",85,1545,1546,1,1,0,0,"1500-1559",8,1554,1748,7,1807,1755,-12,0,0,-1,"1800-1859",0,"",0,142,129,114,1,866,4,NA,NA,NA,NA,NA,NA,NA,NA
2011,1,1,31,1,2011-01-31,"US",20355,"US","N640AW",354,14747,1474702,30559,"SEA","Seattle, WA","WA",53,"Washington",93,14107,1410701,30466,"PHX","Phoenix, AZ","AZ",4,"Arizona",81,830,819,-11,0,0,-1,"0800-0859",11,830,1145,6,1219,1151,-28,0,0,-2,"1200-1259",0,"",0,169,152,135,1,1107,5,NA,NA,NA,NA,NA,NA,NA,NA
2011,1,1,24,1,2011-01-24,"F9",20436,"F9","N201FR",834,14747,1474702,30559,"SEA","Seattle, WA","WA",53,"Washington",93,11292,1129202,30325,"DEN","Denver, CO","CO",8,"Colorado",82,1447,1450,3,3,0,0,"1400-1459",15,1505,1820,6,1822,1826,4,4,0,0,"1800-1859",0,"",0,155,156,135,1,1024,5,NA,NA,NA,NA,NA,NA,NA,NA
2011,1,1,9,7,2011-01-09,"AA",19805,"AA","N3ELAA",1238,14747,1474702,30559,"SEA","Seattle, WA","WA",53,"Washington",93,13930,1393001,30977,"ORD","Chicago, IL","IL",17,"Illinois",41,845,845,0,0,0,0,"0800-0859",15,900,1423,4,1440,1427,-13,0,0,-1,"1400-1459",0,"",0,235,222,203,1,1721,7,NA,NA,NA,NA,NA,NA,NA,NA
2011,1,1,23,7,2011-01-23,"WN",19393,"WN","N614SW",3858,14747,1474702,30559,"SEA","Seattle, WA","WA",53,"Washington",93,10140,1014001,30140,"ABQ","Albuquerque, NM","NM",35,"New Mexico",86,1255,1255,0,0,0,0,"1200-1259",21,1316,1631,4,1650,1635,-15,0,0,-1,"1600-1659",0,"",0,175,160,135,1,1180,5,NA,NA,NA,NA,NA,NA,NA,NA
2011,1,1,4,2,2011-01-04,"AS",19930,"AS","N622AS",518,14747,1474702,30559,"SEA","Seattle, WA","WA",53,"Washington",93,14908,1490802,32575,"SNA","Santa Ana, CA","CA",6,"California",91,1940,1936,-4,0,0,-1,"1900-1959",13,1949,2205,7,2219,2212,-7,0,0,-1,"2200-2259",0,"",0,159,156,136,1,978,4,NA,NA,NA,NA,NA,NA,NA,NA
2011,1,1,30,7,2011-01-30,"AS",19930,"AS","N564AS",322,14747,1474702,30559,"SEA","Seattle, WA","WA",53,"Washington",93,14831,1483102,32457,"SJC","San Jose, CA","CA",6,"California",91,645,640,-5,0,0,-1,"0600-0659",21,701,839,3,853,842,-11,0,0,-1,"0800-0859",0,"",0,128,122,98,1,696,3,NA,NA,NA,NA,NA,NA,NA,NA
2011,1,1,20,4,2011-01-20,"AS",19930,"AS","N548AS",632,14747,1474702,30559,"SEA","Seattle, WA","WA",53,"Washington",93,14107,1410701,30466,"PHX","Phoenix, AZ","AZ",4,"Arizona",81,730,729,-1,0,0,-1,"0700-0759",16,745,1053,6,1120,1059,-21,0,0,-2,"1100-1159",0,"",0,170,150,128,1,1107,5,NA,NA,NA,NA,NA,NA,NA,NA
2011,1,1,12,3,2011-01-12,"AA",19805,"AA","N3EMAA",2060,14747,1474702,30559,"SEA","Seattle, WA","WA",53,"Washington",93,13930,1393001,30977,"ORD","Chicago, IL","IL",17,"Illinois",41,600,550,-10,0,0,-1,"0600-0659",16,606,1121,12,1205,1133,-32,0,0,-2,"1200-1259",0,"",0,245,223,195,1,1721,7,NA,NA,NA,NA,NA,NA,NA,NA
2011,1,1,24,1,2011-01-24,"DL",19790,"DL","N668DN",2568,14747,1474702,30559,"SEA","Seattle, WA","WA",53,"Washington",93,10397,1039703,30397,"ATL","Atlanta, GA","GA",13,"Georgia",34,610,604,-6,0,0,-1,"0600-0659",19,623,1329,13,1353,1342,-11,0,0,-1,"1300-1359",0,"",0,283,278,246,1,2182,9,NA,NA,NA,NA,NA,NA,NA,NA
2011,1,1,1,6,2011-01-01,"AS",19930,"AS","N523AS",105,14747,1474702,30559,"SEA","Seattle, WA","WA",53,"Washington",93,10299,1029902,30299,"ANC","Anchorage, AK","AK",2,"Alaska",1,1725,1722,-3,0,0,-1,"1700-1759",12,1734,1949,4,2010,1953,-17,0,0,-2,"2000-2059",0,"",0,225,211,195,1,1449,6,NA,NA,NA,NA,NA,NA,NA,NA
2011,1,1,12,3,2011-01-12,"AA",19805,"AA","N3EMAA",2060,14747,1474702,30559,"SEA","Seattle, WA","WA",53,"Washington",93,13930,1393001,30977,"ORD","Chicago, IL","IL",17,"Illinois",41,600,550,-10,0,0,-1,"0600-0659",16,606,1121,12,1205,1133,-32,0,0,-2,"1200-1259",0,"",0,245,223,195,1,1721,7,NA,NA,NA,NA,NA,NA,NA,NA
2011,1,1,23,7,2011-01-23,"DL",19790,"DL","N355NW",2314,14747,1474702,30559,"SEA","Seattle, WA","WA",53,"Washington",93,13487,1348701,31650,"MSP","Minneapolis, MN","MN",27,"Minnesota",63,1240,1238,-2,0,0,-1,"1200-1259",22,1300,1743,8,1758,1751,-7,0,0,-1,"1700-1759",0,"",0,198,193,163,1,1399,6,NA,NA,NA,NA,NA,NA,NA,NA
2011,1,1,14,5,2011-01-14,"AS",19930,"AS","N584AS",474,14747,1474702,30559,"SEA","Seattle, WA","WA",53,"Washington",93,12892,1289201,32575,"LAX","Los Angeles, CA","CA",6,"California",91,1735,1733,-2,0,0,-1,"1700-1759",15,1748,1958,6,2012,2004,-8,0,0,-1,"2000-2059",0,"",0,157,151,130,1,954,4,NA,NA,NA,NA,NA,NA,NA,NA
2011,1,1,2,7,2011-01-02,"AS",19930,"AS","N703AS",492,14747,1474702,30559,"SEA","Seattle, WA","WA",53,"Washington",93,14679,1467902,33570,"SAN","San Diego, CA","CA",6,"California",91,2010,2009,-1,0,0,-1,"2000-2059",15,2024,2247,4,2248,2251,3,3,0,0,"2200-2259",0,"",0,158,162,143,1,1050,5,NA,NA,NA,NA,NA,NA,NA,NA
2011,1,1,25,2,2011-01-25,"AS",19930,"AS","N581AS",612,14747,1474702,30559,"SEA","Seattle, WA","WA",53,"Washington",93,12889,1288902,32211,"LAS","Las Vegas, NV","NV",32,"Nevada",85,1730,1729,-1,0,0,-1,"1700-1759",18,1747,1939,11,1952,1950,-2,0,0,-1,"1900-1959",0,"",0,142,141,112,1,866,4,NA,NA,NA,NA,NA,NA,NA,NA
2011,1,1,7,5,2011-01-07,"CO",19704,"CO","N57868",667,14747,1474702,30559,"SEA","Seattle, WA","WA",53,"Washington",93,10299,1029902,30299,"ANC","Anchorage, AK","AK",2,"Alaska",1,2110,2142,32,32,1,2,"2100-2159",16,2158,10,4,2340,14,34,34,1,2,"2300-2359",0,"",0,210,212,192,1,1449,6,0,0,2,0,32,NA,NA,NA
2011,1,1,27,4,2011-01-27,"WN",19393,"WN","N791SW",2443,14747,1474702,30559,"SEA","Seattle, WA","WA",53,"Washington",93,14107,1410701,30466,"PHX","Phoenix, AZ","AZ",4,"Arizona",81,925,943,18,18,1,1,"0900-0959",9,952,1319,4,1320,1323,3,3,0,0,"1300-1359",0,"",0,175,160,147,1,1107,5,NA,NA,NA,NA,NA,NA,NA,NA
2011,1,1,18,2,2011-01-18,"AS",19930,"AS","N588AS",857,14747,1474702,30559,"SEA","Seattle, WA","WA",53,"Washington",93,13830,1383001,33830,"OGG","Kahului, HI","HI",15,"Hawaii",2,820,820,0,0,0,0,"0800-0859",18,838,1213,5,1240,1218,-22,0,0,-2,"1200-1259",0,"",0,380,358,335,1,2640,11,NA,NA,NA,NA,NA,NA,NA,NA
2011,1,1,17,1,2011-01-17,"WN",19393,"WN","N903WN",130,14747,1474702,30559,"SEA","Seattle, WA","WA",53,"Washington",93,15016,1501602,31123,"STL","St. Louis, MO","MO",29,"Missouri",64,1235,1318,43,43,1,2,"1200-1259",12,1330,1845,4,1825,1849,24,24,1,1,"1800-1859",0,"",0,230,211,195,1,1710,7,7,0,0,0,17,NA,NA,NA
2011,1,1,4,2,2011-01-04,"AA",19805,"AA","N3AVAA",1238,14747,1474702,30559,"SEA","Seattle, WA","WA",53,"Washington",93,13930,1393001,30977,"ORD","Chicago, IL","IL",17,"Illinois",41,845,848,3,3,0,0,"0800-0859",14,902,1424,4,1440,1428,-12,0,0,-1,"1400-1459",0,"",0,235,220,202,1,1721,7,NA,NA,NA,NA,NA,NA,NA,NA
2011,1,1,22,6,2011-01-22,"AS",19930,"AS","N622AS",344,14747,1474702,30559,"SEA","Seattle, WA","WA",53,"Washington",93,13796,1379601,32457,"OAK","Oakland, CA","CA",6,"California",91,1410,1405,-5,0,0,-1,"1400-1459",11,1416,1546,6,1613,1552,-21,0,0,-2,"1600-1659",0,"",0,123,107,90,1,671,3,NA,NA,NA,NA,NA,NA,NA,NA
2011,1,1,6,4,2011-01-06,"DL",19790,"DL","N191DN",2768,14747,1474702,30559,"SEA","Seattle, WA","WA",53,"Washington",93,10397,1039703,30397,"ATL","Atlanta, GA","GA",13,"Georgia",34,1325,1321,-4,0,0,-1,"1300-1359",25,1346,2049,7,2110,2056,-14,0,0,-1,"2100-2159",0,"",0,285,275,243,1,2182,9,NA,NA,NA,NA,NA,NA,NA,NA
2011,1,1,3,1,2011-01-03,"AS",19930,"AS","N799AS",470,14747,1474702,30559,"SEA","Seattle, WA","WA",53,"Washington",93,12892,1289201,32575,"LAX","Los Angeles, CA","CA",6,"California",91,1510,1515,5,5,0,0,"1500-1559",13,1528,1743,6,1747,1749,2,2,0,0,"1700-1759",0,"",0,157,154,135,1,954,4,NA,NA,NA,NA,NA,NA,NA,NA
2011,1,1,31,1,2011-01-31,"AS",19930,"AS","N771AS",67,14747,1474702,30559,"SEA","Seattle, WA","WA",53,"Washington",93,12819,1281901,31401,"KTN","Ketchikan, AK","AK",2,"Alaska",1,1515,1516,1,1,0,0,"1500-1559",9,1525,1620,5,1622,1625,3,3,0,0,"1600-1659",0,"",0,127,129,115,1,680,3,NA,NA,NA,NA,NA,NA,NA,NA
2011,1,1,5,3,2011-01-05,"DL",19790,"DL","N641DL",2568,14747,1474702,30559,"SEA","Seattle, WA","WA",53,"Washington",93,10397,1039703,30397,"ATL","Atlanta, GA","GA",13,"Georgia",34,610,609,-1,0,0,-1,"0600-0659",20,629,1328,9,1353,1337,-16,0,0,-2,"1300-1359",0,"",0,283,268,239,1,2182,9,NA,NA,NA,NA,NA,NA,NA,NA
2011,1,1,13,4,2011-01-13,"OO",20304,"OO","N580SW",6316,14747,1474702,30559,"SEA","Seattle, WA","WA",53,"Washington",93,14057,1405701,34057,"PDX","Portland, OR","OR",41,"Oregon",92,1510,1512,2,2,0,0,"1500-1559",6,1518,1551,3,1554,1554,0,0,0,0,"1500-1559",0,"",0,44,42,33,1,129,1,NA,NA,NA,NA,NA,NA,NA,NA
2011,1,1,10,1,2011-01-10,"WN",19393,"WN","N487WN",1953,14747,1474702,30559,"SEA","Seattle, WA","WA",53,"Washington",93,13796,1379601,32457,"OAK","Oakland, CA","CA",6,"California",91,1055,1101,6,6,0,0,"1000-1059",13,1114,1247,5,1300,1252,-8,0,0,-1,"1300-1359",0,"",0,125,111,93,1,671,3,NA,NA,NA,NA,NA,NA,NA,NA
2011,1,1,12,3,2011-01-12,"AS",19930,"AS","N615AS",502,14747,1474702,30559,"SEA","Seattle, WA","WA",53,"Washington",93,14908,1490802,32575,"SNA","Santa Ana, CA","CA",6,"California",91,630,640,10,10,0,0,"0600-0659",29,709,917,6,910,923,13,13,0,0,"0900-0959",0,"",0,160,163,128,1,978,4,NA,NA,NA,NA,NA,NA,NA,NA
2011,1,1,4,2,2011-01-04,"B6",20409,"B6","N584JB",82,14747,1474702,30559,"SEA","Seattle, WA","WA",53,"Washington",93,12478,1247801,31703,"JFK","New York, NY","NY",36,"New York",22,2147,2225,38,38,1,2,"2100-2159",17,2242,616,9,548,625,37,37,1,2,"0001-0559",0,"",0,301,300,274,1,2421,10,1,0,0,0,36,NA,NA,NA
2011,1,1,8,6,2011-01-08,"F9",20436,"F9","N202FR",834,14747,1474702,30559,"SEA","Seattle, WA","WA",53,"Washington",93,11292,1129202,30325,"DEN","Denver, CO","CO",8,"Colorado",82,1447,1502,15,15,1,1,"1400-1459",8,1510,1825,4,1822,1829,7,7,0,0,"1800-1859",0,"",0,155,147,135,1,1024,5,NA,NA,NA,NA,NA,NA,NA,NA
2011,1,1,13,4,2011-01-13,"AS",19930,"AS","N586AS",636,14747,1474702,30559,"SEA","Seattle, WA","WA",53,"Washington",93,14107,1410701,30466,"PHX","Phoenix, AZ","AZ",4,"Arizona",81,1230,1226,-4,0,0,-1,"1200-1259",16,1242,1601,6,1613,1607,-6,0,0,-1,"1600-1659",0,"",0,163,161,139,1,1107,5,NA,NA,NA,NA,NA,NA,NA,NA
2011,1,1,17,1,2011-01-17,"AS",19930,"AS","N318AS",614,14747,1474702,30559,"SEA","Seattle, WA","WA",53,"Washington",93,12889,1288902,32211,"LAS","Las Vegas, NV","NV",32,"Nevada",85,2030,2026,-4,0,0,-1,"2000-2059",17,2043,2230,6,2253,2236,-17,0,0,-2,"2200-2259",0,"",0,143,130,107,1,866,4,NA,NA,NA,NA,NA,NA,NA,NA
2011,1,1,17,1,2011-01-17,"OO",20304,"OO","N235SW",6423,14747,1474702,30559,"SEA","Seattle, WA","WA",53,"Washington",93,14057,1405701,34057,"PDX","Portland, OR","OR",41,"Oregon",92,2040,2032,-8,0,0,-1,"2000-2059",8,2040,2112,3,2124,2115,-9,0,0,-1,"2100-2159",0,"",0,44,43,32,1,129,1,NA,NA,NA,NA,NA,NA,NA,NA
